text,translation,tags
aardvark,土豚,[CREATURE:1][REVIEWED:1]
Aardvark,土豚,[CREATURE:1][REVIEWED:1]
aardvark man,土豚人,[CREATURE:1][REVIEWED:1]
Aardvark man,土豚人,[CREATURE:1][REVIEWED:1]
Aardvark Man,土豚人,[CREATURE:1][REVIEWED:1]
aardvark men,土豚人,[CREATURE:1][REVIEWED:1]
Aardvark men,土豚人,[CREATURE:1][REVIEWED:1]
Aardvark Men,土豚人,[CREATURE:1][REVIEWED:1]
aardvarks,土豚,[CREATURE:1][REVIEWED:1]
Aardvarks,土豚,[CREATURE:1][REVIEWED:1]
acorn flies,橡子蝇,[CREATURE:1][REVIEWED:1]
Acorn flies,橡子蝇,[CREATURE:1][REVIEWED:1]
Acorn Flies,橡子蝇,[CREATURE:1][REVIEWED:1]
acorn fly,橡子蝇,[CREATURE:1][REVIEWED:1]
Acorn fly,橡子蝇,[CREATURE:1][REVIEWED:1]
Acorn Fly,橡子蝇,[CREATURE:1][REVIEWED:1]
adder,蝰蛇,[CREATURE:1][REVIEWED:1]
Adder,蝰蛇,[CREATURE:1][REVIEWED:1]
adder man,蝰蛇人,[CREATURE:1][REVIEWED:1]
Adder man,蝰蛇人,[CREATURE:1][REVIEWED:1]
Adder Man,蝰蛇人,[CREATURE:1][REVIEWED:1]
adder men,蝰蛇人,[CREATURE:1][REVIEWED:1]
Adder men,蝰蛇人,[CREATURE:1][REVIEWED:1]
Adder Men,蝰蛇人,[CREATURE:1][REVIEWED:1]
adders,蝰蛇,[CREATURE:1][REVIEWED:1]
Adders,蝰蛇,[CREATURE:1][REVIEWED:1]
aegirocassis,海神盔虾,[CREATURE:1][REVIEWED:1]
Aegirocassis,海神盔虾,[CREATURE:1][REVIEWED:1]
aegirocassis man,海神盔虾人,[CREATURE:1][REVIEWED:1]
Aegirocassis man,海神盔虾人,[CREATURE:1][REVIEWED:1]
Aegirocassis Man,海神盔虾人,[CREATURE:1][REVIEWED:1]
afrovenator,非洲猎龙,[CREATURE:1][REVIEWED:1]
Afrovenator,非洲猎龙,[CREATURE:1][REVIEWED:1]
afrovenator man,非洲猎龙人,[CREATURE:1][REVIEWED:1]
Afrovenator man,非洲猎龙人,[CREATURE:1][REVIEWED:1]
Afrovenator Man,非洲猎龙人,[CREATURE:1][REVIEWED:1]
albatross,信天翁,[CREATURE:1][REVIEWED:1]
Albatross,信天翁,[CREATURE:1][REVIEWED:1]
albatross man,信天翁人,[CREATURE:1][REVIEWED:1]
Albatross man,信天翁人,[CREATURE:1][REVIEWED:1]
Albatross Man,信天翁人,[CREATURE:1][REVIEWED:1]
albatross men,信天翁人,[CREATURE:1][REVIEWED:1]
Albatross men,信天翁人,[CREATURE:1][REVIEWED:1]
Albatross Men,信天翁人,[CREATURE:1][REVIEWED:1]
albatrosses,信天翁,[CREATURE:1][REVIEWED:1]
Albatrosses,信天翁,[CREATURE:1][REVIEWED:1]
alligator,短吻鳄,[CREATURE:1][REVIEWED:1]
Alligator,短吻鳄,[CREATURE:1][REVIEWED:1]
alligator man,短吻鳄人,[CREATURE:1][REVIEWED:1]
Alligator man,短吻鳄人,[CREATURE:1][REVIEWED:1]
Alligator Man,短吻鳄人,[CREATURE:1][REVIEWED:1]
alligator men,短吻鳄人,[CREATURE:1][REVIEWED:1]
Alligator men,短吻鳄人,[CREATURE:1][REVIEWED:1]
Alligator Men,短吻鳄人,[CREATURE:1][REVIEWED:1]
alligator snapping turtle,大鳄龟,[CREATURE:1][REVIEWED:1]
Alligator snapping turtle,大鳄龟,[CREATURE:1][REVIEWED:1]
Alligator Snapping Turtle,大鳄龟,[CREATURE:1][REVIEWED:1]
alligator snapping turtles,大鳄龟,[CREATURE:1][REVIEWED:1]
Alligator snapping turtles,大鳄龟,[CREATURE:1][REVIEWED:1]
Alligator Snapping Turtles,大鳄龟,[CREATURE:1][REVIEWED:1]
alligators,短吻鳄,[CREATURE:1][REVIEWED:1]
Alligators,短吻鳄,[CREATURE:1][REVIEWED:1]
allosaurus,异特龙,[CREATURE:1][REVIEWED:1]
Allosaurus,异特龙,[CREATURE:1][REVIEWED:1]
allosaurus man,异特龙人,[CREATURE:1][REVIEWED:1]
Allosaurus man,异特龙人,[CREATURE:1][REVIEWED:1]
Allosaurus Man,异特龙人,[CREATURE:1][REVIEWED:1]
alpaca,羊驼,[CREATURE:1][REVIEWED:1]
Alpaca,羊驼,[CREATURE:1][REVIEWED:1]
alpacas,羊驼,[CREATURE:1][REVIEWED:1]
Alpacas,羊驼,[CREATURE:1][REVIEWED:1]
amargasaurus,阿玛加龙,[CREATURE:1][REVIEWED:1]
Amargasaurus,阿玛加龙,[CREATURE:1][REVIEWED:1]
amargasaurus man,阿玛加龙人,[CREATURE:1][REVIEWED:1]
Amargasaurus man,阿玛加龙人,[CREATURE:1][REVIEWED:1]
Amargasaurus Man,阿玛加龙人,[CREATURE:1][REVIEWED:1]
amethyst man,紫水晶人,[CREATURE:1][REVIEWED:1]
Amethyst man,紫水晶人,[CREATURE:1][REVIEWED:1]
Amethyst Man,紫水晶人,[CREATURE:1][REVIEWED:1]
amethyst men,紫水晶人,[CREATURE:1][REVIEWED:1]
Amethyst men,紫水晶人,[CREATURE:1][REVIEWED:1]
Amethyst Men,紫水晶人,[CREATURE:1][REVIEWED:1]
ammonite,菊石,[CREATURE:1][REVIEWED:1]
Ammonite,菊石,[CREATURE:1][REVIEWED:1]
ammonite man,菊石人,[CREATURE:1][REVIEWED:1]
Ammonite man,菊石人,[CREATURE:1][REVIEWED:1]
Ammonite Man,菊石人,[CREATURE:1][REVIEWED:1]
amphibian man,两栖动物人,[CREATURE:1][REVIEWED:1]
Amphibian man,两栖动物人,[CREATURE:1][REVIEWED:1]
Amphibian Man,两栖动物人,[CREATURE:1][REVIEWED:1]
amphibian men,两栖动物人,[CREATURE:1][REVIEWED:1]
Amphibian men,两栖动物人,[CREATURE:1][REVIEWED:1]
Amphibian Men,两栖动物人,[CREATURE:1][REVIEWED:1]
anaconda,水蟒,[CREATURE:1][REVIEWED:1]
Anaconda,水蟒,[CREATURE:1][REVIEWED:1]
anaconda man,水蟒人,[CREATURE:1][REVIEWED:1]
Anaconda man,水蟒人,[CREATURE:1][REVIEWED:1]
Anaconda Man,水蟒人,[CREATURE:1][REVIEWED:1]
anaconda men,水蟒人,[CREATURE:1][REVIEWED:1]
Anaconda men,水蟒人,[CREATURE:1][REVIEWED:1]
Anaconda Men,水蟒人,[CREATURE:1][REVIEWED:1]
anacondas,水蟒,[CREATURE:1][REVIEWED:1]
Anacondas,水蟒,[CREATURE:1][REVIEWED:1]
anchovies,凤尾鱼,[CREATURE:1][REVIEWED:1]
Anchovies,凤尾鱼,[CREATURE:1][REVIEWED:1]
anchovy,凤尾鱼,[CREATURE:1][REVIEWED:1]
Anchovy,凤尾鱼,[CREATURE:1][REVIEWED:1]
andrewsarchus,安氏中兽,[CREATURE:1][REVIEWED:1]
Andrewsarchus,安氏中兽,[CREATURE:1][REVIEWED:1]
andrewsarchus man,安氏中兽人,[CREATURE:1][REVIEWED:1]
Andrewsarchus man,安氏中兽人,[CREATURE:1][REVIEWED:1]
Andrewsarchus Man,安氏中兽人,[CREATURE:1][REVIEWED:1]
angelshark,扁鲨,[CREATURE:1][REVIEWED:1]
Angelshark,扁鲨,[CREATURE:1][REVIEWED:1]
angelsharks,扁鲨,[CREATURE:1][REVIEWED:1]
Angelsharks,扁鲨,[CREATURE:1][REVIEWED:1]
ankylosaurus,甲龙,[CREATURE:1][REVIEWED:1]
Ankylosaurus,甲龙,[CREATURE:1][REVIEWED:1]
ankylosaurus man,甲龙人,[CREATURE:1][REVIEWED:1]
Ankylosaurus man,甲龙人,[CREATURE:1][REVIEWED:1]
Ankylosaurus Man,甲龙人,[CREATURE:1][REVIEWED:1]
anole,安乐蜥,[CREATURE:1][REVIEWED:1]
Anole,安乐蜥,[CREATURE:1][REVIEWED:1]
anole man,安乐蜥人,[CREATURE:1][REVIEWED:1]
Anole man,安乐蜥人,[CREATURE:1][REVIEWED:1]
Anole Man,安乐蜥人,[CREATURE:1][REVIEWED:1]
anole men,安乐蜥人,[CREATURE:1][REVIEWED:1]
Anole men,安乐蜥人,[CREATURE:1][REVIEWED:1]
Anole Men,安乐蜥人,[CREATURE:1][REVIEWED:1]
anoles,安乐蜥,[CREATURE:1][REVIEWED:1]
Anoles,安乐蜥,[CREATURE:1][REVIEWED:1]
anomalocaris,奇虾,[CREATURE:1][REVIEWED:1]
Anomalocaris,奇虾,[CREATURE:1][REVIEWED:1]
anomalocaris man,奇虾人,[CREATURE:1][REVIEWED:1]
Anomalocaris man,奇虾人,[CREATURE:1][REVIEWED:1]
Anomalocaris Man,奇虾人,[CREATURE:1][REVIEWED:1]
ant,蚂蚁,[CREATURE:1][REVIEWED:1]
Ant,蚂蚁,[CREATURE:1][REVIEWED:1]
anteosaurus,安蒂欧兽,[CREATURE:1][REVIEWED:1]
Anteosaurus,安蒂欧兽,[CREATURE:1][REVIEWED:1]
anteosaurus man,安蒂欧兽人,[CREATURE:1][REVIEWED:1]
Anteosaurus man,安蒂欧兽人,[CREATURE:1][REVIEWED:1]
Anteosaurus Man,安蒂欧兽人,[CREATURE:1][REVIEWED:1]
antman,蚂蚁人,[CREATURE:1][REVIEWED:1]
Antman,蚂蚁人,[CREATURE:1][REVIEWED:1]
antmen,蚂蚁人,[CREATURE:1][REVIEWED:1]
Antmen,蚂蚁人,[CREATURE:1][REVIEWED:1]
ants,蚂蚁,[CREATURE:1][REVIEWED:1]
Ants,蚂蚁,[CREATURE:1][REVIEWED:1]
archaeopteryx,始祖鸟,[CREATURE:1][REVIEWED:1]
Archaeopteryx,始祖鸟,[CREATURE:1][REVIEWED:1]
archaeopteryx man,始祖鸟人,[CREATURE:1][REVIEWED:1]
Archaeopteryx man,始祖鸟人,[CREATURE:1][REVIEWED:1]
Archaeopteryx Man,始祖鸟人,[CREATURE:1][REVIEWED:1]
archelon,古巨龟,[CREATURE:1][REVIEWED:1]
Archelon,古巨龟,[CREATURE:1][REVIEWED:1]
archelon man,古巨龟人,[CREATURE:1][REVIEWED:1]
Archelon man,古巨龟人,[CREATURE:1][REVIEWED:1]
Archelon Man,古巨龟人,[CREATURE:1][REVIEWED:1]
armadillo,犰狳,[CREATURE:1][REVIEWED:1]
Armadillo,犰狳,[CREATURE:1][REVIEWED:1]
armadillo man,犰狳人,[CREATURE:1][REVIEWED:1]
Armadillo man,犰狳人,[CREATURE:1][REVIEWED:1]
Armadillo Man,犰狳人,[CREATURE:1][REVIEWED:1]
armadillo men,犰狳人,[CREATURE:1][REVIEWED:1]
Armadillo men,犰狳人,[CREATURE:1][REVIEWED:1]
Armadillo Men,犰狳人,[CREATURE:1][REVIEWED:1]
armadillos,犰狳,[CREATURE:1][REVIEWED:1]
Armadillos,犰狳,[CREATURE:1][REVIEWED:1]
arthropleura,古马陆,[CREATURE:1][REVIEWED:1]
Arthropleura,古马陆,[CREATURE:1][REVIEWED:1]
arthropleura man,古马陆人,[CREATURE:1][REVIEWED:1]
Arthropleura man,古马陆人,[CREATURE:1][REVIEWED:1]
Arthropleura Man,古马陆人,[CREATURE:1][REVIEWED:1]
assistant of the fatal,致命之助手,[CREATURE:1][REVIEWED:1]
Assistant of The Fatal,致命之助手,[CREATURE:1][REVIEWED:1]
Assistant Of The Fatal,致命之助手,[CREATURE:1][REVIEWED:1]
axolotl,蝾螈,[CREATURE:1][REVIEWED:1]
Axolotl,蝾螈,[CREATURE:1][REVIEWED:1]
axolotl man,蝾螈人,[CREATURE:1][REVIEWED:1]
Axolotl man,蝾螈人,[CREATURE:1][REVIEWED:1]
Axolotl Man,蝾螈人,[CREATURE:1][REVIEWED:1]
axolotl men,蝾螈人,[CREATURE:1][REVIEWED:1]
Axolotl men,蝾螈人,[CREATURE:1][REVIEWED:1]
Axolotl Men,蝾螈人,[CREATURE:1][REVIEWED:1]
axolotls,蝾螈,[CREATURE:1][REVIEWED:1]
Axolotls,蝾螈,[CREATURE:1][REVIEWED:1]
aye-aye,指猴,[CREATURE:1][REVIEWED:1]
Aye-aye,指猴,[CREATURE:1][REVIEWED:1]
Aye-Aye,指猴,[CREATURE:1][REVIEWED:1]
aye-aye man,指猴人,[CREATURE:1][REVIEWED:1]
Aye-aye man,指猴人,[CREATURE:1][REVIEWED:1]
Aye-Aye Man,指猴人,[CREATURE:1][REVIEWED:1]
aye-aye men,指猴人,[CREATURE:1][REVIEWED:1]
Aye-aye men,指猴人,[CREATURE:1][REVIEWED:1]
Aye-Aye Men,指猴人,[CREATURE:1][REVIEWED:1]
aye-ayes,指猴,[CREATURE:1][REVIEWED:1]
Aye-ayes,指猴,[CREATURE:1][REVIEWED:1]
Aye-Ayes,指猴,[CREATURE:1][REVIEWED:1]
badger,鼬獾,[CREATURE:1][REVIEWED:1]
Badger,鼬獾,[CREATURE:1][REVIEWED:1]
badger brute,獾兽,[CREATURE:1][REVIEWED:1]
Badger brute,獾兽,[CREATURE:1][REVIEWED:1]
Badger Brute,獾兽,[CREATURE:1][REVIEWED:1]
badger man,鼬獾人,[CREATURE:1][REVIEWED:1]
Badger man,鼬獾人,[CREATURE:1][REVIEWED:1]
Badger Man,鼬獾人,[CREATURE:1][REVIEWED:1]
badger men,鼬獾人,[CREATURE:1][REVIEWED:1]
Badger men,鼬獾人,[CREATURE:1][REVIEWED:1]
Badger Men,鼬獾人,[CREATURE:1][REVIEWED:1]
badgers,鼬獾,[CREATURE:1][REVIEWED:1]
Badgers,鼬獾,[CREATURE:1][REVIEWED:1]
banded knifefish,带状刀鱼,[CREATURE:1][REVIEWED:1]
Banded knifefish,带状刀鱼,[CREATURE:1][REVIEWED:1]
Banded Knifefish,带状刀鱼,[CREATURE:1][REVIEWED:1]
bark scorpion,树皮蝎,[CREATURE:1][REVIEWED:1]
Bark scorpion,树皮蝎,[CREATURE:1][REVIEWED:1]
Bark Scorpion,树皮蝎,[CREATURE:1][REVIEWED:1]
bark scorpion man,树皮蝎人,[CREATURE:1][REVIEWED:1]
Bark scorpion man,树皮蝎人,[CREATURE:1][REVIEWED:1]
Bark Scorpion Man,树皮蝎人,[CREATURE:1][REVIEWED:1]
bark scorpion men,树皮蝎人,[CREATURE:1][REVIEWED:1]
Bark scorpion men,树皮蝎人,[CREATURE:1][REVIEWED:1]
Bark Scorpion Men,树皮蝎人,[CREATURE:1][REVIEWED:1]
bark scorpions,树皮蝎,[CREATURE:1][REVIEWED:1]
Bark scorpions,树皮蝎,[CREATURE:1][REVIEWED:1]
Bark Scorpions,树皮蝎,[CREATURE:1][REVIEWED:1]
barn owl,仓鸮,[CREATURE:1][REVIEWED:1]
Barn owl,仓鸮,[CREATURE:1][REVIEWED:1]
Barn Owl,仓鸮,[CREATURE:1][REVIEWED:1]
barn owl man,仓鸮人,[CREATURE:1][REVIEWED:1]
Barn owl man,仓鸮人,[CREATURE:1][REVIEWED:1]
Barn Owl Man,仓鸮人,[CREATURE:1][REVIEWED:1]
barn owl men,仓鸮人,[CREATURE:1][REVIEWED:1]
Barn owl men,仓鸮人,[CREATURE:1][REVIEWED:1]
Barn Owl Men,仓鸮人,[CREATURE:1][REVIEWED:1]
barn owls,仓鸮,[CREATURE:1][REVIEWED:1]
Barn owls,仓鸮,[CREATURE:1][REVIEWED:1]
Barn Owls,仓鸮,[CREATURE:1][REVIEWED:1]
basking shark,姥鲨,[CREATURE:1][REVIEWED:1]
Basking shark,姥鲨,[CREATURE:1][REVIEWED:1]
Basking Shark,姥鲨,[CREATURE:1][REVIEWED:1]
basking sharks,姥鲨,[CREATURE:1][REVIEWED:1]
Basking sharks,姥鲨,[CREATURE:1][REVIEWED:1]
Basking Sharks,姥鲨,[CREATURE:1][REVIEWED:1]
bat,蝙蝠,[CREATURE:1][REVIEWED:1]
Bat,蝙蝠,[CREATURE:1][REVIEWED:1]
bat man,蝙蝠人,[CREATURE:1][REVIEWED:1]
Bat man,蝙蝠人,[CREATURE:1][REVIEWED:1]
Bat Man,蝙蝠人,[CREATURE:1][REVIEWED:1]
bat men,蝙蝠人,[CREATURE:1][REVIEWED:1]
Bat men,蝙蝠人,[CREATURE:1][REVIEWED:1]
Bat Men,蝙蝠人,[CREATURE:1][REVIEWED:1]
bat ray,蝠鲼,[CREATURE:1][REVIEWED:1]
Bat ray,蝠鲼,[CREATURE:1][REVIEWED:1]
Bat Ray,蝠鲼,[CREATURE:1][REVIEWED:1]
bat rays,蝠鲼,[CREATURE:1][REVIEWED:1]
Bat rays,蝠鲼,[CREATURE:1][REVIEWED:1]
Bat Rays,蝠鲼,[CREATURE:1][REVIEWED:1]
bats,蝙蝠,[CREATURE:1][REVIEWED:1]
Bats,蝙蝠,[CREATURE:1][REVIEWED:1]
beak dog,喙狗,[CREATURE:1][REVIEWED:1]
Beak dog,喙狗,[CREATURE:1][REVIEWED:1]
Beak Dog,喙狗,[CREATURE:1][REVIEWED:1]
beak dogs,喙狗,[CREATURE:1][REVIEWED:1]
Beak dogs,喙狗,[CREATURE:1][REVIEWED:1]
Beak Dogs,喙狗,[CREATURE:1][REVIEWED:1]
beaver,海狸,[CREATURE:1][REVIEWED:1]
Beaver,海狸,[CREATURE:1][REVIEWED:1]
beaver man,海狸人,[CREATURE:1][REVIEWED:1]
Beaver man,海狸人,[CREATURE:1][REVIEWED:1]
Beaver Man,海狸人,[CREATURE:1][REVIEWED:1]
beaver men,海狸人,[CREATURE:1][REVIEWED:1]
Beaver men,海狸人,[CREATURE:1][REVIEWED:1]
Beaver Men,海狸人,[CREATURE:1][REVIEWED:1]
beavers,海狸,[CREATURE:1][REVIEWED:1]
Beavers,海狸,[CREATURE:1][REVIEWED:1]
beetle,甲虫,[CREATURE:1][REVIEWED:1]
Beetle,甲虫,[CREATURE:1][REVIEWED:1]
beetle man,甲虫人,[CREATURE:1][REVIEWED:1]
Beetle man,甲虫人,[CREATURE:1][REVIEWED:1]
Beetle Man,甲虫人,[CREATURE:1][REVIEWED:1]
beetle men,甲虫人,[CREATURE:1][REVIEWED:1]
Beetle men,甲虫人,[CREATURE:1][REVIEWED:1]
Beetle Men,甲虫人,[CREATURE:1][REVIEWED:1]
beetles,甲虫,[CREATURE:1][REVIEWED:1]
Beetles,甲虫,[CREATURE:1][REVIEWED:1]
bilou,矮长臂猿,[CREATURE:1][REVIEWED:1]
Bilou,矮长臂猿,[CREATURE:1][REVIEWED:1]
bilous,矮长臂猿,[CREATURE:1][REVIEWED:1]
Bilous,矮长臂猿,[CREATURE:1][REVIEWED:1]
black bear,黑熊,[CREATURE:1][REVIEWED:1]
Black bear,黑熊,[CREATURE:1][REVIEWED:1]
Black Bear,黑熊,[CREATURE:1][REVIEWED:1]
black bear man,黑熊人,[CREATURE:1][REVIEWED:1]
Black bear man,黑熊人,[CREATURE:1][REVIEWED:1]
Black Bear Man,黑熊人,[CREATURE:1][REVIEWED:1]
black bear men,黑熊人,[CREATURE:1][REVIEWED:1]
Black bear men,黑熊人,[CREATURE:1][REVIEWED:1]
Black Bear Men,黑熊人,[CREATURE:1][REVIEWED:1]
black bears,黑熊,[CREATURE:1][REVIEWED:1]
Black bears,黑熊,[CREATURE:1][REVIEWED:1]
Black Bears,黑熊,[CREATURE:1][REVIEWED:1]
black bullhead,黑鲇鱼,[CREATURE:1][REVIEWED:1]
Black bullhead,黑鲇鱼,[CREATURE:1][REVIEWED:1]
Black Bullhead,黑鲇鱼,[CREATURE:1][REVIEWED:1]
black bullheads,黑鲶鱼,[CREATURE:1][REVIEWED:1]
Black bullheads,黑鲇鱼,[CREATURE:1][REVIEWED:1]
Black Bullheads,黑鲇鱼,[CREATURE:1][REVIEWED:1]
black mamba,黑曼巴蛇,[CREATURE:1][REVIEWED:1]
Black mamba,黑曼巴蛇,[CREATURE:1][REVIEWED:1]
Black Mamba,黑曼巴蛇,[CREATURE:1][REVIEWED:1]
black mamba man,黑曼巴蛇人,[CREATURE:1][REVIEWED:1]
Black mamba man,黑曼巴蛇人,[CREATURE:1][REVIEWED:1]
Black Mamba Man,黑曼巴蛇人,[CREATURE:1][REVIEWED:1]
black mamba men,黑曼巴蛇人,[CREATURE:1][REVIEWED:1]
Black mamba men,黑曼巴蛇人,[CREATURE:1][REVIEWED:1]
Black Mamba Men,黑曼巴蛇人,[CREATURE:1][REVIEWED:1]
black mambas,黑曼巴蛇,[CREATURE:1][REVIEWED:1]
Black mambas,黑曼巴蛇,[CREATURE:1][REVIEWED:1]
Black Mambas,黑曼巴蛇,[CREATURE:1][REVIEWED:1]
black-crested gibbon,黑冠长臂猿,[CREATURE:1][REVIEWED:1]
Black-crested gibbon,黑冠长臂猿,[CREATURE:1][REVIEWED:1]
Black-Crested Gibbon,黑冠长臂猿,[CREATURE:1][REVIEWED:1]
black-crested gibbons,黑冠长臂猿,[CREATURE:1][REVIEWED:1]
Black-crested gibbons,黑冠长臂猿,[CREATURE:1][REVIEWED:1]
Black-Crested Gibbons,黑冠长臂猿,[CREATURE:1][REVIEWED:1]
black-handed gibbon,黑掌长臂猿,[CREATURE:1][REVIEWED:1]
Black-handed gibbon,黑掌长臂猿,[CREATURE:1][REVIEWED:1]
Black-Handed Gibbon,黑掌长臂猿,[CREATURE:1][REVIEWED:1]
black-handed gibbons,黑掌长臂猿,[CREATURE:1][REVIEWED:1]
Black-handed gibbons,黑掌长臂猿,[CREATURE:1][REVIEWED:1]
Black-Handed Gibbons,黑掌长臂猿,[CREATURE:1][REVIEWED:1]
blacktip reef shark,黑鳍礁鲨,[CREATURE:1][REVIEWED:1]
Blacktip reef shark,黑鳍礁鲨,[CREATURE:1][REVIEWED:1]
Blacktip Reef Shark,黑鳍礁鲨,[CREATURE:1][REVIEWED:1]
blacktip reef sharks,黑鳍礁鲨,[CREATURE:1][REVIEWED:1]
Blacktip reef sharks,黑鳍礁鲨,[CREATURE:1][REVIEWED:1]
Blacktip Reef Sharks,黑鳍礁鲨,[CREATURE:1][REVIEWED:1]
blind cave bear,盲洞穴熊,[CREATURE:1][REVIEWED:1]
Blind cave bear,盲洞穴熊,[CREATURE:1][REVIEWED:1]
Blind Cave Bear,盲洞穴熊,[CREATURE:1][REVIEWED:1]
blind cave bears,盲洞穴熊,[CREATURE:1][REVIEWED:1]
Blind cave bears,盲洞穴熊,[CREATURE:1][REVIEWED:1]
Blind Cave Bears,盲洞穴熊,[CREATURE:1][REVIEWED:1]
blind cave ogre,盲洞穴食人魔,[CREATURE:1][REVIEWED:1]
Blind cave ogre,盲洞穴食人魔,[CREATURE:1][REVIEWED:1]
Blind Cave Ogre,盲洞穴食人魔,[CREATURE:1][REVIEWED:1]
blind cave ogres,盲洞穴食人魔,[CREATURE:1][REVIEWED:1]
Blind cave ogres,盲洞穴食人魔,[CREATURE:1][REVIEWED:1]
Blind Cave Ogres,盲洞穴食人魔,[CREATURE:1][REVIEWED:1]
blizzard man,暴风雪人,[CREATURE:1][REVIEWED:1]
Blizzard man,暴风雪人,[CREATURE:1][REVIEWED:1]
Blizzard Man,暴风雪人,[CREATURE:1][REVIEWED:1]
blizzard men,暴风雪人,[CREATURE:1][REVIEWED:1]
Blizzard men,暴风雪人,[CREATURE:1][REVIEWED:1]
Blizzard Men,暴风雪人,[CREATURE:1][REVIEWED:1]
blood gnat,血飞虫,[CREATURE:1][REVIEWED:1]
Blood gnat,血飞虫,[CREATURE:1][REVIEWED:1]
Blood Gnat,血飞虫,[CREATURE:1][REVIEWED:1]
blood gnats,血飞虫,[CREATURE:1][REVIEWED:1]
Blood gnats,血飞虫,[CREATURE:1][REVIEWED:1]
Blood Gnats,血飞虫,[CREATURE:1][REVIEWED:1]
blood man,血人,[CREATURE:1][REVIEWED:1]
Blood man,血人,[CREATURE:1][REVIEWED:1]
Blood Man,血人,[CREATURE:1][REVIEWED:1]
blood men,血人,[CREATURE:1][REVIEWED:1]
Blood men,血人,[CREATURE:1][REVIEWED:1]
Blood Men,血人,[CREATURE:1][REVIEWED:1]
blue jay,冠蓝鸦,[CREATURE:1][REVIEWED:1]
Blue jay,冠蓝鸦,[CREATURE:1][REVIEWED:1]
Blue Jay,冠蓝鸦,[CREATURE:1][REVIEWED:1]
blue jays,冠蓝鸦,[CREATURE:1][REVIEWED:1]
Blue jays,冠蓝鸦,[CREATURE:1][REVIEWED:1]
Blue Jays,冠蓝鸦,[CREATURE:1][REVIEWED:1]
blue peafowl,蓝孔雀,[CREATURE:1][REVIEWED:1]
Blue peafowl,蓝孔雀,[CREATURE:1][REVIEWED:1]
Blue Peafowl,蓝孔雀,[CREATURE:1][REVIEWED:1]
blue peafowls,蓝孔雀,[CREATURE:1][REVIEWED:1]
Blue peafowls,蓝孔雀,[CREATURE:1][REVIEWED:1]
Blue Peafowls,蓝孔雀,[CREATURE:1][REVIEWED:1]
blue shark,大青鲨,[CREATURE:1][REVIEWED:1]
Blue shark,大青鲨,[CREATURE:1][REVIEWED:1]
Blue Shark,大青鲨,[CREATURE:1][REVIEWED:1]
blue sharks,大青鲨,[CREATURE:1][REVIEWED:1]
Blue sharks,大青鲨,[CREATURE:1][REVIEWED:1]
Blue Sharks,大青鲨,[CREATURE:1][REVIEWED:1]
bluefin tuna,蓝鳍金枪鱼,[CREATURE:1][REVIEWED:1]
Bluefin tuna,蓝鳍金枪鱼,[CREATURE:1][REVIEWED:1]
Bluefin Tuna,蓝鳍金枪鱼,[CREATURE:1][REVIEWED:1]
bluefish,扁鲹,[CREATURE:1][REVIEWED:1]
Bluefish,扁鲹,[CREATURE:1][REVIEWED:1]
bluejay man,冠蓝鸦人,[CREATURE:1][REVIEWED:1]
Bluejay man,冠蓝鸦人,[CREATURE:1][REVIEWED:1]
Bluejay Man,冠蓝鸦人,[CREATURE:1][REVIEWED:1]
bluejay men,冠蓝鸦人,[CREATURE:1][REVIEWED:1]
Bluejay men,冠蓝鸦人,[CREATURE:1][REVIEWED:1]
Bluejay Men,冠蓝鸦人,[CREATURE:1][REVIEWED:1]
bobcat,短尾猫,[CREATURE:1][REVIEWED:1]
Bobcat,短尾猫,[CREATURE:1][REVIEWED:1]
bobcat man,短尾猫人,[CREATURE:1][REVIEWED:1]
Bobcat man,短尾猫人,[CREATURE:1][REVIEWED:1]
Bobcat Man,短尾猫人,[CREATURE:1][REVIEWED:1]
bobcat men,短尾猫人,[CREATURE:1][REVIEWED:1]
Bobcat men,短尾猫人,[CREATURE:1][REVIEWED:1]
Bobcat Men,短尾猫人,[CREATURE:1][REVIEWED:1]
bobcats,短尾猫,[CREATURE:1][REVIEWED:1]
Bobcats,短尾猫,[CREATURE:1][REVIEWED:1]
bogeyman,恶鬼,[CREATURE:1][REVIEWED:1]
Bogeyman,恶鬼,[CREATURE:1][REVIEWED:1]
bonobo,倭黑猩猩,[CREATURE:1][REVIEWED:1]
Bonobo,倭黑猩猩,[CREATURE:1][REVIEWED:1]
bonobos,倭黑猩猩,[CREATURE:1][REVIEWED:1]
Bonobos,倭黑猩猩,[CREATURE:1][REVIEWED:1]
brachiosaurus,腕龙,[CREATURE:1][REVIEWED:1]
Brachiosaurus,腕龙,[CREATURE:1][REVIEWED:1]
brachiosaurus man,腕龙人,[CREATURE:1][REVIEWED:1]
Brachiosaurus man,腕龙人,[CREATURE:1][REVIEWED:1]
Brachiosaurus Man,腕龙人,[CREATURE:1][REVIEWED:1]
brontosaurus,雷龙,[CREATURE:1][REVIEWED:1]
Brontosaurus,雷龙,[CREATURE:1][REVIEWED:1]
brontosaurus man,雷龙人,[CREATURE:1][REVIEWED:1]
Brontosaurus man,雷龙人,[CREATURE:1][REVIEWED:1]
Brontosaurus Man,雷龙人,[CREATURE:1][REVIEWED:1]
bronze colossus,青铜巨像,[CREATURE:1][REVIEWED:1]
Bronze colossus,青铜巨像,[CREATURE:1][REVIEWED:1]
Bronze Colossus,青铜巨像,[CREATURE:1][REVIEWED:1]
bronze colossuses,青铜巨像,[CREATURE:1][REVIEWED:1]
Bronze colossuses,青铜巨像,[CREATURE:1][REVIEWED:1]
Bronze Colossuses,青铜巨像,[CREATURE:1][REVIEWED:1]
brook lamprey,河七鳃鳗,[CREATURE:1][REVIEWED:1]
Brook lamprey,河七鳃鳗,[CREATURE:1][REVIEWED:1]
Brook Lamprey,河七鳃鳗,[CREATURE:1][REVIEWED:1]
brook lampreys,河七鳃鳗,[CREATURE:1][REVIEWED:1]
Brook lampreys,河七鳃鳗,[CREATURE:1][REVIEWED:1]
Brook Lampreys,河七鳃鳗,[CREATURE:1][REVIEWED:1]
brown bullhead,棕鲇鱼,[CREATURE:1][REVIEWED:1]
Brown bullhead,棕鲇鱼,[CREATURE:1][REVIEWED:1]
Brown Bullhead,棕鲇鱼,[CREATURE:1][REVIEWED:1]
brown bullheads,棕鲶鱼,[CREATURE:1][REVIEWED:1]
Brown bullheads,棕鲇鱼,[CREATURE:1][REVIEWED:1]
Brown Bullheads,棕鲇鱼,[CREATURE:1][REVIEWED:1]
brown recluse spider,棕色遁蛛,[CREATURE:1][REVIEWED:1]
Brown recluse spider,棕色遁蛛,[CREATURE:1][REVIEWED:1]
Brown Recluse Spider,棕色遁蛛,[CREATURE:1][REVIEWED:1]
brown recluse spider man,棕色遁蛛人,[CREATURE:1][REVIEWED:1]
Brown recluse spider man,棕色遁蛛人,[CREATURE:1][REVIEWED:1]
Brown Recluse Spider Man,棕色遁蛛人,[CREATURE:1][REVIEWED:1]
brown recluse spider men,棕色遁蛛人,[CREATURE:1][REVIEWED:1]
Brown recluse spider men,棕色遁蛛人,[CREATURE:1][REVIEWED:1]
Brown Recluse Spider Men,棕色遁蛛人,[CREATURE:1][REVIEWED:1]
brown recluse spiders,棕色遁蛛,[CREATURE:1][REVIEWED:1]
Brown recluse spiders,棕色遁蛛,[CREATURE:1][REVIEWED:1]
Brown Recluse Spiders,棕色遁蛛,[CREATURE:1][REVIEWED:1]
brute of twilight,暮光蛮兽,[CREATURE:1][REVIEWED:1]
Brute of twilight,暮光蛮兽,[CREATURE:1][REVIEWED:1]
Brute Of Twilight,暮光蛮兽,[CREATURE:1][REVIEWED:1]
bugbat,虫蝠,[CREATURE:1][REVIEWED:1]
Bugbat,虫蝠,[CREATURE:1][REVIEWED:1]
bugbats,虫蝠,[CREATURE:1][REVIEWED:1]
Bugbats,虫蝠,[CREATURE:1][REVIEWED:1]
buitreraptor,鹫龙,[CREATURE:1][REVIEWED:1]
Buitreraptor,鹫龙,[CREATURE:1][REVIEWED:1]
buitreraptor man,鹫龙人,[CREATURE:1][REVIEWED:1]
Buitreraptor man,鹫龙人,[CREATURE:1][REVIEWED:1]
Buitreraptor Man,鹫龙人,[CREATURE:1][REVIEWED:1]
bull shark,牛鲨,[CREATURE:1][REVIEWED:1]
Bull shark,牛鲨,[CREATURE:1][REVIEWED:1]
Bull Shark,牛鲨,[CREATURE:1][REVIEWED:1]
bull sharks,牛鲨,[CREATURE:1][REVIEWED:1]
Bull sharks,牛鲨,[CREATURE:1][REVIEWED:1]
Bull Sharks,牛鲨,[CREATURE:1][REVIEWED:1]
bumblebee,大黄蜂,[CREATURE:1][REVIEWED:1]
Bumblebee,大黄蜂,[CREATURE:1][REVIEWED:1]
bumblebees,大黄蜂,[CREATURE:1][REVIEWED:1]
Bumblebees,大黄蜂,[CREATURE:1][REVIEWED:1]
bushmaster,巨蝮,[CREATURE:1][REVIEWED:1]
Bushmaster,巨蝮,[CREATURE:1][REVIEWED:1]
bushmaster man,巨蝮人,[CREATURE:1][REVIEWED:1]
Bushmaster man,巨蝮人,[CREATURE:1][REVIEWED:1]
Bushmaster Man,巨蝮人,[CREATURE:1][REVIEWED:1]
bushmaster men,巨蝮人,[CREATURE:1][REVIEWED:1]
Bushmaster men,巨蝮人,[CREATURE:1][REVIEWED:1]
Bushmaster Men,巨蝮人,[CREATURE:1][REVIEWED:1]
bushmasters,巨蝮,[CREATURE:1][REVIEWED:1]
Bushmasters,巨蝮,[CREATURE:1][REVIEWED:1]
bushtit,丛山雀,[CREATURE:1][REVIEWED:1]
Bushtit,丛山雀,[CREATURE:1][REVIEWED:1]
bushtit man,丛山雀人,[CREATURE:1][REVIEWED:1]
Bushtit man,丛山雀人,[CREATURE:1][REVIEWED:1]
Bushtit Man,丛山雀人,[CREATURE:1][REVIEWED:1]
bushtit men,丛山雀人,[CREATURE:1][REVIEWED:1]
Bushtit men,丛山雀人,[CREATURE:1][REVIEWED:1]
Bushtit Men,丛山雀人,[CREATURE:1][REVIEWED:1]
bushtits,丛山雀,[CREATURE:1][REVIEWED:1]
Bushtits,丛山雀,[CREATURE:1][REVIEWED:1]
buzzard,秃鹰,[CREATURE:1][REVIEWED:1]
Buzzard,秃鹰,[CREATURE:1][REVIEWED:1]
buzzard man,秃鹰人,[CREATURE:1][REVIEWED:1]
Buzzard man,秃鹰人,[CREATURE:1][REVIEWED:1]
Buzzard Man,秃鹰人,[CREATURE:1][REVIEWED:1]
buzzard men,秃鹰人,[CREATURE:1][REVIEWED:1]
Buzzard men,秃鹰人,[CREATURE:1][REVIEWED:1]
Buzzard Men,秃鹰人,[CREATURE:1][REVIEWED:1]
buzzards,秃鹰,[CREATURE:1][REVIEWED:1]
Buzzards,秃鹰,[CREATURE:1][REVIEWED:1]
cap hopper,菌盖跳虫,[CREATURE:1][REVIEWED:1]
Cap hopper,菌盖跳虫,[CREATURE:1][REVIEWED:1]
Cap Hopper,菌盖跳虫,[CREATURE:1][REVIEWED:1]
cap hoppers,菌盖跳虫,[CREATURE:1][REVIEWED:1]
Cap hoppers,菌盖跳虫,[CREATURE:1][REVIEWED:1]
Cap Hoppers,菌盖跳虫,[CREATURE:1][REVIEWED:1]
capuchin,卷尾猴,[CREATURE:1][REVIEWED:1]
Capuchin,卷尾猴,[CREATURE:1][REVIEWED:1]
capuchin man,卷尾猴人,[CREATURE:1][REVIEWED:1]
Capuchin man,卷尾猴人,[CREATURE:1][REVIEWED:1]
Capuchin Man,卷尾猴人,[CREATURE:1][REVIEWED:1]
capuchin men,卷尾猴人,[CREATURE:1][REVIEWED:1]
Capuchin men,卷尾猴人,[CREATURE:1][REVIEWED:1]
Capuchin Men,卷尾猴人,[CREATURE:1][REVIEWED:1]
capuchins,卷尾猴,[CREATURE:1][REVIEWED:1]
Capuchins,卷尾猴,[CREATURE:1][REVIEWED:1]
capybara,水豚,[CREATURE:1][REVIEWED:1]
Capybara,水豚,[CREATURE:1][REVIEWED:1]
capybara man,水豚人,[CREATURE:1][REVIEWED:1]
Capybara man,水豚人,[CREATURE:1][REVIEWED:1]
Capybara Man,水豚人,[CREATURE:1][REVIEWED:1]
capybara men,水豚人,[CREATURE:1][REVIEWED:1]
Capybara men,水豚人,[CREATURE:1][REVIEWED:1]
Capybara Men,水豚人,[CREATURE:1][REVIEWED:1]
capybaras,水豚,[CREATURE:1][REVIEWED:1]
Capybaras,水豚,[CREATURE:1][REVIEWED:1]
cardinal,红衣凤头鸟,[CREATURE:1][REVIEWED:1]
Cardinal,深红色的,[CREATURE:1][REVIEWED:1]
cardinal man,红衣凤头鸟人,[CREATURE:1][REVIEWED:1]
Cardinal man,红衣凤头鸟人,[CREATURE:1][REVIEWED:1]
Cardinal Man,红衣凤头鸟人,[CREATURE:1][REVIEWED:1]
cardinal men,红衣凤头鸟人,[CREATURE:1][REVIEWED:1]
Cardinal men,红衣凤头鸟人,[CREATURE:1][REVIEWED:1]
Cardinal Men,红衣凤头鸟人,[CREATURE:1][REVIEWED:1]
cardinals,红衣凤头鸟,[CREATURE:1][REVIEWED:1]
Cardinals,红衣凤头鸟,[CREATURE:1][REVIEWED:1]
carnotaurus,食肉牛龙,[CREATURE:1][REVIEWED:1]
Carnotaurus,食肉牛龙,[CREATURE:1][REVIEWED:1]
carnotaurus man,食肉牛龙人,[CREATURE:1][REVIEWED:1]
Carnotaurus man,食肉牛龙人,[CREATURE:1][REVIEWED:1]
Carnotaurus Man,食肉牛龙人,[CREATURE:1][REVIEWED:1]
carp,鲤鱼,[CREATURE:1][REVIEWED:1]
Carp,鲤鱼,[CREATURE:1][REVIEWED:1]
cassowaries,鹤鸵,[CREATURE:1][REVIEWED:1]
Cassowaries,鹤鸵,[CREATURE:1][REVIEWED:1]
cassowary,鹤鸵,[CREATURE:1][REVIEWED:1]
Cassowary,鹤鸵,[CREATURE:1][REVIEWED:1]
cassowary man,鹤鸵人,[CREATURE:1][REVIEWED:1]
Cassowary man,鹤鸵人,[CREATURE:1][REVIEWED:1]
Cassowary Man,鹤鸵人,[CREATURE:1][REVIEWED:1]
cassowary men,鹤鸵人,[CREATURE:1][REVIEWED:1]
Cassowary men,鹤鸵人,[CREATURE:1][REVIEWED:1]
Cassowary Men,鹤鸵人,[CREATURE:1][REVIEWED:1]
cat,家猫,[CREATURE:1][REVIEWED:1]
Cat,猫,[CREATURE:1][REVIEWED:1]
cats,家猫,[CREATURE:1][REVIEWED:1]
Cats,家猫,[CREATURE:1][REVIEWED:1]
cave blob,洞穴滴团,[CREATURE:1][REVIEWED:1]
Cave blob,洞穴滴团,[CREATURE:1][REVIEWED:1]
Cave Blob,洞穴滴团,[CREATURE:1][REVIEWED:1]
cave blobs,洞穴滴团,[CREATURE:1][REVIEWED:1]
Cave blobs,洞穴滴团,[CREATURE:1][REVIEWED:1]
Cave Blobs,洞穴滴团,[CREATURE:1][REVIEWED:1]
cave crocodile,洞穴鳄鱼,[CREATURE:1][REVIEWED:1]
Cave crocodile,洞穴鳄鱼,[CREATURE:1][REVIEWED:1]
Cave Crocodile,洞穴鳄鱼,[CREATURE:1][REVIEWED:1]
cave crocodiles,洞穴鳄鱼,[CREATURE:1][REVIEWED:1]
Cave crocodiles,洞穴鳄鱼,[CREATURE:1][REVIEWED:1]
Cave Crocodiles,洞穴鳄鱼,[CREATURE:1][REVIEWED:1]
cave dragon,洞穴龙,[CREATURE:1][REVIEWED:1]
Cave dragon,洞穴龙,[CREATURE:1][REVIEWED:1]
Cave Dragon,洞穴龙,[CREATURE:1][REVIEWED:1]
cave dragons,洞穴龙,[CREATURE:1][REVIEWED:1]
Cave dragons,洞穴龙,[CREATURE:1][REVIEWED:1]
Cave Dragons,洞穴龙,[CREATURE:1][REVIEWED:1]
cave fish,洞穴鱼,[CREATURE:1][REVIEWED:1]
Cave fish,洞穴鱼,[CREATURE:1][REVIEWED:1]
Cave Fish,洞穴鱼,[CREATURE:1][REVIEWED:1]
cave fish man,洞穴鱼人,[CREATURE:1][REVIEWED:1]
Cave fish man,洞穴鱼人,[CREATURE:1][REVIEWED:1]
Cave Fish Man,洞穴鱼人,[CREATURE:1][REVIEWED:1]
cave fish men,洞穴鱼人,[CREATURE:1][REVIEWED:1]
Cave fish men,洞穴鱼人,[CREATURE:1][REVIEWED:1]
Cave Fish Men,洞穴鱼人,[CREATURE:1][REVIEWED:1]
cave floater,洞穴飘浮者,[CREATURE:1][REVIEWED:1]
Cave floater,洞穴飘浮者,[CREATURE:1][REVIEWED:1]
Cave Floater,洞穴飘浮者,[CREATURE:1][REVIEWED:1]
cave floaters,洞穴飘浮者,[CREATURE:1][REVIEWED:1]
Cave floaters,洞穴飘浮者,[CREATURE:1][REVIEWED:1]
Cave Floaters,洞穴飘浮者,[CREATURE:1][REVIEWED:1]
cave lobster,洞穴龙虾,[CREATURE:1][REVIEWED:1]
Cave lobster,洞穴龙虾,[CREATURE:1][REVIEWED:1]
Cave Lobster,洞穴龙虾,[CREATURE:1][REVIEWED:1]
cave lobsters,洞穴龙虾,[CREATURE:1][REVIEWED:1]
Cave lobsters,洞穴龙虾,[CREATURE:1][REVIEWED:1]
Cave Lobsters,洞穴龙虾,[CREATURE:1][REVIEWED:1]
cave spider,洞穴蜘蛛,[CREATURE:1][REVIEWED:1]
Cave spider,洞穴蜘蛛,[CREATURE:1][REVIEWED:1]
Cave Spider,洞穴蜘蛛,[CREATURE:1][REVIEWED:1]
cave spiders,洞穴蜘蛛,[CREATURE:1][REVIEWED:1]
Cave spiders,洞穴蜘蛛,[CREATURE:1][REVIEWED:1]
Cave Spiders,洞穴蜘蛛,[CREATURE:1][REVIEWED:1]
cave swallow,洞穴燕,[CREATURE:1][REVIEWED:1]
Cave swallow,洞穴燕,[CREATURE:1][REVIEWED:1]
Cave Swallow,洞穴燕,[CREATURE:1][REVIEWED:1]
cave swallow man,洞穴燕人,[CREATURE:1][REVIEWED:1]
Cave swallow man,洞穴燕人,[CREATURE:1][REVIEWED:1]
Cave Swallow Man,洞穴燕人,[CREATURE:1][REVIEWED:1]
cave swallow men,洞穴燕人,[CREATURE:1][REVIEWED:1]
Cave swallow men,洞穴燕人,[CREATURE:1][REVIEWED:1]
Cave Swallow Men,洞穴燕人,[CREATURE:1][REVIEWED:1]
cave swallows,洞穴燕,[CREATURE:1][REVIEWED:1]
Cave swallows,洞穴燕,[CREATURE:1][REVIEWED:1]
Cave Swallows,洞穴燕,[CREATURE:1][REVIEWED:1]
cavies,豚鼠,[CREATURE:1][REVIEWED:1]
Cavies,豚鼠,[CREATURE:1][REVIEWED:1]
cavy,豚鼠,[CREATURE:1][REVIEWED:1]
Cavy,豚鼠,[CREATURE:1][REVIEWED:1]
centaur,半人马,[CREATURE:1][REVIEWED:1]
Centaur,半人马,[CREATURE:1][REVIEWED:1]
centaurs,男性半人马,[CREATURE:1][REVIEWED:1]
Centaurs,半人马,[CREATURE:1][REVIEWED:1]
ceratosaurus,角鼻龙,[CREATURE:1][REVIEWED:1]
Ceratosaurus,角鼻龙,[CREATURE:1][REVIEWED:1]
ceratosaurus man,角鼻龙人,[CREATURE:1][REVIEWED:1]
Ceratosaurus man,角鼻龙人,[CREATURE:1][REVIEWED:1]
Ceratosaurus Man,角鼻龙人,[CREATURE:1][REVIEWED:1]
chameleon,变色蜥,[CREATURE:1][REVIEWED:1]
Chameleon,变色蜥,[CREATURE:1][REVIEWED:1]
chameleon man,变色蜥人,[CREATURE:1][REVIEWED:1]
Chameleon man,变色蜥人,[CREATURE:1][REVIEWED:1]
Chameleon Man,变色蜥人,[CREATURE:1][REVIEWED:1]
chameleon men,变色蜥人,[CREATURE:1][REVIEWED:1]
Chameleon men,变色蜥人,[CREATURE:1][REVIEWED:1]
Chameleon Men,变色蜥人,[CREATURE:1][REVIEWED:1]
chameleons,变色蜥,[CREATURE:1][REVIEWED:1]
Chameleons,变色蜥,[CREATURE:1][REVIEWED:1]
char,红点鲑,[CREATURE:1][REVIEWED:1]
Char,红点鲑,[CREATURE:1][REVIEWED:1]
cheetah,猎豹,[CREATURE:1][REVIEWED:1]
Cheetah,猎豹,[CREATURE:1][REVIEWED:1]
cheetah man,猎豹人,[CREATURE:1][REVIEWED:1]
Cheetah man,猎豹人,[CREATURE:1][REVIEWED:1]
Cheetah Man,猎豹人,[CREATURE:1][REVIEWED:1]
cheetah men,猎豹人,[CREATURE:1][REVIEWED:1]
Cheetah men,猎豹人,[CREATURE:1][REVIEWED:1]
Cheetah Men,猎豹人,[CREATURE:1][REVIEWED:1]
cheetahs,猎豹,[CREATURE:1][REVIEWED:1]
Cheetahs,猎豹,[CREATURE:1][REVIEWED:1]
chicken,家鸡,[CREATURE:1][REVIEWED:1]
Chicken,家鸡,[CREATURE:1][REVIEWED:1]
chickens,家鸡,[CREATURE:1][REVIEWED:1]
Chickens,家鸡,[CREATURE:1][REVIEWED:1]
chimera,奇美拉,[CREATURE:1][REVIEWED:1]
Chimera,奇美拉,[CREATURE:1][REVIEWED:1]
chimeras,奇美拉,[CREATURE:1][REVIEWED:1]
Chimeras,奇美拉,[CREATURE:1][REVIEWED:1]
chimpanzee,黑猩猩,[CREATURE:1][REVIEWED:1]
Chimpanzee,黑猩猩,[CREATURE:1][REVIEWED:1]
chimpanzees,黑猩猩,[CREATURE:1][REVIEWED:1]
Chimpanzees,黑猩猩,[CREATURE:1][REVIEWED:1]
chinchilla,毛丝鼠,[CREATURE:1][REVIEWED:1]
Chinchilla,毛丝鼠,[CREATURE:1][REVIEWED:1]
chinchilla man,毛丝鼠人,[CREATURE:1][REVIEWED:1]
Chinchilla man,毛丝鼠人,[CREATURE:1][REVIEWED:1]
Chinchilla Man,毛丝鼠人,[CREATURE:1][REVIEWED:1]
chinchilla men,毛丝鼠人,[CREATURE:1][REVIEWED:1]
Chinchilla men,毛丝鼠人,[CREATURE:1][REVIEWED:1]
Chinchilla Men,毛丝鼠人,[CREATURE:1][REVIEWED:1]
chinchillas,毛丝鼠,[CREATURE:1][REVIEWED:1]
Chinchillas,毛丝鼠,[CREATURE:1][REVIEWED:1]
chipmunk,花栗鼠,[CREATURE:1][REVIEWED:1]
Chipmunk,花栗鼠,[CREATURE:1][REVIEWED:1]
chipmunk man,花栗鼠人,[CREATURE:1][REVIEWED:1]
Chipmunk man,花栗鼠人,[CREATURE:1][REVIEWED:1]
Chipmunk Man,花栗鼠人,[CREATURE:1][REVIEWED:1]
chipmunk men,花栗鼠人,[CREATURE:1][REVIEWED:1]
Chipmunk men,花栗鼠人,[CREATURE:1][REVIEWED:1]
Chipmunk Men,花栗鼠人,[CREATURE:1][REVIEWED:1]
chipmunks,花栗鼠,[CREATURE:1][REVIEWED:1]
Chipmunks,花栗鼠,[CREATURE:1][REVIEWED:1]
clown loach,丑鳅鱼,[CREATURE:1][REVIEWED:1]
Clown loach,丑鳅鱼,[CREATURE:1][REVIEWED:1]
Clown Loach,丑鳅鱼,[CREATURE:1][REVIEWED:1]
clown loaches,丑鳅鱼,[CREATURE:1][REVIEWED:1]
Clown loaches,丑鳅鱼,[CREATURE:1][REVIEWED:1]
Clown Loaches,丑鳅鱼,[CREATURE:1][REVIEWED:1]
clownfish,小丑鱼,[CREATURE:1][REVIEWED:1]
Clownfish,小丑鱼,[CREATURE:1][REVIEWED:1]
coati,长鼻浣熊,[CREATURE:1][REVIEWED:1]
Coati,长鼻浣熊,[CREATURE:1][REVIEWED:1]
coati man,长鼻浣熊人,[CREATURE:1][REVIEWED:1]
Coati man,长鼻浣熊人,[CREATURE:1][REVIEWED:1]
Coati Man,长鼻浣熊人,[CREATURE:1][REVIEWED:1]
coati men,长鼻浣熊人,[CREATURE:1][REVIEWED:1]
Coati men,长鼻浣熊人,[CREATURE:1][REVIEWED:1]
Coati Men,长鼻浣熊人,[CREATURE:1][REVIEWED:1]
coatis,长鼻浣熊,[CREATURE:1][REVIEWED:1]
Coatis,长鼻浣熊,[CREATURE:1][REVIEWED:1]
cockatiel,玄凤鹦鹉,[CREATURE:1][REVIEWED:1]
Cockatiel,玄凤鹦鹉,[CREATURE:1][REVIEWED:1]
cockatiel man,玄凤鹦鹉人,[CREATURE:1][REVIEWED:1]
Cockatiel man,玄凤鹦鹉人,[CREATURE:1][REVIEWED:1]
Cockatiel Man,玄凤鹦鹉人,[CREATURE:1][REVIEWED:1]
cockatiel men,玄凤鹦鹉人,[CREATURE:1][REVIEWED:1]
Cockatiel men,玄凤鹦鹉人,[CREATURE:1][REVIEWED:1]
Cockatiel Men,玄凤鹦鹉人,[CREATURE:1][REVIEWED:1]
cockatiels,玄凤鹦鹉,[CREATURE:1][REVIEWED:1]
Cockatiels,玄凤鹦鹉,[CREATURE:1][REVIEWED:1]
cod,鳕鱼,[CREATURE:1][REVIEWED:1]
Cod,鳕鱼,[CREATURE:1][REVIEWED:1]
coelacanth,腔棘鱼,[CREATURE:1][REVIEWED:1]
Coelacanth,腔棘鱼,[CREATURE:1][REVIEWED:1]
coelacanths,腔棘鱼,[CREATURE:1][REVIEWED:1]
Coelacanths,腔棘鱼,[CREATURE:1][REVIEWED:1]
colepiocephale,结头龙,[CREATURE:1][REVIEWED:1]
Colepiocephale,结头龙,[CREATURE:1][REVIEWED:1]
colepiocephale man,结头龙人,[CREATURE:1][REVIEWED:1]
Colepiocephale man,结头龙人,[CREATURE:1][REVIEWED:1]
Colepiocephale Man,结头龙人,[CREATURE:1][REVIEWED:1]
common skate,鳐鱼,[CREATURE:1][REVIEWED:1]
Common skate,鳐鱼,[CREATURE:1][REVIEWED:1]
Common Skate,鳐鱼,[CREATURE:1][REVIEWED:1]
common skates,鳐鱼,[CREATURE:1][REVIEWED:1]
Common skates,鳐鱼,[CREATURE:1][REVIEWED:1]
Common Skates,鳐鱼,[CREATURE:1][REVIEWED:1]
common snapping turtle,鹰嘴龟,[CREATURE:1][REVIEWED:1]
Common snapping turtle,鹰嘴龟,[CREATURE:1][REVIEWED:1]
Common Snapping Turtle,鹰嘴龟,[CREATURE:1][REVIEWED:1]
common snapping turtles,鹰嘴龟,[CREATURE:1][REVIEWED:1]
Common snapping turtles,鹰嘴龟,[CREATURE:1][REVIEWED:1]
Common Snapping Turtles,鹰嘴龟,[CREATURE:1][REVIEWED:1]
conger eel,康吉鳗,[CREATURE:1][REVIEWED:1]
Conger eel,康吉鳗,[CREATURE:1][REVIEWED:1]
Conger Eel,康吉鳗,[CREATURE:1][REVIEWED:1]
conger eels,康吉鳗,[CREATURE:1][REVIEWED:1]
Conger eels,康吉鳗,[CREATURE:1][REVIEWED:1]
Conger Eels,康吉鳗,[CREATURE:1][REVIEWED:1]
copperhead snake,铜头蛇,[CREATURE:1][REVIEWED:1]
Copperhead snake,铜头蛇,[CREATURE:1][REVIEWED:1]
Copperhead Snake,铜头蛇,[CREATURE:1][REVIEWED:1]
copperhead snake man,铜头蛇人,[CREATURE:1][REVIEWED:1]
Copperhead snake man,铜头蛇人,[CREATURE:1][REVIEWED:1]
Copperhead Snake Man,铜头蛇人,[CREATURE:1][REVIEWED:1]
copperhead snake men,铜头蛇人,[CREATURE:1][REVIEWED:1]
Copperhead snake men,铜头蛇人,[CREATURE:1][REVIEWED:1]
Copperhead Snake Men,铜头蛇人,[CREATURE:1][REVIEWED:1]
copperhead snakes,铜头蛇,[CREATURE:1][REVIEWED:1]
Copperhead snakes,铜头蛇,[CREATURE:1][REVIEWED:1]
Copperhead Snakes,铜头蛇,[CREATURE:1][REVIEWED:1]
cougar,美洲狮,[CREATURE:1][REVIEWED:1]
Cougar,美洲狮,[CREATURE:1][REVIEWED:1]
cougar man,美洲狮人,[CREATURE:1][REVIEWED:1]
Cougar man,美洲狮人,[CREATURE:1][REVIEWED:1]
Cougar Man,美洲狮人,[CREATURE:1][REVIEWED:1]
cougar men,美洲狮人,[CREATURE:1][REVIEWED:1]
Cougar men,美洲狮人,[CREATURE:1][REVIEWED:1]
Cougar Men,美洲狮人,[CREATURE:1][REVIEWED:1]
cougars,美洲狮,[CREATURE:1][REVIEWED:1]
Cougars,美洲狮,[CREATURE:1][REVIEWED:1]
cow,奶牛,[CREATURE:1][REVIEWED:1]
Cow,奶牛,[CREATURE:1][REVIEWED:1]
cows,奶牛,[CREATURE:1][REVIEWED:1]
Cows,奶牛,[CREATURE:1][REVIEWED:1]
coyote,郊狼,[CREATURE:1][REVIEWED:1]
Coyote,郊狼,[CREATURE:1][REVIEWED:1]
coyote man,郊狼人,[CREATURE:1][REVIEWED:1]
Coyote man,郊狼人,[CREATURE:1][REVIEWED:1]
Coyote Man,郊狼人,[CREATURE:1][REVIEWED:1]
coyote men,郊狼人,[CREATURE:1][REVIEWED:1]
Coyote men,郊狼人,[CREATURE:1][REVIEWED:1]
Coyote Men,郊狼人,[CREATURE:1][REVIEWED:1]
coyotes,郊狼,[CREATURE:1][REVIEWED:1]
Coyotes,郊狼,[CREATURE:1][REVIEWED:1]
crab,螃蟹,[CREATURE:1][REVIEWED:1]
Crab,螃蟹,[CREATURE:1][REVIEWED:1]
crab man,螃蟹人,[CREATURE:1][REVIEWED:1]
Crab man,螃蟹人,[CREATURE:1][REVIEWED:1]
Crab Man,螃蟹人,[CREATURE:1][REVIEWED:1]
crab men,螃蟹人,[CREATURE:1][REVIEWED:1]
Crab men,螃蟹人,[CREATURE:1][REVIEWED:1]
Crab Men,螃蟹人,[CREATURE:1][REVIEWED:1]
crabs,螃蟹,[CREATURE:1][REVIEWED:1]
Crabs,螃蟹,[CREATURE:1][REVIEWED:1]
creature of twilight,暮光生物,[CREATURE:1][REVIEWED:1]
Creature of twilight,暮光生物,[CREATURE:1][REVIEWED:1]
Creature Of Twilight,暮光生物,[CREATURE:1][REVIEWED:1]
creeping eye,爬行之眼,[CREATURE:1][REVIEWED:1]
Creeping eye,爬行之眼,[CREATURE:1][REVIEWED:1]
Creeping Eye,爬行之眼,[CREATURE:1][REVIEWED:1]
creeping eyes,爬行之眼,[CREATURE:1][REVIEWED:1]
Creeping eyes,爬行之眼,[CREATURE:1][REVIEWED:1]
Creeping Eyes,爬行之眼,[CREATURE:1][REVIEWED:1]
creepy crawler,恐怖爬行者,[CREATURE:1][REVIEWED:1]
Creepy crawler,恐怖爬行者,[CREATURE:1][REVIEWED:1]
Creepy Crawler,恐怖爬行者,[CREATURE:1][REVIEWED:1]
creepy crawlers,恐怖爬行者,[CREATURE:1][REVIEWED:1]
Creepy crawlers,恐怖爬行者,[CREATURE:1][REVIEWED:1]
Creepy Crawlers,恐怖爬行者,[CREATURE:1][REVIEWED:1]
crow,乌鸦,[CREATURE:1][REVIEWED:1]
Crow,乌鸦,[CREATURE:1][REVIEWED:1]
crow man,乌鸦人,[CREATURE:1][REVIEWED:1]
Crow man,乌鸦人,[CREATURE:1][REVIEWED:1]
Crow Man,乌鸦人,[CREATURE:1][REVIEWED:1]
crow men,乌鸦人,[CREATURE:1][REVIEWED:1]
Crow men,乌鸦人,[CREATURE:1][REVIEWED:1]
Crow Men,乌鸦人,[CREATURE:1][REVIEWED:1]
crows,乌鸦,[CREATURE:1][REVIEWED:1]
Crows,乌鸦,[CREATURE:1][REVIEWED:1]
crundle,爪角怪,[CREATURE:1][REVIEWED:1]
Crundle,爪角怪,[CREATURE:1][REVIEWED:1]
crundles,爪角怪,[CREATURE:1][REVIEWED:1]
Crundles,爪角怪,[CREATURE:1][REVIEWED:1]
cuttlefish,墨鱼,[CREATURE:1][REVIEWED:1]
Cuttlefish,墨鱼,[CREATURE:1][REVIEWED:1]
cuttlefish man,墨鱼人,[CREATURE:1][REVIEWED:1]
Cuttlefish man,墨鱼人,[CREATURE:1][REVIEWED:1]
Cuttlefish Man,墨鱼人,[CREATURE:1][REVIEWED:1]
cuttlefish men,墨鱼人,[CREATURE:1][REVIEWED:1]
Cuttlefish men,墨鱼人,[CREATURE:1][REVIEWED:1]
Cuttlefish Men,墨鱼人,[CREATURE:1][REVIEWED:1]
cyclopes,独眼巨人,[CREATURE:1][REVIEWED:1]
Cyclopes,独眼巨人,[CREATURE:1][REVIEWED:1]
cyclops,独眼巨人,[CREATURE:1][REVIEWED:1]
Cyclops,独眼巨人,[CREATURE:1][REVIEWED:1]
damselflies,蓝蜻蛉,[CREATURE:1][REVIEWED:1]
Damselflies,蓝蜻蛉,[CREATURE:1][REVIEWED:1]
damselfly,蓝蜻蛉,[CREATURE:1][REVIEWED:1]
Damselfly,蓝蜻蛉,[CREATURE:1][REVIEWED:1]
damselfly man,蓝蜻蛉人,[CREATURE:1][REVIEWED:1]
Damselfly man,蓝蜻蛉人,[CREATURE:1][REVIEWED:1]
Damselfly Man,蓝蜻蛉人,[CREATURE:1][REVIEWED:1]
damselfly men,蓝蜻蛉人,[CREATURE:1][REVIEWED:1]
Damselfly men,蓝蜻蛉人,[CREATURE:1][REVIEWED:1]
Damselfly Men,蓝蜻蛉人,[CREATURE:1][REVIEWED:1]
dark gnome,黑暗地精,[CREATURE:1][REVIEWED:1]
Dark gnome,黑暗地精,[CREATURE:1][REVIEWED:1]
Dark Gnome,黑暗地精,[CREATURE:1][REVIEWED:1]
dark gnomes,黑暗地精,[CREATURE:1][REVIEWED:1]
Dark gnomes,黑暗地精,[CREATURE:1][REVIEWED:1]
Dark Gnomes,黑暗地精,[CREATURE:1][REVIEWED:1]
deer,鹿,[CREATURE:1][REVIEWED:1]
Deer,鹿,[CREATURE:1][REVIEWED:1]
deer man,鹿人,[CREATURE:1][REVIEWED:1]
Deer man,鹿人,[CREATURE:1][REVIEWED:1]
Deer Man,鹿人,[CREATURE:1][REVIEWED:1]
deer men,鹿人,[CREATURE:1][REVIEWED:1]
Deer men,鹿人,[CREATURE:1][REVIEWED:1]
Deer Men,鹿人,[CREATURE:1][REVIEWED:1]
deinonychus,恐爪龙,[CREATURE:1][REVIEWED:1]
Deinonychus,恐爪龙,[CREATURE:1][REVIEWED:1]
deinonychus man,恐爪龙人,[CREATURE:1][REVIEWED:1]
Deinonychus man,恐爪龙人,[CREATURE:1][REVIEWED:1]
Deinonychus Man,恐爪龙人,[CREATURE:1][REVIEWED:1]
deinotherium,恐象,[CREATURE:1][REVIEWED:1]
Deinotherium,恐象,[CREATURE:1][REVIEWED:1]
deinotherium man,恐象人,[CREATURE:1][REVIEWED:1]
Deinotherium man,恐象人,[CREATURE:1][REVIEWED:1]
Deinotherium Man,恐象人,[CREATURE:1][REVIEWED:1]
demon rat,恶魔老鼠,[CREATURE:1][REVIEWED:1]
Demon rat,恶魔老鼠,[CREATURE:1][REVIEWED:1]
Demon Rat,恶魔老鼠,[CREATURE:1][REVIEWED:1]
demon rats,恶魔老鼠,[CREATURE:1][REVIEWED:1]
Demon rats,恶魔老鼠,[CREATURE:1][REVIEWED:1]
Demon Rats,恶魔老鼠,[CREATURE:1][REVIEWED:1]
desert tortoise,沙漠陆龟,[CREATURE:1][REVIEWED:1]
Desert tortoise,沙漠陆龟,[CREATURE:1][REVIEWED:1]
Desert Tortoise,沙漠陆龟,[CREATURE:1][REVIEWED:1]
desert tortoise man,沙漠陆龟人,[CREATURE:1][REVIEWED:1]
Desert tortoise man,沙漠陆龟人,[CREATURE:1][REVIEWED:1]
Desert Tortoise Man,沙漠陆龟人,[CREATURE:1][REVIEWED:1]
desert tortoise men,沙漠陆龟人,[CREATURE:1][REVIEWED:1]
Desert tortoise men,沙漠陆龟人,[CREATURE:1][REVIEWED:1]
Desert Tortoise Men,沙漠陆龟人,[CREATURE:1][REVIEWED:1]
desert tortoises,沙漠陆龟,[CREATURE:1][REVIEWED:1]
Desert tortoises,沙漠陆龟,[CREATURE:1][REVIEWED:1]
Desert Tortoises,沙漠陆龟,[CREATURE:1][REVIEWED:1]
devil of coal,煤炭恶魔,[CREATURE:1][REVIEWED:1]
Devil of coal,煤炭恶魔,[CREATURE:1][REVIEWED:1]
Devil Of Coal,煤炭恶魔,[CREATURE:1][REVIEWED:1]
devil of soot,煤烟恶魔,[CREATURE:1][REVIEWED:1]
Devil of soot,煤烟恶魔,[CREATURE:1][REVIEWED:1]
Devil Of Soot,煤烟恶魔,[CREATURE:1][REVIEWED:1]
diadectes,阔齿龙,[CREATURE:1][REVIEWED:1]
Diadectes,阔齿龙,[CREATURE:1][REVIEWED:1]
diadectes man,阔齿龙人,[CREATURE:1][REVIEWED:1]
Diadectes man,阔齿龙人,[CREATURE:1][REVIEWED:1]
Diadectes Man,阔齿龙人,[CREATURE:1][REVIEWED:1]
dilophosaurus,双脊龙,[CREATURE:1][REVIEWED:1]
Dilophosaurus,双脊龙,[CREATURE:1][REVIEWED:1]
dilophosaurus man,双脊龙人,[CREATURE:1][REVIEWED:1]
Dilophosaurus man,双脊龙人,[CREATURE:1][REVIEWED:1]
Dilophosaurus Man,双脊龙人,[CREATURE:1][REVIEWED:1]
dimetrodon,异齿龙,[CREATURE:1][REVIEWED:1]
Dimetrodon,异齿龙,[CREATURE:1][REVIEWED:1]
dimetrodon man,异齿龙人,[CREATURE:1][REVIEWED:1]
Dimetrodon man,异齿龙人,[CREATURE:1][REVIEWED:1]
Dimetrodon Man,异齿龙人,[CREATURE:1][REVIEWED:1]
dingo,野狗,[CREATURE:1][REVIEWED:1]
Dingo,野狗,[CREATURE:1][REVIEWED:1]
dingo man,野狗人,[CREATURE:1][REVIEWED:1]
Dingo man,野狗人,[CREATURE:1][REVIEWED:1]
Dingo Man,野狗人,[CREATURE:1][REVIEWED:1]
dingo men,野狗人,[CREATURE:1][REVIEWED:1]
Dingo men,野狗人,[CREATURE:1][REVIEWED:1]
Dingo Men,野狗人,[CREATURE:1][REVIEWED:1]
dingoes,野狗,[CREATURE:1][REVIEWED:1]
Dingoes,野狗,[CREATURE:1][REVIEWED:1]
diplocaulus,笠头螈,[CREATURE:1][REVIEWED:1]
Diplocaulus,笠头螈,[CREATURE:1][REVIEWED:1]
diplocaulus man,笠头螈人,[CREATURE:1][REVIEWED:1]
Diplocaulus man,笠头螈人,[CREATURE:1][REVIEWED:1]
Diplocaulus Man,笠头螈人,[CREATURE:1][REVIEWED:1]
diplodocus,梁龙,[CREATURE:1][REVIEWED:1]
Diplodocus,梁龙,[CREATURE:1][REVIEWED:1]
diplodocus man,梁龙人,[CREATURE:1][REVIEWED:1]
Diplodocus man,梁龙人,[CREATURE:1][REVIEWED:1]
Diplodocus Man,梁龙人,[CREATURE:1][REVIEWED:1]
dodo,渡渡鸟,[CREATURE:1][REVIEWED:1]
Dodo,渡渡鸟,[CREATURE:1][REVIEWED:1]
dodo man,渡渡鸟人,[CREATURE:1][REVIEWED:1]
Dodo man,渡渡鸟人,[CREATURE:1][REVIEWED:1]
Dodo Man,渡渡鸟人,[CREATURE:1][REVIEWED:1]
dog,家犬,[CREATURE:1][REVIEWED:1]
Dog,狗,[CREATURE:1][REVIEWED:1]
dogs,家犬,[CREATURE:1][REVIEWED:1]
Dogs,家犬,[CREATURE:1][REVIEWED:1]
donkey,驴,[CREATURE:1][REVIEWED:1]
Donkey,驴,[CREATURE:1][REVIEWED:1]
donkeys,驴,[CREATURE:1][REVIEWED:1]
Donkeys,驴,[CREATURE:1][REVIEWED:1]
dragon,巨龙,[CREATURE:1][REVIEWED:1]
Dragon,巨龙,[CREATURE:1][REVIEWED:1]
dragonflies,蜻蜓,[CREATURE:1][REVIEWED:1]
Dragonflies,蜻蜓,[CREATURE:1][REVIEWED:1]
dragonfly,蜻蜓,[CREATURE:1][REVIEWED:1]
Dragonfly,蜻蜓,[CREATURE:1][REVIEWED:1]
dragonfly man,蜻蜓人,[CREATURE:1][REVIEWED:1]
Dragonfly man,蜻蜓人,[CREATURE:1][REVIEWED:1]
Dragonfly Man,蜻蜓人,[CREATURE:1][REVIEWED:1]
dragonfly men,蜻蜓人,[CREATURE:1][REVIEWED:1]
Dragonfly men,蜻蜓人,[CREATURE:1][REVIEWED:1]
Dragonfly Men,蜻蜓人,[CREATURE:1][REVIEWED:1]
dragons,巨龙,[CREATURE:1][REVIEWED:1]
Dragons,巨龙,[CREATURE:1][REVIEWED:1]
draltha,食菇兽,[CREATURE:1][REVIEWED:1]
Draltha,食菇兽,[CREATURE:1][REVIEWED:1]
dralthas,食菇兽,[CREATURE:1][REVIEWED:1]
Dralthas,食菇兽,[CREATURE:1][REVIEWED:1]
drepanopterus,镰翅兽,[CREATURE:1][REVIEWED:1]
Drepanopterus,镰翅兽,[CREATURE:1][REVIEWED:1]
drepanopterus man,镰翅鲎人,[CREATURE:1][REVIEWED:1]
Drepanopterus man,镰翅鲎人,[CREATURE:1][REVIEWED:1]
Drepanopterus Man,镰翅鲎人,[CREATURE:1][REVIEWED:1]
drepanosaurus,镰龙,[CREATURE:1][REVIEWED:1]
Drepanosaurus,镰龙,[CREATURE:1][REVIEWED:1]
drepanosaurus man,镰龙人,[CREATURE:1][REVIEWED:1]
Drepanosaurus man,镰龙人,[CREATURE:1][REVIEWED:1]
Drepanosaurus Man,镰龙人,[CREATURE:1][REVIEWED:1]
drunian,德鲁尼安人,[CREATURE:1][REVIEWED:1]
Drunian,德鲁尼安人,[CREATURE:1][REVIEWED:1]
drunians,德鲁尼安人,[CREATURE:1][REVIEWED:1]
Drunians,德鲁尼安人,[CREATURE:1][REVIEWED:1]
duck,家鸭,[CREATURE:1][REVIEWED:1]
Duck,家鸭,[CREATURE:1][REVIEWED:1]
ducks,母鸭,[CREATURE:1][REVIEWED:1]
Ducks,家鸭,[CREATURE:1][REVIEWED:1]
dunkleosteus,邓氏鱼,[CREATURE:1][REVIEWED:1]
Dunkleosteus,邓氏鱼,[CREATURE:1][REVIEWED:1]
dunkleosteus man,邓氏鱼人,[CREATURE:1][REVIEWED:1]
Dunkleosteus man,邓氏鱼人,[CREATURE:1][REVIEWED:1]
Dunkleosteus Man,邓氏鱼人,[CREATURE:1][REVIEWED:1]
dusk freak,黄昏怪胎,[CREATURE:1][REVIEWED:1]
Dusk freak,黄昏怪胎,[CREATURE:1][REVIEWED:1]
Dusk Freak,黄昏怪胎,[CREATURE:1][REVIEWED:1]
dwarf,矮人,[CREATURE:1][REVIEWED:1]
Dwarf,矮人,[CREATURE:1][REVIEWED:1]
dwarves,矮人,[CREATURE:1][REVIEWED:1]
Dwarves,矮人,[CREATURE:1][REVIEWED:1]
eagle,鹰,[CREATURE:1][REVIEWED:1]
Eagle,鹰,[CREATURE:1][REVIEWED:1]
eagle man,鹰人,[CREATURE:1][REVIEWED:1]
Eagle man,鹰人,[CREATURE:1][REVIEWED:1]
Eagle Man,鹰人,[CREATURE:1][REVIEWED:1]
eagle men,鹰人,[CREATURE:1][REVIEWED:1]
Eagle men,鹰人,[CREATURE:1][REVIEWED:1]
Eagle Men,鹰人,[CREATURE:1][REVIEWED:1]
eagles,鹰,[CREATURE:1][REVIEWED:1]
Eagles,鹰,[CREATURE:1][REVIEWED:1]
echidna,针鼹,[CREATURE:1][REVIEWED:1]
Echidna,针鼹,[CREATURE:1][REVIEWED:1]
echidna man,针鼹人,[CREATURE:1][REVIEWED:1]
Echidna man,针鼹人,[CREATURE:1][REVIEWED:1]
Echidna Man,针鼹人,[CREATURE:1][REVIEWED:1]
echidna men,针鼹人,[CREATURE:1][REVIEWED:1]
Echidna men,针鼹人,[CREATURE:1][REVIEWED:1]
Echidna Men,针鼹人,[CREATURE:1][REVIEWED:1]
echidnas,针鼹,[CREATURE:1][REVIEWED:1]
Echidnas,针鼹,[CREATURE:1][REVIEWED:1]
elephant,大象,[CREATURE:1][REVIEWED:1]
Elephant,大象,[CREATURE:1][REVIEWED:1]
elephant man,大象人,[CREATURE:1][REVIEWED:1]
Elephant man,大象人,[CREATURE:1][REVIEWED:1]
Elephant Man,大象人,[CREATURE:1][REVIEWED:1]
elephant men,大象人,[CREATURE:1][REVIEWED:1]
Elephant men,大象人,[CREATURE:1][REVIEWED:1]
Elephant Men,大象人,[CREATURE:1][REVIEWED:1]
elephant seal,象海豹,[CREATURE:1][REVIEWED:1]
Elephant seal,象海豹,[CREATURE:1][REVIEWED:1]
Elephant Seal,象海豹,[CREATURE:1][REVIEWED:1]
elephant seal man,象海豹人,[CREATURE:1][REVIEWED:1]
Elephant seal man,象海豹人,[CREATURE:1][REVIEWED:1]
Elephant Seal Man,象海豹人,[CREATURE:1][REVIEWED:1]
elephant seal men,象海豹人,[CREATURE:1][REVIEWED:1]
Elephant seal men,象海豹人,[CREATURE:1][REVIEWED:1]
Elephant Seal Men,象海豹人,[CREATURE:1][REVIEWED:1]
elephant seals,象海豹,[CREATURE:1][REVIEWED:1]
Elephant seals,象海豹,[CREATURE:1][REVIEWED:1]
Elephant Seals,象海豹,[CREATURE:1][REVIEWED:1]
elephants,大象,[CREATURE:1][REVIEWED:1]
Elephants,大象,[CREATURE:1][REVIEWED:1]
elf,精灵,[CREATURE:1][REVIEWED:1]
Elf,精灵,[CREATURE:1][REVIEWED:1]
elk,麋鹿,[CREATURE:1][REVIEWED:1]
Elk,麋鹿,[CREATURE:1][REVIEWED:1]
elk bird,麋鹿鸟,[CREATURE:1][REVIEWED:1]
Elk bird,麋鹿鸟,[CREATURE:1][REVIEWED:1]
Elk Bird,麋鹿鸟,[CREATURE:1][REVIEWED:1]
elk birds,麋鹿鸟,[CREATURE:1][REVIEWED:1]
Elk birds,麋鹿鸟,[CREATURE:1][REVIEWED:1]
Elk Birds,麋鹿鸟,[CREATURE:1][REVIEWED:1]
elk man,麋鹿人,[CREATURE:1][REVIEWED:1]
Elk man,麋鹿人,[CREATURE:1][REVIEWED:1]
Elk Man,麋鹿人,[CREATURE:1][REVIEWED:1]
elk men,麋鹿人,[CREATURE:1][REVIEWED:1]
Elk men,麋鹿人,[CREATURE:1][REVIEWED:1]
Elk Men,麋鹿人,[CREATURE:1][REVIEWED:1]
elves,精灵,[CREATURE:1][REVIEWED:1]
Elves,精灵,[CREATURE:1][REVIEWED:1]
emperor penguin,帝企鹅,[CREATURE:1][REVIEWED:1]
Emperor penguin,帝企鹅,[CREATURE:1][REVIEWED:1]
Emperor Penguin,帝企鹅,[CREATURE:1][REVIEWED:1]
emperor penguins,帝企鹅,[CREATURE:1][REVIEWED:1]
Emperor penguins,帝企鹅,[CREATURE:1][REVIEWED:1]
Emperor Penguins,帝企鹅,[CREATURE:1][REVIEWED:1]
emu,鸸鹋,[CREATURE:1][REVIEWED:1]
Emu,鸸鹋,[CREATURE:1][REVIEWED:1]
emu man,鸸鹋人,[CREATURE:1][REVIEWED:1]
Emu man,鸸鹋人,[CREATURE:1][REVIEWED:1]
Emu Man,鸸鹋人,[CREATURE:1][REVIEWED:1]
emu men,鸸鹋人,[CREATURE:1][REVIEWED:1]
Emu men,鸸鹋人,[CREATURE:1][REVIEWED:1]
Emu Men,鸸鹋人,[CREATURE:1][REVIEWED:1]
emus,鸸鹋,[CREATURE:1][REVIEWED:1]
Emus,鸸鹋,[CREATURE:1][REVIEWED:1]
enforcer of the burial,埋葬执行者,[CREATURE:1][REVIEWED:1]
Enforcer of The Burial,埋葬执行者,[CREATURE:1][REVIEWED:1]
Enforcer Of The Burial,埋葬执行者,[CREATURE:1][REVIEWED:1]
entelodon,完齿兽,[CREATURE:1][REVIEWED:1]
Entelodon,完齿兽,[CREATURE:1][REVIEWED:1]
entelodon man,完齿兽人,[CREATURE:1][REVIEWED:1]
Entelodon man,完齿兽人,[CREATURE:1][REVIEWED:1]
Entelodon Man,完齿兽人,[CREATURE:1][REVIEWED:1]
eoraptor,始盗龙,[CREATURE:1][REVIEWED:1]
Eoraptor,始盗龙,[CREATURE:1][REVIEWED:1]
eoraptor man,始盗龙人,[CREATURE:1][REVIEWED:1]
Eoraptor man,始盗龙人,[CREATURE:1][REVIEWED:1]
Eoraptor Man,始盗龙人,[CREATURE:1][REVIEWED:1]
eryops,引螈,[CREATURE:1][REVIEWED:1]
Eryops,引螈,[CREATURE:1][REVIEWED:1]
eryops man,引螈人,[CREATURE:1][REVIEWED:1]
Eryops man,引螈人,[CREATURE:1][REVIEWED:1]
Eryops Man,引螈人,[CREATURE:1][REVIEWED:1]
ettin,双头巨人,[CREATURE:1][REVIEWED:1]
Ettin,双头巨人,[CREATURE:1][REVIEWED:1]
ettins,双头巨人,[CREATURE:1][REVIEWED:1]
Ettins,双头巨人,[CREATURE:1][REVIEWED:1]
europasaurus,欧罗巴龙,[CREATURE:1][REVIEWED:1]
Europasaurus,欧罗巴龙,[CREATURE:1][REVIEWED:1]
europasaurus man,欧罗巴龙人,[CREATURE:1][REVIEWED:1]
Europasaurus man,欧罗巴龙人,[CREATURE:1][REVIEWED:1]
Europasaurus Man,欧罗巴龙人,[CREATURE:1][REVIEWED:1]
fairies,小仙子,[CREATURE:1][REVIEWED:1]
Fairies,小仙子,[CREATURE:1][REVIEWED:1]
fairy,小仙子,[CREATURE:1][REVIEWED:1]
Fairy,小仙子,[CREATURE:1][REVIEWED:1]
fire imp,火焰小鬼,[CREATURE:1][REVIEWED:1]
Fire imp,火焰小鬼,[CREATURE:1][REVIEWED:1]
Fire Imp,火焰小鬼,[CREATURE:1][REVIEWED:1]
fire imps,火焰小鬼,[CREATURE:1][REVIEWED:1]
Fire imps,火焰小鬼,[CREATURE:1][REVIEWED:1]
Fire Imps,火焰小鬼,[CREATURE:1][REVIEWED:1]
fire man,火人,[CREATURE:1][REVIEWED:1]
Fire man,火人,[CREATURE:1][REVIEWED:1]
Fire Man,火人,[CREATURE:1][REVIEWED:1]
fire men,火人,[CREATURE:1][REVIEWED:1]
Fire men,火人,[CREATURE:1][REVIEWED:1]
Fire Men,火人,[CREATURE:1][REVIEWED:1]
fire snake,火蛇,[CREATURE:1][REVIEWED:1]
Fire snake,火蛇,[CREATURE:1][REVIEWED:1]
Fire Snake,火蛇,[CREATURE:1][REVIEWED:1]
fire snakes,火蛇,[CREATURE:1][REVIEWED:1]
Fire snakes,火蛇,[CREATURE:1][REVIEWED:1]
Fire Snakes,火蛇,[CREATURE:1][REVIEWED:1]
fireflies,萤火虫,[CREATURE:1][REVIEWED:1]
Fireflies,萤火虫,[CREATURE:1][REVIEWED:1]
firefly,萤火虫,[CREATURE:1][REVIEWED:1]
Firefly,萤火虫,[CREATURE:1][REVIEWED:1]
firefly man,萤火虫人,[CREATURE:1][REVIEWED:1]
Firefly man,萤火虫人,[CREATURE:1][REVIEWED:1]
Firefly Man,萤火虫人,[CREATURE:1][REVIEWED:1]
firefly men,萤火虫人,[CREATURE:1][REVIEWED:1]
Firefly men,萤火虫人,[CREATURE:1][REVIEWED:1]
Firefly Men,萤火虫人,[CREATURE:1][REVIEWED:1]
flat worm monster,扁虫怪,[CREATURE:1][REVIEWED:1]
Flat worm monster,扁虫怪,[CREATURE:1][REVIEWED:1]
Flat Worm Monster,扁虫怪,[CREATURE:1][REVIEWED:1]
flesh ball,血肉之球,[CREATURE:1][REVIEWED:1]
Flesh ball,血肉之球,[CREATURE:1][REVIEWED:1]
Flesh Ball,血肉之球,[CREATURE:1][REVIEWED:1]
flesh balls,血肉之球,[CREATURE:1][REVIEWED:1]
Flesh balls,血肉之球,[CREATURE:1][REVIEWED:1]
Flesh Balls,血肉之球,[CREATURE:1][REVIEWED:1]
flies,苍蝇,[CREATURE:1][REVIEWED:1]
Flies,苍蝇,[CREATURE:1][REVIEWED:1]
floating guts,飘浮内脏,[CREATURE:1][REVIEWED:1]
Floating guts,飘浮内脏,[CREATURE:1][REVIEWED:1]
Floating Guts,飘浮内脏,[CREATURE:1][REVIEWED:1]
flounder,鲽鱼,[CREATURE:1][REVIEWED:1]
Flounder,鲽鱼,[CREATURE:1][REVIEWED:1]
flounders,鲽鱼,[CREATURE:1][REVIEWED:1]
Flounders,鲽鱼,[CREATURE:1][REVIEWED:1]
fluffy wambler,蓬松毛球,[CREATURE:1][REVIEWED:1]
Fluffy wambler,蓬松毛球,[CREATURE:1][REVIEWED:1]
Fluffy Wambler,蓬松毛球,[CREATURE:1][REVIEWED:1]
fluffy wamblers,蓬松毛球,[CREATURE:1][REVIEWED:1]
Fluffy wamblers,蓬松毛球,[CREATURE:1][REVIEWED:1]
Fluffy Wamblers,蓬松毛球,[CREATURE:1][REVIEWED:1]
fly,苍蝇,[CREATURE:1][REVIEWED:1]
Fly,苍蝇,[CREATURE:1][REVIEWED:1]
fly man,苍蝇人,[CREATURE:1][REVIEWED:1]
Fly man,苍蝇人,[CREATURE:1][REVIEWED:1]
Fly Man,苍蝇人,[CREATURE:1][REVIEWED:1]
fly men,苍蝇人,[CREATURE:1][REVIEWED:1]
Fly men,苍蝇人,[CREATURE:1][REVIEWED:1]
Fly Men,苍蝇人,[CREATURE:1][REVIEWED:1]
flying squirrel,鼯鼠,[CREATURE:1][REVIEWED:1]
Flying squirrel,鼯鼠,[CREATURE:1][REVIEWED:1]
Flying Squirrel,鼯鼠,[CREATURE:1][REVIEWED:1]
flying squirrel man,鼯鼠人,[CREATURE:1][REVIEWED:1]
Flying squirrel man,鼯鼠人,[CREATURE:1][REVIEWED:1]
Flying Squirrel Man,鼯鼠人,[CREATURE:1][REVIEWED:1]
flying squirrel men,鼯鼠人,[CREATURE:1][REVIEWED:1]
Flying squirrel men,鼯鼠人,[CREATURE:1][REVIEWED:1]
Flying Squirrel Men,鼯鼠人,[CREATURE:1][REVIEWED:1]
flying squirrels,鼯鼠,[CREATURE:1][REVIEWED:1]
Flying squirrels,鼯鼠,[CREATURE:1][REVIEWED:1]
Flying Squirrels,鼯鼠,[CREATURE:1][REVIEWED:1]
forgotten beast,遗忘巨兽,[CREATURE:1][REVIEWED:1]
Forgotten beast,遗忘巨兽,[CREATURE:1][REVIEWED:1]
Forgotten Beast,遗忘巨兽,[CREATURE:1][REVIEWED:1]
fortresses being,要塞存在,[CREATURE:1][REVIEWED:1]
fortresses Being,要塞存在,[CREATURE:1][REVIEWED:1]
Fortresses Being,要塞存在,[CREATURE:1][REVIEWED:1]
foul blendec,污邪杂种,[CREATURE:1][REVIEWED:1]
Foul blendec,污邪杂种,[CREATURE:1][REVIEWED:1]
Foul Blendec,污邪杂种,[CREATURE:1][REVIEWED:1]
foul blendecs,污邪杂种,[CREATURE:1][REVIEWED:1]
Foul blendecs,污邪杂种,[CREATURE:1][REVIEWED:1]
Foul Blendecs,污邪杂种,[CREATURE:1][REVIEWED:1]
fox,狐狸,[CREATURE:1][REVIEWED:1]
Fox,狐狸,[CREATURE:1][REVIEWED:1]
fox man,狐狸人,[CREATURE:1][REVIEWED:1]
Fox man,狐狸人,[CREATURE:1][REVIEWED:1]
Fox Man,狐狸人,[CREATURE:1][REVIEWED:1]
fox men,狐狸人,[CREATURE:1][REVIEWED:1]
Fox men,狐狸人,[CREATURE:1][REVIEWED:1]
Fox Men,狐狸人,[CREATURE:1][REVIEWED:1]
fox squirrel,狐松鼠,[CREATURE:1][REVIEWED:1]
Fox squirrel,狐松鼠,[CREATURE:1][REVIEWED:1]
Fox Squirrel,狐松鼠,[CREATURE:1][REVIEWED:1]
fox squirrels,狐松鼠,[CREATURE:1][REVIEWED:1]
Fox squirrels,狐松鼠,[CREATURE:1][REVIEWED:1]
Fox Squirrels,狐松鼠,[CREATURE:1][REVIEWED:1]
foxes,狐狸,[CREATURE:1][REVIEWED:1]
Foxes,狐狸,[CREATURE:1][REVIEWED:1]
frill shark,皱鳃鲨,[CREATURE:1][REVIEWED:1]
Frill shark,皱鳃鲨,[CREATURE:1][REVIEWED:1]
Frill Shark,皱鳃鲨,[CREATURE:1][REVIEWED:1]
frill sharks,皱鳃鲨,[CREATURE:1][REVIEWED:1]
Frill sharks,皱鳃鲨,[CREATURE:1][REVIEWED:1]
Frill Sharks,皱鳃鲨,[CREATURE:1][REVIEWED:1]
gabbro man,辉长岩人,[CREATURE:1][REVIEWED:1]
Gabbro man,辉长岩人,[CREATURE:1][REVIEWED:1]
Gabbro Man,辉长岩人,[CREATURE:1][REVIEWED:1]
gabbro men,辉长岩人,[CREATURE:1][REVIEWED:1]
Gabbro men,辉长岩人,[CREATURE:1][REVIEWED:1]
Gabbro Men,辉长岩人,[CREATURE:1][REVIEWED:1]
gazelle,瞪羚,[CREATURE:1][REVIEWED:1]
Gazelle,瞪羚,[CREATURE:1][REVIEWED:1]
gazelle man,瞪羚人,[CREATURE:1][REVIEWED:1]
Gazelle man,瞪羚人,[CREATURE:1][REVIEWED:1]
Gazelle Man,瞪羚人,[CREATURE:1][REVIEWED:1]
gazelle men,瞪羚人,[CREATURE:1][REVIEWED:1]
Gazelle men,瞪羚人,[CREATURE:1][REVIEWED:1]
Gazelle Men,瞪羚人,[CREATURE:1][REVIEWED:1]
gazelles,瞪羚,[CREATURE:1][REVIEWED:1]
Gazelles,瞪羚,[CREATURE:1][REVIEWED:1]
geese,母鹅,[CREATURE:1][REVIEWED:1]
Geese,家鹅,[CREATURE:1][REVIEWED:1]
gerrothorax,胃螈,[CREATURE:1][REVIEWED:1]
Gerrothorax,胃螈,[CREATURE:1][REVIEWED:1]
gerrothorax man,胃螈人,[CREATURE:1][REVIEWED:1]
Gerrothorax man,胃螈人,[CREATURE:1][REVIEWED:1]
Gerrothorax Man,胃螈人,[CREATURE:1][REVIEWED:1]
giant,巨人,[CREATURE:1][REVIEWED:1]
Giant,巨人,[CREATURE:1][REVIEWED:1]
giant aardvark,巨型土豚,[CREATURE:1][REVIEWED:1]
Giant aardvark,巨型土豚,[CREATURE:1][REVIEWED:1]
Giant Aardvark,巨型土豚,[CREATURE:1][REVIEWED:1]
giant aardvarks,巨型土豚,[CREATURE:1][REVIEWED:1]
Giant aardvarks,巨型土豚,[CREATURE:1][REVIEWED:1]
Giant Aardvarks,巨型土豚,[CREATURE:1][REVIEWED:1]
giant adder,巨型蝰蛇,[CREATURE:1][REVIEWED:1]
Giant adder,巨型蝰蛇,[CREATURE:1][REVIEWED:1]
Giant Adder,巨型蝰蛇,[CREATURE:1][REVIEWED:1]
giant adders,巨型蝰蛇,[CREATURE:1][REVIEWED:1]
Giant adders,巨型蝰蛇,[CREATURE:1][REVIEWED:1]
Giant Adders,巨型蝰蛇,[CREATURE:1][REVIEWED:1]
giant albatross,巨型信天翁,[CREATURE:1][REVIEWED:1]
Giant albatross,巨型信天翁,[CREATURE:1][REVIEWED:1]
Giant Albatross,巨型信天翁,[CREATURE:1][REVIEWED:1]
giant albatrosses,巨型信天翁,[CREATURE:1][REVIEWED:1]
Giant albatrosses,巨型信天翁,[CREATURE:1][REVIEWED:1]
Giant Albatrosses,巨型信天翁,[CREATURE:1][REVIEWED:1]
giant alligator,巨型短吻鳄,[CREATURE:1][REVIEWED:1]
Giant alligator,巨型短吻鳄,[CREATURE:1][REVIEWED:1]
Giant Alligator,巨型短吻鳄,[CREATURE:1][REVIEWED:1]
giant alligators,巨型短吻鳄,[CREATURE:1][REVIEWED:1]
Giant alligators,巨型短吻鳄,[CREATURE:1][REVIEWED:1]
Giant Alligators,巨型短吻鳄,[CREATURE:1][REVIEWED:1]
giant anaconda,巨型水蟒,[CREATURE:1][REVIEWED:1]
Giant anaconda,巨型水蟒,[CREATURE:1][REVIEWED:1]
Giant Anaconda,巨型水蟒,[CREATURE:1][REVIEWED:1]
giant anacondas,巨型水蟒,[CREATURE:1][REVIEWED:1]
Giant anacondas,巨型水蟒,[CREATURE:1][REVIEWED:1]
Giant Anacondas,巨型水蟒,[CREATURE:1][REVIEWED:1]
giant anole,巨型安乐蜥,[CREATURE:1][REVIEWED:1]
Giant anole,巨型安乐蜥,[CREATURE:1][REVIEWED:1]
Giant Anole,巨型安乐蜥,[CREATURE:1][REVIEWED:1]
giant anoles,巨型安乐蜥,[CREATURE:1][REVIEWED:1]
Giant anoles,巨型安乐蜥,[CREATURE:1][REVIEWED:1]
Giant Anoles,巨型安乐蜥,[CREATURE:1][REVIEWED:1]
giant armadillo,巨型犰狳,[CREATURE:1][REVIEWED:1]
Giant armadillo,巨型犰狳,[CREATURE:1][REVIEWED:1]
Giant Armadillo,巨型犰狳,[CREATURE:1][REVIEWED:1]
giant armadillos,巨型犰狳,[CREATURE:1][REVIEWED:1]
Giant armadillos,巨型犰狳,[CREATURE:1][REVIEWED:1]
Giant Armadillos,巨型犰狳,[CREATURE:1][REVIEWED:1]
giant axolotl,巨型蝾螈,[CREATURE:1][REVIEWED:1]
Giant axolotl,巨型蝾螈,[CREATURE:1][REVIEWED:1]
Giant Axolotl,巨型蝾螈,[CREATURE:1][REVIEWED:1]
giant axolotls,巨型蝾螈,[CREATURE:1][REVIEWED:1]
Giant axolotls,巨型蝾螈,[CREATURE:1][REVIEWED:1]
Giant Axolotls,巨型蝾螈,[CREATURE:1][REVIEWED:1]
giant aye-aye,巨型指猴,[CREATURE:1][REVIEWED:1]
Giant aye-aye,巨型指猴,[CREATURE:1][REVIEWED:1]
Giant Aye-Aye,巨型指猴,[CREATURE:1][REVIEWED:1]
giant aye-ayes,巨型指猴,[CREATURE:1][REVIEWED:1]
Giant aye-ayes,巨型指猴,[CREATURE:1][REVIEWED:1]
Giant Aye-Ayes,巨型指猴,[CREATURE:1][REVIEWED:1]
giant badger,巨型鼬獾,[CREATURE:1][REVIEWED:1]
Giant badger,巨型鼬獾,[CREATURE:1][REVIEWED:1]
Giant Badger,巨型鼬獾,[CREATURE:1][REVIEWED:1]
giant badgers,巨型鼬獾,[CREATURE:1][REVIEWED:1]
Giant badgers,巨型鼬獾,[CREATURE:1][REVIEWED:1]
Giant Badgers,巨型鼬獾,[CREATURE:1][REVIEWED:1]
giant bark scorpion,巨型树皮蝎,[CREATURE:1][REVIEWED:1]
Giant bark scorpion,巨型树皮蝎,[CREATURE:1][REVIEWED:1]
Giant Bark Scorpion,巨型树皮蝎,[CREATURE:1][REVIEWED:1]
giant bark scorpions,巨型树皮蝎,[CREATURE:1][REVIEWED:1]
Giant bark scorpions,巨型树皮蝎,[CREATURE:1][REVIEWED:1]
Giant Bark Scorpions,巨型树皮蝎,[CREATURE:1][REVIEWED:1]
giant barn owl,巨型仓鸮,[CREATURE:1][REVIEWED:1]
Giant barn owl,巨型仓鸮,[CREATURE:1][REVIEWED:1]
Giant Barn Owl,巨型仓鸮,[CREATURE:1][REVIEWED:1]
giant barn owls,巨型仓鸮,[CREATURE:1][REVIEWED:1]
Giant barn owls,巨型仓鸮,[CREATURE:1][REVIEWED:1]
Giant Barn Owls,巨型仓鸮,[CREATURE:1][REVIEWED:1]
giant bat,蝙蝠,[CREATURE:1][REVIEWED:1]
Giant bat,蝙蝠,[CREATURE:1][REVIEWED:1]
Giant Bat,蝙蝠,[CREATURE:1][REVIEWED:1]
giant bats,蝙蝠,[CREATURE:1][REVIEWED:1]
Giant bats,蝙蝠,[CREATURE:1][REVIEWED:1]
Giant Bats,蝙蝠,[CREATURE:1][REVIEWED:1]
giant beaver,巨型海狸,[CREATURE:1][REVIEWED:1]
Giant beaver,巨型海狸,[CREATURE:1][REVIEWED:1]
Giant Beaver,巨型海狸,[CREATURE:1][REVIEWED:1]
giant beavers,巨型海狸,[CREATURE:1][REVIEWED:1]
Giant beavers,巨型海狸,[CREATURE:1][REVIEWED:1]
Giant Beavers,巨型海狸,[CREATURE:1][REVIEWED:1]
giant beetle,巨型甲虫,[CREATURE:1][REVIEWED:1]
Giant beetle,巨型甲虫,[CREATURE:1][REVIEWED:1]
Giant Beetle,巨型甲虫,[CREATURE:1][REVIEWED:1]
giant beetles,巨型甲虫,[CREATURE:1][REVIEWED:1]
Giant beetles,巨型甲虫,[CREATURE:1][REVIEWED:1]
Giant Beetles,巨型甲虫,[CREATURE:1][REVIEWED:1]
giant black bear,巨型黑熊,[CREATURE:1][REVIEWED:1]
Giant black bear,巨型黑熊,[CREATURE:1][REVIEWED:1]
Giant Black Bear,巨型黑熊,[CREATURE:1][REVIEWED:1]
giant black bears,巨型黑熊,[CREATURE:1][REVIEWED:1]
Giant black bears,巨型黑熊,[CREATURE:1][REVIEWED:1]
Giant Black Bears,巨型黑熊,[CREATURE:1][REVIEWED:1]
giant black mamba,巨型黑曼巴蛇,[CREATURE:1][REVIEWED:1]
Giant black mamba,巨型黑曼巴蛇,[CREATURE:1][REVIEWED:1]
Giant Black Mamba,巨型黑曼巴蛇,[CREATURE:1][REVIEWED:1]
giant black mambas,巨型黑曼巴蛇,[CREATURE:1][REVIEWED:1]
Giant black mambas,巨型黑曼巴蛇,[CREATURE:1][REVIEWED:1]
Giant Black Mambas,巨型黑曼巴蛇,[CREATURE:1][REVIEWED:1]
giant bluejay,巨型冠蓝鸦,[CREATURE:1][REVIEWED:1]
Giant bluejay,巨型冠蓝鸦,[CREATURE:1][REVIEWED:1]
Giant Bluejay,巨型冠蓝鸦,[CREATURE:1][REVIEWED:1]
giant bluejays,巨型冠蓝鸦,[CREATURE:1][REVIEWED:1]
Giant bluejays,巨型冠蓝鸦,[CREATURE:1][REVIEWED:1]
Giant Bluejays,巨型冠蓝鸦,[CREATURE:1][REVIEWED:1]
giant bobcat,巨型短尾猫,[CREATURE:1][REVIEWED:1]
Giant bobcat,巨型短尾猫,[CREATURE:1][REVIEWED:1]
Giant Bobcat,巨型短尾猫,[CREATURE:1][REVIEWED:1]
giant bobcats,巨型短尾猫,[CREATURE:1][REVIEWED:1]
Giant bobcats,巨型短尾猫,[CREATURE:1][REVIEWED:1]
Giant Bobcats,巨型短尾猫,[CREATURE:1][REVIEWED:1]
giant brown recluse spider,巨型棕色遁蛛,[CREATURE:1][REVIEWED:1]
Giant brown recluse spider,巨型棕色遁蛛,[CREATURE:1][REVIEWED:1]
Giant Brown Recluse Spider,巨型棕色遁蛛,[CREATURE:1][REVIEWED:1]
giant brown recluse spiders,巨型棕色遁蛛,[CREATURE:1][REVIEWED:1]
Giant brown recluse spiders,巨型棕色遁蛛,[CREATURE:1][REVIEWED:1]
Giant Brown Recluse Spiders,巨型棕色遁蛛,[CREATURE:1][REVIEWED:1]
giant bushmaster,巨型巨蝮,[CREATURE:1][REVIEWED:1]
Giant bushmaster,巨型巨蝮,[CREATURE:1][REVIEWED:1]
Giant Bushmaster,巨型巨蝮,[CREATURE:1][REVIEWED:1]
giant bushmasters,巨型巨蝮,[CREATURE:1][REVIEWED:1]
Giant bushmasters,巨型巨蝮,[CREATURE:1][REVIEWED:1]
Giant Bushmasters,巨型巨蝮,[CREATURE:1][REVIEWED:1]
giant bushtit,巨型丛山雀,[CREATURE:1][REVIEWED:1]
Giant bushtit,巨型丛山雀,[CREATURE:1][REVIEWED:1]
Giant Bushtit,巨型丛山雀,[CREATURE:1][REVIEWED:1]
giant bushtits,巨型丛山雀,[CREATURE:1][REVIEWED:1]
Giant bushtits,巨型丛山雀,[CREATURE:1][REVIEWED:1]
Giant Bushtits,巨型丛山雀,[CREATURE:1][REVIEWED:1]
giant buzzard,巨型秃鹰,[CREATURE:1][REVIEWED:1]
Giant buzzard,巨型秃鹰,[CREATURE:1][REVIEWED:1]
Giant Buzzard,巨型秃鹰,[CREATURE:1][REVIEWED:1]
giant buzzards,巨型秃鹰,[CREATURE:1][REVIEWED:1]
Giant buzzards,巨型秃鹰,[CREATURE:1][REVIEWED:1]
Giant Buzzards,巨型秃鹰,[CREATURE:1][REVIEWED:1]
giant capuchin,巨型卷尾猴,[CREATURE:1][REVIEWED:1]
Giant capuchin,巨型卷尾猴,[CREATURE:1][REVIEWED:1]
Giant Capuchin,巨型卷尾猴,[CREATURE:1][REVIEWED:1]
giant capuchins,巨型卷尾猴,[CREATURE:1][REVIEWED:1]
Giant capuchins,巨型卷尾猴,[CREATURE:1][REVIEWED:1]
Giant Capuchins,巨型卷尾猴,[CREATURE:1][REVIEWED:1]
giant capybara,巨型水豚,[CREATURE:1][REVIEWED:1]
Giant capybara,巨型水豚,[CREATURE:1][REVIEWED:1]
Giant Capybara,巨型水豚,[CREATURE:1][REVIEWED:1]
giant capybaras,巨型水豚,[CREATURE:1][REVIEWED:1]
Giant capybaras,巨型水豚,[CREATURE:1][REVIEWED:1]
Giant Capybaras,巨型水豚,[CREATURE:1][REVIEWED:1]
giant cardinal,巨型红衣凤头鸟,[CREATURE:1][REVIEWED:1]
Giant cardinal,巨型红衣凤头鸟,[CREATURE:1][REVIEWED:1]
Giant Cardinal,巨型红衣凤头鸟,[CREATURE:1][REVIEWED:1]
giant cardinals,巨型红衣凤头鸟,[CREATURE:1][REVIEWED:1]
Giant cardinals,巨型红衣凤头鸟,[CREATURE:1][REVIEWED:1]
Giant Cardinals,巨型红衣凤头鸟,[CREATURE:1][REVIEWED:1]
giant cassowaries,巨型鹤鸵,[CREATURE:1][REVIEWED:1]
Giant cassowaries,巨型鹤鸵,[CREATURE:1][REVIEWED:1]
Giant Cassowaries,巨型鹤鸵,[CREATURE:1][REVIEWED:1]
giant cassowary,巨型鹤鸵,[CREATURE:1][REVIEWED:1]
Giant cassowary,巨型鹤鸵,[CREATURE:1][REVIEWED:1]
Giant Cassowary,巨型鹤鸵,[CREATURE:1][REVIEWED:1]
giant cave spider,巨型洞穴蜘蛛,[CREATURE:1][REVIEWED:1]
Giant cave spider,巨型洞穴蜘蛛,[CREATURE:1][REVIEWED:1]
Giant Cave Spider,巨型洞穴蜘蛛,[CREATURE:1][REVIEWED:1]
giant cave spiders,巨型洞穴蜘蛛,[CREATURE:1][REVIEWED:1]
Giant cave spiders,巨型洞穴蜘蛛,[CREATURE:1][REVIEWED:1]
Giant Cave Spiders,巨型洞穴蜘蛛,[CREATURE:1][REVIEWED:1]
giant cave swallow,巨型洞穴燕,[CREATURE:1][REVIEWED:1]
Giant cave swallow,巨型洞穴燕,[CREATURE:1][REVIEWED:1]
Giant Cave Swallow,巨型洞穴燕,[CREATURE:1][REVIEWED:1]
giant cave swallows,巨型洞穴燕,[CREATURE:1][REVIEWED:1]
Giant cave swallows,巨型洞穴燕,[CREATURE:1][REVIEWED:1]
Giant Cave Swallows,巨型洞穴燕,[CREATURE:1][REVIEWED:1]
giant cave toad,巨型洞穴蟾蜍,[CREATURE:1][REVIEWED:1]
Giant cave toad,巨型洞穴蟾蜍,[CREATURE:1][REVIEWED:1]
Giant Cave Toad,巨型洞穴蟾蜍,[CREATURE:1][REVIEWED:1]
giant cave toads,巨型洞穴蟾蜍,[CREATURE:1][REVIEWED:1]
Giant cave toads,巨型洞穴蟾蜍,[CREATURE:1][REVIEWED:1]
Giant Cave Toads,巨型洞穴蟾蜍,[CREATURE:1][REVIEWED:1]
giant chameleon,巨型变色蜥,[CREATURE:1][REVIEWED:1]
Giant chameleon,巨型变色蜥,[CREATURE:1][REVIEWED:1]
Giant Chameleon,巨型变色蜥,[CREATURE:1][REVIEWED:1]
giant chameleons,巨型变色蜥,[CREATURE:1][REVIEWED:1]
Giant chameleons,巨型变色蜥,[CREATURE:1][REVIEWED:1]
Giant Chameleons,巨型变色蜥,[CREATURE:1][REVIEWED:1]
giant cheetah,巨型猎豹,[CREATURE:1][REVIEWED:1]
Giant cheetah,巨型猎豹,[CREATURE:1][REVIEWED:1]
Giant Cheetah,巨型猎豹,[CREATURE:1][REVIEWED:1]
giant cheetahs,巨型猎豹,[CREATURE:1][REVIEWED:1]
Giant cheetahs,巨型猎豹,[CREATURE:1][REVIEWED:1]
Giant Cheetahs,巨型猎豹,[CREATURE:1][REVIEWED:1]
giant chinchilla,巨型毛丝鼠,[CREATURE:1][REVIEWED:1]
Giant chinchilla,巨型毛丝鼠,[CREATURE:1][REVIEWED:1]
Giant Chinchilla,巨型毛丝鼠,[CREATURE:1][REVIEWED:1]
giant chinchillas,巨型毛丝鼠,[CREATURE:1][REVIEWED:1]
Giant chinchillas,巨型毛丝鼠,[CREATURE:1][REVIEWED:1]
Giant Chinchillas,巨型毛丝鼠,[CREATURE:1][REVIEWED:1]
giant chipmunk,巨型花栗鼠,[CREATURE:1][REVIEWED:1]
Giant chipmunk,巨型花栗鼠,[CREATURE:1][REVIEWED:1]
Giant Chipmunk,巨型花栗鼠,[CREATURE:1][REVIEWED:1]
giant chipmunks,巨型花栗鼠,[CREATURE:1][REVIEWED:1]
Giant chipmunks,巨型花栗鼠,[CREATURE:1][REVIEWED:1]
Giant Chipmunks,巨型花栗鼠,[CREATURE:1][REVIEWED:1]
giant coati,巨型长鼻浣熊,[CREATURE:1][REVIEWED:1]
Giant coati,巨型长鼻浣熊,[CREATURE:1][REVIEWED:1]
Giant Coati,巨型长鼻浣熊,[CREATURE:1][REVIEWED:1]
giant coatis,巨型长鼻浣熊,[CREATURE:1][REVIEWED:1]
Giant coatis,巨型长鼻浣熊,[CREATURE:1][REVIEWED:1]
Giant Coatis,巨型长鼻浣熊,[CREATURE:1][REVIEWED:1]
giant cockatiel,巨型玄凤鹦鹉,[CREATURE:1][REVIEWED:1]
Giant cockatiel,巨型玄凤鹦鹉,[CREATURE:1][REVIEWED:1]
Giant Cockatiel,巨型玄凤鹦鹉,[CREATURE:1][REVIEWED:1]
giant cockatiels,巨型玄凤鹦鹉,[CREATURE:1][REVIEWED:1]
Giant cockatiels,巨型玄凤鹦鹉,[CREATURE:1][REVIEWED:1]
Giant Cockatiels,巨型玄凤鹦鹉,[CREATURE:1][REVIEWED:1]
giant copperhead snake,巨型铜头蛇,[CREATURE:1][REVIEWED:1]
Giant copperhead snake,巨型铜头蛇,[CREATURE:1][REVIEWED:1]
Giant Copperhead Snake,巨型铜头蛇,[CREATURE:1][REVIEWED:1]
giant copperhead snakes,巨型铜头蛇,[CREATURE:1][REVIEWED:1]
Giant copperhead snakes,巨型铜头蛇,[CREATURE:1][REVIEWED:1]
Giant Copperhead Snakes,巨型铜头蛇,[CREATURE:1][REVIEWED:1]
giant cougar,巨型美洲狮,[CREATURE:1][REVIEWED:1]
Giant cougar,巨型美洲狮,[CREATURE:1][REVIEWED:1]
Giant Cougar,巨型美洲狮,[CREATURE:1][REVIEWED:1]
giant cougars,巨型美洲狮,[CREATURE:1][REVIEWED:1]
Giant cougars,巨型美洲狮,[CREATURE:1][REVIEWED:1]
Giant Cougars,巨型美洲狮,[CREATURE:1][REVIEWED:1]
giant coyote,巨型郊狼,[CREATURE:1][REVIEWED:1]
Giant coyote,巨型郊狼,[CREATURE:1][REVIEWED:1]
Giant Coyote,巨型郊狼,[CREATURE:1][REVIEWED:1]
giant coyotes,巨型郊狼,[CREATURE:1][REVIEWED:1]
Giant coyotes,巨型郊狼,[CREATURE:1][REVIEWED:1]
Giant Coyotes,巨型郊狼,[CREATURE:1][REVIEWED:1]
giant crab,巨型螃蟹,[CREATURE:1][REVIEWED:1]
Giant crab,巨型螃蟹,[CREATURE:1][REVIEWED:1]
Giant Crab,巨型螃蟹,[CREATURE:1][REVIEWED:1]
giant crabs,巨型螃蟹,[CREATURE:1][REVIEWED:1]
Giant crabs,巨型螃蟹,[CREATURE:1][REVIEWED:1]
Giant Crabs,巨型螃蟹,[CREATURE:1][REVIEWED:1]
giant crow,巨型乌鸦,[CREATURE:1][REVIEWED:1]
Giant crow,巨型乌鸦,[CREATURE:1][REVIEWED:1]
Giant Crow,巨型乌鸦,[CREATURE:1][REVIEWED:1]
giant crows,巨型乌鸦,[CREATURE:1][REVIEWED:1]
Giant crows,巨型乌鸦,[CREATURE:1][REVIEWED:1]
Giant Crows,巨型乌鸦,[CREATURE:1][REVIEWED:1]
giant cuttlefish,巨型墨鱼,[CREATURE:1][REVIEWED:1]
Giant cuttlefish,巨型墨鱼,[CREATURE:1][REVIEWED:1]
Giant Cuttlefish,巨型墨鱼,[CREATURE:1][REVIEWED:1]
giant damselflies,巨型蓝蜻蛉,[CREATURE:1][REVIEWED:1]
Giant damselflies,巨型蓝蜻蛉,[CREATURE:1][REVIEWED:1]
Giant Damselflies,巨型蓝蜻蛉,[CREATURE:1][REVIEWED:1]
giant damselfly,巨型蓝蜻蛉,[CREATURE:1][REVIEWED:1]
Giant damselfly,巨型蓝蜻蛉,[CREATURE:1][REVIEWED:1]
Giant Damselfly,巨型蓝蜻蛉,[CREATURE:1][REVIEWED:1]
giant deer,巨型鹿,[CREATURE:1][REVIEWED:1]
Giant deer,巨型鹿,[CREATURE:1][REVIEWED:1]
Giant Deer,巨型鹿,[CREATURE:1][REVIEWED:1]
giant desert tortoise,巨型沙漠陆龟,[CREATURE:1][REVIEWED:1]
Giant desert tortoise,巨型沙漠陆龟,[CREATURE:1][REVIEWED:1]
Giant Desert Tortoise,巨型沙漠陆龟,[CREATURE:1][REVIEWED:1]
giant desert tortoises,巨型沙漠陆龟,[CREATURE:1][REVIEWED:1]
Giant desert tortoises,巨型沙漠陆龟,[CREATURE:1][REVIEWED:1]
Giant Desert Tortoises,巨型沙漠陆龟,[CREATURE:1][REVIEWED:1]
giant dingo,巨型野狗,[CREATURE:1][REVIEWED:1]
Giant dingo,巨型野狗,[CREATURE:1][REVIEWED:1]
Giant Dingo,巨型野狗,[CREATURE:1][REVIEWED:1]
giant dingoes,巨型野狗,[CREATURE:1][REVIEWED:1]
Giant dingoes,巨型野狗,[CREATURE:1][REVIEWED:1]
Giant Dingoes,巨型野狗,[CREATURE:1][REVIEWED:1]
giant dragonflies,巨型蜻蜓,[CREATURE:1][REVIEWED:1]
Giant dragonflies,巨型蜻蜓,[CREATURE:1][REVIEWED:1]
Giant Dragonflies,巨型蜻蜓,[CREATURE:1][REVIEWED:1]
giant dragonfly,巨型蜻蜓,[CREATURE:1][REVIEWED:1]
Giant dragonfly,巨型蜻蜓,[CREATURE:1][REVIEWED:1]
Giant Dragonfly,巨型蜻蜓,[CREATURE:1][REVIEWED:1]
giant eagle,巨型鹰,[CREATURE:1][REVIEWED:1]
Giant eagle,巨型鹰,[CREATURE:1][REVIEWED:1]
Giant Eagle,巨型鹰,[CREATURE:1][REVIEWED:1]
giant eagles,巨型鹰,[CREATURE:1][REVIEWED:1]
Giant eagles,巨型鹰,[CREATURE:1][REVIEWED:1]
Giant Eagles,巨型鹰,[CREATURE:1][REVIEWED:1]
giant earthworm,巨型蚯蚓,[CREATURE:1][REVIEWED:1]
Giant earthworm,巨型蚯蚓,[CREATURE:1][REVIEWED:1]
Giant Earthworm,巨型蚯蚓,[CREATURE:1][REVIEWED:1]
giant earthworms,巨型蚯蚓,[CREATURE:1][REVIEWED:1]
Giant earthworms,巨型蚯蚓,[CREATURE:1][REVIEWED:1]
Giant Earthworms,巨型蚯蚓,[CREATURE:1][REVIEWED:1]
giant echidna,巨型针鼹,[CREATURE:1][REVIEWED:1]
Giant echidna,巨型针鼹,[CREATURE:1][REVIEWED:1]
Giant Echidna,巨型针鼹,[CREATURE:1][REVIEWED:1]
giant echidnas,巨型针鼹,[CREATURE:1][REVIEWED:1]
Giant echidnas,巨型针鼹,[CREATURE:1][REVIEWED:1]
Giant Echidnas,巨型针鼹,[CREATURE:1][REVIEWED:1]
giant elephant,巨型大象,[CREATURE:1][REVIEWED:1]
Giant elephant,巨型大象,[CREATURE:1][REVIEWED:1]
Giant Elephant,巨型大象,[CREATURE:1][REVIEWED:1]
giant elephant seal,巨型象海豹,[CREATURE:1][REVIEWED:1]
Giant elephant seal,巨型象海豹,[CREATURE:1][REVIEWED:1]
Giant Elephant Seal,巨型象海豹,[CREATURE:1][REVIEWED:1]
giant elephant seals,巨型象海豹,[CREATURE:1][REVIEWED:1]
Giant elephant seals,巨型象海豹,[CREATURE:1][REVIEWED:1]
Giant Elephant Seals,巨型象海豹,[CREATURE:1][REVIEWED:1]
giant elephants,巨型大象,[CREATURE:1][REVIEWED:1]
Giant elephants,巨型大象,[CREATURE:1][REVIEWED:1]
Giant Elephants,巨型大象,[CREATURE:1][REVIEWED:1]
giant elk,巨型麋鹿,[CREATURE:1][REVIEWED:1]
Giant elk,巨型麋鹿,[CREATURE:1][REVIEWED:1]
Giant Elk,巨型麋鹿,[CREATURE:1][REVIEWED:1]
giant emu,巨型鸸鹋,[CREATURE:1][REVIEWED:1]
Giant emu,巨型鸸鹋,[CREATURE:1][REVIEWED:1]
Giant Emu,巨型鸸鹋,[CREATURE:1][REVIEWED:1]
giant emus,巨型鸸鹋,[CREATURE:1][REVIEWED:1]
Giant emus,巨型鸸鹋,[CREATURE:1][REVIEWED:1]
Giant Emus,巨型鸸鹋,[CREATURE:1][REVIEWED:1]
giant fireflies,巨型萤火虫,[CREATURE:1][REVIEWED:1]
Giant fireflies,巨型萤火虫,[CREATURE:1][REVIEWED:1]
Giant Fireflies,巨型萤火虫,[CREATURE:1][REVIEWED:1]
giant firefly,巨型萤火虫,[CREATURE:1][REVIEWED:1]
Giant firefly,巨型萤火虫,[CREATURE:1][REVIEWED:1]
Giant Firefly,巨型萤火虫,[CREATURE:1][REVIEWED:1]
giant flies,巨型苍蝇,[CREATURE:1][REVIEWED:1]
Giant flies,巨型苍蝇,[CREATURE:1][REVIEWED:1]
Giant Flies,巨型苍蝇,[CREATURE:1][REVIEWED:1]
giant fly,巨型苍蝇,[CREATURE:1][REVIEWED:1]
Giant fly,巨型苍蝇,[CREATURE:1][REVIEWED:1]
Giant Fly,巨型苍蝇,[CREATURE:1][REVIEWED:1]
giant flying squirrel,巨型鼯鼠,[CREATURE:1][REVIEWED:1]
Giant flying squirrel,巨型鼯鼠,[CREATURE:1][REVIEWED:1]
Giant Flying Squirrel,巨型鼯鼠,[CREATURE:1][REVIEWED:1]
giant flying squirrels,巨型鼯鼠,[CREATURE:1][REVIEWED:1]
Giant flying squirrels,巨型鼯鼠,[CREATURE:1][REVIEWED:1]
Giant Flying Squirrels,巨型鼯鼠,[CREATURE:1][REVIEWED:1]
giant fox,巨型狐狸,[CREATURE:1][REVIEWED:1]
Giant fox,巨型狐狸,[CREATURE:1][REVIEWED:1]
Giant Fox,巨型狐狸,[CREATURE:1][REVIEWED:1]
giant foxes,巨型狐狸,[CREATURE:1][REVIEWED:1]
Giant foxes,巨型狐狸,[CREATURE:1][REVIEWED:1]
Giant Foxes,巨型狐狸,[CREATURE:1][REVIEWED:1]
giant gazelle,巨型瞪羚,[CREATURE:1][REVIEWED:1]
Giant gazelle,巨型瞪羚,[CREATURE:1][REVIEWED:1]
Giant Gazelle,巨型瞪羚,[CREATURE:1][REVIEWED:1]
giant gazelles,巨型瞪羚,[CREATURE:1][REVIEWED:1]
Giant gazelles,巨型瞪羚,[CREATURE:1][REVIEWED:1]
Giant Gazelles,巨型瞪羚,[CREATURE:1][REVIEWED:1]
giant gila monster,巨型毒蜥,[CREATURE:1][REVIEWED:1]
Giant gila monster,巨型毒蜥,[CREATURE:1][REVIEWED:1]
Giant Gila Monster,巨型毒蜥,[CREATURE:1][REVIEWED:1]
giant gila monsters,巨型毒蜥,[CREATURE:1][REVIEWED:1]
Giant gila monsters,巨型毒蜥,[CREATURE:1][REVIEWED:1]
Giant Gila Monsters,巨型毒蜥,[CREATURE:1][REVIEWED:1]
giant giraffe,巨型长颈鹿,[CREATURE:1][REVIEWED:1]
Giant giraffe,巨型长颈鹿,[CREATURE:1][REVIEWED:1]
Giant Giraffe,巨型长颈鹿,[CREATURE:1][REVIEWED:1]
giant giraffes,巨型长颈鹿,[CREATURE:1][REVIEWED:1]
Giant giraffes,巨型长颈鹿,[CREATURE:1][REVIEWED:1]
Giant Giraffes,巨型长颈鹿,[CREATURE:1][REVIEWED:1]
giant grackle,巨型黑羽椋鸟,[CREATURE:1][REVIEWED:1]
Giant grackle,巨型黑羽椋鸟,[CREATURE:1][REVIEWED:1]
Giant Grackle,巨型黑羽椋鸟,[CREATURE:1][REVIEWED:1]
giant grackles,巨型黑羽椋鸟,[CREATURE:1][REVIEWED:1]
Giant grackles,巨型黑羽椋鸟,[CREATURE:1][REVIEWED:1]
Giant Grackles,巨型黑羽椋鸟,[CREATURE:1][REVIEWED:1]
giant grasshopper,巨型蚱蜢,[CREATURE:1][REVIEWED:1]
Giant grasshopper,巨型蚱蜢,[CREATURE:1][REVIEWED:1]
Giant Grasshopper,巨型蚱蜢,[CREATURE:1][REVIEWED:1]
giant grasshoppers,巨型蚱蜢,[CREATURE:1][REVIEWED:1]
Giant grasshoppers,巨型蚱蜢,[CREATURE:1][REVIEWED:1]
Giant Grasshoppers,巨型蚱蜢,[CREATURE:1][REVIEWED:1]
giant gray langur,巨型灰叶猴,[CREATURE:1][REVIEWED:1]
Giant gray langur,巨型灰叶猴,[CREATURE:1][REVIEWED:1]
Giant Gray Langur,巨型灰叶猴,[CREATURE:1][REVIEWED:1]
giant gray langurs,巨型灰叶猴,[CREATURE:1][REVIEWED:1]
Giant gray langurs,巨型灰叶猴,[CREATURE:1][REVIEWED:1]
Giant Gray Langurs,巨型灰叶猴,[CREATURE:1][REVIEWED:1]
giant gray squirrel,巨型灰松鼠,[CREATURE:1][REVIEWED:1]
Giant gray squirrel,巨型灰松鼠,[CREATURE:1][REVIEWED:1]
Giant Gray Squirrel,巨型灰松鼠,[CREATURE:1][REVIEWED:1]
giant gray squirrels,巨型灰松鼠,[CREATURE:1][REVIEWED:1]
Giant gray squirrels,巨型灰松鼠,[CREATURE:1][REVIEWED:1]
Giant Gray Squirrels,巨型灰松鼠,[CREATURE:1][REVIEWED:1]
giant great horned owl,巨型大角鸮,[CREATURE:1][REVIEWED:1]
Giant great horned owl,巨型大角鸮,[CREATURE:1][REVIEWED:1]
Giant Great Horned Owl,巨型大角鸮,[CREATURE:1][REVIEWED:1]
giant great horned owls,巨型大角鸮,[CREATURE:1][REVIEWED:1]
Giant great horned owls,巨型大角鸮,[CREATURE:1][REVIEWED:1]
Giant Great Horned Owls,巨型大角鸮,[CREATURE:1][REVIEWED:1]
giant green tree frog,巨型绿树蛙,[CREATURE:1][REVIEWED:1]
Giant green tree frog,巨型绿树蛙,[CREATURE:1][REVIEWED:1]
Giant Green Tree Frog,巨型绿树蛙,[CREATURE:1][REVIEWED:1]
giant green tree frogs,巨型绿树蛙,[CREATURE:1][REVIEWED:1]
Giant green tree frogs,巨型绿树蛙,[CREATURE:1][REVIEWED:1]
Giant Green Tree Frogs,巨型绿树蛙,[CREATURE:1][REVIEWED:1]
giant grey parrot,巨型灰鹦鹉,[CREATURE:1][REVIEWED:1]
Giant grey parrot,巨型灰鹦鹉,[CREATURE:1][REVIEWED:1]
Giant Grey Parrot,巨型灰鹦鹉,[CREATURE:1][REVIEWED:1]
giant grey parrots,巨型灰鹦鹉,[CREATURE:1][REVIEWED:1]
Giant grey parrots,巨型灰鹦鹉,[CREATURE:1][REVIEWED:1]
Giant Grey Parrots,巨型灰鹦鹉,[CREATURE:1][REVIEWED:1]
giant grizzly bear,巨型灰熊,[CREATURE:1][REVIEWED:1]
Giant grizzly bear,巨型灰熊,[CREATURE:1][REVIEWED:1]
Giant Grizzly Bear,巨型灰熊,[CREATURE:1][REVIEWED:1]
giant grizzly bears,巨型灰熊,[CREATURE:1][REVIEWED:1]
Giant grizzly bears,巨型灰熊,[CREATURE:1][REVIEWED:1]
Giant Grizzly Bears,巨型灰熊,[CREATURE:1][REVIEWED:1]
giant groundhog,巨型土拨鼠,[CREATURE:1][REVIEWED:1]
Giant groundhog,巨型土拨鼠,[CREATURE:1][REVIEWED:1]
Giant Groundhog,巨型土拨鼠,[CREATURE:1][REVIEWED:1]
giant groundhogs,巨型土拨鼠,[CREATURE:1][REVIEWED:1]
Giant groundhogs,巨型土拨鼠,[CREATURE:1][REVIEWED:1]
Giant Groundhogs,巨型土拨鼠,[CREATURE:1][REVIEWED:1]
giant grouper,巨型石斑鱼,[CREATURE:1][REVIEWED:1]
Giant grouper,巨型石斑鱼,[CREATURE:1][REVIEWED:1]
Giant Grouper,巨型石斑鱼,[CREATURE:1][REVIEWED:1]
giant groupers,巨型石斑鱼,[CREATURE:1][REVIEWED:1]
Giant groupers,巨型石斑鱼,[CREATURE:1][REVIEWED:1]
Giant Groupers,巨型石斑鱼,[CREATURE:1][REVIEWED:1]
giant hamster,巨型仓鼠,[CREATURE:1][REVIEWED:1]
Giant hamster,巨型仓鼠,[CREATURE:1][REVIEWED:1]
Giant Hamster,巨型仓鼠,[CREATURE:1][REVIEWED:1]
giant hamsters,巨型仓鼠,[CREATURE:1][REVIEWED:1]
Giant hamsters,巨型仓鼠,[CREATURE:1][REVIEWED:1]
Giant Hamsters,巨型仓鼠,[CREATURE:1][REVIEWED:1]
giant hare,巨型野兔,[CREATURE:1][REVIEWED:1]
Giant hare,巨型野兔,[CREATURE:1][REVIEWED:1]
Giant Hare,巨型野兔,[CREATURE:1][REVIEWED:1]
giant hares,巨型野兔,[CREATURE:1][REVIEWED:1]
Giant hares,巨型野兔,[CREATURE:1][REVIEWED:1]
Giant Hares,巨型野兔,[CREATURE:1][REVIEWED:1]
giant harp seal,巨型竖琴海豹,[CREATURE:1][REVIEWED:1]
Giant harp seal,巨型竖琴海豹,[CREATURE:1][REVIEWED:1]
Giant Harp Seal,巨型竖琴海豹,[CREATURE:1][REVIEWED:1]
giant harp seals,巨型竖琴海豹,[CREATURE:1][REVIEWED:1]
Giant harp seals,巨型竖琴海豹,[CREATURE:1][REVIEWED:1]
Giant Harp Seals,巨型竖琴海豹,[CREATURE:1][REVIEWED:1]
giant hedgehog,巨型刺猬,[CREATURE:1][REVIEWED:1]
Giant hedgehog,巨型刺猬,[CREATURE:1][REVIEWED:1]
Giant Hedgehog,巨型刺猬,[CREATURE:1][REVIEWED:1]
giant hedgehogs,巨型刺猬,[CREATURE:1][REVIEWED:1]
Giant hedgehogs,巨型刺猬,[CREATURE:1][REVIEWED:1]
Giant Hedgehogs,巨型刺猬,[CREATURE:1][REVIEWED:1]
giant hippo,巨型河马,[CREATURE:1][REVIEWED:1]
Giant hippo,巨型河马,[CREATURE:1][REVIEWED:1]
Giant Hippo,巨型河马,[CREATURE:1][REVIEWED:1]
giant hippos,巨型河马,[CREATURE:1][REVIEWED:1]
Giant hippos,巨型河马,[CREATURE:1][REVIEWED:1]
Giant Hippos,巨型河马,[CREATURE:1][REVIEWED:1]
giant hoary marmot,巨型花白旱獭,[CREATURE:1][REVIEWED:1]
Giant hoary marmot,巨型花白旱獭,[CREATURE:1][REVIEWED:1]
Giant Hoary Marmot,巨型花白旱獭,[CREATURE:1][REVIEWED:1]
giant hoary marmots,巨型花白旱獭,[CREATURE:1][REVIEWED:1]
Giant hoary marmots,巨型花白旱獭,[CREATURE:1][REVIEWED:1]
Giant Hoary Marmots,巨型花白旱獭,[CREATURE:1][REVIEWED:1]
giant honey badger,巨型蜜獾,[CREATURE:1][REVIEWED:1]
Giant honey badger,巨型蜜獾,[CREATURE:1][REVIEWED:1]
Giant Honey Badger,巨型蜜獾,[CREATURE:1][REVIEWED:1]
giant honey badgers,巨型蜜獾,[CREATURE:1][REVIEWED:1]
Giant honey badgers,巨型蜜獾,[CREATURE:1][REVIEWED:1]
Giant Honey Badgers,巨型蜜獾,[CREATURE:1][REVIEWED:1]
giant hornbill,巨型犀鸟,[CREATURE:1][REVIEWED:1]
Giant hornbill,巨型犀鸟,[CREATURE:1][REVIEWED:1]
Giant Hornbill,巨型犀鸟,[CREATURE:1][REVIEWED:1]
giant hornbills,巨型犀鸟,[CREATURE:1][REVIEWED:1]
Giant hornbills,巨型犀鸟,[CREATURE:1][REVIEWED:1]
Giant Hornbills,巨型犀鸟,[CREATURE:1][REVIEWED:1]
giant horseshoe crab,巨型马蹄蟹,[CREATURE:1][REVIEWED:1]
Giant horseshoe crab,巨型马蹄蟹,[CREATURE:1][REVIEWED:1]
Giant Horseshoe Crab,巨型马蹄蟹,[CREATURE:1][REVIEWED:1]
giant horseshoe crabs,巨型马蹄蟹,[CREATURE:1][REVIEWED:1]
Giant horseshoe crabs,巨型马蹄蟹,[CREATURE:1][REVIEWED:1]
Giant Horseshoe Crabs,巨型马蹄蟹,[CREATURE:1][REVIEWED:1]
giant hyena,巨型鬣狗,[CREATURE:1][REVIEWED:1]
Giant hyena,巨型鬣狗,[CREATURE:1][REVIEWED:1]
Giant Hyena,巨型鬣狗,[CREATURE:1][REVIEWED:1]
giant hyenas,巨型鬣狗,[CREATURE:1][REVIEWED:1]
Giant hyenas,巨型鬣狗,[CREATURE:1][REVIEWED:1]
Giant Hyenas,巨型鬣狗,[CREATURE:1][REVIEWED:1]
giant ibex,巨型羱羊,[CREATURE:1][REVIEWED:1]
Giant ibex,巨型羱羊,[CREATURE:1][REVIEWED:1]
Giant Ibex,巨型羱羊,[CREATURE:1][REVIEWED:1]
giant ibexes,巨型羱羊,[CREATURE:1][REVIEWED:1]
Giant ibexes,巨型羱羊,[CREATURE:1][REVIEWED:1]
Giant Ibexes,巨型羱羊,[CREATURE:1][REVIEWED:1]
giant iguana,巨型鬣蜥,[CREATURE:1][REVIEWED:1]
Giant iguana,巨型鬣蜥,[CREATURE:1][REVIEWED:1]
Giant Iguana,巨型鬣蜥,[CREATURE:1][REVIEWED:1]
giant iguanas,巨型鬣蜥,[CREATURE:1][REVIEWED:1]
Giant iguanas,巨型鬣蜥,[CREATURE:1][REVIEWED:1]
Giant Iguanas,巨型鬣蜥,[CREATURE:1][REVIEWED:1]
giant impala,巨型高角羚,[CREATURE:1][REVIEWED:1]
Giant impala,巨型高角羚,[CREATURE:1][REVIEWED:1]
Giant Impala,巨型高角羚,[CREATURE:1][REVIEWED:1]
giant impalas,巨型高角羚,[CREATURE:1][REVIEWED:1]
Giant impalas,巨型高角羚,[CREATURE:1][REVIEWED:1]
Giant Impalas,巨型高角羚,[CREATURE:1][REVIEWED:1]
giant jackal,巨型豺,[CREATURE:1][REVIEWED:1]
Giant jackal,巨型豺,[CREATURE:1][REVIEWED:1]
Giant Jackal,巨型豺,[CREATURE:1][REVIEWED:1]
giant jackals,巨型豺,[CREATURE:1][REVIEWED:1]
Giant jackals,巨型豺,[CREATURE:1][REVIEWED:1]
Giant Jackals,巨型豺,[CREATURE:1][REVIEWED:1]
giant jaguar,巨型美洲豹,[CREATURE:1][REVIEWED:1]
Giant jaguar,巨型美洲豹,[CREATURE:1][REVIEWED:1]
Giant Jaguar,巨型美洲豹,[CREATURE:1][REVIEWED:1]
giant jaguars,巨型美洲豹,[CREATURE:1][REVIEWED:1]
Giant jaguars,巨型美洲豹,[CREATURE:1][REVIEWED:1]
Giant Jaguars,巨型美洲豹,[CREATURE:1][REVIEWED:1]
giant jumping spider,巨型跳蛛,[CREATURE:1][REVIEWED:1]
Giant jumping spider,巨型跳蛛,[CREATURE:1][REVIEWED:1]
Giant Jumping Spider,巨型跳蛛,[CREATURE:1][REVIEWED:1]
giant jumping spiders,巨型跳蛛,[CREATURE:1][REVIEWED:1]
Giant jumping spiders,巨型跳蛛,[CREATURE:1][REVIEWED:1]
Giant Jumping Spiders,巨型跳蛛,[CREATURE:1][REVIEWED:1]
giant kakapo,巨型鸮鹦鹉,[CREATURE:1][REVIEWED:1]
Giant kakapo,巨型鸮鹦鹉,[CREATURE:1][REVIEWED:1]
Giant Kakapo,巨型鸮鹦鹉,[CREATURE:1][REVIEWED:1]
giant kangaroo,巨型袋鼠,[CREATURE:1][REVIEWED:1]
Giant kangaroo,巨型袋鼠,[CREATURE:1][REVIEWED:1]
Giant Kangaroo,巨型袋鼠,[CREATURE:1][REVIEWED:1]
giant kangaroos,巨型袋鼠,[CREATURE:1][REVIEWED:1]
Giant kangaroos,巨型袋鼠,[CREATURE:1][REVIEWED:1]
Giant Kangaroos,巨型袋鼠,[CREATURE:1][REVIEWED:1]
giant kea,巨型啄羊鹦鹉,[CREATURE:1][REVIEWED:1]
Giant kea,巨型啄羊鹦鹉,[CREATURE:1][REVIEWED:1]
Giant Kea,巨型啄羊鹦鹉,[CREATURE:1][REVIEWED:1]
giant kestrel,巨型红隼,[CREATURE:1][REVIEWED:1]
Giant kestrel,巨型红隼,[CREATURE:1][REVIEWED:1]
Giant Kestrel,巨型红隼,[CREATURE:1][REVIEWED:1]
giant kestrels,巨型红隼,[CREATURE:1][REVIEWED:1]
Giant kestrels,巨型红隼,[CREATURE:1][REVIEWED:1]
Giant Kestrels,巨型红隼,[CREATURE:1][REVIEWED:1]
giant king cobra,巨型眼镜王蛇,[CREATURE:1][REVIEWED:1]
Giant king cobra,巨型眼镜王蛇,[CREATURE:1][REVIEWED:1]
Giant King Cobra,巨型眼镜王蛇,[CREATURE:1][REVIEWED:1]
giant king cobras,巨型眼镜王蛇,[CREATURE:1][REVIEWED:1]
Giant king cobras,巨型眼镜王蛇,[CREATURE:1][REVIEWED:1]
Giant King Cobras,巨型眼镜王蛇,[CREATURE:1][REVIEWED:1]
giant kingsnake,巨型皇帝蛇,[CREATURE:1][REVIEWED:1]
Giant kingsnake,巨型皇帝蛇,[CREATURE:1][REVIEWED:1]
Giant Kingsnake,巨型皇帝蛇,[CREATURE:1][REVIEWED:1]
giant kingsnakes,巨型皇帝蛇,[CREATURE:1][REVIEWED:1]
Giant kingsnakes,巨型皇帝蛇,[CREATURE:1][REVIEWED:1]
Giant Kingsnakes,巨型皇帝蛇,[CREATURE:1][REVIEWED:1]
giant kiwi,巨型鹬鸵,[CREATURE:1][REVIEWED:1]
Giant kiwi,巨型鹬鸵,[CREATURE:1][REVIEWED:1]
Giant Kiwi,巨型鹬鸵,[CREATURE:1][REVIEWED:1]
giant kiwis,巨型鹬鸵,[CREATURE:1][REVIEWED:1]
Giant kiwis,巨型鹬鸵,[CREATURE:1][REVIEWED:1]
Giant Kiwis,巨型鹬鸵,[CREATURE:1][REVIEWED:1]
giant koala,巨型树袋熊,[CREATURE:1][REVIEWED:1]
Giant koala,巨型树袋熊,[CREATURE:1][REVIEWED:1]
Giant Koala,巨型树袋熊,[CREATURE:1][REVIEWED:1]
giant koalas,巨型树袋熊,[CREATURE:1][REVIEWED:1]
Giant koalas,巨型树袋熊,[CREATURE:1][REVIEWED:1]
Giant Koalas,巨型树袋熊,[CREATURE:1][REVIEWED:1]
giant leech,巨型水蛭,[CREATURE:1][REVIEWED:1]
Giant leech,巨型水蛭,[CREATURE:1][REVIEWED:1]
Giant Leech,巨型水蛭,[CREATURE:1][REVIEWED:1]
giant leeches,巨型水蛭,[CREATURE:1][REVIEWED:1]
Giant leeches,巨型水蛭,[CREATURE:1][REVIEWED:1]
Giant Leeches,巨型水蛭,[CREATURE:1][REVIEWED:1]
giant leopard,巨型花豹,[CREATURE:1][REVIEWED:1]
Giant leopard,巨型花豹,[CREATURE:1][REVIEWED:1]
Giant Leopard,巨型花豹,[CREATURE:1][REVIEWED:1]
giant leopard gecko,巨型豹纹壁虎,[CREATURE:1][REVIEWED:1]
Giant leopard gecko,巨型豹纹壁虎,[CREATURE:1][REVIEWED:1]
Giant Leopard Gecko,巨型豹纹壁虎,[CREATURE:1][REVIEWED:1]
giant leopard geckos,巨型豹纹壁虎,[CREATURE:1][REVIEWED:1]
Giant leopard geckos,巨型豹纹壁虎,[CREATURE:1][REVIEWED:1]
Giant Leopard Geckos,巨型豹纹壁虎,[CREATURE:1][REVIEWED:1]
giant leopard seal,巨型豹形海豹,[CREATURE:1][REVIEWED:1]
Giant leopard seal,巨型豹形海豹,[CREATURE:1][REVIEWED:1]
Giant Leopard Seal,巨型豹形海豹,[CREATURE:1][REVIEWED:1]
giant leopard seals,巨型豹形海豹,[CREATURE:1][REVIEWED:1]
Giant leopard seals,巨型豹形海豹,[CREATURE:1][REVIEWED:1]
Giant Leopard Seals,巨型豹形海豹,[CREATURE:1][REVIEWED:1]
giant leopards,巨型花豹,[CREATURE:1][REVIEWED:1]
Giant leopards,巨型花豹,[CREATURE:1][REVIEWED:1]
Giant Leopards,巨型花豹,[CREATURE:1][REVIEWED:1]
giant lice,巨型虱子,[CREATURE:1][REVIEWED:1]
Giant lice,巨型虱子,[CREATURE:1][REVIEWED:1]
Giant Lice,巨型虱子,[CREATURE:1][REVIEWED:1]
giant lion,巨型狮子,[CREATURE:1][REVIEWED:1]
Giant lion,巨型狮子,[CREATURE:1][REVIEWED:1]
Giant Lion,巨型狮子,[CREATURE:1][REVIEWED:1]
giant lion tamarin,巨型狮狨猴,[CREATURE:1][REVIEWED:1]
Giant lion tamarin,巨型狮狨猴,[CREATURE:1][REVIEWED:1]
Giant Lion Tamarin,巨型狮狨猴,[CREATURE:1][REVIEWED:1]
giant lion tamarins,巨型狮狨猴,[CREATURE:1][REVIEWED:1]
Giant lion tamarins,巨型狮狨猴,[CREATURE:1][REVIEWED:1]
Giant Lion Tamarins,巨型狮狨猴,[CREATURE:1][REVIEWED:1]
giant lions,巨型狮子,[CREATURE:1][REVIEWED:1]
Giant lions,巨型狮子,[CREATURE:1][REVIEWED:1]
Giant Lions,巨型狮子,[CREATURE:1][REVIEWED:1]
giant lizard,巨型蜥蜴,[CREATURE:1][REVIEWED:1]
Giant lizard,巨型蜥蜴,[CREATURE:1][REVIEWED:1]
Giant Lizard,巨型蜥蜴,[CREATURE:1][REVIEWED:1]
giant lizards,巨型蜥蜴,[CREATURE:1][REVIEWED:1]
Giant lizards,巨型蜥蜴,[CREATURE:1][REVIEWED:1]
Giant Lizards,巨型蜥蜴,[CREATURE:1][REVIEWED:1]
giant loon,巨型潜鸟,[CREATURE:1][REVIEWED:1]
Giant loon,巨型潜鸟,[CREATURE:1][REVIEWED:1]
Giant Loon,巨型潜鸟,[CREATURE:1][REVIEWED:1]
giant loons,巨型潜鸟,[CREATURE:1][REVIEWED:1]
Giant loons,巨型潜鸟,[CREATURE:1][REVIEWED:1]
Giant Loons,巨型潜鸟,[CREATURE:1][REVIEWED:1]
giant lorikeet,巨型吸蜜鹦鹉,[CREATURE:1][REVIEWED:1]
Giant lorikeet,巨型吸蜜鹦鹉,[CREATURE:1][REVIEWED:1]
Giant Lorikeet,巨型吸蜜鹦鹉,[CREATURE:1][REVIEWED:1]
giant lorikeets,巨型吸蜜鹦鹉,[CREATURE:1][REVIEWED:1]
Giant lorikeets,巨型吸蜜鹦鹉,[CREATURE:1][REVIEWED:1]
Giant Lorikeets,巨型吸蜜鹦鹉,[CREATURE:1][REVIEWED:1]
giant louse,巨型虱子,[CREATURE:1][REVIEWED:1]
Giant louse,巨型虱子,[CREATURE:1][REVIEWED:1]
Giant Louse,巨型虱子,[CREATURE:1][REVIEWED:1]
giant lynx,巨型猞猁,[CREATURE:1][REVIEWED:1]
Giant lynx,巨型猞猁,[CREATURE:1][REVIEWED:1]
Giant Lynx,巨型猞猁,[CREATURE:1][REVIEWED:1]
giant magpie,巨型喜鹊,[CREATURE:1][REVIEWED:1]
Giant magpie,巨型喜鹊,[CREATURE:1][REVIEWED:1]
Giant Magpie,巨型喜鹊,[CREATURE:1][REVIEWED:1]
giant magpies,巨型喜鹊,[CREATURE:1][REVIEWED:1]
Giant magpies,巨型喜鹊,[CREATURE:1][REVIEWED:1]
Giant Magpies,巨型喜鹊,[CREATURE:1][REVIEWED:1]
giant mandrill,巨型山魈,[CREATURE:1][REVIEWED:1]
Giant mandrill,巨型山魈,[CREATURE:1][REVIEWED:1]
Giant Mandrill,巨型山魈,[CREATURE:1][REVIEWED:1]
giant mandrills,巨型山魈,[CREATURE:1][REVIEWED:1]
Giant mandrills,巨型山魈,[CREATURE:1][REVIEWED:1]
Giant Mandrills,巨型山魈,[CREATURE:1][REVIEWED:1]
giant mantis,巨型螳螂,[CREATURE:1][REVIEWED:1]
Giant mantis,巨型螳螂,[CREATURE:1][REVIEWED:1]
Giant Mantis,巨型螳螂,[CREATURE:1][REVIEWED:1]
giant mantises,巨型螳螂,[CREATURE:1][REVIEWED:1]
Giant mantises,巨型螳螂,[CREATURE:1][REVIEWED:1]
Giant Mantises,巨型螳螂,[CREATURE:1][REVIEWED:1]
giant masked lovebird,巨型蒙面爱情鸟,[CREATURE:1][REVIEWED:1]
Giant masked lovebird,巨型蒙面爱情鸟,[CREATURE:1][REVIEWED:1]
Giant Masked Lovebird,巨型蒙面爱情鸟,[CREATURE:1][REVIEWED:1]
giant masked lovebirds,巨型蒙面爱情鸟,[CREATURE:1][REVIEWED:1]
Giant masked lovebirds,巨型蒙面爱情鸟,[CREATURE:1][REVIEWED:1]
Giant Masked Lovebirds,巨型蒙面爱情鸟,[CREATURE:1][REVIEWED:1]
giant mink,巨型水貂,[CREATURE:1][REVIEWED:1]
Giant mink,巨型水貂,[CREATURE:1][REVIEWED:1]
Giant Mink,巨型水貂,[CREATURE:1][REVIEWED:1]
giant minks,巨型水貂,[CREATURE:1][REVIEWED:1]
Giant minks,巨型水貂,[CREATURE:1][REVIEWED:1]
Giant Minks,巨型水貂,[CREATURE:1][REVIEWED:1]
giant mole,巨型鼹鼠,[CREATURE:1][REVIEWED:1]
Giant mole,巨型鼹鼠,[CREATURE:1][REVIEWED:1]
Giant Mole,巨型鼹鼠,[CREATURE:1][REVIEWED:1]
giant moles,巨型鼹鼠,[CREATURE:1][REVIEWED:1]
Giant moles,巨型鼹鼠,[CREATURE:1][REVIEWED:1]
Giant Moles,巨型鼹鼠,[CREATURE:1][REVIEWED:1]
giant monarch butterflies,巨型帝王蝶,[CREATURE:1][REVIEWED:1]
Giant monarch butterflies,巨型帝王蝶,[CREATURE:1][REVIEWED:1]
Giant Monarch Butterflies,巨型帝王蝶,[CREATURE:1][REVIEWED:1]
giant monarch butterfly,巨型帝王蝶,[CREATURE:1][REVIEWED:1]
Giant monarch butterfly,巨型帝王蝶,[CREATURE:1][REVIEWED:1]
Giant Monarch Butterfly,巨型帝王蝶,[CREATURE:1][REVIEWED:1]
giant mongoose,巨型獴,[CREATURE:1][REVIEWED:1]
Giant mongoose,巨型獴,[CREATURE:1][REVIEWED:1]
Giant Mongoose,巨型獴,[CREATURE:1][REVIEWED:1]
giant mongooses,巨型獴,[CREATURE:1][REVIEWED:1]
Giant mongooses,巨型獴,[CREATURE:1][REVIEWED:1]
Giant Mongooses,巨型獴,[CREATURE:1][REVIEWED:1]
giant monitor lizard,巨型巨蜥,[CREATURE:1][REVIEWED:1]
Giant monitor lizard,巨型巨蜥,[CREATURE:1][REVIEWED:1]
Giant Monitor Lizard,巨型巨蜥,[CREATURE:1][REVIEWED:1]
giant monitor lizards,巨型巨蜥,[CREATURE:1][REVIEWED:1]
Giant monitor lizards,巨型巨蜥,[CREATURE:1][REVIEWED:1]
Giant Monitor Lizards,巨型巨蜥,[CREATURE:1][REVIEWED:1]
giant moon snail,巨型月亮蜗牛,[CREATURE:1][REVIEWED:1]
Giant moon snail,巨型月亮蜗牛,[CREATURE:1][REVIEWED:1]
Giant Moon Snail,巨型月亮蜗牛,[CREATURE:1][REVIEWED:1]
giant moon snails,巨型月亮蜗牛,[CREATURE:1][REVIEWED:1]
Giant moon snails,巨型月亮蜗牛,[CREATURE:1][REVIEWED:1]
Giant Moon Snails,巨型月亮蜗牛,[CREATURE:1][REVIEWED:1]
giant moose,巨型驼鹿,[CREATURE:1][REVIEWED:1]
Giant moose,巨型驼鹿,[CREATURE:1][REVIEWED:1]
Giant Moose,巨型驼鹿,[CREATURE:1][REVIEWED:1]
giant mosquito,巨型蚊子,[CREATURE:1][REVIEWED:1]
Giant mosquito,巨型蚊子,[CREATURE:1][REVIEWED:1]
Giant Mosquito,巨型蚊子,[CREATURE:1][REVIEWED:1]
giant mosquitos,巨型蚊子,[CREATURE:1][REVIEWED:1]
Giant mosquitos,巨型蚊子,[CREATURE:1][REVIEWED:1]
Giant Mosquitos,巨型蚊子,[CREATURE:1][REVIEWED:1]
giant moth,巨型飞蛾,[CREATURE:1][REVIEWED:1]
Giant moth,巨型飞蛾,[CREATURE:1][REVIEWED:1]
Giant Moth,巨型飞蛾,[CREATURE:1][REVIEWED:1]
giant moths,巨型飞蛾,[CREATURE:1][REVIEWED:1]
Giant moths,巨型飞蛾,[CREATURE:1][REVIEWED:1]
Giant Moths,巨型飞蛾,[CREATURE:1][REVIEWED:1]
giant mountain goat,巨型雪羊,[CREATURE:1][REVIEWED:1]
Giant mountain goat,巨型雪羊,[CREATURE:1][REVIEWED:1]
Giant Mountain Goat,巨型雪羊,[CREATURE:1][REVIEWED:1]
giant mountain goats,巨型雪羊,[CREATURE:1][REVIEWED:1]
Giant mountain goats,巨型雪羊,[CREATURE:1][REVIEWED:1]
Giant Mountain Goats,巨型雪羊,[CREATURE:1][REVIEWED:1]
giant muskox,巨型麝牛,[CREATURE:1][REVIEWED:1]
Giant muskox,巨型麝牛,[CREATURE:1][REVIEWED:1]
Giant Muskox,巨型麝牛,[CREATURE:1][REVIEWED:1]
giant muskoxen,巨型麝牛,[CREATURE:1][REVIEWED:1]
Giant muskoxen,巨型麝牛,[CREATURE:1][REVIEWED:1]
Giant Muskoxen,巨型麝牛,[CREATURE:1][REVIEWED:1]
giant narwhal,巨型独角鲸,[CREATURE:1][REVIEWED:1]
Giant narwhal,巨型独角鲸,[CREATURE:1][REVIEWED:1]
Giant Narwhal,巨型独角鲸,[CREATURE:1][REVIEWED:1]
giant narwhals,巨型独角鲸,[CREATURE:1][REVIEWED:1]
Giant narwhals,巨型独角鲸,[CREATURE:1][REVIEWED:1]
Giant Narwhals,巨型独角鲸,[CREATURE:1][REVIEWED:1]
giant nautilus,巨型鹦鹉螺,[CREATURE:1][REVIEWED:1]
Giant nautilus,巨型鹦鹉螺,[CREATURE:1][REVIEWED:1]
Giant Nautilus,巨型鹦鹉螺,[CREATURE:1][REVIEWED:1]
giant nautiluses,巨型鹦鹉螺,[CREATURE:1][REVIEWED:1]
Giant nautiluses,巨型鹦鹉螺,[CREATURE:1][REVIEWED:1]
Giant Nautiluses,巨型鹦鹉螺,[CREATURE:1][REVIEWED:1]
giant ocelot,巨型豹猫,[CREATURE:1][REVIEWED:1]
Giant ocelot,巨型豹猫,[CREATURE:1][REVIEWED:1]
Giant Ocelot,巨型豹猫,[CREATURE:1][REVIEWED:1]
giant ocelots,巨型豹猫,[CREATURE:1][REVIEWED:1]
Giant ocelots,巨型豹猫,[CREATURE:1][REVIEWED:1]
Giant Ocelots,巨型豹猫,[CREATURE:1][REVIEWED:1]
giant octopus,巨型章鱼,[CREATURE:1][REVIEWED:1]
Giant octopus,巨型章鱼,[CREATURE:1][REVIEWED:1]
Giant Octopus,巨型章鱼,[CREATURE:1][REVIEWED:1]
giant octopuses,巨型章鱼,[CREATURE:1][REVIEWED:1]
Giant octopuses,巨型章鱼,[CREATURE:1][REVIEWED:1]
Giant Octopuses,巨型章鱼,[CREATURE:1][REVIEWED:1]
giant olm,巨型洞螈,[CREATURE:1][REVIEWED:1]
Giant olm,巨型洞螈,[CREATURE:1][REVIEWED:1]
Giant Olm,巨型洞螈,[CREATURE:1][REVIEWED:1]
giant olms,巨型洞螈,[CREATURE:1][REVIEWED:1]
Giant olms,巨型洞螈,[CREATURE:1][REVIEWED:1]
Giant Olms,巨型洞螈,[CREATURE:1][REVIEWED:1]
giant one-humped camel,巨型单峰骆驼,[CREATURE:1][REVIEWED:1]
Giant one-humped camel,巨型单峰骆驼,[CREATURE:1][REVIEWED:1]
Giant One-Humped Camel,巨型单峰骆驼,[CREATURE:1][REVIEWED:1]
giant one-humped camels,巨型单峰骆驼,[CREATURE:1][REVIEWED:1]
Giant one-humped camels,巨型单峰骆驼,[CREATURE:1][REVIEWED:1]
Giant One-Humped Camels,巨型单峰骆驼,[CREATURE:1][REVIEWED:1]
giant opossum,巨型负鼠,[CREATURE:1][REVIEWED:1]
Giant opossum,巨型负鼠,[CREATURE:1][REVIEWED:1]
Giant Opossum,巨型负鼠,[CREATURE:1][REVIEWED:1]
giant opossums,巨型负鼠,[CREATURE:1][REVIEWED:1]
Giant opossums,巨型负鼠,[CREATURE:1][REVIEWED:1]
Giant Opossums,巨型负鼠,[CREATURE:1][REVIEWED:1]
giant orca,巨型逆戟鲸,[CREATURE:1][REVIEWED:1]
Giant orca,巨型逆戟鲸,[CREATURE:1][REVIEWED:1]
Giant Orca,巨型逆戟鲸,[CREATURE:1][REVIEWED:1]
giant orcas,巨型逆戟鲸,[CREATURE:1][REVIEWED:1]
Giant orcas,巨型逆戟鲸,[CREATURE:1][REVIEWED:1]
Giant Orcas,巨型逆戟鲸,[CREATURE:1][REVIEWED:1]
giant oriole,巨型黄鹂,[CREATURE:1][REVIEWED:1]
Giant oriole,巨型黄鹂,[CREATURE:1][REVIEWED:1]
Giant Oriole,巨型黄鹂,[CREATURE:1][REVIEWED:1]
giant orioles,巨型黄鹂,[CREATURE:1][REVIEWED:1]
Giant orioles,巨型黄鹂,[CREATURE:1][REVIEWED:1]
Giant Orioles,巨型黄鹂,[CREATURE:1][REVIEWED:1]
giant osprey,巨型鱼鹰,[CREATURE:1][REVIEWED:1]
Giant osprey,巨型鱼鹰,[CREATURE:1][REVIEWED:1]
Giant Osprey,巨型鱼鹰,[CREATURE:1][REVIEWED:1]
giant ospreys,巨型鱼鹰,[CREATURE:1][REVIEWED:1]
Giant ospreys,巨型鱼鹰,[CREATURE:1][REVIEWED:1]
Giant Ospreys,巨型鱼鹰,[CREATURE:1][REVIEWED:1]
giant ostrich,巨型鸵鸟,[CREATURE:1][REVIEWED:1]
Giant ostrich,巨型鸵鸟,[CREATURE:1][REVIEWED:1]
Giant Ostrich,巨型鸵鸟,[CREATURE:1][REVIEWED:1]
giant ostriches,巨型鸵鸟,[CREATURE:1][REVIEWED:1]
Giant ostriches,巨型鸵鸟,[CREATURE:1][REVIEWED:1]
Giant Ostriches,巨型鸵鸟,[CREATURE:1][REVIEWED:1]
giant otter,巨型海獭,[CREATURE:1][REVIEWED:1]
Giant otter,巨型海獭,[CREATURE:1][REVIEWED:1]
Giant Otter,巨型海獭,[CREATURE:1][REVIEWED:1]
giant otters,巨型海獭,[CREATURE:1][REVIEWED:1]
Giant otters,巨型海獭,[CREATURE:1][REVIEWED:1]
Giant Otters,巨型海獭,[CREATURE:1][REVIEWED:1]
giant pangolin,巨型穿山甲,[CREATURE:1][REVIEWED:1]
Giant pangolin,巨型穿山甲,[CREATURE:1][REVIEWED:1]
Giant Pangolin,巨型穿山甲,[CREATURE:1][REVIEWED:1]
giant pangolins,巨型穿山甲,[CREATURE:1][REVIEWED:1]
Giant pangolins,巨型穿山甲,[CREATURE:1][REVIEWED:1]
Giant Pangolins,巨型穿山甲,[CREATURE:1][REVIEWED:1]
giant parakeet,巨型长尾鹦鹉,[CREATURE:1][REVIEWED:1]
Giant parakeet,巨型长尾鹦鹉,[CREATURE:1][REVIEWED:1]
Giant Parakeet,巨型长尾鹦鹉,[CREATURE:1][REVIEWED:1]
giant parakeets,巨型长尾鹦鹉,[CREATURE:1][REVIEWED:1]
Giant parakeets,巨型长尾鹦鹉,[CREATURE:1][REVIEWED:1]
Giant Parakeets,巨型长尾鹦鹉,[CREATURE:1][REVIEWED:1]
giant peach-faced lovebird,巨型桃面爱情鸟,[CREATURE:1][REVIEWED:1]
Giant peach-faced lovebird,巨型桃面爱情鸟,[CREATURE:1][REVIEWED:1]
Giant Peach-Faced Lovebird,巨型桃面爱情鸟,[CREATURE:1][REVIEWED:1]
giant peach-faced lovebirds,巨型桃面爱情鸟,[CREATURE:1][REVIEWED:1]
Giant peach-faced lovebirds,巨型桃面爱情鸟,[CREATURE:1][REVIEWED:1]
Giant Peach-Faced Lovebirds,巨型桃面爱情鸟,[CREATURE:1][REVIEWED:1]
giant penguin,巨型企鹅,[CREATURE:1][REVIEWED:1]
Giant penguin,巨型企鹅,[CREATURE:1][REVIEWED:1]
Giant Penguin,巨型企鹅,[CREATURE:1][REVIEWED:1]
giant penguins,巨型企鹅,[CREATURE:1][REVIEWED:1]
Giant penguins,巨型企鹅,[CREATURE:1][REVIEWED:1]
Giant Penguins,巨型企鹅,[CREATURE:1][REVIEWED:1]
giant peregrine falcon,巨型游隼,[CREATURE:1][REVIEWED:1]
Giant peregrine falcon,巨型游隼,[CREATURE:1][REVIEWED:1]
Giant Peregrine Falcon,巨型游隼,[CREATURE:1][REVIEWED:1]
giant peregrine falcons,巨型游隼,[CREATURE:1][REVIEWED:1]
Giant peregrine falcons,巨型游隼,[CREATURE:1][REVIEWED:1]
Giant Peregrine Falcons,巨型游隼,[CREATURE:1][REVIEWED:1]
giant platypus,巨型鸭嘴兽,[CREATURE:1][REVIEWED:1]
Giant platypus,巨型鸭嘴兽,[CREATURE:1][REVIEWED:1]
Giant Platypus,巨型鸭嘴兽,[CREATURE:1][REVIEWED:1]
giant platypuses,巨型鸭嘴兽,[CREATURE:1][REVIEWED:1]
Giant platypuses,巨型鸭嘴兽,[CREATURE:1][REVIEWED:1]
Giant Platypuses,巨型鸭嘴兽,[CREATURE:1][REVIEWED:1]
giant polar bear,巨型北极熊,[CREATURE:1][REVIEWED:1]
Giant polar bear,巨型北极熊,[CREATURE:1][REVIEWED:1]
Giant Polar Bear,巨型北极熊,[CREATURE:1][REVIEWED:1]
giant polar bears,巨型北极熊,[CREATURE:1][REVIEWED:1]
Giant polar bears,巨型北极熊,[CREATURE:1][REVIEWED:1]
Giant Polar Bears,巨型北极熊,[CREATURE:1][REVIEWED:1]
giant pond turtle,巨型池龟,[CREATURE:1][REVIEWED:1]
Giant pond turtle,巨型池龟,[CREATURE:1][REVIEWED:1]
Giant Pond Turtle,巨型池龟,[CREATURE:1][REVIEWED:1]
giant pond turtles,巨型池龟,[CREATURE:1][REVIEWED:1]
Giant pond turtles,巨型池龟,[CREATURE:1][REVIEWED:1]
Giant Pond Turtles,巨型池龟,[CREATURE:1][REVIEWED:1]
giant porcupine,巨型豪猪,[CREATURE:1][REVIEWED:1]
Giant porcupine,巨型豪猪,[CREATURE:1][REVIEWED:1]
Giant Porcupine,巨型豪猪,[CREATURE:1][REVIEWED:1]
giant porcupines,巨型豪猪,[CREATURE:1][REVIEWED:1]
Giant porcupines,巨型豪猪,[CREATURE:1][REVIEWED:1]
Giant Porcupines,巨型豪猪,[CREATURE:1][REVIEWED:1]
giant puffin,巨型海鹦,[CREATURE:1][REVIEWED:1]
Giant puffin,巨型海鹦,[CREATURE:1][REVIEWED:1]
Giant Puffin,巨型海鹦,[CREATURE:1][REVIEWED:1]
giant puffins,巨型海鹦,[CREATURE:1][REVIEWED:1]
Giant puffins,巨型海鹦,[CREATURE:1][REVIEWED:1]
Giant Puffins,巨型海鹦,[CREATURE:1][REVIEWED:1]
giant python,巨型巨蟒,[CREATURE:1][REVIEWED:1]
Giant python,巨型巨蟒,[CREATURE:1][REVIEWED:1]
Giant Python,巨型巨蟒,[CREATURE:1][REVIEWED:1]
giant pythons,巨型巨蟒,[CREATURE:1][REVIEWED:1]
Giant pythons,巨型巨蟒,[CREATURE:1][REVIEWED:1]
Giant Pythons,巨型巨蟒,[CREATURE:1][REVIEWED:1]
giant raccoon,巨型浣熊,[CREATURE:1][REVIEWED:1]
Giant raccoon,巨型浣熊,[CREATURE:1][REVIEWED:1]
Giant Raccoon,巨型浣熊,[CREATURE:1][REVIEWED:1]
giant raccoons,巨型浣熊,[CREATURE:1][REVIEWED:1]
Giant raccoons,巨型浣熊,[CREATURE:1][REVIEWED:1]
Giant Raccoons,巨型浣熊,[CREATURE:1][REVIEWED:1]
giant rat,巨型老鼠,[CREATURE:1][REVIEWED:1]
Giant rat,巨型老鼠,[CREATURE:1][REVIEWED:1]
Giant Rat,巨型老鼠,[CREATURE:1][REVIEWED:1]
giant rats,巨型老鼠,[CREATURE:1][REVIEWED:1]
Giant rats,巨型老鼠,[CREATURE:1][REVIEWED:1]
Giant Rats,巨型老鼠,[CREATURE:1][REVIEWED:1]
giant rattlesnake,巨型响尾蛇,[CREATURE:1][REVIEWED:1]
Giant rattlesnake,巨型响尾蛇,[CREATURE:1][REVIEWED:1]
Giant Rattlesnake,巨型响尾蛇,[CREATURE:1][REVIEWED:1]
giant rattlesnakes,巨型响尾蛇,[CREATURE:1][REVIEWED:1]
Giant rattlesnakes,巨型响尾蛇,[CREATURE:1][REVIEWED:1]
Giant Rattlesnakes,巨型响尾蛇,[CREATURE:1][REVIEWED:1]
giant raven,巨型渡鸦,[CREATURE:1][REVIEWED:1]
Giant raven,巨型渡鸦,[CREATURE:1][REVIEWED:1]
Giant Raven,巨型渡鸦,[CREATURE:1][REVIEWED:1]
giant ravens,巨型渡鸦,[CREATURE:1][REVIEWED:1]
Giant ravens,巨型渡鸦,[CREATURE:1][REVIEWED:1]
Giant Ravens,巨型渡鸦,[CREATURE:1][REVIEWED:1]
giant red panda,巨型红熊猫,[CREATURE:1][REVIEWED:1]
Giant red panda,巨型红熊猫,[CREATURE:1][REVIEWED:1]
Giant Red Panda,巨型红熊猫,[CREATURE:1][REVIEWED:1]
giant red pandas,巨型红熊猫,[CREATURE:1][REVIEWED:1]
Giant red pandas,巨型红熊猫,[CREATURE:1][REVIEWED:1]
Giant Red Pandas,巨型红熊猫,[CREATURE:1][REVIEWED:1]
giant red squirrel,巨型红松鼠,[CREATURE:1][REVIEWED:1]
Giant red squirrel,巨型红松鼠,[CREATURE:1][REVIEWED:1]
Giant Red Squirrel,巨型红松鼠,[CREATURE:1][REVIEWED:1]
giant red squirrels,巨型红松鼠,[CREATURE:1][REVIEWED:1]
Giant red squirrels,巨型红松鼠,[CREATURE:1][REVIEWED:1]
Giant Red Squirrels,巨型红松鼠,[CREATURE:1][REVIEWED:1]
giant red-winged blackbird,巨型红翅黑鹂,[CREATURE:1][REVIEWED:1]
Giant red-winged blackbird,巨型红翅黑鹂,[CREATURE:1][REVIEWED:1]
Giant Red-Winged Blackbird,巨型红翅黑鹂,[CREATURE:1][REVIEWED:1]
giant red-winged blackbirds,巨型红翅黑鹂,[CREATURE:1][REVIEWED:1]
Giant red-winged blackbirds,巨型红翅黑鹂,[CREATURE:1][REVIEWED:1]
Giant Red-Winged Blackbirds,巨型红翅黑鹂,[CREATURE:1][REVIEWED:1]
giant rhesus macaque,巨型猕猴,[CREATURE:1][REVIEWED:1]
Giant rhesus macaque,巨型猕猴,[CREATURE:1][REVIEWED:1]
Giant Rhesus Macaque,巨型猕猴,[CREATURE:1][REVIEWED:1]
giant rhesus macaques,巨型猕猴,[CREATURE:1][REVIEWED:1]
Giant rhesus macaques,巨型猕猴,[CREATURE:1][REVIEWED:1]
Giant Rhesus Macaques,巨型猕猴,[CREATURE:1][REVIEWED:1]
giant rhinoceros,巨型犀牛,[CREATURE:1][REVIEWED:1]
Giant rhinoceros,巨型犀牛,[CREATURE:1][REVIEWED:1]
Giant Rhinoceros,巨型犀牛,[CREATURE:1][REVIEWED:1]
giant rhinoceroses,巨型犀牛,[CREATURE:1][REVIEWED:1]
Giant rhinoceroses,巨型犀牛,[CREATURE:1][REVIEWED:1]
Giant Rhinoceroses,巨型犀牛,[CREATURE:1][REVIEWED:1]
giant roach,巨型蟑螂,[CREATURE:1][REVIEWED:1]
Giant roach,巨型蟑螂,[CREATURE:1][REVIEWED:1]
Giant Roach,巨型蟑螂,[CREATURE:1][REVIEWED:1]
giant roaches,巨型蟑螂,[CREATURE:1][REVIEWED:1]
Giant roaches,巨型蟑螂,[CREATURE:1][REVIEWED:1]
Giant Roaches,巨型蟑螂,[CREATURE:1][REVIEWED:1]
giant saltwater crocodile,巨型咸水鳄,[CREATURE:1][REVIEWED:1]
Giant saltwater crocodile,巨型咸水鳄,[CREATURE:1][REVIEWED:1]
Giant Saltwater Crocodile,巨型咸水鳄,[CREATURE:1][REVIEWED:1]
giant saltwater crocodiles,巨型咸水鳄,[CREATURE:1][REVIEWED:1]
Giant saltwater crocodiles,巨型咸水鳄,[CREATURE:1][REVIEWED:1]
Giant Saltwater Crocodiles,巨型咸水鳄,[CREATURE:1][REVIEWED:1]
giant skink,巨型彩舌蜥,[CREATURE:1][REVIEWED:1]
Giant skink,巨型彩舌蜥,[CREATURE:1][REVIEWED:1]
Giant Skink,巨型彩舌蜥,[CREATURE:1][REVIEWED:1]
giant skinks,巨型彩舌蜥,[CREATURE:1][REVIEWED:1]
Giant skinks,巨型彩舌蜥,[CREATURE:1][REVIEWED:1]
Giant Skinks,巨型彩舌蜥,[CREATURE:1][REVIEWED:1]
giant skunk,巨型臭鼬,[CREATURE:1][REVIEWED:1]
Giant skunk,巨型臭鼬,[CREATURE:1][REVIEWED:1]
Giant Skunk,巨型臭鼬,[CREATURE:1][REVIEWED:1]
giant skunks,巨型臭鼬,[CREATURE:1][REVIEWED:1]
Giant skunks,巨型臭鼬,[CREATURE:1][REVIEWED:1]
Giant Skunks,巨型臭鼬,[CREATURE:1][REVIEWED:1]
giant sloth,巨型树懒,[CREATURE:1][REVIEWED:1]
Giant sloth,巨型树懒,[CREATURE:1][REVIEWED:1]
Giant Sloth,巨型树懒,[CREATURE:1][REVIEWED:1]
giant sloth bear,巨型懒熊,[CREATURE:1][REVIEWED:1]
Giant sloth bear,巨型懒熊,[CREATURE:1][REVIEWED:1]
Giant Sloth Bear,巨型懒熊,[CREATURE:1][REVIEWED:1]
giant sloth bears,巨型懒熊,[CREATURE:1][REVIEWED:1]
Giant sloth bears,巨型懒熊,[CREATURE:1][REVIEWED:1]
Giant Sloth Bears,巨型懒熊,[CREATURE:1][REVIEWED:1]
giant sloths,巨型树懒,[CREATURE:1][REVIEWED:1]
Giant sloths,巨型树懒,[CREATURE:1][REVIEWED:1]
Giant Sloths,巨型树懒,[CREATURE:1][REVIEWED:1]
giant slug,巨型蛞蝓,[CREATURE:1][REVIEWED:1]
Giant slug,巨型蛞蝓,[CREATURE:1][REVIEWED:1]
Giant Slug,巨型蛞蝓,[CREATURE:1][REVIEWED:1]
giant slugs,巨型蛞蝓,[CREATURE:1][REVIEWED:1]
Giant slugs,巨型蛞蝓,[CREATURE:1][REVIEWED:1]
Giant Slugs,巨型蛞蝓,[CREATURE:1][REVIEWED:1]
giant snail,巨型蜗牛,[CREATURE:1][REVIEWED:1]
Giant snail,巨型蜗牛,[CREATURE:1][REVIEWED:1]
Giant Snail,巨型蜗牛,[CREATURE:1][REVIEWED:1]
giant snails,巨型蜗牛,[CREATURE:1][REVIEWED:1]
Giant snails,巨型蜗牛,[CREATURE:1][REVIEWED:1]
Giant Snails,巨型蜗牛,[CREATURE:1][REVIEWED:1]
giant snapping turtle,巨型大鳄龟,[CREATURE:1][REVIEWED:1]
Giant snapping turtle,巨型大鳄龟,[CREATURE:1][REVIEWED:1]
Giant Snapping Turtle,巨型大鳄龟,[CREATURE:1][REVIEWED:1]
giant snapping turtles,巨型大鳄龟,[CREATURE:1][REVIEWED:1]
Giant snapping turtles,巨型大鳄龟,[CREATURE:1][REVIEWED:1]
Giant Snapping Turtles,巨型大鳄龟,[CREATURE:1][REVIEWED:1]
giant snowy owl,巨型雪鸮,[CREATURE:1][REVIEWED:1]
Giant snowy owl,巨型雪鸮,[CREATURE:1][REVIEWED:1]
Giant Snowy Owl,巨型雪鸮,[CREATURE:1][REVIEWED:1]
giant snowy owls,巨型雪鸮,[CREATURE:1][REVIEWED:1]
Giant snowy owls,巨型雪鸮,[CREATURE:1][REVIEWED:1]
Giant Snowy Owls,巨型雪鸮,[CREATURE:1][REVIEWED:1]
giant sparrow,巨型麻雀,[CREATURE:1][REVIEWED:1]
Giant sparrow,巨型麻雀,[CREATURE:1][REVIEWED:1]
Giant Sparrow,巨型麻雀,[CREATURE:1][REVIEWED:1]
giant sparrows,巨型麻雀,[CREATURE:1][REVIEWED:1]
Giant sparrows,巨型麻雀,[CREATURE:1][REVIEWED:1]
Giant Sparrows,巨型麻雀,[CREATURE:1][REVIEWED:1]
giant sperm whale,巨型抹香鲸,[CREATURE:1][REVIEWED:1]
Giant sperm whale,巨型抹香鲸,[CREATURE:1][REVIEWED:1]
Giant Sperm Whale,巨型抹香鲸,[CREATURE:1][REVIEWED:1]
giant sperm whales,巨型抹香鲸,[CREATURE:1][REVIEWED:1]
Giant sperm whales,巨型抹香鲸,[CREATURE:1][REVIEWED:1]
Giant Sperm Whales,巨型抹香鲸,[CREATURE:1][REVIEWED:1]
giant spider monkey,巨型蜘蛛猴,[CREATURE:1][REVIEWED:1]
Giant spider monkey,巨型蜘蛛猴,[CREATURE:1][REVIEWED:1]
Giant Spider Monkey,巨型蜘蛛猴,[CREATURE:1][REVIEWED:1]
giant spider monkeys,巨型蜘蛛猴,[CREATURE:1][REVIEWED:1]
Giant spider monkeys,巨型蜘蛛猴,[CREATURE:1][REVIEWED:1]
Giant Spider Monkeys,巨型蜘蛛猴,[CREATURE:1][REVIEWED:1]
giant sponge,巨型海绵,[CREATURE:1][REVIEWED:1]
Giant sponge,巨型海绵,[CREATURE:1][REVIEWED:1]
Giant Sponge,巨型海绵,[CREATURE:1][REVIEWED:1]
giant sponges,巨型海绵,[CREATURE:1][REVIEWED:1]
Giant sponges,巨型海绵,[CREATURE:1][REVIEWED:1]
Giant Sponges,巨型海绵,[CREATURE:1][REVIEWED:1]
giant stoat,巨型白鼬,[CREATURE:1][REVIEWED:1]
Giant stoat,巨型白鼬,[CREATURE:1][REVIEWED:1]
Giant Stoat,巨型白鼬,[CREATURE:1][REVIEWED:1]
giant stoats,巨型白鼬,[CREATURE:1][REVIEWED:1]
Giant stoats,巨型白鼬,[CREATURE:1][REVIEWED:1]
Giant Stoats,巨型白鼬,[CREATURE:1][REVIEWED:1]
giant swan,巨型天鹅,[CREATURE:1][REVIEWED:1]
Giant swan,巨型天鹅,[CREATURE:1][REVIEWED:1]
Giant Swan,巨型天鹅,[CREATURE:1][REVIEWED:1]
giant swans,巨型天鹅,[CREATURE:1][REVIEWED:1]
Giant swans,巨型天鹅,[CREATURE:1][REVIEWED:1]
Giant Swans,巨型天鹅,[CREATURE:1][REVIEWED:1]
giant tapir,巨型貘,[CREATURE:1][REVIEWED:1]
Giant tapir,巨型貘,[CREATURE:1][REVIEWED:1]
Giant Tapir,巨型貘,[CREATURE:1][REVIEWED:1]
giant tapirs,巨型貘,[CREATURE:1][REVIEWED:1]
Giant tapirs,巨型貘,[CREATURE:1][REVIEWED:1]
Giant Tapirs,巨型貘,[CREATURE:1][REVIEWED:1]
giant thrips,巨型蓟马,[CREATURE:1][REVIEWED:1]
Giant thrips,巨型蓟马,[CREATURE:1][REVIEWED:1]
Giant Thrips,巨型蓟马,[CREATURE:1][REVIEWED:1]
giant tick,巨型蜱虫,[CREATURE:1][REVIEWED:1]
Giant tick,巨型蜱虫,[CREATURE:1][REVIEWED:1]
Giant Tick,巨型蜱虫,[CREATURE:1][REVIEWED:1]
giant ticks,巨型蜱虫,[CREATURE:1][REVIEWED:1]
Giant ticks,巨型蜱虫,[CREATURE:1][REVIEWED:1]
Giant Ticks,巨型蜱虫,[CREATURE:1][REVIEWED:1]
giant tiger,巨型虎,[CREATURE:1][REVIEWED:1]
Giant tiger,巨型虎,[CREATURE:1][REVIEWED:1]
Giant Tiger,巨型虎,[CREATURE:1][REVIEWED:1]
giant tigers,巨型虎,[CREATURE:1][REVIEWED:1]
Giant tigers,巨型虎,[CREATURE:1][REVIEWED:1]
Giant Tigers,巨型虎,[CREATURE:1][REVIEWED:1]
giant toad,巨型蟾蜍,[CREATURE:1][REVIEWED:1]
Giant toad,巨型蟾蜍,[CREATURE:1][REVIEWED:1]
Giant Toad,巨型蟾蜍,[CREATURE:1][REVIEWED:1]
giant toads,巨型蟾蜍,[CREATURE:1][REVIEWED:1]
Giant toads,巨型蟾蜍,[CREATURE:1][REVIEWED:1]
Giant Toads,巨型蟾蜍,[CREATURE:1][REVIEWED:1]
giant tortoise,巨型陆龟,[CREATURE:1][REVIEWED:1]
Giant tortoise,巨型陆龟,[CREATURE:1][REVIEWED:1]
Giant Tortoise,巨型陆龟,[CREATURE:1][REVIEWED:1]
giant tortoise man,巨型陆龟人,[CREATURE:1][REVIEWED:1]
Giant tortoise man,巨型陆龟人,[CREATURE:1][REVIEWED:1]
Giant Tortoise Man,巨型陆龟人,[CREATURE:1][REVIEWED:1]
giant tortoise men,巨型陆龟人,[CREATURE:1][REVIEWED:1]
Giant tortoise men,巨型陆龟人,[CREATURE:1][REVIEWED:1]
Giant Tortoise Men,巨型陆龟人,[CREATURE:1][REVIEWED:1]
giant tortoises,巨型陆龟,[CREATURE:1][REVIEWED:1]
Giant tortoises,巨型陆龟,[CREATURE:1][REVIEWED:1]
Giant Tortoises,巨型陆龟,[CREATURE:1][REVIEWED:1]
giant two-humped camel,巨型双峰骆驼,[CREATURE:1][REVIEWED:1]
Giant two-humped camel,巨型双峰骆驼,[CREATURE:1][REVIEWED:1]
Giant Two-Humped Camel,巨型双峰骆驼,[CREATURE:1][REVIEWED:1]
giant two-humped camels,巨型双峰骆驼,[CREATURE:1][REVIEWED:1]
Giant two-humped camels,巨型双峰骆驼,[CREATURE:1][REVIEWED:1]
Giant Two-Humped Camels,巨型双峰骆驼,[CREATURE:1][REVIEWED:1]
giant vulture,巨型秃鹫,[CREATURE:1][REVIEWED:1]
Giant vulture,巨型秃鹫,[CREATURE:1][REVIEWED:1]
Giant Vulture,巨型秃鹫,[CREATURE:1][REVIEWED:1]
giant vultures,巨型秃鹫,[CREATURE:1][REVIEWED:1]
Giant vultures,巨型秃鹫,[CREATURE:1][REVIEWED:1]
Giant Vultures,巨型秃鹫,[CREATURE:1][REVIEWED:1]
giant walrus,巨型海象,[CREATURE:1][REVIEWED:1]
Giant walrus,巨型海象,[CREATURE:1][REVIEWED:1]
Giant Walrus,巨型海象,[CREATURE:1][REVIEWED:1]
giant walruss,巨型海象,[CREATURE:1][REVIEWED:1]
Giant walruss,巨型海象,[CREATURE:1][REVIEWED:1]
Giant Walruss,巨型海象,[CREATURE:1][REVIEWED:1]
giant warthog,巨型疣猪,[CREATURE:1][REVIEWED:1]
Giant warthog,巨型疣猪,[CREATURE:1][REVIEWED:1]
Giant Warthog,巨型疣猪,[CREATURE:1][REVIEWED:1]
giant warthogs,巨型疣猪,[CREATURE:1][REVIEWED:1]
Giant warthogs,巨型疣猪,[CREATURE:1][REVIEWED:1]
Giant Warthogs,巨型疣猪,[CREATURE:1][REVIEWED:1]
giant weasel,巨型黄鼬,[CREATURE:1][REVIEWED:1]
Giant weasel,巨型黄鼬,[CREATURE:1][REVIEWED:1]
Giant Weasel,巨型黄鼬,[CREATURE:1][REVIEWED:1]
giant weasels,巨型黄鼬,[CREATURE:1][REVIEWED:1]
Giant weasels,巨型黄鼬,[CREATURE:1][REVIEWED:1]
Giant Weasels,巨型黄鼬,[CREATURE:1][REVIEWED:1]
giant white stork,巨型白鹳,[CREATURE:1][REVIEWED:1]
Giant white stork,巨型白鹳,[CREATURE:1][REVIEWED:1]
Giant White Stork,巨型白鹳,[CREATURE:1][REVIEWED:1]
giant white storks,巨型白鹳,[CREATURE:1][REVIEWED:1]
Giant white storks,巨型白鹳,[CREATURE:1][REVIEWED:1]
Giant White Storks,巨型白鹳,[CREATURE:1][REVIEWED:1]
giant wild boar,巨型野猪,[CREATURE:1][REVIEWED:1]
Giant wild boar,巨型野猪,[CREATURE:1][REVIEWED:1]
Giant Wild Boar,巨型野猪,[CREATURE:1][REVIEWED:1]
giant wild boars,巨型野猪,[CREATURE:1][REVIEWED:1]
Giant wild boars,巨型野猪,[CREATURE:1][REVIEWED:1]
Giant Wild Boars,巨型野猪,[CREATURE:1][REVIEWED:1]
giant wolf,巨型狼,[CREATURE:1][REVIEWED:1]
Giant wolf,巨型狼,[CREATURE:1][REVIEWED:1]
Giant Wolf,巨型狼,[CREATURE:1][REVIEWED:1]
giant wolverine,巨型狼獾,[CREATURE:1][REVIEWED:1]
Giant wolverine,巨型狼獾,[CREATURE:1][REVIEWED:1]
Giant Wolverine,巨型狼獾,[CREATURE:1][REVIEWED:1]
giant wolverines,巨型狼獾,[CREATURE:1][REVIEWED:1]
Giant wolverines,巨型狼獾,[CREATURE:1][REVIEWED:1]
Giant Wolverines,巨型狼獾,[CREATURE:1][REVIEWED:1]
giant wolves,巨型狼,[CREATURE:1][REVIEWED:1]
Giant wolves,巨型狼,[CREATURE:1][REVIEWED:1]
Giant Wolves,巨型狼,[CREATURE:1][REVIEWED:1]
giant wombat,巨型袋熊,[CREATURE:1][REVIEWED:1]
Giant wombat,巨型袋熊,[CREATURE:1][REVIEWED:1]
Giant Wombat,巨型袋熊,[CREATURE:1][REVIEWED:1]
giant wombats,巨型袋熊,[CREATURE:1][REVIEWED:1]
Giant wombats,巨型袋熊,[CREATURE:1][REVIEWED:1]
Giant Wombats,巨型袋熊,[CREATURE:1][REVIEWED:1]
giant wren,巨型鹪鹩,[CREATURE:1][REVIEWED:1]
Giant wren,巨型鹪鹩,[CREATURE:1][REVIEWED:1]
Giant Wren,巨型鹪鹩,[CREATURE:1][REVIEWED:1]
giant wrens,巨型鹪鹩,[CREATURE:1][REVIEWED:1]
Giant wrens,巨型鹪鹩,[CREATURE:1][REVIEWED:1]
Giant Wrens,巨型鹪鹩,[CREATURE:1][REVIEWED:1]
giants,雄巨人,[CREATURE:1][REVIEWED:1]
Giants,巨人,[CREATURE:1][REVIEWED:1]
gigantic panda,超巨型熊猫,[CREATURE:1][REVIEWED:1]
Gigantic panda,超巨型熊猫,[CREATURE:1][REVIEWED:1]
Gigantic Panda,超巨型熊猫,[CREATURE:1][REVIEWED:1]
gigantic pandas,超巨型熊猫,[CREATURE:1][REVIEWED:1]
Gigantic pandas,超巨型熊猫,[CREATURE:1][REVIEWED:1]
Gigantic Pandas,超巨型熊猫,[CREATURE:1][REVIEWED:1]
gigantic squid,超巨型鱿鱼,[CREATURE:1][REVIEWED:1]
Gigantic squid,超巨型鱿鱼,[CREATURE:1][REVIEWED:1]
Gigantic Squid,超巨型鱿鱼,[CREATURE:1][REVIEWED:1]
gigantic squids,超巨型鱿鱼,[CREATURE:1][REVIEWED:1]
Gigantic squids,超巨型鱿鱼,[CREATURE:1][REVIEWED:1]
Gigantic Squids,超巨型鱿鱼,[CREATURE:1][REVIEWED:1]
gigantic tortoise,超巨型陆龟,[CREATURE:1][REVIEWED:1]
Gigantic tortoise,超巨型陆龟,[CREATURE:1][REVIEWED:1]
Gigantic Tortoise,超巨型陆龟,[CREATURE:1][REVIEWED:1]
gigantic tortoises,超巨型陆龟,[CREATURE:1][REVIEWED:1]
Gigantic tortoises,超巨型陆龟,[CREATURE:1][REVIEWED:1]
Gigantic Tortoises,超巨型陆龟,[CREATURE:1][REVIEWED:1]
gila monster,毒蜥,[CREATURE:1][REVIEWED:1]
Gila monster,毒蜥,[CREATURE:1][REVIEWED:1]
Gila Monster,毒蜥,[CREATURE:1][REVIEWED:1]
gila monster man,毒蜥人,[CREATURE:1][REVIEWED:1]
Gila monster man,毒蜥人,[CREATURE:1][REVIEWED:1]
Gila Monster Man,毒蜥人,[CREATURE:1][REVIEWED:1]
gila monster men,毒蜥人,[CREATURE:1][REVIEWED:1]
Gila monster men,毒蜥人,[CREATURE:1][REVIEWED:1]
Gila Monster Men,毒蜥人,[CREATURE:1][REVIEWED:1]
gila monsters,毒蜥,[CREATURE:1][REVIEWED:1]
Gila monsters,毒蜥,[CREATURE:1][REVIEWED:1]
Gila Monsters,毒蜥,[CREATURE:1][REVIEWED:1]
giraffe,长颈鹿,[CREATURE:1][REVIEWED:1]
Giraffe,长颈鹿,[CREATURE:1][REVIEWED:1]
giraffe man,长颈鹿人,[CREATURE:1][REVIEWED:1]
Giraffe man,长颈鹿人,[CREATURE:1][REVIEWED:1]
Giraffe Man,长颈鹿人,[CREATURE:1][REVIEWED:1]
giraffe men,长颈鹿人,[CREATURE:1][REVIEWED:1]
Giraffe men,长颈鹿人,[CREATURE:1][REVIEWED:1]
Giraffe Men,长颈鹿人,[CREATURE:1][REVIEWED:1]
giraffes,长颈鹿,[CREATURE:1][REVIEWED:1]
Giraffes,长颈鹿,[CREATURE:1][REVIEWED:1]
glasseye,斑鳍大眼鲷,[CREATURE:1][REVIEWED:1]
Glasseye,斑鳍大眼鲷,[CREATURE:1][REVIEWED:1]
gloom troll,幽暗巨魔,[CREATURE:1][REVIEWED:1]
Gloom troll,幽暗巨魔,[CREATURE:1][REVIEWED:1]
Gloom Troll,幽暗巨魔,[CREATURE:1][REVIEWED:1]
glyptodon,雕齿兽,[CREATURE:1][REVIEWED:1]
Glyptodon,雕齿兽,[CREATURE:1][REVIEWED:1]
glyptodon man,雕齿兽人,[CREATURE:1][REVIEWED:1]
Glyptodon man,雕齿兽人,[CREATURE:1][REVIEWED:1]
Glyptodon Man,雕齿兽人,[CREATURE:1][REVIEWED:1]
goat,山羊,[CREATURE:1][REVIEWED:1]
Goat,山羊,[CREATURE:1][REVIEWED:1]
goats,山羊,[CREATURE:1][REVIEWED:1]
Goats,山羊,[CREATURE:1][REVIEWED:1]
goblin,哥布林,[CREATURE:1][REVIEWED:1]
Goblin,哥布林,[CREATURE:1][REVIEWED:1]
goblins,哥布林,[CREATURE:1][REVIEWED:1]
Goblins,哥布林,[CREATURE:1][REVIEWED:1]
goose,家鹅,[CREATURE:1][REVIEWED:1]
Goose,鹅,[CREATURE:1][REVIEWED:1]
gorilla,大猩猩,[CREATURE:1][REVIEWED:1]
Gorilla,大猩猩,[CREATURE:1][REVIEWED:1]
gorillas,大猩猩,[CREATURE:1][REVIEWED:1]
Gorillas,大猩猩,[CREATURE:1][REVIEWED:1]
gorlak,獠牙怪,[CREATURE:1][REVIEWED:1]
Gorlak,獠牙怪,[CREATURE:1][REVIEWED:1]
gorlaks,獠牙怪,[CREATURE:1][REVIEWED:1]
Gorlaks,獠牙怪,[CREATURE:1][REVIEWED:1]
grackle,黑羽椋鸟,[CREATURE:1][REVIEWED:1]
Grackle,黑羽椋鸟,[CREATURE:1][REVIEWED:1]
grackle man,黑羽椋鸟人,[CREATURE:1][REVIEWED:1]
Grackle man,黑羽椋鸟人,[CREATURE:1][REVIEWED:1]
Grackle Man,黑羽椋鸟人,[CREATURE:1][REVIEWED:1]
grackle men,黑羽椋鸟人,[CREATURE:1][REVIEWED:1]
Grackle men,黑羽椋鸟人,[CREATURE:1][REVIEWED:1]
Grackle Men,黑羽椋鸟人,[CREATURE:1][REVIEWED:1]
grackles,黑羽椋鸟,[CREATURE:1][REVIEWED:1]
Grackles,黑羽椋鸟,[CREATURE:1][REVIEWED:1]
grasshopper,蚱蜢,[CREATURE:1][REVIEWED:1]
Grasshopper,蚱蜢,[CREATURE:1][REVIEWED:1]
grasshopper man,蚱蜢人,[CREATURE:1][REVIEWED:1]
Grasshopper man,蚱蜢人,[CREATURE:1][REVIEWED:1]
Grasshopper Man,蚱蜢人,[CREATURE:1][REVIEWED:1]
grasshopper men,蚱蜢人,[CREATURE:1][REVIEWED:1]
Grasshopper men,蚱蜢人,[CREATURE:1][REVIEWED:1]
Grasshopper Men,蚱蜢人,[CREATURE:1][REVIEWED:1]
grasshoppers,蚱蜢,[CREATURE:1][REVIEWED:1]
Grasshoppers,蚱蜢,[CREATURE:1][REVIEWED:1]
gray gibbon,灰长臂猿,[CREATURE:1][REVIEWED:1]
Gray gibbon,灰长臂猿,[CREATURE:1][REVIEWED:1]
Gray Gibbon,灰长臂猿,[CREATURE:1][REVIEWED:1]
gray gibbons,灰长臂猿,[CREATURE:1][REVIEWED:1]
Gray gibbons,灰长臂猿,[CREATURE:1][REVIEWED:1]
Gray Gibbons,灰长臂猿,[CREATURE:1][REVIEWED:1]
gray langur,灰叶猴,[CREATURE:1][REVIEWED:1]
Gray langur,灰叶猴,[CREATURE:1][REVIEWED:1]
Gray Langur,灰叶猴,[CREATURE:1][REVIEWED:1]
gray langur man,灰叶猴人,[CREATURE:1][REVIEWED:1]
Gray langur man,灰叶猴人,[CREATURE:1][REVIEWED:1]
Gray Langur Man,灰叶猴人,[CREATURE:1][REVIEWED:1]
gray langur men,灰叶猴人,[CREATURE:1][REVIEWED:1]
Gray langur men,灰叶猴人,[CREATURE:1][REVIEWED:1]
Gray Langur Men,灰叶猴人,[CREATURE:1][REVIEWED:1]
gray langurs,灰叶猴,[CREATURE:1][REVIEWED:1]
Gray langurs,灰叶猴,[CREATURE:1][REVIEWED:1]
Gray Langurs,灰叶猴,[CREATURE:1][REVIEWED:1]
gray squirrel,灰松鼠,[CREATURE:1][REVIEWED:1]
Gray squirrel,灰松鼠,[CREATURE:1][REVIEWED:1]
Gray Squirrel,灰松鼠,[CREATURE:1][REVIEWED:1]
gray squirrel man,灰松鼠人,[CREATURE:1][REVIEWED:1]
Gray squirrel man,灰松鼠人,[CREATURE:1][REVIEWED:1]
Gray Squirrel Man,灰松鼠人,[CREATURE:1][REVIEWED:1]
gray squirrel men,灰松鼠人,[CREATURE:1][REVIEWED:1]
Gray squirrel men,灰松鼠人,[CREATURE:1][REVIEWED:1]
Gray Squirrel Men,灰松鼠人,[CREATURE:1][REVIEWED:1]
gray squirrels,灰松鼠,[CREATURE:1][REVIEWED:1]
Gray squirrels,灰松鼠,[CREATURE:1][REVIEWED:1]
Gray Squirrels,灰松鼠,[CREATURE:1][REVIEWED:1]
great barracuda,大梭鱼,[CREATURE:1][REVIEWED:1]
Great barracuda,大梭鱼,[CREATURE:1][REVIEWED:1]
Great Barracuda,大梭鱼,[CREATURE:1][REVIEWED:1]
great barracudas,大梭鱼,[CREATURE:1][REVIEWED:1]
Great barracudas,大梭鱼,[CREATURE:1][REVIEWED:1]
Great Barracudas,大梭鱼,[CREATURE:1][REVIEWED:1]
great horned owl,大角鸮,[CREATURE:1][REVIEWED:1]
Great horned owl,大角鸮,[CREATURE:1][REVIEWED:1]
Great Horned Owl,大角鸮,[CREATURE:1][REVIEWED:1]
great horned owl man,大角鸮人,[CREATURE:1][REVIEWED:1]
Great horned owl man,大角鸮人,[CREATURE:1][REVIEWED:1]
Great Horned Owl Man,大角鸮人,[CREATURE:1][REVIEWED:1]
great horned owl men,大角鸮人,[CREATURE:1][REVIEWED:1]
Great horned owl men,大角鸮人,[CREATURE:1][REVIEWED:1]
Great Horned Owl Men,大角鸮人,[CREATURE:1][REVIEWED:1]
great horned owls,大角鸮,[CREATURE:1][REVIEWED:1]
Great horned owls,大角鸮,[CREATURE:1][REVIEWED:1]
Great Horned Owls,大角鸮,[CREATURE:1][REVIEWED:1]
great white shark,大白鲨,[CREATURE:1][REVIEWED:1]
Great white shark,大白鲨,[CREATURE:1][REVIEWED:1]
Great White Shark,大白鲨,[CREATURE:1][REVIEWED:1]
great white sharks,大白鲨,[CREATURE:1][REVIEWED:1]
Great white sharks,大白鲨,[CREATURE:1][REVIEWED:1]
Great White Sharks,大白鲨,[CREATURE:1][REVIEWED:1]
green devourer,绿色吞噬者,[CREATURE:1][REVIEWED:1]
Green devourer,绿色吞噬者,[CREATURE:1][REVIEWED:1]
Green Devourer,绿色吞噬者,[CREATURE:1][REVIEWED:1]
green devourers,绿色吞噬者,[CREATURE:1][REVIEWED:1]
Green devourers,绿色吞噬者,[CREATURE:1][REVIEWED:1]
Green Devourers,绿色吞噬者,[CREATURE:1][REVIEWED:1]
green monster,绿色怪物,[CREATURE:1][REVIEWED:1]
Green monster,绿色怪物,[CREATURE:1][REVIEWED:1]
Green Monster,绿色怪物,[CREATURE:1][REVIEWED:1]
green tree frog,绿树蛙,[CREATURE:1][REVIEWED:1]
Green tree frog,绿树蛙,[CREATURE:1][REVIEWED:1]
Green Tree Frog,绿树蛙,[CREATURE:1][REVIEWED:1]
green tree frog man,绿树蛙人,[CREATURE:1][REVIEWED:1]
Green tree frog man,绿树蛙人,[CREATURE:1][REVIEWED:1]
Green Tree Frog Man,绿树蛙人,[CREATURE:1][REVIEWED:1]
green tree frog men,绿树蛙人,[CREATURE:1][REVIEWED:1]
Green tree frog men,绿树蛙人,[CREATURE:1][REVIEWED:1]
Green Tree Frog Men,绿树蛙人,[CREATURE:1][REVIEWED:1]
green tree frogs,绿树蛙,[CREATURE:1][REVIEWED:1]
Green tree frogs,绿树蛙,[CREATURE:1][REVIEWED:1]
Green Tree Frogs,绿树蛙,[CREATURE:1][REVIEWED:1]
gremlin,麻烦鬼,[CREATURE:1][REVIEWED:1]
Gremlin,麻烦鬼,[CREATURE:1][REVIEWED:1]
gremlins,麻烦鬼,[CREATURE:1][REVIEWED:1]
Gremlins,麻烦鬼,[CREATURE:1][REVIEWED:1]
grey parrot,灰鹦鹉,[CREATURE:1][REVIEWED:1]
Grey parrot,灰鹦鹉,[CREATURE:1][REVIEWED:1]
Grey Parrot,灰鹦鹉,[CREATURE:1][REVIEWED:1]
grey parrot man,灰鹦鹉人,[CREATURE:1][REVIEWED:1]
Grey parrot man,灰鹦鹉人,[CREATURE:1][REVIEWED:1]
Grey Parrot Man,灰鹦鹉人,[CREATURE:1][REVIEWED:1]
grey parrot men,灰鹦鹉人,[CREATURE:1][REVIEWED:1]
Grey parrot men,灰鹦鹉人,[CREATURE:1][REVIEWED:1]
Grey Parrot Men,灰鹦鹉人,[CREATURE:1][REVIEWED:1]
grey parrots,灰鹦鹉,[CREATURE:1][REVIEWED:1]
Grey parrots,灰鹦鹉,[CREATURE:1][REVIEWED:1]
Grey Parrots,灰鹦鹉,[CREATURE:1][REVIEWED:1]
griffon,狮鹫,[CREATURE:1][REVIEWED:1]
Griffon,狮鹫,[CREATURE:1][REVIEWED:1]
griffons,狮鹫,[CREATURE:1][REVIEWED:1]
Griffons,狮鹫,[CREATURE:1][REVIEWED:1]
grimeling,水鬼,[CREATURE:1][REVIEWED:1]
Grimeling,水鬼,[CREATURE:1][REVIEWED:1]
grimelings,水鬼,[CREATURE:1][REVIEWED:1]
Grimelings,水鬼,[CREATURE:1][REVIEWED:1]
grizzly bear,灰熊,[CREATURE:1][REVIEWED:1]
Grizzly bear,灰熊,[CREATURE:1][REVIEWED:1]
Grizzly Bear,灰熊,[CREATURE:1][REVIEWED:1]
grizzly bear man,灰熊人,[CREATURE:1][REVIEWED:1]
Grizzly bear man,灰熊人,[CREATURE:1][REVIEWED:1]
Grizzly Bear Man,灰熊人,[CREATURE:1][REVIEWED:1]
grizzly bear men,灰熊人,[CREATURE:1][REVIEWED:1]
Grizzly bear men,灰熊人,[CREATURE:1][REVIEWED:1]
Grizzly Bear Men,灰熊人,[CREATURE:1][REVIEWED:1]
grizzly bears,灰熊,[CREATURE:1][REVIEWED:1]
Grizzly bears,灰熊,[CREATURE:1][REVIEWED:1]
Grizzly Bears,灰熊,[CREATURE:1][REVIEWED:1]
groundhog,土拨鼠,[CREATURE:1][REVIEWED:1]
Groundhog,土拨鼠,[CREATURE:1][REVIEWED:1]
groundhog man,土拨鼠人,[CREATURE:1][REVIEWED:1]
Groundhog man,土拨鼠人,[CREATURE:1][REVIEWED:1]
Groundhog Man,土拨鼠人,[CREATURE:1][REVIEWED:1]
groundhog men,土拨鼠人,[CREATURE:1][REVIEWED:1]
Groundhog men,土拨鼠人,[CREATURE:1][REVIEWED:1]
Groundhog Men,土拨鼠人,[CREATURE:1][REVIEWED:1]
groundhogs,土拨鼠,[CREATURE:1][REVIEWED:1]
Groundhogs,土拨鼠,[CREATURE:1][REVIEWED:1]
guineafowl,珍珠鸡,[CREATURE:1][REVIEWED:1]
Guineafowl,珍珠鸡,[CREATURE:1][REVIEWED:1]
guineafowls,珍珠鸡,[CREATURE:1][REVIEWED:1]
Guineafowls,珍珠鸡,[CREATURE:1][REVIEWED:1]
guppies,虹鳉,[CREATURE:1][REVIEWED:1]
Guppies,虹鳉,[CREATURE:1][REVIEWED:1]
guppy,虹鳉,[CREATURE:1][REVIEWED:1]
Guppy,虹鳉,[CREATURE:1][REVIEWED:1]
hagfish,盲鳗,[CREATURE:1][REVIEWED:1]
Hagfish,盲鳗,[CREATURE:1][REVIEWED:1]
haikouichthys,海口鱼,[CREATURE:1][REVIEWED:1]
Haikouichthys,海口鱼,[CREATURE:1][REVIEWED:1]
haikouichthys man,海口鱼人,[CREATURE:1][REVIEWED:1]
Haikouichthys man,海口鱼人,[CREATURE:1][REVIEWED:1]
Haikouichthys Man,海口鱼人,[CREATURE:1][REVIEWED:1]
hake,无须鳕,[CREATURE:1][REVIEWED:1]
Hake,无须鳕,[CREATURE:1][REVIEWED:1]
halibut,大比目鱼,[CREATURE:1][REVIEWED:1]
Halibut,大比目鱼,[CREATURE:1][REVIEWED:1]
hallucigenia,怪诞虫,[CREATURE:1][REVIEWED:1]
Hallucigenia,怪诞虫,[CREATURE:1][REVIEWED:1]
hallucigenia man,怪诞虫人,[CREATURE:1][REVIEWED:1]
Hallucigenia man,怪诞虫人,[CREATURE:1][REVIEWED:1]
Hallucigenia Man,怪诞虫人,[CREATURE:1][REVIEWED:1]
hammerhead shark,锤头鲨,[CREATURE:1][REVIEWED:1]
Hammerhead shark,锤头鲨,[CREATURE:1][REVIEWED:1]
Hammerhead Shark,锤头鲨,[CREATURE:1][REVIEWED:1]
hammerhead sharks,锤头鲨,[CREATURE:1][REVIEWED:1]
Hammerhead sharks,锤头鲨,[CREATURE:1][REVIEWED:1]
Hammerhead Sharks,锤头鲨,[CREATURE:1][REVIEWED:1]
hamster,仓鼠,[CREATURE:1][REVIEWED:1]
Hamster,仓鼠,[CREATURE:1][REVIEWED:1]
hamster man,仓鼠人,[CREATURE:1][REVIEWED:1]
Hamster man,仓鼠人,[CREATURE:1][REVIEWED:1]
Hamster Man,仓鼠人,[CREATURE:1][REVIEWED:1]
hamster men,仓鼠人,[CREATURE:1][REVIEWED:1]
Hamster men,仓鼠人,[CREATURE:1][REVIEWED:1]
Hamster Men,仓鼠人,[CREATURE:1][REVIEWED:1]
hamsters,仓鼠,[CREATURE:1][REVIEWED:1]
Hamsters,仓鼠,[CREATURE:1][REVIEWED:1]
hare,野兔,[CREATURE:1][REVIEWED:1]
Hare,野兔,[CREATURE:1][REVIEWED:1]
hare man,野兔人,[CREATURE:1][REVIEWED:1]
Hare man,野兔人,[CREATURE:1][REVIEWED:1]
Hare Man,野兔人,[CREATURE:1][REVIEWED:1]
hare men,野兔人,[CREATURE:1][REVIEWED:1]
Hare men,野兔人,[CREATURE:1][REVIEWED:1]
Hare Men,野兔人,[CREATURE:1][REVIEWED:1]
hares,野兔,[CREATURE:1][REVIEWED:1]
Hares,野兔,[CREATURE:1][REVIEWED:1]
harp seal,竖琴海豹,[CREATURE:1][REVIEWED:1]
Harp seal,竖琴海豹,[CREATURE:1][REVIEWED:1]
Harp Seal,竖琴海豹,[CREATURE:1][REVIEWED:1]
harp seal man,竖琴海豹人,[CREATURE:1][REVIEWED:1]
Harp seal man,竖琴海豹人,[CREATURE:1][REVIEWED:1]
Harp Seal Man,竖琴海豹人,[CREATURE:1][REVIEWED:1]
harp seal men,竖琴海豹人,[CREATURE:1][REVIEWED:1]
Harp seal men,竖琴海豹人,[CREATURE:1][REVIEWED:1]
Harp Seal Men,竖琴海豹人,[CREATURE:1][REVIEWED:1]
harp seals,竖琴海豹,[CREATURE:1][REVIEWED:1]
Harp seals,竖琴海豹,[CREATURE:1][REVIEWED:1]
Harp Seals,竖琴海豹,[CREATURE:1][REVIEWED:1]
harpies,鹰身女妖,[CREATURE:1][REVIEWED:1]
Harpies,鹰身女妖,[CREATURE:1][REVIEWED:1]
harpy,鹰身女妖,[CREATURE:1][REVIEWED:1]
Harpy,鹰身女妖,[CREATURE:1][REVIEWED:1]
haunt of flame,火焰幽魂,[CREATURE:1][REVIEWED:1]
Haunt of flame,火焰幽魂,[CREATURE:1][REVIEWED:1]
Haunt Of Flame,火焰幽魂,[CREATURE:1][REVIEWED:1]
hedgehog,刺猬,[CREATURE:1][REVIEWED:1]
Hedgehog,刺猬,[CREATURE:1][REVIEWED:1]
hedgehog man,刺猬人,[CREATURE:1][REVIEWED:1]
Hedgehog man,刺猬人,[CREATURE:1][REVIEWED:1]
Hedgehog Man,刺猬人,[CREATURE:1][REVIEWED:1]
hedgehog men,刺猬人,[CREATURE:1][REVIEWED:1]
Hedgehog men,刺猬人,[CREATURE:1][REVIEWED:1]
Hedgehog Men,刺猬人,[CREATURE:1][REVIEWED:1]
hedgehogs,刺猬,[CREATURE:1][REVIEWED:1]
Hedgehogs,刺猬,[CREATURE:1][REVIEWED:1]
helicoprion,旋齿鲨,[CREATURE:1][REVIEWED:1]
Helicoprion,旋齿鲨,[CREATURE:1][REVIEWED:1]
helicoprion man,旋齿鲨人,[CREATURE:1][REVIEWED:1]
Helicoprion man,旋齿鲨人,[CREATURE:1][REVIEWED:1]
Helicoprion Man,旋齿鲨人,[CREATURE:1][REVIEWED:1]
helmet snake,头盔蛇,[CREATURE:1][REVIEWED:1]
Helmet snake,头盔蛇,[CREATURE:1][REVIEWED:1]
Helmet Snake,头盔蛇,[CREATURE:1][REVIEWED:1]
helmet snakes,头盔蛇,[CREATURE:1][REVIEWED:1]
Helmet snakes,头盔蛇,[CREATURE:1][REVIEWED:1]
Helmet Snakes,头盔蛇,[CREATURE:1][REVIEWED:1]
herring,鲱鱼,[CREATURE:1][REVIEWED:1]
Herring,鲱鱼,[CREATURE:1][REVIEWED:1]
herrings,鲱鱼,[CREATURE:1][REVIEWED:1]
Herrings,鲱鱼,[CREATURE:1][REVIEWED:1]
hibbertopterus peachi,希氏广翅鲎·皮氏亚种,[CREATURE:1][REVIEWED:1]
Hibbertopterus peachi,希氏广翅鲎·皮氏亚种,[CREATURE:1][REVIEWED:1]
Hibbertopterus Peachi,希氏广翅鲎·皮氏亚种,[CREATURE:1][REVIEWED:1]
hibbertopterus peachi man,希氏广翅鲎·皮氏亚种人,[CREATURE:1][REVIEWED:1]
Hibbertopterus peachi man,希氏广翅鲎·皮氏亚种人,[CREATURE:1][REVIEWED:1]
Hibbertopterus Peachi Man,希氏广翅鲎·皮氏亚种人,[CREATURE:1][REVIEWED:1]
hibbertopterus scouleri,希氏广翅鲎·斯氏亚种,[CREATURE:1][REVIEWED:1]
Hibbertopterus scouleri,希氏广翅鲎·斯氏亚种,[CREATURE:1][REVIEWED:1]
Hibbertopterus Scouleri,希氏广翅鲎·斯氏亚种,[CREATURE:1][REVIEWED:1]
hibbertopterus scouleri man,希氏广翅鲎·斯氏亚种人,[CREATURE:1][REVIEWED:1]
Hibbertopterus scouleri man,希氏广翅鲎·斯氏亚种人,[CREATURE:1][REVIEWED:1]
Hibbertopterus Scouleri Man,希氏广翅鲎·斯氏亚种人,[CREATURE:1][REVIEWED:1]
hippo,河马,[CREATURE:1][REVIEWED:1]
Hippo,河马,[CREATURE:1][REVIEWED:1]
hippo man,河马人,[CREATURE:1][REVIEWED:1]
Hippo man,河马人,[CREATURE:1][REVIEWED:1]
Hippo Man,河马人,[CREATURE:1][REVIEWED:1]
hippo men,河马人,[CREATURE:1][REVIEWED:1]
Hippo men,河马人,[CREATURE:1][REVIEWED:1]
Hippo Men,河马人,[CREATURE:1][REVIEWED:1]
hippos,河马,[CREATURE:1][REVIEWED:1]
Hippos,河马,[CREATURE:1][REVIEWED:1]
hoary marmot,花白旱獭,[CREATURE:1][REVIEWED:1]
Hoary marmot,花白旱獭,[CREATURE:1][REVIEWED:1]
Hoary Marmot,花白旱獭,[CREATURE:1][REVIEWED:1]
hoary marmot man,花白旱獭人,[CREATURE:1][REVIEWED:1]
Hoary marmot man,花白旱獭人,[CREATURE:1][REVIEWED:1]
Hoary Marmot Man,花白旱獭人,[CREATURE:1][REVIEWED:1]
hoary marmot men,花白旱獭人,[CREATURE:1][REVIEWED:1]
Hoary marmot men,花白旱獭人,[CREATURE:1][REVIEWED:1]
Hoary Marmot Men,花白旱獭人,[CREATURE:1][REVIEWED:1]
hoary marmots,花白旱獭,[CREATURE:1][REVIEWED:1]
Hoary marmots,花白旱獭,[CREATURE:1][REVIEWED:1]
Hoary Marmots,花白旱獭,[CREATURE:1][REVIEWED:1]
honey badger,蜜獾,[CREATURE:1][REVIEWED:1]
Honey badger,蜜獾,[CREATURE:1][REVIEWED:1]
Honey Badger,蜜獾,[CREATURE:1][REVIEWED:1]
honey badger man,蜜獾人,[CREATURE:1][REVIEWED:1]
Honey badger man,蜜獾人,[CREATURE:1][REVIEWED:1]
Honey Badger Man,蜜獾人,[CREATURE:1][REVIEWED:1]
honey badger men,蜜獾人,[CREATURE:1][REVIEWED:1]
Honey badger men,蜜獾人,[CREATURE:1][REVIEWED:1]
Honey Badger Men,蜜獾人,[CREATURE:1][REVIEWED:1]
honey badgers,蜜獾,[CREATURE:1][REVIEWED:1]
Honey badgers,蜜獾,[CREATURE:1][REVIEWED:1]
Honey Badgers,蜜獾,[CREATURE:1][REVIEWED:1]
honey bee,蜜蜂,[CREATURE:1][REVIEWED:1]
Honey bee,蜜蜂,[CREATURE:1][REVIEWED:1]
Honey Bee,蜜蜂,[CREATURE:1][REVIEWED:1]
honey bees,蜜蜂,[CREATURE:1][REVIEWED:1]
Honey bees,蜜蜂,[CREATURE:1][REVIEWED:1]
Honey Bees,蜜蜂,[CREATURE:1][REVIEWED:1]
hornbill,犀鸟,[CREATURE:1][REVIEWED:1]
Hornbill,犀鸟,[CREATURE:1][REVIEWED:1]
hornbill man,犀鸟人,[CREATURE:1][REVIEWED:1]
Hornbill man,犀鸟人,[CREATURE:1][REVIEWED:1]
Hornbill Man,犀鸟人,[CREATURE:1][REVIEWED:1]
hornbill men,犀鸟人,[CREATURE:1][REVIEWED:1]
Hornbill men,犀鸟人,[CREATURE:1][REVIEWED:1]
Hornbill Men,犀鸟人,[CREATURE:1][REVIEWED:1]
hornbills,犀鸟,[CREATURE:1][REVIEWED:1]
Hornbills,犀鸟,[CREATURE:1][REVIEWED:1]
horse,马,[CREATURE:1][REVIEWED:1]
Horse,马,[CREATURE:1][REVIEWED:1]
horses,马,[CREATURE:1][REVIEWED:1]
Horses,马,[CREATURE:1][REVIEWED:1]
horseshoe crab,马蹄蟹,[CREATURE:1][REVIEWED:1]
Horseshoe crab,马蹄蟹,[CREATURE:1][REVIEWED:1]
Horseshoe Crab,马蹄蟹,[CREATURE:1][REVIEWED:1]
horseshoe crab man,马蹄蟹人,[CREATURE:1][REVIEWED:1]
Horseshoe crab man,马蹄蟹人,[CREATURE:1][REVIEWED:1]
Horseshoe Crab Man,马蹄蟹人,[CREATURE:1][REVIEWED:1]
horseshoe crab men,马蹄蟹人,[CREATURE:1][REVIEWED:1]
Horseshoe crab men,马蹄蟹人,[CREATURE:1][REVIEWED:1]
Horseshoe Crab Men,马蹄蟹人,[CREATURE:1][REVIEWED:1]
horseshoe crabs,马蹄蟹,[CREATURE:1][REVIEWED:1]
Horseshoe crabs,马蹄蟹,[CREATURE:1][REVIEWED:1]
Horseshoe Crabs,马蹄蟹,[CREATURE:1][REVIEWED:1]
human,人类,[CREATURE:1][REVIEWED:1]
Human,人类,[CREATURE:1][REVIEWED:1]
humans,人类,[CREATURE:1][REVIEWED:1]
Humans,人类,[CREATURE:1][REVIEWED:1]
hungry head,饥饿之颅,[CREATURE:1][REVIEWED:1]
Hungry head,饥饿之颅,[CREATURE:1][REVIEWED:1]
Hungry Head,饥饿之颅,[CREATURE:1][REVIEWED:1]
hungry heads,饥饿之颅,[CREATURE:1][REVIEWED:1]
Hungry heads,饥饿之颅,[CREATURE:1][REVIEWED:1]
Hungry Heads,饥饿之颅,[CREATURE:1][REVIEWED:1]
hydra,七头蛇,[CREATURE:1][REVIEWED:1]
Hydra,七头蛇,[CREATURE:1][REVIEWED:1]
hydras,七头蛇,[CREATURE:1][REVIEWED:1]
Hydras,七头蛇,[CREATURE:1][REVIEWED:1]
hyena,鬣狗,[CREATURE:1][REVIEWED:1]
Hyena,鬣狗,[CREATURE:1][REVIEWED:1]
hyena man,鬣狗人,[CREATURE:1][REVIEWED:1]
Hyena man,鬣狗人,[CREATURE:1][REVIEWED:1]
Hyena Man,鬣狗人,[CREATURE:1][REVIEWED:1]
hyena men,鬣狗人,[CREATURE:1][REVIEWED:1]
Hyena men,鬣狗人,[CREATURE:1][REVIEWED:1]
Hyena Men,鬣狗人,[CREATURE:1][REVIEWED:1]
hyenas,鬣狗,[CREATURE:1][REVIEWED:1]
Hyenas,鬣狗,[CREATURE:1][REVIEWED:1]
hypsilophodon,棱齿龙,[CREATURE:1][REVIEWED:1]
Hypsilophodon,棱齿龙,[CREATURE:1][REVIEWED:1]
hypsilophodon man,棱齿龙人,[CREATURE:1][REVIEWED:1]
Hypsilophodon man,棱齿龙人,[CREATURE:1][REVIEWED:1]
Hypsilophodon Man,棱齿龙人,[CREATURE:1][REVIEWED:1]
ibex,羱羊,[CREATURE:1][REVIEWED:1]
Ibex,羱羊,[CREATURE:1][REVIEWED:1]
ibex man,羱羊人,[CREATURE:1][REVIEWED:1]
Ibex man,羱羊人,[CREATURE:1][REVIEWED:1]
Ibex Man,羱羊人,[CREATURE:1][REVIEWED:1]
ibex men,羱羊人,[CREATURE:1][REVIEWED:1]
Ibex men,羱羊人,[CREATURE:1][REVIEWED:1]
Ibex Men,羱羊人,[CREATURE:1][REVIEWED:1]
ibexes,羱羊,[CREATURE:1][REVIEWED:1]
Ibexes,羱羊,[CREATURE:1][REVIEWED:1]
ice wolf,冰原狼,[CREATURE:1][REVIEWED:1]
Ice wolf,冰原狼,[CREATURE:1][REVIEWED:1]
Ice Wolf,冰原狼,[CREATURE:1][REVIEWED:1]
ice wolves,冰原狼,[CREATURE:1][REVIEWED:1]
Ice wolves,冰原狼,[CREATURE:1][REVIEWED:1]
Ice Wolves,冰原狼,[CREATURE:1][REVIEWED:1]
ichthyosaurus,鱼龙,[CREATURE:1][REVIEWED:1]
Ichthyosaurus,鱼龙,[CREATURE:1][REVIEWED:1]
ichthyosaurus man,鱼龙人,[CREATURE:1][REVIEWED:1]
Ichthyosaurus man,鱼龙人,[CREATURE:1][REVIEWED:1]
Ichthyosaurus Man,鱼龙人,[CREATURE:1][REVIEWED:1]
iguana,鬣蜥,[CREATURE:1][REVIEWED:1]
Iguana,鬣蜥,[CREATURE:1][REVIEWED:1]
iguana man,鬣蜥人,[CREATURE:1][REVIEWED:1]
Iguana man,鬣蜥人,[CREATURE:1][REVIEWED:1]
Iguana Man,鬣蜥人,[CREATURE:1][REVIEWED:1]
iguana men,鬣蜥人,[CREATURE:1][REVIEWED:1]
Iguana men,鬣蜥人,[CREATURE:1][REVIEWED:1]
Iguana Men,鬣蜥人,[CREATURE:1][REVIEWED:1]
iguanas,鬣蜥,[CREATURE:1][REVIEWED:1]
Iguanas,鬣蜥,[CREATURE:1][REVIEWED:1]
iguanodon,禽龙,[CREATURE:1][REVIEWED:1]
Iguanodon,禽龙,[CREATURE:1][REVIEWED:1]
iguanodon man,禽龙人,[CREATURE:1][REVIEWED:1]
Iguanodon man,禽龙人,[CREATURE:1][REVIEWED:1]
Iguanodon Man,禽龙人,[CREATURE:1][REVIEWED:1]
impala,高角羚,[CREATURE:1][REVIEWED:1]
Impala,高角羚,[CREATURE:1][REVIEWED:1]
impala man,高角羚人,[CREATURE:1][REVIEWED:1]
Impala man,高角羚人,[CREATURE:1][REVIEWED:1]
Impala Man,高角羚人,[CREATURE:1][REVIEWED:1]
impala men,高角羚人,[CREATURE:1][REVIEWED:1]
Impala men,高角羚人,[CREATURE:1][REVIEWED:1]
Impala Men,高角羚人,[CREATURE:1][REVIEWED:1]
impalas,高角羚,[CREATURE:1][REVIEWED:1]
Impalas,高角羚,[CREATURE:1][REVIEWED:1]
iron man,铁人,[CREATURE:1][REVIEWED:1]
Iron man,铁人,[CREATURE:1][REVIEWED:1]
Iron Man,铁人,[CREATURE:1][REVIEWED:1]
iron men,铁人,[CREATURE:1][REVIEWED:1]
Iron men,铁人,[CREATURE:1][REVIEWED:1]
Iron Men,铁人,[CREATURE:1][REVIEWED:1]
jabberer,宽喙巨兽,[CREATURE:1][REVIEWED:1]
Jabberer,宽喙巨兽,[CREATURE:1][REVIEWED:1]
jabberers,宽喙巨兽,[CREATURE:1][REVIEWED:1]
Jabberers,宽喙巨兽,[CREATURE:1][REVIEWED:1]
jackal,豺,[CREATURE:1][REVIEWED:1]
Jackal,豺狼,[CREATURE:1][REVIEWED:1]
jackal man,豺人,[CREATURE:1][REVIEWED:1]
Jackal man,豺人,[CREATURE:1][REVIEWED:1]
Jackal Man,豺人,[CREATURE:1][REVIEWED:1]
jackal men,豺人,[CREATURE:1][REVIEWED:1]
Jackal men,豺人,[CREATURE:1][REVIEWED:1]
Jackal Men,豺人,[CREATURE:1][REVIEWED:1]
jackals,豺,[CREATURE:1][REVIEWED:1]
Jackals,豺,[CREATURE:1][REVIEWED:1]
jaekelopterus,耶克尔翼鲎,[CREATURE:1][REVIEWED:1]
Jaekelopterus,耶克尔翼鲎,[CREATURE:1][REVIEWED:1]
jaekelopterus man,耶克尔翼鲎人,[CREATURE:1][REVIEWED:1]
Jaekelopterus man,耶克尔翼鲎人,[CREATURE:1][REVIEWED:1]
Jaekelopterus Man,耶克尔翼鲎人,[CREATURE:1][REVIEWED:1]
jaguar,美洲豹,[CREATURE:1][REVIEWED:1]
Jaguar,美洲豹,[CREATURE:1][REVIEWED:1]
jaguar man,美洲豹人,[CREATURE:1][REVIEWED:1]
Jaguar man,美洲豹人,[CREATURE:1][REVIEWED:1]
Jaguar Man,美洲豹人,[CREATURE:1][REVIEWED:1]
jaguar men,美洲豹人,[CREATURE:1][REVIEWED:1]
Jaguar men,美洲豹人,[CREATURE:1][REVIEWED:1]
Jaguar Men,美洲豹人,[CREATURE:1][REVIEWED:1]
jaguars,美洲豹,[CREATURE:1][REVIEWED:1]
Jaguars,美洲豹,[CREATURE:1][REVIEWED:1]
jeholopterus,热河翼龙,[CREATURE:1][REVIEWED:1]
Jeholopterus,热河翼龙,[CREATURE:1][REVIEWED:1]
jeholopterus man,热河翼龙人,[CREATURE:1][REVIEWED:1]
Jeholopterus man,热河翼龙人,[CREATURE:1][REVIEWED:1]
Jeholopterus Man,热河翼龙人,[CREATURE:1][REVIEWED:1]
jumping spider,跳蛛,[CREATURE:1][REVIEWED:1]
Jumping spider,跳蛛,[CREATURE:1][REVIEWED:1]
Jumping Spider,跳蛛,[CREATURE:1][REVIEWED:1]
jumping spider man,跳蛛人,[CREATURE:1][REVIEWED:1]
Jumping spider man,跳蛛人,[CREATURE:1][REVIEWED:1]
Jumping Spider Man,跳蛛人,[CREATURE:1][REVIEWED:1]
jumping spider men,跳蛛人,[CREATURE:1][REVIEWED:1]
Jumping spider men,跳蛛人,[CREATURE:1][REVIEWED:1]
Jumping Spider Men,跳蛛人,[CREATURE:1][REVIEWED:1]
jumping spiders,跳蛛,[CREATURE:1][REVIEWED:1]
Jumping spiders,跳蛛,[CREATURE:1][REVIEWED:1]
Jumping Spiders,跳蛛,[CREATURE:1][REVIEWED:1]
kakapo,鸮鹦鹉,[CREATURE:1][REVIEWED:1]
Kakapo,鸮鹦鹉,[CREATURE:1][REVIEWED:1]
kakapo man,鸮鹦鹉人,[CREATURE:1][REVIEWED:1]
Kakapo man,鸮鹦鹉人,[CREATURE:1][REVIEWED:1]
Kakapo Man,鸮鹦鹉人,[CREATURE:1][REVIEWED:1]
kakapo men,鸮鹦鹉人,[CREATURE:1][REVIEWED:1]
Kakapo men,鸮鹦鹉人,[CREATURE:1][REVIEWED:1]
Kakapo Men,鸮鹦鹉人,[CREATURE:1][REVIEWED:1]
kangaroo,袋鼠,[CREATURE:1][REVIEWED:1]
Kangaroo,袋鼠,[CREATURE:1][REVIEWED:1]
kangaroo man,袋鼠人,[CREATURE:1][REVIEWED:1]
Kangaroo man,袋鼠人,[CREATURE:1][REVIEWED:1]
Kangaroo Man,袋鼠人,[CREATURE:1][REVIEWED:1]
kangaroo men,袋鼠人,[CREATURE:1][REVIEWED:1]
Kangaroo men,袋鼠人,[CREATURE:1][REVIEWED:1]
Kangaroo Men,袋鼠人,[CREATURE:1][REVIEWED:1]
kangaroos,袋鼠,[CREATURE:1][REVIEWED:1]
Kangaroos,袋鼠,[CREATURE:1][REVIEWED:1]
kea,啄羊鹦鹉,[CREATURE:1][REVIEWED:1]
Kea,啄羊鹦鹉,[CREATURE:1][REVIEWED:1]
kea man,啄羊鹦鹉人,[CREATURE:1][REVIEWED:1]
Kea man,啄羊鹦鹉人,[CREATURE:1][REVIEWED:1]
Kea Man,啄羊鹦鹉人,[CREATURE:1][REVIEWED:1]
kea men,啄羊鹦鹉人,[CREATURE:1][REVIEWED:1]
Kea men,啄羊鹦鹉人,[CREATURE:1][REVIEWED:1]
Kea Men,啄羊鹦鹉人,[CREATURE:1][REVIEWED:1]
kelenken,凯伦肯,[CREATURE:1][REVIEWED:1]
Kelenken,凯伦肯,[CREATURE:1][REVIEWED:1]
kelenken man,凯伦肯人,[CREATURE:1][REVIEWED:1]
Kelenken man,凯伦肯人,[CREATURE:1][REVIEWED:1]
Kelenken Man,凯伦肯人,[CREATURE:1][REVIEWED:1]
kentrosaurus,钉状龙,[CREATURE:1][REVIEWED:1]
Kentrosaurus,钉状龙,[CREATURE:1][REVIEWED:1]
kentrosaurus man,钉状龙人,[CREATURE:1][REVIEWED:1]
Kentrosaurus man,钉状龙人,[CREATURE:1][REVIEWED:1]
Kentrosaurus Man,钉状龙人,[CREATURE:1][REVIEWED:1]
kestrel,红隼,[CREATURE:1][REVIEWED:1]
Kestrel,红隼,[CREATURE:1][REVIEWED:1]
kestrel man,红隼人,[CREATURE:1][REVIEWED:1]
Kestrel man,红隼人,[CREATURE:1][REVIEWED:1]
Kestrel Man,红隼人,[CREATURE:1][REVIEWED:1]
kestrel men,红隼人,[CREATURE:1][REVIEWED:1]
Kestrel men,红隼人,[CREATURE:1][REVIEWED:1]
Kestrel Men,红隼人,[CREATURE:1][REVIEWED:1]
kestrels,红隼,[CREATURE:1][REVIEWED:1]
Kestrels,红隼,[CREATURE:1][REVIEWED:1]
king cobra,眼镜王蛇,[CREATURE:1][REVIEWED:1]
King cobra,眼镜王蛇,[CREATURE:1][REVIEWED:1]
King Cobra,眼镜王蛇,[CREATURE:1][REVIEWED:1]
king cobra man,眼镜王蛇人,[CREATURE:1][REVIEWED:1]
King cobra man,眼镜王蛇人,[CREATURE:1][REVIEWED:1]
King Cobra Man,眼镜王蛇人,[CREATURE:1][REVIEWED:1]
king cobra men,眼镜王蛇人,[CREATURE:1][REVIEWED:1]
King cobra men,眼镜王蛇人,[CREATURE:1][REVIEWED:1]
King Cobra Men,眼镜王蛇人,[CREATURE:1][REVIEWED:1]
king cobras,眼镜王蛇,[CREATURE:1][REVIEWED:1]
King cobras,眼镜王蛇,[CREATURE:1][REVIEWED:1]
King Cobras,眼镜王蛇,[CREATURE:1][REVIEWED:1]
kingsnake,皇帝蛇,[CREATURE:1][REVIEWED:1]
Kingsnake,皇帝蛇,[CREATURE:1][REVIEWED:1]
kingsnake man,皇帝蛇人,[CREATURE:1][REVIEWED:1]
Kingsnake man,皇帝蛇人,[CREATURE:1][REVIEWED:1]
Kingsnake Man,皇帝蛇人,[CREATURE:1][REVIEWED:1]
kingsnake men,皇帝蛇人,[CREATURE:1][REVIEWED:1]
Kingsnake men,皇帝蛇人,[CREATURE:1][REVIEWED:1]
Kingsnake Men,皇帝蛇人,[CREATURE:1][REVIEWED:1]
kingsnakes,皇帝蛇,[CREATURE:1][REVIEWED:1]
Kingsnakes,皇帝蛇,[CREATURE:1][REVIEWED:1]
kiwi,鹬鸵,[CREATURE:1][REVIEWED:1]
Kiwi,鹬鸵,[CREATURE:1][REVIEWED:1]
kiwi man,鹬鸵人,[CREATURE:1][REVIEWED:1]
Kiwi man,鹬鸵人,[CREATURE:1][REVIEWED:1]
Kiwi Man,鹬鸵人,[CREATURE:1][REVIEWED:1]
kiwi men,鹬鸵人,[CREATURE:1][REVIEWED:1]
Kiwi men,鹬鸵人,[CREATURE:1][REVIEWED:1]
Kiwi Men,鹬鸵人,[CREATURE:1][REVIEWED:1]
kiwis,鹬鸵,[CREATURE:1][REVIEWED:1]
Kiwis,鹬鸵,[CREATURE:1][REVIEWED:1]
knuckle worm,关节蠕虫,[CREATURE:1][REVIEWED:1]
Knuckle worm,关节蠕虫,[CREATURE:1][REVIEWED:1]
Knuckle Worm,关节蠕虫,[CREATURE:1][REVIEWED:1]
knuckle worms,关节蠕虫,[CREATURE:1][REVIEWED:1]
Knuckle worms,关节蠕虫,[CREATURE:1][REVIEWED:1]
Knuckle Worms,关节蠕虫,[CREATURE:1][REVIEWED:1]
koala,树袋熊,[CREATURE:1][REVIEWED:1]
Koala,树袋熊,[CREATURE:1][REVIEWED:1]
koala man,树袋熊人,[CREATURE:1][REVIEWED:1]
Koala man,树袋熊人,[CREATURE:1][REVIEWED:1]
Koala Man,树袋熊人,[CREATURE:1][REVIEWED:1]
koala men,树袋熊人,[CREATURE:1][REVIEWED:1]
Koala men,树袋熊人,[CREATURE:1][REVIEWED:1]
Koala Men,树袋熊人,[CREATURE:1][REVIEWED:1]
koalas,树袋熊,[CREATURE:1][REVIEWED:1]
Koalas,树袋熊,[CREATURE:1][REVIEWED:1]
kobold,狗头人,[CREATURE:1][REVIEWED:1]
Kobold,狗头人,[CREATURE:1][REVIEWED:1]
kobolds,狗头人,[CREATURE:1][REVIEWED:1]
Kobolds,狗头人,[CREATURE:1][REVIEWED:1]
kosmoceratops,华丽角龙,[CREATURE:1][REVIEWED:1]
Kosmoceratops,华丽角龙,[CREATURE:1][REVIEWED:1]
kosmoceratops man,华丽角龙人,[CREATURE:1][REVIEWED:1]
Kosmoceratops man,华丽角龙人,[CREATURE:1][REVIEWED:1]
Kosmoceratops Man,华丽角龙人,[CREATURE:1][REVIEWED:1]
large rat,硕鼠,[CREATURE:1][REVIEWED:1]
Large rat,硕鼠,[CREATURE:1][REVIEWED:1]
Large Rat,硕鼠,[CREATURE:1][REVIEWED:1]
large rats,硕鼠,[CREATURE:1][REVIEWED:1]
Large rats,硕鼠,[CREATURE:1][REVIEWED:1]
Large Rats,硕鼠,[CREATURE:1][REVIEWED:1]
large roach,大蟑螂,[CREATURE:1][REVIEWED:1]
Large roach,大蟑螂,[CREATURE:1][REVIEWED:1]
Large Roach,大蟑螂,[CREATURE:1][REVIEWED:1]
large roaches,大蟑螂,[CREATURE:1][REVIEWED:1]
Large roaches,大蟑螂,[CREATURE:1][REVIEWED:1]
Large Roaches,大蟑螂,[CREATURE:1][REVIEWED:1]
leech,水蛭,[CREATURE:1][REVIEWED:1]
Leech,水蛭,[CREATURE:1][REVIEWED:1]
leech man,水蛭人,[CREATURE:1][REVIEWED:1]
Leech man,水蛭人,[CREATURE:1][REVIEWED:1]
Leech Man,水蛭人,[CREATURE:1][REVIEWED:1]
leech men,水蛭人,[CREATURE:1][REVIEWED:1]
Leech men,水蛭人,[CREATURE:1][REVIEWED:1]
Leech Men,水蛭人,[CREATURE:1][REVIEWED:1]
leeches,水蛭,[CREATURE:1][REVIEWED:1]
Leeches,水蛭,[CREATURE:1][REVIEWED:1]
lemur fiend,狐猴恶魔,[CREATURE:1][REVIEWED:1]
Lemur fiend,狐猴恶魔,[CREATURE:1][REVIEWED:1]
Lemur Fiend,狐猴恶魔,[CREATURE:1][REVIEWED:1]
leopard,花豹,[CREATURE:1][REVIEWED:1]
Leopard,豹,[CREATURE:1][REVIEWED:1]
leopard gecko,豹纹壁虎,[CREATURE:1][REVIEWED:1]
Leopard gecko,豹纹壁虎,[CREATURE:1][REVIEWED:1]
Leopard Gecko,豹纹壁虎,[CREATURE:1][REVIEWED:1]
leopard gecko man,豹纹壁虎人,[CREATURE:1][REVIEWED:1]
Leopard gecko man,豹纹壁虎人,[CREATURE:1][REVIEWED:1]
Leopard Gecko Man,豹纹壁虎人,[CREATURE:1][REVIEWED:1]
leopard gecko men,豹纹壁虎人,[CREATURE:1][REVIEWED:1]
Leopard gecko men,豹纹壁虎人,[CREATURE:1][REVIEWED:1]
Leopard Gecko Men,豹纹壁虎人,[CREATURE:1][REVIEWED:1]
leopard geckos,豹纹壁虎,[CREATURE:1][REVIEWED:1]
Leopard geckos,豹纹壁虎,[CREATURE:1][REVIEWED:1]
Leopard Geckos,豹纹壁虎,[CREATURE:1][REVIEWED:1]
leopard man,花豹人,[CREATURE:1][REVIEWED:1]
Leopard man,花豹人,[CREATURE:1][REVIEWED:1]
Leopard Man,花豹人,[CREATURE:1][REVIEWED:1]
leopard men,花豹人,[CREATURE:1][REVIEWED:1]
Leopard men,花豹人,[CREATURE:1][REVIEWED:1]
Leopard Men,花豹人,[CREATURE:1][REVIEWED:1]
leopard seal,豹形海豹,[CREATURE:1][REVIEWED:1]
Leopard seal,豹形海豹,[CREATURE:1][REVIEWED:1]
Leopard Seal,豹形海豹,[CREATURE:1][REVIEWED:1]
leopard seal man,豹形海豹人,[CREATURE:1][REVIEWED:1]
Leopard seal man,豹形海豹人,[CREATURE:1][REVIEWED:1]
Leopard Seal Man,豹形海豹人,[CREATURE:1][REVIEWED:1]
leopard seal men,豹形海豹人,[CREATURE:1][REVIEWED:1]
Leopard seal men,豹形海豹人,[CREATURE:1][REVIEWED:1]
Leopard Seal Men,豹形海豹人,[CREATURE:1][REVIEWED:1]
leopard seals,豹形海豹,[CREATURE:1][REVIEWED:1]
Leopard seals,豹形海豹,[CREATURE:1][REVIEWED:1]
Leopard Seals,豹形海豹,[CREATURE:1][REVIEWED:1]
leopards,花豹,[CREATURE:1][REVIEWED:1]
Leopards,花豹,[CREATURE:1][REVIEWED:1]
lice,虱子,[CREATURE:1][REVIEWED:1]
Lice,虱子,[CREATURE:1][REVIEWED:1]
linhenykus,临河爪龙,[CREATURE:1][REVIEWED:1]
Linhenykus,临河爪龙,[CREATURE:1][REVIEWED:1]
linhenykus man,临河爪龙人,[CREATURE:1][REVIEWED:1]
Linhenykus man,临河爪龙人,[CREATURE:1][REVIEWED:1]
Linhenykus Man,临河爪龙人,[CREATURE:1][REVIEWED:1]
lion,狮子,[CREATURE:1][REVIEWED:1]
Lion,狮子,[CREATURE:1][REVIEWED:1]
lion man,狮子人,[CREATURE:1][REVIEWED:1]
Lion man,狮子人,[CREATURE:1][REVIEWED:1]
Lion Man,狮子人,[CREATURE:1][REVIEWED:1]
lion men,狮子人,[CREATURE:1][REVIEWED:1]
Lion men,狮子人,[CREATURE:1][REVIEWED:1]
Lion Men,狮子人,[CREATURE:1][REVIEWED:1]
lion tamarin,狮狨猴,[CREATURE:1][REVIEWED:1]
Lion tamarin,狮狨猴,[CREATURE:1][REVIEWED:1]
Lion Tamarin,狮狨猴,[CREATURE:1][REVIEWED:1]
lion tamarin man,狮狨猴人,[CREATURE:1][REVIEWED:1]
Lion tamarin man,狮狨猴人,[CREATURE:1][REVIEWED:1]
Lion Tamarin Man,狮狨猴人,[CREATURE:1][REVIEWED:1]
lion tamarin men,狮狨猴人,[CREATURE:1][REVIEWED:1]
Lion tamarin men,狮狨猴人,[CREATURE:1][REVIEWED:1]
Lion Tamarin Men,狮狨猴人,[CREATURE:1][REVIEWED:1]
lion tamarins,狮狨猴,[CREATURE:1][REVIEWED:1]
Lion tamarins,狮狨猴,[CREATURE:1][REVIEWED:1]
Lion Tamarins,狮狨猴,[CREATURE:1][REVIEWED:1]
lions,狮子,[CREATURE:1][REVIEWED:1]
Lions,狮子,[CREATURE:1][REVIEWED:1]
little penguin,小企鹅,[CREATURE:1][REVIEWED:1]
Little penguin,小企鹅,[CREATURE:1][REVIEWED:1]
Little Penguin,小企鹅,[CREATURE:1][REVIEWED:1]
little penguins,小企鹅,[CREATURE:1][REVIEWED:1]
Little penguins,小企鹅,[CREATURE:1][REVIEWED:1]
Little Penguins,小企鹅,[CREATURE:1][REVIEWED:1]
lizard,蜥蜴,[CREATURE:1][REVIEWED:1]
Lizard,蜥蜴,[CREATURE:1][REVIEWED:1]
lizard demon,蜥蜴恶魔,[CREATURE:1][REVIEWED:1]
Lizard demon,蜥蜴恶魔,[CREATURE:1][REVIEWED:1]
Lizard Demon,蜥蜴恶魔,[CREATURE:1][REVIEWED:1]
lizard man,蜥蜴人,[CREATURE:1][REVIEWED:1]
Lizard man,蜥蜴人,[CREATURE:1][REVIEWED:1]
Lizard Man,蜥蜴人,[CREATURE:1][REVIEWED:1]
lizard men,蜥蜴人,[CREATURE:1][REVIEWED:1]
Lizard men,蜥蜴人,[CREATURE:1][REVIEWED:1]
Lizard Men,蜥蜴人,[CREATURE:1][REVIEWED:1]
lizards,蜥蜴,[CREATURE:1][REVIEWED:1]
Lizards,蜥蜴,[CREATURE:1][REVIEWED:1]
llama,无峰驼,[CREATURE:1][REVIEWED:1]
Llama,无峰驼,[CREATURE:1][REVIEWED:1]
llamas,无峰驼,[CREATURE:1][REVIEWED:1]
Llamas,无峰驼,[CREATURE:1][REVIEWED:1]
longfin mako shark,长鳍鲭鲨,[CREATURE:1][REVIEWED:1]
Longfin mako shark,长鳍鲭鲨,[CREATURE:1][REVIEWED:1]
Longfin Mako Shark,长鳍鲭鲨,[CREATURE:1][REVIEWED:1]
longfin mako sharks,长鳍鲭鲨,[CREATURE:1][REVIEWED:1]
Longfin mako sharks,长鳍鲭鲨,[CREATURE:1][REVIEWED:1]
Longfin Mako Sharks,长鳍鲭鲨,[CREATURE:1][REVIEWED:1]
longnose gar,长鼻雀鳝,[CREATURE:1][REVIEWED:1]
Longnose gar,长鼻雀鳝,[CREATURE:1][REVIEWED:1]
Longnose Gar,长鼻雀鳝,[CREATURE:1][REVIEWED:1]
longnose gars,长鼻雀鳝,[CREATURE:1][REVIEWED:1]
Longnose gars,长鼻雀鳝,[CREATURE:1][REVIEWED:1]
Longnose Gars,长鼻雀鳝,[CREATURE:1][REVIEWED:1]
loon,潜鸟,[CREATURE:1][REVIEWED:1]
Loon,潜鸟,[CREATURE:1][REVIEWED:1]
loon man,潜鸟人,[CREATURE:1][REVIEWED:1]
Loon man,潜鸟人,[CREATURE:1][REVIEWED:1]
Loon Man,潜鸟人,[CREATURE:1][REVIEWED:1]
loon men,潜鸟人,[CREATURE:1][REVIEWED:1]
Loon men,潜鸟人,[CREATURE:1][REVIEWED:1]
Loon Men,潜鸟人,[CREATURE:1][REVIEWED:1]
loons,潜鸟,[CREATURE:1][REVIEWED:1]
Loons,潜鸟,[CREATURE:1][REVIEWED:1]
lorikeet,吸蜜鹦鹉,[CREATURE:1][REVIEWED:1]
Lorikeet,吸蜜鹦鹉,[CREATURE:1][REVIEWED:1]
lorikeet man,吸蜜鹦鹉人,[CREATURE:1][REVIEWED:1]
Lorikeet man,吸蜜鹦鹉人,[CREATURE:1][REVIEWED:1]
Lorikeet Man,吸蜜鹦鹉人,[CREATURE:1][REVIEWED:1]
lorikeet men,吸蜜鹦鹉人,[CREATURE:1][REVIEWED:1]
Lorikeet men,吸蜜鹦鹉人,[CREATURE:1][REVIEWED:1]
Lorikeet Men,吸蜜鹦鹉人,[CREATURE:1][REVIEWED:1]
lorikeets,吸蜜鹦鹉,[CREATURE:1][REVIEWED:1]
Lorikeets,吸蜜鹦鹉,[CREATURE:1][REVIEWED:1]
louse,虱子,[CREATURE:1][REVIEWED:1]
Louse,虱子,[CREATURE:1][REVIEWED:1]
louse man,虱子人,[CREATURE:1][REVIEWED:1]
Louse man,虱子人,[CREATURE:1][REVIEWED:1]
Louse Man,虱子人,[CREATURE:1][REVIEWED:1]
louse men,虱子人,[CREATURE:1][REVIEWED:1]
Louse men,虱子人,[CREATURE:1][REVIEWED:1]
Louse Men,虱子人,[CREATURE:1][REVIEWED:1]
lungfish,肺鱼,[CREATURE:1][REVIEWED:1]
Lungfish,肺鱼,[CREATURE:1][REVIEWED:1]
lynx,猞猁,[CREATURE:1][REVIEWED:1]
Lynx,猞猁,[CREATURE:1][REVIEWED:1]
lynx man,猞猁人,[CREATURE:1][REVIEWED:1]
Lynx man,猞猁人,[CREATURE:1][REVIEWED:1]
Lynx Man,猞猁人,[CREATURE:1][REVIEWED:1]
lynx men,猞猁人,[CREATURE:1][REVIEWED:1]
Lynx men,猞猁人,[CREATURE:1][REVIEWED:1]
Lynx Men,猞猁人,[CREATURE:1][REVIEWED:1]
lystrosaurus,水龙兽,[CREATURE:1][REVIEWED:1]
Lystrosaurus,水龙兽,[CREATURE:1][REVIEWED:1]
lystrosaurus man,水龙兽人,[CREATURE:1][REVIEWED:1]
Lystrosaurus man,水龙兽人,[CREATURE:1][REVIEWED:1]
Lystrosaurus Man,水龙兽人,[CREATURE:1][REVIEWED:1]
mackerel,鲭鱼,[CREATURE:1][REVIEWED:1]
Mackerel,鲭鱼,[CREATURE:1][REVIEWED:1]
magma crab,熔岩螃蟹,[CREATURE:1][REVIEWED:1]
Magma crab,熔岩螃蟹,[CREATURE:1][REVIEWED:1]
Magma Crab,熔岩螃蟹,[CREATURE:1][REVIEWED:1]
magma crabs,熔岩螃蟹,[CREATURE:1][REVIEWED:1]
Magma crabs,熔岩螃蟹,[CREATURE:1][REVIEWED:1]
Magma Crabs,熔岩螃蟹,[CREATURE:1][REVIEWED:1]
magma man,岩浆人,[CREATURE:1][REVIEWED:1]
Magma man,岩浆人,[CREATURE:1][REVIEWED:1]
Magma Man,岩浆人,[CREATURE:1][REVIEWED:1]
magma men,岩浆人,[CREATURE:1][REVIEWED:1]
Magma men,岩浆人,[CREATURE:1][REVIEWED:1]
Magma Men,岩浆人,[CREATURE:1][REVIEWED:1]
magpie,喜鹊,[CREATURE:1][REVIEWED:1]
Magpie,喜鹊,[CREATURE:1][REVIEWED:1]
magpie man,喜鹊人,[CREATURE:1][REVIEWED:1]
Magpie man,喜鹊人,[CREATURE:1][REVIEWED:1]
Magpie Man,喜鹊人,[CREATURE:1][REVIEWED:1]
magpie men,喜鹊人,[CREATURE:1][REVIEWED:1]
Magpie men,喜鹊人,[CREATURE:1][REVIEWED:1]
Magpie Men,喜鹊人,[CREATURE:1][REVIEWED:1]
magpies,喜鹊,[CREATURE:1][REVIEWED:1]
Magpies,喜鹊,[CREATURE:1][REVIEWED:1]
mandrill,山魈,[CREATURE:1][REVIEWED:1]
Mandrill,山魈,[CREATURE:1][REVIEWED:1]
mandrill man,山魈人,[CREATURE:1][REVIEWED:1]
Mandrill man,山魈人,[CREATURE:1][REVIEWED:1]
Mandrill Man,山魈人,[CREATURE:1][REVIEWED:1]
mandrill men,山魈人,[CREATURE:1][REVIEWED:1]
Mandrill men,山魈人,[CREATURE:1][REVIEWED:1]
Mandrill Men,山魈人,[CREATURE:1][REVIEWED:1]
mandrills,山魈,[CREATURE:1][REVIEWED:1]
Mandrills,山魈,[CREATURE:1][REVIEWED:1]
manera,倒吊鲨齿怪,[CREATURE:1][REVIEWED:1]
Manera,倒吊鲨齿怪,[CREATURE:1][REVIEWED:1]
maneras,倒吊鲨齿怪,[CREATURE:1][REVIEWED:1]
Maneras,倒吊鲨齿怪,[CREATURE:1][REVIEWED:1]
manta ray,蝠鲼,[CREATURE:1][REVIEWED:1]
Manta ray,蝠鲼,[CREATURE:1][REVIEWED:1]
Manta Ray,蝠鲼,[CREATURE:1][REVIEWED:1]
manta rays,蝠鲼,[CREATURE:1][REVIEWED:1]
Manta rays,蝠鲼,[CREATURE:1][REVIEWED:1]
Manta Rays,蝠鲼,[CREATURE:1][REVIEWED:1]
mantis,螳螂,[CREATURE:1][REVIEWED:1]
Mantis,螳螂,[CREATURE:1][REVIEWED:1]
mantis man,螳螂人,[CREATURE:1][REVIEWED:1]
Mantis man,螳螂人,[CREATURE:1][REVIEWED:1]
Mantis Man,螳螂人,[CREATURE:1][REVIEWED:1]
mantis men,螳螂人,[CREATURE:1][REVIEWED:1]
Mantis men,螳螂人,[CREATURE:1][REVIEWED:1]
Mantis Men,螳螂人,[CREATURE:1][REVIEWED:1]
mantises,螳螂,[CREATURE:1][REVIEWED:1]
Mantises,螳螂,[CREATURE:1][REVIEWED:1]
marlin,枪鱼,[CREATURE:1][REVIEWED:1]
Marlin,枪鱼,[CREATURE:1][REVIEWED:1]
marlins,枪鱼,[CREATURE:1][REVIEWED:1]
Marlins,枪鱼,[CREATURE:1][REVIEWED:1]
masked lovebird,蒙面爱情鸟,[CREATURE:1][REVIEWED:1]
Masked lovebird,蒙面爱情鸟,[CREATURE:1][REVIEWED:1]
Masked Lovebird,蒙面爱情鸟,[CREATURE:1][REVIEWED:1]
masked lovebird man,蒙面爱情鸟人,[CREATURE:1][REVIEWED:1]
Masked lovebird man,蒙面爱情鸟人,[CREATURE:1][REVIEWED:1]
Masked Lovebird Man,蒙面爱情鸟人,[CREATURE:1][REVIEWED:1]
masked lovebird men,蒙面爱情鸟人,[CREATURE:1][REVIEWED:1]
Masked lovebird men,蒙面爱情鸟人,[CREATURE:1][REVIEWED:1]
Masked Lovebird Men,蒙面爱情鸟人,[CREATURE:1][REVIEWED:1]
masked lovebirds,蒙面爱情鸟,[CREATURE:1][REVIEWED:1]
Masked lovebirds,蒙面爱情鸟,[CREATURE:1][REVIEWED:1]
Masked Lovebirds,蒙面爱情鸟,[CREATURE:1][REVIEWED:1]
megacerops,巨角犀,[CREATURE:1][REVIEWED:1]
Megacerops,巨角犀,[CREATURE:1][REVIEWED:1]
megacerops man,巨角犀人,[CREATURE:1][REVIEWED:1]
Megacerops man,巨角犀人,[CREATURE:1][REVIEWED:1]
Megacerops Man,巨角犀人,[CREATURE:1][REVIEWED:1]
megalania,巨蜥,[CREATURE:1][REVIEWED:1]
Megalania,巨蜥,[CREATURE:1][REVIEWED:1]
megalania man,巨蜥人,[CREATURE:1][REVIEWED:1]
Megalania man,巨蜥人,[CREATURE:1][REVIEWED:1]
Megalania Man,巨蜥人,[CREATURE:1][REVIEWED:1]
megalodon,巨齿鲨,[CREATURE:1][REVIEWED:1]
Megalodon,巨齿鲨,[CREATURE:1][REVIEWED:1]
megalodon man,巨齿鲨人,[CREATURE:1][REVIEWED:1]
Megalodon man,巨齿鲨人,[CREATURE:1][REVIEWED:1]
Megalodon Man,巨齿鲨人,[CREATURE:1][REVIEWED:1]
meganeura,巨脉蜻蜓,[CREATURE:1][REVIEWED:1]
Meganeura,巨脉蜻蜓,[CREATURE:1][REVIEWED:1]
meganeura man,巨脉蜻蜓人,[CREATURE:1][REVIEWED:1]
Meganeura man,巨脉蜻蜓人,[CREATURE:1][REVIEWED:1]
Meganeura Man,巨脉蜻蜓人,[CREATURE:1][REVIEWED:1]
megatherium,大地懒,[CREATURE:1][REVIEWED:1]
Megatherium,大地懒,[CREATURE:1][REVIEWED:1]
megatherium man,大地懒人,[CREATURE:1][REVIEWED:1]
Megatherium man,大地懒人,[CREATURE:1][REVIEWED:1]
Megatherium Man,大地懒人,[CREATURE:1][REVIEWED:1]
merpeople,人鱼,[CREATURE:1][REVIEWED:1]
Merpeople,人鱼,[CREATURE:1][REVIEWED:1]
merperson,人鱼,[CREATURE:1][REVIEWED:1]
Merperson,人鱼,[CREATURE:1][REVIEWED:1]
mezum's monster,梅祖姆的怪物,[CREATURE:1][REVIEWED:1]
mezum's Monster,梅祖姆的怪物,[CREATURE:1][REVIEWED:1]
Mezum's Monster,梅祖姆的怪物,[CREATURE:1][REVIEWED:1]
Mezum'S Monster,梅祖姆的怪物,[CREATURE:1][REVIEWED:1]
mezum's soldier,梅祖姆的士兵,[CREATURE:1][REVIEWED:1]
mezum's Soldier,梅祖姆的士兵,[CREATURE:1][REVIEWED:1]
Mezum's Soldier,梅祖姆的士兵,[CREATURE:1][REVIEWED:1]
Mezum'S Soldier,梅祖姆的士兵,[CREATURE:1][REVIEWED:1]
microceratus,微角龙,[CREATURE:1][REVIEWED:1]
Microceratus,微角龙,[CREATURE:1][REVIEWED:1]
microceratus man,微角龙人,[CREATURE:1][REVIEWED:1]
Microceratus man,微角龙人,[CREATURE:1][REVIEWED:1]
Microceratus Man,微角龙人,[CREATURE:1][REVIEWED:1]
milkfish,遮目鱼,[CREATURE:1][REVIEWED:1]
Milkfish,遮目鱼,[CREATURE:1][REVIEWED:1]
mimetaster,仿星虫,[CREATURE:1][REVIEWED:1]
Mimetaster,仿星虫,[CREATURE:1][REVIEWED:1]
mimetaster man,仿星虫人,[CREATURE:1][REVIEWED:1]
Mimetaster man,仿星虫人,[CREATURE:1][REVIEWED:1]
Mimetaster Man,仿星虫人,[CREATURE:1][REVIEWED:1]
mink,水貂,[CREATURE:1][REVIEWED:1]
Mink,水貂,[CREATURE:1][REVIEWED:1]
mink man,水貂人,[CREATURE:1][REVIEWED:1]
Mink man,水貂人,[CREATURE:1][REVIEWED:1]
Mink Man,水貂人,[CREATURE:1][REVIEWED:1]
mink men,水貂人,[CREATURE:1][REVIEWED:1]
Mink men,水貂人,[CREATURE:1][REVIEWED:1]
Mink Men,水貂人,[CREATURE:1][REVIEWED:1]
minks,水貂,[CREATURE:1][REVIEWED:1]
Minks,水貂,[CREATURE:1][REVIEWED:1]
minotaur,牛头人,[CREATURE:1][REVIEWED:1]
Minotaur,牛头人,[CREATURE:1][REVIEWED:1]
minotaurs,牛头人,[CREATURE:1][REVIEWED:1]
Minotaurs,牛头人,[CREATURE:1][REVIEWED:1]
miohippus,渐新马,[CREATURE:1][REVIEWED:1]
Miohippus,渐新马,[CREATURE:1][REVIEWED:1]
miohippus man,渐新马人,[CREATURE:1][REVIEWED:1]
Miohippus man,渐新马人,[CREATURE:1][REVIEWED:1]
Miohippus Man,渐新马人,[CREATURE:1][REVIEWED:1]
moa,恐鸟,[CREATURE:1][REVIEWED:1]
Moa,恐鸟,[CREATURE:1][REVIEWED:1]
moa man,恐鸟人,[CREATURE:1][REVIEWED:1]
Moa man,恐鸟人,[CREATURE:1][REVIEWED:1]
Moa Man,恐鸟人,[CREATURE:1][REVIEWED:1]
moghopper,泥跳虫,[CREATURE:1][REVIEWED:1]
Moghopper,泥跳虫,[CREATURE:1][REVIEWED:1]
moghoppers,泥跳虫,[CREATURE:1][REVIEWED:1]
Moghoppers,泥跳虫,[CREATURE:1][REVIEWED:1]
molemarian,半身鼹鼠兽,[CREATURE:1][REVIEWED:1]
Molemarian,半身鼹鼠兽,[CREATURE:1][REVIEWED:1]
molemarians,半身鼹鼠兽,[CREATURE:1][REVIEWED:1]
Molemarians,半身鼹鼠兽,[CREATURE:1][REVIEWED:1]
monarch butterflies,帝王蝶,[CREATURE:1][REVIEWED:1]
Monarch butterflies,帝王蝶,[CREATURE:1][REVIEWED:1]
Monarch Butterflies,帝王蝶,[CREATURE:1][REVIEWED:1]
monarch butterfly,帝王蝶,[CREATURE:1][REVIEWED:1]
Monarch butterfly,帝王蝶,[CREATURE:1][REVIEWED:1]
Monarch Butterfly,帝王蝶,[CREATURE:1][REVIEWED:1]
monarch butterfly man,帝王蝶人,[CREATURE:1][REVIEWED:1]
Monarch butterfly man,帝王蝶人,[CREATURE:1][REVIEWED:1]
Monarch Butterfly Man,帝王蝶人,[CREATURE:1][REVIEWED:1]
monarch butterfly men,帝王蝶人,[CREATURE:1][REVIEWED:1]
Monarch butterfly men,帝王蝶人,[CREATURE:1][REVIEWED:1]
Monarch Butterfly Men,帝王蝶人,[CREATURE:1][REVIEWED:1]
mongoose,獴,[CREATURE:1][REVIEWED:1]
Mongoose,獴,[CREATURE:1][REVIEWED:1]
mongoose man,獴人,[CREATURE:1][REVIEWED:1]
Mongoose man,獴人,[CREATURE:1][REVIEWED:1]
Mongoose Man,獴人,[CREATURE:1][REVIEWED:1]
mongoose men,獴人,[CREATURE:1][REVIEWED:1]
Mongoose men,獴人,[CREATURE:1][REVIEWED:1]
Mongoose Men,獴人,[CREATURE:1][REVIEWED:1]
mongooses,獴,[CREATURE:1][REVIEWED:1]
Mongooses,獴,[CREATURE:1][REVIEWED:1]
monitor lizard,巨蜥,[CREATURE:1][REVIEWED:1]
Monitor lizard,巨蜥,[CREATURE:1][REVIEWED:1]
Monitor Lizard,巨蜥,[CREATURE:1][REVIEWED:1]
monitor lizard man,巨蜥人,[CREATURE:1][REVIEWED:1]
Monitor lizard man,巨蜥人,[CREATURE:1][REVIEWED:1]
Monitor Lizard Man,巨蜥人,[CREATURE:1][REVIEWED:1]
monitor lizard men,巨蜥人,[CREATURE:1][REVIEWED:1]
Monitor lizard men,巨蜥人,[CREATURE:1][REVIEWED:1]
Monitor Lizard Men,巨蜥人,[CREATURE:1][REVIEWED:1]
monitor lizards,巨蜥,[CREATURE:1][REVIEWED:1]
Monitor lizards,巨蜥,[CREATURE:1][REVIEWED:1]
Monitor Lizards,巨蜥,[CREATURE:1][REVIEWED:1]
mononykus,单爪龙,[CREATURE:1][REVIEWED:1]
Mononykus,单爪龙,[CREATURE:1][REVIEWED:1]
mononykus man,单爪龙人,[CREATURE:1][REVIEWED:1]
Mononykus man,单爪龙人,[CREATURE:1][REVIEWED:1]
Mononykus Man,单爪龙人,[CREATURE:1][REVIEWED:1]
moon horror,月之恐兽,[CREATURE:1][REVIEWED:1]
Moon horror,月之恐兽,[CREATURE:1][REVIEWED:1]
Moon Horror,月之恐兽,[CREATURE:1][REVIEWED:1]
moon monster,月亮怪兽,[CREATURE:1][REVIEWED:1]
Moon monster,月亮怪兽,[CREATURE:1][REVIEWED:1]
Moon Monster,月亮怪兽,[CREATURE:1][REVIEWED:1]
moon snail,月亮蜗牛,[CREATURE:1][REVIEWED:1]
Moon snail,月亮蜗牛,[CREATURE:1][REVIEWED:1]
Moon Snail,月亮蜗牛,[CREATURE:1][REVIEWED:1]
moon snail man,月亮蜗牛人,[CREATURE:1][REVIEWED:1]
Moon snail man,月亮蜗牛人,[CREATURE:1][REVIEWED:1]
Moon Snail Man,月亮蜗牛人,[CREATURE:1][REVIEWED:1]
moon snail men,月亮蜗牛人,[CREATURE:1][REVIEWED:1]
Moon snail men,月亮蜗牛人,[CREATURE:1][REVIEWED:1]
Moon Snail Men,月亮蜗牛人,[CREATURE:1][REVIEWED:1]
moon snails,月亮蜗牛,[CREATURE:1][REVIEWED:1]
Moon snails,月亮蜗牛,[CREATURE:1][REVIEWED:1]
Moon Snails,月亮蜗牛,[CREATURE:1][REVIEWED:1]
moose,驼鹿,[CREATURE:1][REVIEWED:1]
Moose,驼鹿,[CREATURE:1][REVIEWED:1]
moose man,驼鹿人,[CREATURE:1][REVIEWED:1]
Moose man,驼鹿人,[CREATURE:1][REVIEWED:1]
Moose Man,驼鹿人,[CREATURE:1][REVIEWED:1]
moose men,驼鹿人,[CREATURE:1][REVIEWED:1]
Moose men,驼鹿人,[CREATURE:1][REVIEWED:1]
Moose Men,驼鹿人,[CREATURE:1][REVIEWED:1]
mosasaurus,沧龙,[CREATURE:1][REVIEWED:1]
Mosasaurus,沧龙,[CREATURE:1][REVIEWED:1]
mosasaurus man,沧龙人,[CREATURE:1][REVIEWED:1]
Mosasaurus man,沧龙人,[CREATURE:1][REVIEWED:1]
Mosasaurus Man,沧龙人,[CREATURE:1][REVIEWED:1]
mosquito,蚊子,[CREATURE:1][REVIEWED:1]
Mosquito,蚊子,[CREATURE:1][REVIEWED:1]
mosquito man,蚊子人,[CREATURE:1][REVIEWED:1]
Mosquito man,蚊子人,[CREATURE:1][REVIEWED:1]
Mosquito Man,蚊子人,[CREATURE:1][REVIEWED:1]
mosquito men,蚊子人,[CREATURE:1][REVIEWED:1]
Mosquito men,蚊子人,[CREATURE:1][REVIEWED:1]
Mosquito Men,蚊子人,[CREATURE:1][REVIEWED:1]
mosquitos,蚊子,[CREATURE:1][REVIEWED:1]
Mosquitos,蚊子,[CREATURE:1][REVIEWED:1]
moth,飞蛾,[CREATURE:1][REVIEWED:1]
Moth,蛾,[CREATURE:1][REVIEWED:1]
moth man,飞蛾人,[CREATURE:1][REVIEWED:1]
Moth man,飞蛾人,[CREATURE:1][REVIEWED:1]
Moth Man,飞蛾人,[CREATURE:1][REVIEWED:1]
moth men,飞蛾人,[CREATURE:1][REVIEWED:1]
Moth men,飞蛾人,[CREATURE:1][REVIEWED:1]
Moth Men,飞蛾人,[CREATURE:1][REVIEWED:1]
moths,飞蛾,[CREATURE:1][REVIEWED:1]
Moths,飞蛾,[CREATURE:1][REVIEWED:1]
mountain gnome,山岭地精,[CREATURE:1][REVIEWED:1]
Mountain gnome,山岭地精,[CREATURE:1][REVIEWED:1]
Mountain Gnome,山岭地精,[CREATURE:1][REVIEWED:1]
mountain gnomes,山岭地精,[CREATURE:1][REVIEWED:1]
Mountain gnomes,山岭地精,[CREATURE:1][REVIEWED:1]
Mountain Gnomes,山岭地精,[CREATURE:1][REVIEWED:1]
mountain goat,雪羊,[CREATURE:1][REVIEWED:1]
Mountain goat,雪羊,[CREATURE:1][REVIEWED:1]
Mountain Goat,雪羊,[CREATURE:1][REVIEWED:1]
mountain goat man,雪羊人,[CREATURE:1][REVIEWED:1]
Mountain goat man,雪羊人,[CREATURE:1][REVIEWED:1]
Mountain Goat Man,雪羊人,[CREATURE:1][REVIEWED:1]
mountain goat men,雪羊人,[CREATURE:1][REVIEWED:1]
Mountain goat men,雪羊人,[CREATURE:1][REVIEWED:1]
Mountain Goat Men,雪羊人,[CREATURE:1][REVIEWED:1]
mountain goats,雪羊,[CREATURE:1][REVIEWED:1]
Mountain goats,雪羊,[CREATURE:1][REVIEWED:1]
Mountain Goats,雪羊,[CREATURE:1][REVIEWED:1]
mud man,泥人,[CREATURE:1][REVIEWED:1]
Mud man,泥人,[CREATURE:1][REVIEWED:1]
Mud Man,泥人,[CREATURE:1][REVIEWED:1]
mud men,泥人,[CREATURE:1][REVIEWED:1]
Mud men,泥人,[CREATURE:1][REVIEWED:1]
Mud Men,泥人,[CREATURE:1][REVIEWED:1]
mule,骡子,[CREATURE:1][REVIEWED:1]
Mule,骡子,[CREATURE:1][REVIEWED:1]
mules,骡子,[CREATURE:1][REVIEWED:1]
Mules,骡子,[CREATURE:1][REVIEWED:1]
muskox,麝牛,[CREATURE:1][REVIEWED:1]
Muskox,麝牛,[CREATURE:1][REVIEWED:1]
muskox man,麝牛人,[CREATURE:1][REVIEWED:1]
Muskox man,麝牛人,[CREATURE:1][REVIEWED:1]
Muskox Man,麝牛人,[CREATURE:1][REVIEWED:1]
muskox men,麝牛人,[CREATURE:1][REVIEWED:1]
Muskox men,麝牛人,[CREATURE:1][REVIEWED:1]
Muskox Men,麝牛人,[CREATURE:1][REVIEWED:1]
muskoxen,麝牛,[CREATURE:1][REVIEWED:1]
Muskoxen,麝牛,[CREATURE:1][REVIEWED:1]
mussel,贻贝,[CREATURE:1][REVIEWED:1]
Mussel,贻贝,[CREATURE:1][REVIEWED:1]
mussels,贻贝,[CREATURE:1][REVIEWED:1]
Mussels,贻贝,[CREATURE:1][REVIEWED:1]
naked mole dog,裸鼹鼠狗,[CREATURE:1][REVIEWED:1]
Naked mole dog,裸鼹鼠狗,[CREATURE:1][REVIEWED:1]
Naked Mole Dog,裸鼹鼠狗,[CREATURE:1][REVIEWED:1]
naked mole dogs,裸鼹鼠狗,[CREATURE:1][REVIEWED:1]
Naked mole dogs,裸鼹鼠狗,[CREATURE:1][REVIEWED:1]
Naked Mole Dogs,裸鼹鼠狗,[CREATURE:1][REVIEWED:1]
narwhal,独角鲸,[CREATURE:1][REVIEWED:1]
Narwhal,独角鲸,[CREATURE:1][REVIEWED:1]
narwhal man,独角鲸人,[CREATURE:1][REVIEWED:1]
Narwhal man,独角鲸人,[CREATURE:1][REVIEWED:1]
Narwhal Man,独角鲸人,[CREATURE:1][REVIEWED:1]
narwhal men,独角鲸人,[CREATURE:1][REVIEWED:1]
Narwhal men,独角鲸人,[CREATURE:1][REVIEWED:1]
Narwhal Men,独角鲸人,[CREATURE:1][REVIEWED:1]
narwhals,独角鲸,[CREATURE:1][REVIEWED:1]
Narwhals,独角鲸,[CREATURE:1][REVIEWED:1]
nautilus,鹦鹉螺,[CREATURE:1][REVIEWED:1]
Nautilus,鹦鹉螺,[CREATURE:1][REVIEWED:1]
nautilus man,鹦鹉螺人,[CREATURE:1][REVIEWED:1]
Nautilus man,鹦鹉螺人,[CREATURE:1][REVIEWED:1]
Nautilus Man,鹦鹉螺人,[CREATURE:1][REVIEWED:1]
nautilus men,鹦鹉螺人,[CREATURE:1][REVIEWED:1]
Nautilus men,鹦鹉螺人,[CREATURE:1][REVIEWED:1]
Nautilus Men,鹦鹉螺人,[CREATURE:1][REVIEWED:1]
nautiluses,鹦鹉螺,[CREATURE:1][REVIEWED:1]
Nautiluses,鹦鹉螺,[CREATURE:1][REVIEWED:1]
night troll,夜之巨魔,[CREATURE:1][REVIEWED:1]
Night troll,夜之巨魔,[CREATURE:1][REVIEWED:1]
Night Troll,夜之巨魔,[CREATURE:1][REVIEWED:1]
nightmare,梦魇,[CREATURE:1][REVIEWED:1]
Nightmare,噩梦,[CREATURE:1][REVIEWED:1]
nightwing,夜翼,[CREATURE:1][REVIEWED:1]
Nightwing,夜翼,[CREATURE:1][REVIEWED:1]
nightwings,夜翼,[CREATURE:1][REVIEWED:1]
Nightwings,夜翼,[CREATURE:1][REVIEWED:1]
nodosaurus,结节龙,[CREATURE:1][REVIEWED:1]
Nodosaurus,结节龙,[CREATURE:1][REVIEWED:1]
nodosaurus man,结节龙人,[CREATURE:1][REVIEWED:1]
Nodosaurus man,结节龙人,[CREATURE:1][REVIEWED:1]
Nodosaurus Man,结节龙人,[CREATURE:1][REVIEWED:1]
nothronychus,懒爪龙,[CREATURE:1][REVIEWED:1]
Nothronychus,懒爪龙,[CREATURE:1][REVIEWED:1]
nothronychus man,懒爪龙人,[CREATURE:1][REVIEWED:1]
Nothronychus man,懒爪龙人,[CREATURE:1][REVIEWED:1]
Nothronychus Man,懒爪龙人,[CREATURE:1][REVIEWED:1]
nurse shark,铰口鲨,[CREATURE:1][REVIEWED:1]
Nurse shark,铰口鲨,[CREATURE:1][REVIEWED:1]
Nurse Shark,铰口鲨,[CREATURE:1][REVIEWED:1]
nurse sharks,铰口鲨,[CREATURE:1][REVIEWED:1]
Nurse sharks,铰口鲨,[CREATURE:1][REVIEWED:1]
Nurse Sharks,铰口鲨,[CREATURE:1][REVIEWED:1]
ocean sunfish,翻车鲀,[CREATURE:1][REVIEWED:1]
Ocean sunfish,翻车鲀,[CREATURE:1][REVIEWED:1]
Ocean Sunfish,翻车鲀,[CREATURE:1][REVIEWED:1]
ocelot,豹猫,[CREATURE:1][REVIEWED:1]
Ocelot,豹猫,[CREATURE:1][REVIEWED:1]
ocelot man,豹猫人,[CREATURE:1][REVIEWED:1]
Ocelot man,豹猫人,[CREATURE:1][REVIEWED:1]
Ocelot Man,豹猫人,[CREATURE:1][REVIEWED:1]
ocelot men,豹猫人,[CREATURE:1][REVIEWED:1]
Ocelot men,豹猫人,[CREATURE:1][REVIEWED:1]
Ocelot Men,豹猫人,[CREATURE:1][REVIEWED:1]
ocelots,豹猫,[CREATURE:1][REVIEWED:1]
Ocelots,豹猫,[CREATURE:1][REVIEWED:1]
octopus,章鱼,[CREATURE:1][REVIEWED:1]
Octopus,章鱼,[CREATURE:1][REVIEWED:1]
octopus man,章鱼人,[CREATURE:1][REVIEWED:1]
Octopus man,章鱼人,[CREATURE:1][REVIEWED:1]
Octopus Man,章鱼人,[CREATURE:1][REVIEWED:1]
octopus men,章鱼人,[CREATURE:1][REVIEWED:1]
Octopus men,章鱼人,[CREATURE:1][REVIEWED:1]
Octopus Men,章鱼人,[CREATURE:1][REVIEWED:1]
octopuses,章鱼,[CREATURE:1][REVIEWED:1]
Octopuses,章鱼,[CREATURE:1][REVIEWED:1]
oestocephalus,欧斯托头螈,[CREATURE:1][REVIEWED:1]
Oestocephalus,欧斯托头螈,[CREATURE:1][REVIEWED:1]
oestocephalus man,骨首螈人,[CREATURE:1][REVIEWED:1]
Oestocephalus man,骨首螈人,[CREATURE:1][REVIEWED:1]
Oestocephalus Man,骨首螈人,[CREATURE:1][REVIEWED:1]
ogre,食人魔,[CREATURE:1][REVIEWED:1]
Ogre,食人魔,[CREATURE:1][REVIEWED:1]
ogres,雄食人魔,[CREATURE:1][REVIEWED:1]
Ogres,食人魔,[CREATURE:1][REVIEWED:1]
olm,洞螈,[CREATURE:1][REVIEWED:1]
Olm,洞螈,[CREATURE:1][REVIEWED:1]
olm man,洞螈人,[CREATURE:1][REVIEWED:1]
Olm man,洞螈人,[CREATURE:1][REVIEWED:1]
Olm Man,洞螈人,[CREATURE:1][REVIEWED:1]
olm men,洞螈人,[CREATURE:1][REVIEWED:1]
Olm men,洞螈人,[CREATURE:1][REVIEWED:1]
Olm Men,洞螈人,[CREATURE:1][REVIEWED:1]
olms,洞螈,[CREATURE:1][REVIEWED:1]
Olms,洞螈,[CREATURE:1][REVIEWED:1]
one-eyed brute,独眼蛮汉,[CREATURE:1][REVIEWED:1]
One-eyed brute,独眼蛮汉,[CREATURE:1][REVIEWED:1]
One-Eyed Brute,独眼蛮汉,[CREATURE:1][REVIEWED:1]
one-humped camel,单峰骆驼,[CREATURE:1][REVIEWED:1]
One-humped camel,单峰骆驼,[CREATURE:1][REVIEWED:1]
One-Humped Camel,单峰骆驼,[CREATURE:1][REVIEWED:1]
one-humped camel man,单峰骆驼人,[CREATURE:1][REVIEWED:1]
One-humped camel man,单峰骆驼人,[CREATURE:1][REVIEWED:1]
One-Humped Camel Man,单峰骆驼人,[CREATURE:1][REVIEWED:1]
one-humped camel men,单峰骆驼人,[CREATURE:1][REVIEWED:1]
One-humped camel men,单峰骆驼人,[CREATURE:1][REVIEWED:1]
One-Humped Camel Men,单峰骆驼人,[CREATURE:1][REVIEWED:1]
one-humped camels,单峰骆驼,[CREATURE:1][REVIEWED:1]
One-humped camels,单峰骆驼,[CREATURE:1][REVIEWED:1]
One-Humped Camels,单峰骆驼,[CREATURE:1][REVIEWED:1]
opabinia,欧巴宾海蝎,[CREATURE:1][REVIEWED:1]
Opabinia,欧巴宾海蝎,[CREATURE:1][REVIEWED:1]
opabinia man,欧巴宾海蝎人,[CREATURE:1][REVIEWED:1]
Opabinia man,欧巴宾海蝎人,[CREATURE:1][REVIEWED:1]
Opabinia Man,欧巴宾海蝎人,[CREATURE:1][REVIEWED:1]
opah,圆月鱼,[CREATURE:1][REVIEWED:1]
Opah,圆月鱼,[CREATURE:1][REVIEWED:1]
opossum,负鼠,[CREATURE:1][REVIEWED:1]
Opossum,负鼠,[CREATURE:1][REVIEWED:1]
opossum man,负鼠人,[CREATURE:1][REVIEWED:1]
Opossum man,负鼠人,[CREATURE:1][REVIEWED:1]
Opossum Man,负鼠人,[CREATURE:1][REVIEWED:1]
opossum men,负鼠人,[CREATURE:1][REVIEWED:1]
Opossum men,负鼠人,[CREATURE:1][REVIEWED:1]
Opossum Men,负鼠人,[CREATURE:1][REVIEWED:1]
opossums,负鼠,[CREATURE:1][REVIEWED:1]
Opossums,负鼠,[CREATURE:1][REVIEWED:1]
orangutan,红毛猩猩,[CREATURE:1][REVIEWED:1]
Orangutan,红毛猩猩,[CREATURE:1][REVIEWED:1]
orangutans,红毛猩猩,[CREATURE:1][REVIEWED:1]
Orangutans,红毛猩猩,[CREATURE:1][REVIEWED:1]
orca,逆戟鲸,[CREATURE:1][REVIEWED:1]
Orca,逆戟鲸,[CREATURE:1][REVIEWED:1]
orca man,逆戟鲸人,[CREATURE:1][REVIEWED:1]
Orca man,逆戟鲸人,[CREATURE:1][REVIEWED:1]
Orca Man,逆戟鲸人,[CREATURE:1][REVIEWED:1]
orca men,逆戟鲸人,[CREATURE:1][REVIEWED:1]
Orca men,逆戟鲸人,[CREATURE:1][REVIEWED:1]
Orca Men,逆戟鲸人,[CREATURE:1][REVIEWED:1]
orcas,逆戟鲸,[CREATURE:1][REVIEWED:1]
Orcas,逆戟鲸,[CREATURE:1][REVIEWED:1]
oriole,黄鹂,[CREATURE:1][REVIEWED:1]
Oriole,黄鹂,[CREATURE:1][REVIEWED:1]
oriole man,黄鹂人,[CREATURE:1][REVIEWED:1]
Oriole man,黄鹂人,[CREATURE:1][REVIEWED:1]
Oriole Man,黄鹂人,[CREATURE:1][REVIEWED:1]
oriole men,黄鹂人,[CREATURE:1][REVIEWED:1]
Oriole men,黄鹂人,[CREATURE:1][REVIEWED:1]
Oriole Men,黄鹂人,[CREATURE:1][REVIEWED:1]
orioles,黄鹂,[CREATURE:1][REVIEWED:1]
Orioles,黄鹂,[CREATURE:1][REVIEWED:1]
osprey,鱼鹰,[CREATURE:1][REVIEWED:1]
Osprey,鱼鹰,[CREATURE:1][REVIEWED:1]
osprey man,鱼鹰人,[CREATURE:1][REVIEWED:1]
Osprey man,鱼鹰人,[CREATURE:1][REVIEWED:1]
Osprey Man,鱼鹰人,[CREATURE:1][REVIEWED:1]
osprey men,鱼鹰人,[CREATURE:1][REVIEWED:1]
Osprey men,鱼鹰人,[CREATURE:1][REVIEWED:1]
Osprey Men,鱼鹰人,[CREATURE:1][REVIEWED:1]
ospreys,鱼鹰,[CREATURE:1][REVIEWED:1]
Ospreys,鱼鹰,[CREATURE:1][REVIEWED:1]
ostenocaris,东方虾,[CREATURE:1][REVIEWED:1]
Ostenocaris,东方虾,[CREATURE:1][REVIEWED:1]
ostenocaris man,奥斯坦虫人,[CREATURE:1][REVIEWED:1]
Ostenocaris man,奥斯坦虫人,[CREATURE:1][REVIEWED:1]
Ostenocaris Man,奥斯坦虫人,[CREATURE:1][REVIEWED:1]
ostrich,鸵鸟,[CREATURE:1][REVIEWED:1]
Ostrich,鸵鸟,[CREATURE:1][REVIEWED:1]
ostrich man,鸵鸟人,[CREATURE:1][REVIEWED:1]
Ostrich man,鸵鸟人,[CREATURE:1][REVIEWED:1]
Ostrich Man,鸵鸟人,[CREATURE:1][REVIEWED:1]
ostrich men,鸵鸟人,[CREATURE:1][REVIEWED:1]
Ostrich men,鸵鸟人,[CREATURE:1][REVIEWED:1]
Ostrich Men,鸵鸟人,[CREATURE:1][REVIEWED:1]
ostriches,鸵鸟,[CREATURE:1][REVIEWED:1]
Ostriches,鸵鸟,[CREATURE:1][REVIEWED:1]
otter man,海獭人,[CREATURE:1][REVIEWED:1]
Otter man,海獭人,[CREATURE:1][REVIEWED:1]
Otter Man,海獭人,[CREATURE:1][REVIEWED:1]
otter men,海獭人,[CREATURE:1][REVIEWED:1]
Otter men,海獭人,[CREATURE:1][REVIEWED:1]
Otter Men,海獭人,[CREATURE:1][REVIEWED:1]
oviraptor,窃蛋龙,[CREATURE:1][REVIEWED:1]
Oviraptor,窃蛋龙,[CREATURE:1][REVIEWED:1]
oviraptor man,窃蛋龙人,[CREATURE:1][REVIEWED:1]
Oviraptor man,窃蛋龙人,[CREATURE:1][REVIEWED:1]
Oviraptor Man,窃蛋龙人,[CREATURE:1][REVIEWED:1]
oyster,牡蛎,[CREATURE:1][REVIEWED:1]
Oyster,牡蛎,[CREATURE:1][REVIEWED:1]
oysters,牡蛎,[CREATURE:1][REVIEWED:1]
Oysters,牡蛎,[CREATURE:1][REVIEWED:1]
pachycephalosaurus,肿头龙,[CREATURE:1][REVIEWED:1]
Pachycephalosaurus,肿头龙,[CREATURE:1][REVIEWED:1]
pachycephalosaurus man,肿头龙人,[CREATURE:1][REVIEWED:1]
Pachycephalosaurus man,肿头龙人,[CREATURE:1][REVIEWED:1]
Pachycephalosaurus Man,肿头龙人,[CREATURE:1][REVIEWED:1]
panda,熊猫,[CREATURE:1][REVIEWED:1]
Panda,熊猫,[CREATURE:1][REVIEWED:1]
panda man,熊猫人,[CREATURE:1][REVIEWED:1]
Panda man,熊猫人,[CREATURE:1][REVIEWED:1]
Panda Man,熊猫人,[CREATURE:1][REVIEWED:1]
panda men,熊猫人,[CREATURE:1][REVIEWED:1]
Panda men,熊猫人,[CREATURE:1][REVIEWED:1]
Panda Men,熊猫人,[CREATURE:1][REVIEWED:1]
pandas,熊猫,[CREATURE:1][REVIEWED:1]
Pandas,熊猫,[CREATURE:1][REVIEWED:1]
pangolin,穿山甲,[CREATURE:1][REVIEWED:1]
Pangolin,穿山甲,[CREATURE:1][REVIEWED:1]
pangolin man,穿山甲人,[CREATURE:1][REVIEWED:1]
Pangolin man,穿山甲人,[CREATURE:1][REVIEWED:1]
Pangolin Man,穿山甲人,[CREATURE:1][REVIEWED:1]
pangolin men,穿山甲人,[CREATURE:1][REVIEWED:1]
Pangolin men,穿山甲人,[CREATURE:1][REVIEWED:1]
Pangolin Men,穿山甲人,[CREATURE:1][REVIEWED:1]
pangolins,穿山甲,[CREATURE:1][REVIEWED:1]
Pangolins,穿山甲,[CREATURE:1][REVIEWED:1]
paraceratherium,巨犀,[CREATURE:1][REVIEWED:1]
Paraceratherium,巨犀,[CREATURE:1][REVIEWED:1]
paraceratherium man,巨犀人,[CREATURE:1][REVIEWED:1]
Paraceratherium man,巨犀人,[CREATURE:1][REVIEWED:1]
Paraceratherium Man,巨犀人,[CREATURE:1][REVIEWED:1]
parakeet,长尾鹦鹉,[CREATURE:1][REVIEWED:1]
Parakeet,长尾鹦鹉,[CREATURE:1][REVIEWED:1]
parakeet man,长尾鹦鹉人,[CREATURE:1][REVIEWED:1]
Parakeet man,长尾鹦鹉人,[CREATURE:1][REVIEWED:1]
Parakeet Man,长尾鹦鹉人,[CREATURE:1][REVIEWED:1]
parakeet men,长尾鹦鹉人,[CREATURE:1][REVIEWED:1]
Parakeet men,长尾鹦鹉人,[CREATURE:1][REVIEWED:1]
Parakeet Men,长尾鹦鹉人,[CREATURE:1][REVIEWED:1]
parakeets,长尾鹦鹉,[CREATURE:1][REVIEWED:1]
Parakeets,长尾鹦鹉,[CREATURE:1][REVIEWED:1]
parasaurolophus,副栉龙,[CREATURE:1][REVIEWED:1]
Parasaurolophus,副栉龙,[CREATURE:1][REVIEWED:1]
parasaurolophus man,副栉龙人,[CREATURE:1][REVIEWED:1]
Parasaurolophus man,副栉龙人,[CREATURE:1][REVIEWED:1]
Parasaurolophus Man,副栉龙人,[CREATURE:1][REVIEWED:1]
peach-faced lovebird,桃面爱情鸟,[CREATURE:1][REVIEWED:1]
Peach-faced lovebird,桃面爱情鸟,[CREATURE:1][REVIEWED:1]
Peach-Faced Lovebird,桃面爱情鸟,[CREATURE:1][REVIEWED:1]
peach-faced lovebird man,桃面爱情鸟人,[CREATURE:1][REVIEWED:1]
Peach-faced lovebird man,桃面爱情鸟人,[CREATURE:1][REVIEWED:1]
Peach-Faced Lovebird Man,桃面爱情鸟人,[CREATURE:1][REVIEWED:1]
peach-faced lovebird men,桃面爱情鸟人,[CREATURE:1][REVIEWED:1]
Peach-faced lovebird men,桃面爱情鸟人,[CREATURE:1][REVIEWED:1]
Peach-Faced Lovebird Men,桃面爱情鸟人,[CREATURE:1][REVIEWED:1]
peach-faced lovebirds,桃面爱情鸟,[CREATURE:1][REVIEWED:1]
Peach-faced lovebirds,桃面爱情鸟,[CREATURE:1][REVIEWED:1]
Peach-Faced Lovebirds,桃面爱情鸟,[CREATURE:1][REVIEWED:1]
penguin,企鹅,[CREATURE:1][REVIEWED:1]
Penguin,企鹅,[CREATURE:1][REVIEWED:1]
penguin man,企鹅人,[CREATURE:1][REVIEWED:1]
Penguin man,企鹅人,[CREATURE:1][REVIEWED:1]
Penguin Man,企鹅人,[CREATURE:1][REVIEWED:1]
penguin men,企鹅人,[CREATURE:1][REVIEWED:1]
Penguin men,企鹅人,[CREATURE:1][REVIEWED:1]
Penguin Men,企鹅人,[CREATURE:1][REVIEWED:1]
penguins,企鹅,[CREATURE:1][REVIEWED:1]
Penguins,企鹅,[CREATURE:1][REVIEWED:1]
perch,鲈鱼,[CREATURE:1][REVIEWED:1]
Perch,鲈鱼,[CREATURE:1][REVIEWED:1]
peregrine falcon,游隼,[CREATURE:1][REVIEWED:1]
Peregrine falcon,游隼,[CREATURE:1][REVIEWED:1]
Peregrine Falcon,游隼,[CREATURE:1][REVIEWED:1]
peregrine falcon man,游隼人,[CREATURE:1][REVIEWED:1]
Peregrine falcon man,游隼人,[CREATURE:1][REVIEWED:1]
Peregrine Falcon Man,游隼人,[CREATURE:1][REVIEWED:1]
peregrine falcon men,游隼人,[CREATURE:1][REVIEWED:1]
Peregrine falcon men,游隼人,[CREATURE:1][REVIEWED:1]
Peregrine Falcon Men,游隼人,[CREATURE:1][REVIEWED:1]
peregrine falcons,游隼,[CREATURE:1][REVIEWED:1]
Peregrine falcons,游隼,[CREATURE:1][REVIEWED:1]
Peregrine Falcons,游隼,[CREATURE:1][REVIEWED:1]
periwinkle demon,长春花恶魔,[CREATURE:1][REVIEWED:1]
Periwinkle demon,长春花恶魔,[CREATURE:1][REVIEWED:1]
Periwinkle Demon,长春花恶魔,[CREATURE:1][REVIEWED:1]
phantom spider,幻影蜘蛛,[CREATURE:1][REVIEWED:1]
Phantom spider,幻影蜘蛛,[CREATURE:1][REVIEWED:1]
Phantom Spider,幻影蜘蛛,[CREATURE:1][REVIEWED:1]
phantom spiders,幻影蜘蛛,[CREATURE:1][REVIEWED:1]
Phantom spiders,幻影蜘蛛,[CREATURE:1][REVIEWED:1]
Phantom Spiders,幻影蜘蛛,[CREATURE:1][REVIEWED:1]
pig,家猪,[CREATURE:1][REVIEWED:1]
Pig,猪,[CREATURE:1][REVIEWED:1]
pigs,家猪,[CREATURE:1][REVIEWED:1]
Pigs,家猪,[CREATURE:1][REVIEWED:1]
pike,海狼鱼,[CREATURE:1][REVIEWED:1]
Pike,海狼鱼,[CREATURE:1][REVIEWED:1]
pileated gibbon,羽冠长臂猿,[CREATURE:1][REVIEWED:1]
Pileated gibbon,羽冠长臂猿,[CREATURE:1][REVIEWED:1]
Pileated Gibbon,羽冠长臂猿,[CREATURE:1][REVIEWED:1]
pileated gibbons,羽冠长臂猿,[CREATURE:1][REVIEWED:1]
Pileated gibbons,羽冠长臂猿,[CREATURE:1][REVIEWED:1]
Pileated Gibbons,羽冠长臂猿,[CREATURE:1][REVIEWED:1]
pixie,小精灵,[CREATURE:1][REVIEWED:1]
Pixie,小精灵,[CREATURE:1][REVIEWED:1]
pixies,小精灵,[CREATURE:1][REVIEWED:1]
Pixies,小精灵,[CREATURE:1][REVIEWED:1]
plains titan,平原泰坦,[CREATURE:1][REVIEWED:1]
Plains titan,平原泰坦,[CREATURE:1][REVIEWED:1]
Plains Titan,平原泰坦,[CREATURE:1][REVIEWED:1]
platybelodon,铲齿象,[CREATURE:1][REVIEWED:1]
Platybelodon,铲齿象,[CREATURE:1][REVIEWED:1]
platybelodon man,铲齿象人,[CREATURE:1][REVIEWED:1]
Platybelodon man,铲齿象人,[CREATURE:1][REVIEWED:1]
Platybelodon Man,铲齿象人,[CREATURE:1][REVIEWED:1]
platypus,鸭嘴兽,[CREATURE:1][REVIEWED:1]
Platypus,鸭嘴兽,[CREATURE:1][REVIEWED:1]
platypus man,鸭嘴兽人,[CREATURE:1][REVIEWED:1]
Platypus man,鸭嘴兽人,[CREATURE:1][REVIEWED:1]
Platypus Man,鸭嘴兽人,[CREATURE:1][REVIEWED:1]
platypus men,鸭嘴兽人,[CREATURE:1][REVIEWED:1]
Platypus men,鸭嘴兽人,[CREATURE:1][REVIEWED:1]
Platypus Men,鸭嘴兽人,[CREATURE:1][REVIEWED:1]
platypuses,鸭嘴兽,[CREATURE:1][REVIEWED:1]
Platypuses,鸭嘴兽,[CREATURE:1][REVIEWED:1]
plesiosaurus,蛇颈龙,[CREATURE:1][REVIEWED:1]
Plesiosaurus,蛇颈龙,[CREATURE:1][REVIEWED:1]
plesiosaurus man,蛇颈龙人,[CREATURE:1][REVIEWED:1]
Plesiosaurus man,蛇颈龙人,[CREATURE:1][REVIEWED:1]
Plesiosaurus Man,蛇颈龙人,[CREATURE:1][REVIEWED:1]
plump helmet man,洞穴飘浮者人,[CREATURE:1][REVIEWED:1]
Plump helmet man,洞穴飘浮者人,[CREATURE:1][REVIEWED:1]
Plump Helmet Man,洞穴飘浮者人,[CREATURE:1][REVIEWED:1]
plump helmet men,洞穴飘浮者人,[CREATURE:1][REVIEWED:1]
Plump helmet men,洞穴飘浮者人,[CREATURE:1][REVIEWED:1]
Plump Helmet Men,洞穴飘浮者人,[CREATURE:1][REVIEWED:1]
polar bear,北极熊,[CREATURE:1][REVIEWED:1]
Polar bear,北极熊,[CREATURE:1][REVIEWED:1]
Polar Bear,北极熊,[CREATURE:1][REVIEWED:1]
polar bear man,北极熊人,[CREATURE:1][REVIEWED:1]
Polar bear man,北极熊人,[CREATURE:1][REVIEWED:1]
Polar Bear Man,北极熊人,[CREATURE:1][REVIEWED:1]
polar bear men,北极熊人,[CREATURE:1][REVIEWED:1]
Polar bear men,北极熊人,[CREATURE:1][REVIEWED:1]
Polar Bear Men,北极熊人,[CREATURE:1][REVIEWED:1]
polar bears,北极熊,[CREATURE:1][REVIEWED:1]
Polar bears,北极熊,[CREATURE:1][REVIEWED:1]
Polar Bears,北极熊,[CREATURE:1][REVIEWED:1]
pond grabber,池塘掠取者,[CREATURE:1][REVIEWED:1]
Pond grabber,池塘掠取者,[CREATURE:1][REVIEWED:1]
Pond Grabber,池塘掠取者,[CREATURE:1][REVIEWED:1]
pond grabbers,池塘掠取者,[CREATURE:1][REVIEWED:1]
Pond grabbers,池塘掠取者,[CREATURE:1][REVIEWED:1]
Pond Grabbers,池塘掠取者,[CREATURE:1][REVIEWED:1]
pond turtle,池龟,[CREATURE:1][REVIEWED:1]
Pond turtle,池龟,[CREATURE:1][REVIEWED:1]
Pond Turtle,池龟,[CREATURE:1][REVIEWED:1]
pond turtle man,池龟人,[CREATURE:1][REVIEWED:1]
Pond turtle man,池龟人,[CREATURE:1][REVIEWED:1]
Pond Turtle Man,池龟人,[CREATURE:1][REVIEWED:1]
pond turtle men,池龟人,[CREATURE:1][REVIEWED:1]
Pond turtle men,池龟人,[CREATURE:1][REVIEWED:1]
Pond Turtle Men,池龟人,[CREATURE:1][REVIEWED:1]
pond turtles,池龟,[CREATURE:1][REVIEWED:1]
Pond turtles,池龟,[CREATURE:1][REVIEWED:1]
Pond Turtles,池龟,[CREATURE:1][REVIEWED:1]
porcupine,豪猪,[CREATURE:1][REVIEWED:1]
Porcupine,豪猪,[CREATURE:1][REVIEWED:1]
porcupine man,豪猪人,[CREATURE:1][REVIEWED:1]
Porcupine man,豪猪人,[CREATURE:1][REVIEWED:1]
Porcupine Man,豪猪人,[CREATURE:1][REVIEWED:1]
porcupine men,豪猪人,[CREATURE:1][REVIEWED:1]
Porcupine men,豪猪人,[CREATURE:1][REVIEWED:1]
Porcupine Men,豪猪人,[CREATURE:1][REVIEWED:1]
porcupines,豪猪,[CREATURE:1][REVIEWED:1]
Porcupines,豪猪,[CREATURE:1][REVIEWED:1]
procompsognathus,原美颌龙,[CREATURE:1][REVIEWED:1]
Procompsognathus,原美颌龙,[CREATURE:1][REVIEWED:1]
procompsognathus man,原美颌龙人,[CREATURE:1][REVIEWED:1]
Procompsognathus man,原美颌龙人,[CREATURE:1][REVIEWED:1]
Procompsognathus Man,原美颌龙人,[CREATURE:1][REVIEWED:1]
psephoderma,砾甲龙,[CREATURE:1][REVIEWED:1]
Psephoderma,砾甲龙,[CREATURE:1][REVIEWED:1]
psephoderma man,砾甲龙人,[CREATURE:1][REVIEWED:1]
Psephoderma man,砾甲龙人,[CREATURE:1][REVIEWED:1]
Psephoderma Man,砾甲龙人,[CREATURE:1][REVIEWED:1]
pterodactylus,翼手龙,[CREATURE:1][REVIEWED:1]
Pterodactylus,翼手龙,[CREATURE:1][REVIEWED:1]
pterodactylus man,翼手龙人,[CREATURE:1][REVIEWED:1]
Pterodactylus man,翼手龙人,[CREATURE:1][REVIEWED:1]
Pterodactylus Man,翼手龙人,[CREATURE:1][REVIEWED:1]
puffin,海鹦,[CREATURE:1][REVIEWED:1]
Puffin,海鹦,[CREATURE:1][REVIEWED:1]
puffin man,海鹦人,[CREATURE:1][REVIEWED:1]
Puffin man,海鹦人,[CREATURE:1][REVIEWED:1]
Puffin Man,海鹦人,[CREATURE:1][REVIEWED:1]
puffin men,海鹦人,[CREATURE:1][REVIEWED:1]
Puffin men,海鹦人,[CREATURE:1][REVIEWED:1]
Puffin Men,海鹦人,[CREATURE:1][REVIEWED:1]
puffins,海鹦,[CREATURE:1][REVIEWED:1]
Puffins,海鹦,[CREATURE:1][REVIEWED:1]
purring maggot,呼噜蛆,[CREATURE:1][REVIEWED:1]
Purring maggot,呼噜蛆,[CREATURE:1][REVIEWED:1]
Purring Maggot,呼噜蛆,[CREATURE:1][REVIEWED:1]
purring maggots,呼噜蛆,[CREATURE:1][REVIEWED:1]
Purring maggots,呼噜蛆,[CREATURE:1][REVIEWED:1]
Purring Maggots,呼噜蛆,[CREATURE:1][REVIEWED:1]
pygmy mammoth,侏儒猛犸,[CREATURE:1][REVIEWED:1]
Pygmy mammoth,侏儒猛犸,[CREATURE:1][REVIEWED:1]
Pygmy Mammoth,侏儒猛犸,[CREATURE:1][REVIEWED:1]
pygmy mammoth man,侏儒猛犸人,[CREATURE:1][REVIEWED:1]
Pygmy mammoth man,侏儒猛犸人,[CREATURE:1][REVIEWED:1]
Pygmy Mammoth Man,侏儒猛犸人,[CREATURE:1][REVIEWED:1]
python,巨蟒,[CREATURE:1][REVIEWED:1]
Python,巨蟒,[CREATURE:1][REVIEWED:1]
python man,巨蟒人,[CREATURE:1][REVIEWED:1]
Python man,巨蟒人,[CREATURE:1][REVIEWED:1]
Python Man,巨蟒人,[CREATURE:1][REVIEWED:1]
python men,巨蟒人,[CREATURE:1][REVIEWED:1]
Python men,巨蟒人,[CREATURE:1][REVIEWED:1]
Python Men,巨蟒人,[CREATURE:1][REVIEWED:1]
pythons,巨蟒,[CREATURE:1][REVIEWED:1]
Pythons,巨蟒,[CREATURE:1][REVIEWED:1]
quetzalcoatlus,风神翼龙,[CREATURE:1][REVIEWED:1]
Quetzalcoatlus,风神翼龙,[CREATURE:1][REVIEWED:1]
quetzalcoatlus man,风神翼龙人,[CREATURE:1][REVIEWED:1]
Quetzalcoatlus man,风神翼龙人,[CREATURE:1][REVIEWED:1]
Quetzalcoatlus Man,风神翼龙人,[CREATURE:1][REVIEWED:1]
rabbit,家兔,[CREATURE:1][REVIEWED:1]
Rabbit,兔子,[CREATURE:1][REVIEWED:1]
rabbits,家兔,[CREATURE:1][REVIEWED:1]
Rabbits,家兔,[CREATURE:1][REVIEWED:1]
raccoon,浣熊,[CREATURE:1][REVIEWED:1]
Raccoon,浣熊,[CREATURE:1][REVIEWED:1]
raccoon man,浣熊人,[CREATURE:1][REVIEWED:1]
Raccoon man,浣熊人,[CREATURE:1][REVIEWED:1]
Raccoon Man,浣熊人,[CREATURE:1][REVIEWED:1]
raccoon men,浣熊人,[CREATURE:1][REVIEWED:1]
Raccoon men,浣熊人,[CREATURE:1][REVIEWED:1]
Raccoon Men,浣熊人,[CREATURE:1][REVIEWED:1]
raccoons,浣熊,[CREATURE:1][REVIEWED:1]
Raccoons,浣熊,[CREATURE:1][REVIEWED:1]
rainbow trout,虹鳟,[CREATURE:1][REVIEWED:1]
Rainbow trout,虹鳟,[CREATURE:1][REVIEWED:1]
Rainbow Trout,虹鳟,[CREATURE:1][REVIEWED:1]
rat,老鼠,[CREATURE:1][REVIEWED:1]
Rat,老鼠,[CREATURE:1][REVIEWED:1]
rat man,老鼠人,[CREATURE:1][REVIEWED:1]
Rat man,老鼠人,[CREATURE:1][REVIEWED:1]
Rat Man,老鼠人,[CREATURE:1][REVIEWED:1]
rat men,老鼠人,[CREATURE:1][REVIEWED:1]
Rat men,老鼠人,[CREATURE:1][REVIEWED:1]
Rat Men,老鼠人,[CREATURE:1][REVIEWED:1]
rats,老鼠,[CREATURE:1][REVIEWED:1]
Rats,老鼠,[CREATURE:1][REVIEWED:1]
rattlesnake,响尾蛇,[CREATURE:1][REVIEWED:1]
Rattlesnake,响尾蛇,[CREATURE:1][REVIEWED:1]
rattlesnake man,响尾蛇人,[CREATURE:1][REVIEWED:1]
Rattlesnake man,响尾蛇人,[CREATURE:1][REVIEWED:1]
Rattlesnake Man,响尾蛇人,[CREATURE:1][REVIEWED:1]
rattlesnake men,响尾蛇人,[CREATURE:1][REVIEWED:1]
Rattlesnake men,响尾蛇人,[CREATURE:1][REVIEWED:1]
Rattlesnake Men,响尾蛇人,[CREATURE:1][REVIEWED:1]
rattlesnakes,响尾蛇,[CREATURE:1][REVIEWED:1]
Rattlesnakes,响尾蛇,[CREATURE:1][REVIEWED:1]
raven,渡鸦,[CREATURE:1][REVIEWED:1]
Raven,乌鸦,[CREATURE:1][REVIEWED:1]
raven man,渡鸦人,[CREATURE:1][REVIEWED:1]
Raven man,渡鸦人,[CREATURE:1][REVIEWED:1]
Raven Man,渡鸦人,[CREATURE:1][REVIEWED:1]
raven men,渡鸦人,[CREATURE:1][REVIEWED:1]
Raven men,渡鸦人,[CREATURE:1][REVIEWED:1]
Raven Men,渡鸦人,[CREATURE:1][REVIEWED:1]
ravens,渡鸦,[CREATURE:1][REVIEWED:1]
Ravens,渡鸦,[CREATURE:1][REVIEWED:1]
reacher,诱抵者,[CREATURE:1][REVIEWED:1]
Reacher,诱抵者,[CREATURE:1][REVIEWED:1]
reachers,诱抵者,[CREATURE:1][REVIEWED:1]
Reachers,诱抵者,[CREATURE:1][REVIEWED:1]
red panda,红熊猫,[CREATURE:1][REVIEWED:1]
Red panda,红熊猫,[CREATURE:1][REVIEWED:1]
Red Panda,红熊猫,[CREATURE:1][REVIEWED:1]
red panda man,红熊猫人,[CREATURE:1][REVIEWED:1]
Red panda man,红熊猫人,[CREATURE:1][REVIEWED:1]
Red Panda Man,红熊猫人,[CREATURE:1][REVIEWED:1]
red panda men,红熊猫人,[CREATURE:1][REVIEWED:1]
Red panda men,红熊猫人,[CREATURE:1][REVIEWED:1]
Red Panda Men,红熊猫人,[CREATURE:1][REVIEWED:1]
red pandas,红熊猫,[CREATURE:1][REVIEWED:1]
Red pandas,红熊猫,[CREATURE:1][REVIEWED:1]
Red Pandas,红熊猫,[CREATURE:1][REVIEWED:1]
red squirrel,红松鼠,[CREATURE:1][REVIEWED:1]
Red squirrel,红松鼠,[CREATURE:1][REVIEWED:1]
Red Squirrel,红松鼠,[CREATURE:1][REVIEWED:1]
red squirrel man,红松鼠人,[CREATURE:1][REVIEWED:1]
Red squirrel man,红松鼠人,[CREATURE:1][REVIEWED:1]
Red Squirrel Man,红松鼠人,[CREATURE:1][REVIEWED:1]
red squirrel men,红松鼠人,[CREATURE:1][REVIEWED:1]
Red squirrel men,红松鼠人,[CREATURE:1][REVIEWED:1]
Red Squirrel Men,红松鼠人,[CREATURE:1][REVIEWED:1]
red squirrels,红松鼠,[CREATURE:1][REVIEWED:1]
Red squirrels,红松鼠,[CREATURE:1][REVIEWED:1]
Red Squirrels,红松鼠,[CREATURE:1][REVIEWED:1]
red-winged blackbird,红翅黑鹂,[CREATURE:1][REVIEWED:1]
Red-winged blackbird,红翅黑鹂,[CREATURE:1][REVIEWED:1]
Red-Winged Blackbird,红翅黑鹂,[CREATURE:1][REVIEWED:1]
red-winged blackbird man,红翅黑鹂人,[CREATURE:1][REVIEWED:1]
Red-winged blackbird man,红翅黑鹂人,[CREATURE:1][REVIEWED:1]
Red-Winged Blackbird Man,红翅黑鹂人,[CREATURE:1][REVIEWED:1]
red-winged blackbird men,红翅黑鹂人,[CREATURE:1][REVIEWED:1]
Red-winged blackbird men,红翅黑鹂人,[CREATURE:1][REVIEWED:1]
Red-Winged Blackbird Men,红翅黑鹂人,[CREATURE:1][REVIEWED:1]
red-winged blackbirds,红翅黑鹂,[CREATURE:1][REVIEWED:1]
Red-winged blackbirds,红翅黑鹂,[CREATURE:1][REVIEWED:1]
Red-Winged Blackbirds,红翅黑鹂,[CREATURE:1][REVIEWED:1]
reindeer,驯鹿,[CREATURE:1][REVIEWED:1]
Reindeer,驯鹿,[CREATURE:1][REVIEWED:1]
reptile man,爬行动物人,[CREATURE:1][REVIEWED:1]
Reptile man,爬行动物人,[CREATURE:1][REVIEWED:1]
Reptile Man,爬行动物人,[CREATURE:1][REVIEWED:1]
reptile men,爬行动物人,[CREATURE:1][REVIEWED:1]
Reptile men,爬行动物人,[CREATURE:1][REVIEWED:1]
Reptile Men,爬行动物人,[CREATURE:1][REVIEWED:1]
rhamphorhynchus,喙嘴翼龙,[CREATURE:1][REVIEWED:1]
Rhamphorhynchus,喙嘴翼龙,[CREATURE:1][REVIEWED:1]
rhamphorhynchus man,喙嘴翼龙人,[CREATURE:1][REVIEWED:1]
Rhamphorhynchus man,喙嘴翼龙人,[CREATURE:1][REVIEWED:1]
Rhamphorhynchus Man,喙嘴翼龙人,[CREATURE:1][REVIEWED:1]
rhesus macaque,猕猴,[CREATURE:1][REVIEWED:1]
Rhesus macaque,猕猴,[CREATURE:1][REVIEWED:1]
Rhesus Macaque,猕猴,[CREATURE:1][REVIEWED:1]
rhesus macaque man,猕猴人,[CREATURE:1][REVIEWED:1]
Rhesus macaque man,猕猴人,[CREATURE:1][REVIEWED:1]
Rhesus Macaque Man,猕猴人,[CREATURE:1][REVIEWED:1]
rhesus macaque men,猕猴人,[CREATURE:1][REVIEWED:1]
Rhesus macaque men,猕猴人,[CREATURE:1][REVIEWED:1]
Rhesus Macaque Men,猕猴人,[CREATURE:1][REVIEWED:1]
rhesus macaques,猕猴,[CREATURE:1][REVIEWED:1]
Rhesus macaques,猕猴,[CREATURE:1][REVIEWED:1]
Rhesus Macaques,猕猴,[CREATURE:1][REVIEWED:1]
rhinoceros,犀牛,[CREATURE:1][REVIEWED:1]
Rhinoceros,犀牛,[CREATURE:1][REVIEWED:1]
rhinoceros brute,犀牛蛮兵,[CREATURE:1][REVIEWED:1]
Rhinoceros brute,犀牛蛮兵,[CREATURE:1][REVIEWED:1]
Rhinoceros Brute,犀牛蛮兵,[CREATURE:1][REVIEWED:1]
rhinoceros man,犀牛人,[CREATURE:1][REVIEWED:1]
Rhinoceros man,犀牛人,[CREATURE:1][REVIEWED:1]
Rhinoceros Man,犀牛人,[CREATURE:1][REVIEWED:1]
rhinoceros men,犀牛人,[CREATURE:1][REVIEWED:1]
Rhinoceros men,犀牛人,[CREATURE:1][REVIEWED:1]
Rhinoceros Men,犀牛人,[CREATURE:1][REVIEWED:1]
rhinoceroses,犀牛,[CREATURE:1][REVIEWED:1]
Rhinoceroses,犀牛,[CREATURE:1][REVIEWED:1]
ribbon worm demon,丝带虫恶魔,[CREATURE:1][REVIEWED:1]
Ribbon worm demon,丝带虫恶魔,[CREATURE:1][REVIEWED:1]
Ribbon Worm Demon,丝带虫恶魔,[CREATURE:1][REVIEWED:1]
river otter,河獭,[CREATURE:1][REVIEWED:1]
River otter,河獭,[CREATURE:1][REVIEWED:1]
River Otter,河獭,[CREATURE:1][REVIEWED:1]
river otters,河獭,[CREATURE:1][REVIEWED:1]
River otters,河獭,[CREATURE:1][REVIEWED:1]
River Otters,河獭,[CREATURE:1][REVIEWED:1]
roach man,蟑螂人,[CREATURE:1][REVIEWED:1]
Roach man,蟑螂人,[CREATURE:1][REVIEWED:1]
Roach Man,蟑螂人,[CREATURE:1][REVIEWED:1]
roach men,蟑螂人,[CREATURE:1][REVIEWED:1]
Roach men,蟑螂人,[CREATURE:1][REVIEWED:1]
Roach Men,蟑螂人,[CREATURE:1][REVIEWED:1]
roc,大鹏鸟,[CREATURE:1][REVIEWED:1]
Roc,大鹏鸟,[CREATURE:1][REVIEWED:1]
rocs,大鹏鸟,[CREATURE:1][REVIEWED:1]
Rocs,大鹏鸟,[CREATURE:1][REVIEWED:1]
rodent man,啮齿动物人,[CREATURE:1][REVIEWED:1]
Rodent man,啮齿动物人,[CREATURE:1][REVIEWED:1]
Rodent Man,啮齿动物人,[CREATURE:1][REVIEWED:1]
rodent men,啮齿动物人,[CREATURE:1][REVIEWED:1]
Rodent men,啮齿动物人,[CREATURE:1][REVIEWED:1]
Rodent Men,啮齿动物人,[CREATURE:1][REVIEWED:1]
rose gold demon,玫瑰金恶魔,[CREATURE:1][REVIEWED:1]
Rose gold demon,玫瑰金恶魔,[CREATURE:1][REVIEWED:1]
Rose Gold Demon,玫瑰金恶魔,[CREATURE:1][REVIEWED:1]
rutherer,厚毛巨尾兽,[CREATURE:1][REVIEWED:1]
Rutherer,厚毛巨尾兽,[CREATURE:1][REVIEWED:1]
rutherers,厚毛巨尾兽,[CREATURE:1][REVIEWED:1]
Rutherers,厚毛巨尾兽,[CREATURE:1][REVIEWED:1]
sailfin mollies,帆鳍花鳉,[CREATURE:1][REVIEWED:1]
Sailfin mollies,帆鳍花鳉,[CREATURE:1][REVIEWED:1]
Sailfin Mollies,帆鳍花鳉,[CREATURE:1][REVIEWED:1]
sailfin molly,帆鳍花鳉,[CREATURE:1][REVIEWED:1]
Sailfin molly,帆鳍花鳉,[CREATURE:1][REVIEWED:1]
Sailfin Molly,帆鳍花鳉,[CREATURE:1][REVIEWED:1]
salmon,鲑鱼,[CREATURE:1][REVIEWED:1]
Salmon,鲑鱼,[CREATURE:1][REVIEWED:1]
saltwater crocodile,咸水鳄,[CREATURE:1][REVIEWED:1]
Saltwater crocodile,咸水鳄,[CREATURE:1][REVIEWED:1]
Saltwater Crocodile,咸水鳄,[CREATURE:1][REVIEWED:1]
saltwater crocodile man,咸水鳄人,[CREATURE:1][REVIEWED:1]
Saltwater crocodile man,咸水鳄人,[CREATURE:1][REVIEWED:1]
Saltwater Crocodile Man,咸水鳄人,[CREATURE:1][REVIEWED:1]
saltwater crocodile men,咸水鳄人,[CREATURE:1][REVIEWED:1]
Saltwater crocodile men,咸水鳄人,[CREATURE:1][REVIEWED:1]
Saltwater Crocodile Men,咸水鳄人,[CREATURE:1][REVIEWED:1]
saltwater crocodiles,咸水鳄,[CREATURE:1][REVIEWED:1]
Saltwater crocodiles,咸水鳄,[CREATURE:1][REVIEWED:1]
Saltwater Crocodiles,咸水鳄,[CREATURE:1][REVIEWED:1]
sasquatch,野人,[CREATURE:1][REVIEWED:1]
Sasquatch,野人,[CREATURE:1][REVIEWED:1]
sasquatches,野人,[CREATURE:1][REVIEWED:1]
Sasquatches,野人,[CREATURE:1][REVIEWED:1]
satyr,萨堤尔,[CREATURE:1][REVIEWED:1]
Satyr,萨堤尔,[CREATURE:1][REVIEWED:1]
satyrs,萨堤尔,[CREATURE:1][REVIEWED:1]
Satyrs,萨堤尔,[CREATURE:1][REVIEWED:1]
scorching devil,灼热恶魔,[CREATURE:1][REVIEWED:1]
Scorching devil,灼热恶魔,[CREATURE:1][REVIEWED:1]
Scorching Devil,灼热恶魔,[CREATURE:1][REVIEWED:1]
sea lamprey,海七鳃鳗,[CREATURE:1][REVIEWED:1]
Sea lamprey,海七鳃鳗,[CREATURE:1][REVIEWED:1]
Sea Lamprey,海七鳃鳗,[CREATURE:1][REVIEWED:1]
sea lampreys,海七鳃鳗,[CREATURE:1][REVIEWED:1]
Sea lampreys,海七鳃鳗,[CREATURE:1][REVIEWED:1]
Sea Lampreys,海七鳃鳗,[CREATURE:1][REVIEWED:1]
sea monster,海怪,[CREATURE:1][REVIEWED:1]
Sea monster,海怪,[CREATURE:1][REVIEWED:1]
Sea Monster,海怪,[CREATURE:1][REVIEWED:1]
sea monsters,海怪,[CREATURE:1][REVIEWED:1]
Sea monsters,海怪,[CREATURE:1][REVIEWED:1]
Sea Monsters,海怪,[CREATURE:1][REVIEWED:1]
sea nettle jellyfish,海荨麻水母,[CREATURE:1][REVIEWED:1]
Sea nettle jellyfish,海荨麻水母,[CREATURE:1][REVIEWED:1]
Sea Nettle Jellyfish,海荨麻水母,[CREATURE:1][REVIEWED:1]
sea otter,海獭,[CREATURE:1][REVIEWED:1]
Sea otter,海獭,[CREATURE:1][REVIEWED:1]
Sea Otter,海獭,[CREATURE:1][REVIEWED:1]
sea otters,海獭,[CREATURE:1][REVIEWED:1]
Sea otters,海獭,[CREATURE:1][REVIEWED:1]
Sea Otters,海獭,[CREATURE:1][REVIEWED:1]
sea serpent,海蛇,[CREATURE:1][REVIEWED:1]
Sea serpent,海蛇,[CREATURE:1][REVIEWED:1]
Sea Serpent,海蛇,[CREATURE:1][REVIEWED:1]
sea serpents,海蛇,[CREATURE:1][REVIEWED:1]
Sea serpents,海蛇,[CREATURE:1][REVIEWED:1]
Sea Serpents,海蛇,[CREATURE:1][REVIEWED:1]
seahorse,海马,[CREATURE:1][REVIEWED:1]
Seahorse,海马,[CREATURE:1][REVIEWED:1]
seahorses,海马,[CREATURE:1][REVIEWED:1]
Seahorses,海马,[CREATURE:1][REVIEWED:1]
serpent man,毒蛇人,[CREATURE:1][REVIEWED:1]
Serpent man,毒蛇人,[CREATURE:1][REVIEWED:1]
Serpent Man,毒蛇人,[CREATURE:1][REVIEWED:1]
serpent men,毒蛇人,[CREATURE:1][REVIEWED:1]
Serpent men,毒蛇人,[CREATURE:1][REVIEWED:1]
Serpent Men,毒蛇人,[CREATURE:1][REVIEWED:1]
shad,河鲱,[CREATURE:1][REVIEWED:1]
Shad,河鲱,[CREATURE:1][REVIEWED:1]
shads,河鲱,[CREATURE:1][REVIEWED:1]
Shads,河鲱,[CREATURE:1][REVIEWED:1]
sharovipteryx,沙罗翼龙,[CREATURE:1][REVIEWED:1]
Sharovipteryx,沙罗翼龙,[CREATURE:1][REVIEWED:1]
sharovipteryx man,沙罗翼龙人,[CREATURE:1][REVIEWED:1]
Sharovipteryx man,沙罗翼龙人,[CREATURE:1][REVIEWED:1]
Sharovipteryx Man,沙罗翼龙人,[CREATURE:1][REVIEWED:1]
sheep,绵羊,[CREATURE:1][REVIEWED:1]
Sheep,绵羊,[CREATURE:1][REVIEWED:1]
shortfin mako shark,短鳍鲭鲨,[CREATURE:1][REVIEWED:1]
Shortfin mako shark,短鳍鲭鲨,[CREATURE:1][REVIEWED:1]
Shortfin Mako Shark,短鳍鲭鲨,[CREATURE:1][REVIEWED:1]
shortfin mako sharks,短鳍鲭鲨,[CREATURE:1][REVIEWED:1]
Shortfin mako sharks,短鳍鲭鲨,[CREATURE:1][REVIEWED:1]
Shortfin Mako Sharks,短鳍鲭鲨,[CREATURE:1][REVIEWED:1]
siamang,合趾猿,[CREATURE:1][REVIEWED:1]
Siamang,合趾猿,[CREATURE:1][REVIEWED:1]
siamangs,合趾猿,[CREATURE:1][REVIEWED:1]
Siamangs,合趾猿,[CREATURE:1][REVIEWED:1]
silvery gibbon,银白长臂猿,[CREATURE:1][REVIEWED:1]
Silvery gibbon,银白长臂猿,[CREATURE:1][REVIEWED:1]
Silvery Gibbon,银白长臂猿,[CREATURE:1][REVIEWED:1]
silvery gibbons,银白长臂猿,[CREATURE:1][REVIEWED:1]
Silvery gibbons,银白长臂猿,[CREATURE:1][REVIEWED:1]
Silvery Gibbons,银白长臂猿,[CREATURE:1][REVIEWED:1]
sinopterus,华夏翼龙,[CREATURE:1][REVIEWED:1]
Sinopterus,华夏翼龙,[CREATURE:1][REVIEWED:1]
sinopterus man,华夏翼龙人,[CREATURE:1][REVIEWED:1]
Sinopterus man,华夏翼龙人,[CREATURE:1][REVIEWED:1]
Sinopterus Man,华夏翼龙人,[CREATURE:1][REVIEWED:1]
skink,彩舌蜥,[CREATURE:1][REVIEWED:1]
Skink,彩舌蜥,[CREATURE:1][REVIEWED:1]
skink man,彩舌蜥人,[CREATURE:1][REVIEWED:1]
Skink man,彩舌蜥人,[CREATURE:1][REVIEWED:1]
Skink Man,彩舌蜥人,[CREATURE:1][REVIEWED:1]
skink men,彩舌蜥人,[CREATURE:1][REVIEWED:1]
Skink men,彩舌蜥人,[CREATURE:1][REVIEWED:1]
Skink Men,彩舌蜥人,[CREATURE:1][REVIEWED:1]
skinks,彩舌蜥,[CREATURE:1][REVIEWED:1]
Skinks,彩舌蜥,[CREATURE:1][REVIEWED:1]
skunk,臭鼬,[CREATURE:1][REVIEWED:1]
Skunk,臭鼬,[CREATURE:1][REVIEWED:1]
skunk man,臭鼬人,[CREATURE:1][REVIEWED:1]
Skunk man,臭鼬人,[CREATURE:1][REVIEWED:1]
Skunk Man,臭鼬人,[CREATURE:1][REVIEWED:1]
skunk men,臭鼬人,[CREATURE:1][REVIEWED:1]
Skunk men,臭鼬人,[CREATURE:1][REVIEWED:1]
Skunk Men,臭鼬人,[CREATURE:1][REVIEWED:1]
skunks,臭鼬,[CREATURE:1][REVIEWED:1]
Skunks,臭鼬,[CREATURE:1][REVIEWED:1]
sloth,树懒,[CREATURE:1][REVIEWED:1]
Sloth,懒惰,[CREATURE:1][REVIEWED:1]
sloth bear,懒熊,[CREATURE:1][REVIEWED:1]
Sloth bear,懒熊,[CREATURE:1][REVIEWED:1]
Sloth Bear,懒熊,[CREATURE:1][REVIEWED:1]
sloth bear man,懒熊人,[CREATURE:1][REVIEWED:1]
Sloth bear man,懒熊人,[CREATURE:1][REVIEWED:1]
Sloth Bear Man,懒熊人,[CREATURE:1][REVIEWED:1]
sloth bear men,懒熊人,[CREATURE:1][REVIEWED:1]
Sloth bear men,懒熊人,[CREATURE:1][REVIEWED:1]
Sloth Bear Men,懒熊人,[CREATURE:1][REVIEWED:1]
sloth bears,懒熊,[CREATURE:1][REVIEWED:1]
Sloth bears,懒熊,[CREATURE:1][REVIEWED:1]
Sloth Bears,懒熊,[CREATURE:1][REVIEWED:1]
sloth man,树懒人,[CREATURE:1][REVIEWED:1]
Sloth man,树懒人,[CREATURE:1][REVIEWED:1]
Sloth Man,树懒人,[CREATURE:1][REVIEWED:1]
sloth men,树懒人,[CREATURE:1][REVIEWED:1]
Sloth men,树懒人,[CREATURE:1][REVIEWED:1]
Sloth Men,树懒人,[CREATURE:1][REVIEWED:1]
sloth monster,树懒怪兽,[CREATURE:1][REVIEWED:1]
Sloth monster,树懒怪兽,[CREATURE:1][REVIEWED:1]
Sloth Monster,树懒怪兽,[CREATURE:1][REVIEWED:1]
sloths,树懒,[CREATURE:1][REVIEWED:1]
Sloths,树懒,[CREATURE:1][REVIEWED:1]
slug,蛞蝓,[CREATURE:1][REVIEWED:1]
Slug,蛞蝓,[CREATURE:1][REVIEWED:1]
slug brute,蛞蝓蛮兽,[CREATURE:1][REVIEWED:1]
Slug brute,蛞蝓蛮兽,[CREATURE:1][REVIEWED:1]
Slug Brute,蛞蝓蛮兽,[CREATURE:1][REVIEWED:1]
slug man,蛞蝓人,[CREATURE:1][REVIEWED:1]
Slug man,蛞蝓人,[CREATURE:1][REVIEWED:1]
Slug Man,蛞蝓人,[CREATURE:1][REVIEWED:1]
slug men,蛞蝓人,[CREATURE:1][REVIEWED:1]
Slug men,蛞蝓人,[CREATURE:1][REVIEWED:1]
Slug Men,蛞蝓人,[CREATURE:1][REVIEWED:1]
slugs,蛞蝓,[CREATURE:1][REVIEWED:1]
Slugs,蛞蝓,[CREATURE:1][REVIEWED:1]
smilodon,剑齿虎,[CREATURE:1][REVIEWED:1]
Smilodon,剑齿虎,[CREATURE:1][REVIEWED:1]
smilodon man,剑齿虎人,[CREATURE:1][REVIEWED:1]
Smilodon man,剑齿虎人,[CREATURE:1][REVIEWED:1]
Smilodon Man,剑齿虎人,[CREATURE:1][REVIEWED:1]
snail,蜗牛,[CREATURE:1][REVIEWED:1]
Snail,蜗牛,[CREATURE:1][REVIEWED:1]
snail man,蜗牛人,[CREATURE:1][REVIEWED:1]
Snail man,蜗牛人,[CREATURE:1][REVIEWED:1]
Snail Man,蜗牛人,[CREATURE:1][REVIEWED:1]
snail men,蜗牛人,[CREATURE:1][REVIEWED:1]
Snail men,蜗牛人,[CREATURE:1][REVIEWED:1]
Snail Men,蜗牛人,[CREATURE:1][REVIEWED:1]
snails,蜗牛,[CREATURE:1][REVIEWED:1]
Snails,蜗牛,[CREATURE:1][REVIEWED:1]
snapping turtle man,大鳄龟人,[CREATURE:1][REVIEWED:1]
Snapping turtle man,大鳄龟人,[CREATURE:1][REVIEWED:1]
Snapping Turtle Man,大鳄龟人,[CREATURE:1][REVIEWED:1]
snapping turtle men,大鳄龟人,[CREATURE:1][REVIEWED:1]
Snapping turtle men,大鳄龟人,[CREATURE:1][REVIEWED:1]
Snapping Turtle Men,大鳄龟人,[CREATURE:1][REVIEWED:1]
snow spirit,雪精灵,[CREATURE:1][REVIEWED:1]
Snow spirit,雪精灵,[CREATURE:1][REVIEWED:1]
Snow Spirit,雪精灵,[CREATURE:1][REVIEWED:1]
snowy owl,雪鸮,[CREATURE:1][REVIEWED:1]
Snowy owl,雪鸮,[CREATURE:1][REVIEWED:1]
Snowy Owl,雪鸮,[CREATURE:1][REVIEWED:1]
snowy owl man,雪鸮人,[CREATURE:1][REVIEWED:1]
Snowy owl man,雪鸮人,[CREATURE:1][REVIEWED:1]
Snowy Owl Man,雪鸮人,[CREATURE:1][REVIEWED:1]
snowy owl men,雪鸮人,[CREATURE:1][REVIEWED:1]
Snowy owl men,雪鸮人,[CREATURE:1][REVIEWED:1]
Snowy Owl Men,雪鸮人,[CREATURE:1][REVIEWED:1]
snowy owls,雪鸮,[CREATURE:1][REVIEWED:1]
Snowy owls,雪鸮,[CREATURE:1][REVIEWED:1]
Snowy Owls,雪鸮,[CREATURE:1][REVIEWED:1]
sole,鳎鱼,[CREATURE:1][REVIEWED:1]
Sole,鳎鱼,[CREATURE:1][REVIEWED:1]
sparrow,麻雀,[CREATURE:1][REVIEWED:1]
Sparrow,麻雀,[CREATURE:1][REVIEWED:1]
sparrow man,麻雀人,[CREATURE:1][REVIEWED:1]
Sparrow man,麻雀人,[CREATURE:1][REVIEWED:1]
Sparrow Man,麻雀人,[CREATURE:1][REVIEWED:1]
sparrow men,麻雀人,[CREATURE:1][REVIEWED:1]
Sparrow men,麻雀人,[CREATURE:1][REVIEWED:1]
Sparrow Men,麻雀人,[CREATURE:1][REVIEWED:1]
sparrows,麻雀,[CREATURE:1][REVIEWED:1]
Sparrows,麻雀,[CREATURE:1][REVIEWED:1]
sperm whale,抹香鲸,[CREATURE:1][REVIEWED:1]
Sperm whale,抹香鲸,[CREATURE:1][REVIEWED:1]
Sperm Whale,抹香鲸,[CREATURE:1][REVIEWED:1]
sperm whale man,抹香鲸人,[CREATURE:1][REVIEWED:1]
Sperm whale man,抹香鲸人,[CREATURE:1][REVIEWED:1]
Sperm Whale Man,抹香鲸人,[CREATURE:1][REVIEWED:1]
sperm whale men,抹香鲸人,[CREATURE:1][REVIEWED:1]
Sperm whale men,抹香鲸人,[CREATURE:1][REVIEWED:1]
Sperm Whale Men,抹香鲸人,[CREATURE:1][REVIEWED:1]
sperm whales,抹香鲸,[CREATURE:1][REVIEWED:1]
Sperm whales,抹香鲸,[CREATURE:1][REVIEWED:1]
Sperm Whales,抹香鲸,[CREATURE:1][REVIEWED:1]
spider brute,蜘蛛蛮兽,[CREATURE:1][REVIEWED:1]
Spider brute,蜘蛛蛮兽,[CREATURE:1][REVIEWED:1]
Spider Brute,蜘蛛蛮兽,[CREATURE:1][REVIEWED:1]
spider monkey,蜘蛛猴,[CREATURE:1][REVIEWED:1]
Spider monkey,蜘蛛猴,[CREATURE:1][REVIEWED:1]
Spider Monkey,蜘蛛猴,[CREATURE:1][REVIEWED:1]
spider monkey man,蜘蛛猴人,[CREATURE:1][REVIEWED:1]
Spider monkey man,蜘蛛猴人,[CREATURE:1][REVIEWED:1]
Spider Monkey Man,蜘蛛猴人,[CREATURE:1][REVIEWED:1]
spider monkey men,蜘蛛猴人,[CREATURE:1][REVIEWED:1]
Spider monkey men,蜘蛛猴人,[CREATURE:1][REVIEWED:1]
Spider Monkey Men,蜘蛛猴人,[CREATURE:1][REVIEWED:1]
spider monkeys,蜘蛛猴,[CREATURE:1][REVIEWED:1]
Spider monkeys,蜘蛛猴,[CREATURE:1][REVIEWED:1]
Spider Monkeys,蜘蛛猴,[CREATURE:1][REVIEWED:1]
spinosaurus aegyptiacus,埃及棘龙,[CREATURE:1][REVIEWED:1]
Spinosaurus aegyptiacus,埃及棘龙,[CREATURE:1][REVIEWED:1]
Spinosaurus Aegyptiacus,埃及棘龙,[CREATURE:1][REVIEWED:1]
spinosaurus aegyptiacus man,埃及棘龙人,[CREATURE:1][REVIEWED:1]
Spinosaurus aegyptiacus man,埃及棘龙人,[CREATURE:1][REVIEWED:1]
Spinosaurus Aegyptiacus Man,埃及棘龙人,[CREATURE:1][REVIEWED:1]
spinosaurus mirabilis,奇异棘龙,[CREATURE:1][REVIEWED:1]
Spinosaurus mirabilis,奇异棘龙,[CREATURE:1][REVIEWED:1]
Spinosaurus Mirabilis,奇异棘龙,[CREATURE:1][REVIEWED:1]
spinosaurus mirabilis man,奇异棘龙人,[CREATURE:1][REVIEWED:1]
Spinosaurus mirabilis man,奇异棘龙人,[CREATURE:1][REVIEWED:1]
Spinosaurus Mirabilis Man,奇异棘龙人,[CREATURE:1][REVIEWED:1]
spiny dogfish,白斑角鲨,[CREATURE:1][REVIEWED:1]
Spiny dogfish,白斑角鲨,[CREATURE:1][REVIEWED:1]
Spiny Dogfish,白斑角鲨,[CREATURE:1][REVIEWED:1]
sponge,海绵,[CREATURE:1][REVIEWED:1]
Sponge,海绵,[CREATURE:1][REVIEWED:1]
sponge man,海绵人,[CREATURE:1][REVIEWED:1]
Sponge man,海绵人,[CREATURE:1][REVIEWED:1]
Sponge Man,海绵人,[CREATURE:1][REVIEWED:1]
sponge men,海绵人,[CREATURE:1][REVIEWED:1]
Sponge men,海绵人,[CREATURE:1][REVIEWED:1]
Sponge Men,海绵人,[CREATURE:1][REVIEWED:1]
sponges,海绵,[CREATURE:1][REVIEWED:1]
Sponges,海绵,[CREATURE:1][REVIEWED:1]
spotted ratfish,斑点鼠鱼,[CREATURE:1][REVIEWED:1]
Spotted ratfish,斑点鼠鱼,[CREATURE:1][REVIEWED:1]
Spotted Ratfish,斑点鼠鱼,[CREATURE:1][REVIEWED:1]
spotted wobbegong,斑纹须鲨,[CREATURE:1][REVIEWED:1]
Spotted wobbegong,斑纹须鲨,[CREATURE:1][REVIEWED:1]
Spotted Wobbegong,斑纹须鲨,[CREATURE:1][REVIEWED:1]
spotted wobbegongs,斑纹须鲨,[CREATURE:1][REVIEWED:1]
Spotted wobbegongs,斑纹须鲨,[CREATURE:1][REVIEWED:1]
Spotted Wobbegongs,斑纹须鲨,[CREATURE:1][REVIEWED:1]
squid,鱿鱼,[CREATURE:1][REVIEWED:1]
Squid,鱿鱼,[CREATURE:1][REVIEWED:1]
squid man,鱿鱼人,[CREATURE:1][REVIEWED:1]
Squid man,鱿鱼人,[CREATURE:1][REVIEWED:1]
Squid Man,鱿鱼人,[CREATURE:1][REVIEWED:1]
squid men,鱿鱼人,[CREATURE:1][REVIEWED:1]
Squid men,鱿鱼人,[CREATURE:1][REVIEWED:1]
Squid Men,鱿鱼人,[CREATURE:1][REVIEWED:1]
squids,鱿鱼,[CREATURE:1][REVIEWED:1]
Squids,鱿鱼,[CREATURE:1][REVIEWED:1]
steelhead trout,硬头鳟,[CREATURE:1][REVIEWED:1]
Steelhead trout,硬头鳟,[CREATURE:1][REVIEWED:1]
Steelhead Trout,硬头鳟,[CREATURE:1][REVIEWED:1]
stegosaurus,剑龙,[CREATURE:1][REVIEWED:1]
Stegosaurus,剑龙,[CREATURE:1][REVIEWED:1]
stegosaurus man,剑龙人,[CREATURE:1][REVIEWED:1]
Stegosaurus man,剑龙人,[CREATURE:1][REVIEWED:1]
Stegosaurus Man,剑龙人,[CREATURE:1][REVIEWED:1]
stingray,刺𫚉,[CREATURE:1][REVIEWED:1]
Stingray,刺𫚉,[CREATURE:1][REVIEWED:1]
stingrays,刺魟,[CREATURE:1][REVIEWED:1]
Stingrays,刺𫚉,[CREATURE:1][REVIEWED:1]
stoat,白鼬,[CREATURE:1][REVIEWED:1]
Stoat,白鼬,[CREATURE:1][REVIEWED:1]
stoat man,白鼬人,[CREATURE:1][REVIEWED:1]
Stoat man,白鼬人,[CREATURE:1][REVIEWED:1]
Stoat Man,白鼬人,[CREATURE:1][REVIEWED:1]
stoat men,白鼬人,[CREATURE:1][REVIEWED:1]
Stoat men,白鼬人,[CREATURE:1][REVIEWED:1]
Stoat Men,白鼬人,[CREATURE:1][REVIEWED:1]
stoats,白鼬,[CREATURE:1][REVIEWED:1]
Stoats,白鼬,[CREATURE:1][REVIEWED:1]
strangler,绞杀者,[CREATURE:1][REVIEWED:1]
Strangler,绞杀者,[CREATURE:1][REVIEWED:1]
stranglers,绞杀者,[CREATURE:1][REVIEWED:1]
Stranglers,绞杀者,[CREATURE:1][REVIEWED:1]
sturgeon,鲟鱼,[CREATURE:1][REVIEWED:1]
Sturgeon,鲟鱼,[CREATURE:1][REVIEWED:1]
sturgeons,鲟鱼,[CREATURE:1][REVIEWED:1]
Sturgeons,鲟鱼,[CREATURE:1][REVIEWED:1]
suzhousaurus,肃州龙,[CREATURE:1][REVIEWED:1]
Suzhousaurus,肃州龙,[CREATURE:1][REVIEWED:1]
suzhousaurus man,肃州龙人,[CREATURE:1][REVIEWED:1]
Suzhousaurus man,肃州龙人,[CREATURE:1][REVIEWED:1]
Suzhousaurus Man,肃州龙人,[CREATURE:1][REVIEWED:1]
swan,天鹅,[CREATURE:1][REVIEWED:1]
Swan,天鹅,[CREATURE:1][REVIEWED:1]
swan man,天鹅人,[CREATURE:1][REVIEWED:1]
Swan man,天鹅人,[CREATURE:1][REVIEWED:1]
Swan Man,天鹅人,[CREATURE:1][REVIEWED:1]
swan men,天鹅人,[CREATURE:1][REVIEWED:1]
Swan men,天鹅人,[CREATURE:1][REVIEWED:1]
Swan Men,天鹅人,[CREATURE:1][REVIEWED:1]
swans,天鹅,[CREATURE:1][REVIEWED:1]
Swans,天鹅,[CREATURE:1][REVIEWED:1]
swordfish,剑鱼,[CREATURE:1][REVIEWED:1]
Swordfish,剑鱼,[CREATURE:1][REVIEWED:1]
tapir,貘,[CREATURE:1][REVIEWED:1]
Tapir,貘,[CREATURE:1][REVIEWED:1]
tapir man,貘人,[CREATURE:1][REVIEWED:1]
Tapir man,貘人,[CREATURE:1][REVIEWED:1]
Tapir Man,貘人,[CREATURE:1][REVIEWED:1]
tapir men,貘人,[CREATURE:1][REVIEWED:1]
Tapir men,貘人,[CREATURE:1][REVIEWED:1]
Tapir Men,貘人,[CREATURE:1][REVIEWED:1]
tapirs,貘,[CREATURE:1][REVIEWED:1]
Tapirs,貘,[CREATURE:1][REVIEWED:1]
termite,白蚁,[CREATURE:1][REVIEWED:1]
Termite,白蚁,[CREATURE:1][REVIEWED:1]
termites,白蚁,[CREATURE:1][REVIEWED:1]
Termites,白蚁,[CREATURE:1][REVIEWED:1]
therizinosaurus,镰刀龙,[CREATURE:1][REVIEWED:1]
Therizinosaurus,镰刀龙,[CREATURE:1][REVIEWED:1]
therizinosaurus man,镰刀龙人,[CREATURE:1][REVIEWED:1]
Therizinosaurus man,镰刀龙人,[CREATURE:1][REVIEWED:1]
Therizinosaurus Man,镰刀龙人,[CREATURE:1][REVIEWED:1]
thornback ray,刺鳐,[CREATURE:1][REVIEWED:1]
Thornback ray,刺鳐,[CREATURE:1][REVIEWED:1]
Thornback Ray,刺鳐,[CREATURE:1][REVIEWED:1]
thornback rays,刺鳐,[CREATURE:1][REVIEWED:1]
Thornback rays,刺鳐,[CREATURE:1][REVIEWED:1]
Thornback Rays,刺鳐,[CREATURE:1][REVIEWED:1]
thrips,蓟马,[CREATURE:1][REVIEWED:1]
Thrips,蓟马,[CREATURE:1][REVIEWED:1]
thrips man,蓟马人,[CREATURE:1][REVIEWED:1]
Thrips man,蓟马人,[CREATURE:1][REVIEWED:1]
Thrips Man,蓟马人,[CREATURE:1][REVIEWED:1]
thrips men,蓟马人,[CREATURE:1][REVIEWED:1]
Thrips men,蓟马人,[CREATURE:1][REVIEWED:1]
Thrips Men,蓟马人,[CREATURE:1][REVIEWED:1]
thylacine,袋狼,[CREATURE:1][REVIEWED:1]
Thylacine,袋狼,[CREATURE:1][REVIEWED:1]
thylacine man,袋狼人,[CREATURE:1][REVIEWED:1]
Thylacine man,袋狼人,[CREATURE:1][REVIEWED:1]
Thylacine Man,袋狼人,[CREATURE:1][REVIEWED:1]
tick,蜱虫,[CREATURE:1][REVIEWED:1]
Tick,蜱虫,[CREATURE:1][REVIEWED:1]
tick man,蜱虫人,[CREATURE:1][REVIEWED:1]
Tick man,蜱虫人,[CREATURE:1][REVIEWED:1]
Tick Man,蜱虫人,[CREATURE:1][REVIEWED:1]
tick men,蜱虫人,[CREATURE:1][REVIEWED:1]
Tick men,蜱虫人,[CREATURE:1][REVIEWED:1]
Tick Men,蜱虫人,[CREATURE:1][REVIEWED:1]
ticks,蜱虫,[CREATURE:1][REVIEWED:1]
Ticks,蜱虫,[CREATURE:1][REVIEWED:1]
tiger,虎,[CREATURE:1][REVIEWED:1]
Tiger,虎,[CREATURE:1][REVIEWED:1]
tiger man,虎人,[CREATURE:1][REVIEWED:1]
Tiger man,虎人,[CREATURE:1][REVIEWED:1]
Tiger Man,虎人,[CREATURE:1][REVIEWED:1]
tiger men,虎人,[CREATURE:1][REVIEWED:1]
Tiger men,虎人,[CREATURE:1][REVIEWED:1]
Tiger Men,虎人,[CREATURE:1][REVIEWED:1]
tiger shark,虎鲨,[CREATURE:1][REVIEWED:1]
Tiger shark,虎鲨,[CREATURE:1][REVIEWED:1]
Tiger Shark,虎鲨,[CREATURE:1][REVIEWED:1]
tiger sharks,虎鲨,[CREATURE:1][REVIEWED:1]
Tiger sharks,虎鲨,[CREATURE:1][REVIEWED:1]
Tiger Sharks,虎鲨,[CREATURE:1][REVIEWED:1]
tigerfish,虎鱼,[CREATURE:1][REVIEWED:1]
Tigerfish,虎鱼,[CREATURE:1][REVIEWED:1]
tigers,虎,[CREATURE:1][REVIEWED:1]
Tigers,虎,[CREATURE:1][REVIEWED:1]
tiktaalik,提塔利克鱼,[CREATURE:1][REVIEWED:1]
Tiktaalik,提塔利克鱼,[CREATURE:1][REVIEWED:1]
tiktaalik man,提塔利克鱼人,[CREATURE:1][REVIEWED:1]
Tiktaalik man,提塔利克鱼人,[CREATURE:1][REVIEWED:1]
Tiktaalik Man,提塔利克鱼人,[CREATURE:1][REVIEWED:1]
titanoboa,泰坦巨蟒,[CREATURE:1][REVIEWED:1]
Titanoboa,泰坦巨蟒,[CREATURE:1][REVIEWED:1]
titanoboa man,泰坦巨蟒人,[CREATURE:1][REVIEWED:1]
Titanoboa man,泰坦巨蟒人,[CREATURE:1][REVIEWED:1]
Titanoboa Man,泰坦巨蟒人,[CREATURE:1][REVIEWED:1]
toad,蟾蜍,[CREATURE:1][REVIEWED:1]
Toad,蟾蜍,[CREATURE:1][REVIEWED:1]
toad man,蟾蜍人,[CREATURE:1][REVIEWED:1]
Toad man,蟾蜍人,[CREATURE:1][REVIEWED:1]
Toad Man,蟾蜍人,[CREATURE:1][REVIEWED:1]
toad men,蟾蜍人,[CREATURE:1][REVIEWED:1]
Toad men,蟾蜍人,[CREATURE:1][REVIEWED:1]
Toad Men,蟾蜍人,[CREATURE:1][REVIEWED:1]
toads,蟾蜍,[CREATURE:1][REVIEWED:1]
Toads,蟾蜍,[CREATURE:1][REVIEWED:1]
torvosaurus,蛮龙,[CREATURE:1][REVIEWED:1]
Torvosaurus,蛮龙,[CREATURE:1][REVIEWED:1]
torvosaurus man,蛮龙人,[CREATURE:1][REVIEWED:1]
Torvosaurus man,蛮龙人,[CREATURE:1][REVIEWED:1]
Torvosaurus Man,蛮龙人,[CREATURE:1][REVIEWED:1]
triceratops,三角龙,[CREATURE:1][REVIEWED:1]
Triceratops,三角龙,[CREATURE:1][REVIEWED:1]
triceratops man,三角龙人,[CREATURE:1][REVIEWED:1]
Triceratops man,三角龙人,[CREATURE:1][REVIEWED:1]
Triceratops Man,三角龙人,[CREATURE:1][REVIEWED:1]
trilobite,三叶虫,[CREATURE:1][REVIEWED:1]
Trilobite,三叶虫,[CREATURE:1][REVIEWED:1]
trilobite man,三叶虫人,[CREATURE:1][REVIEWED:1]
Trilobite man,三叶虫人,[CREATURE:1][REVIEWED:1]
Trilobite Man,三叶虫人,[CREATURE:1][REVIEWED:1]
troglodyte,穴居人,[CREATURE:1][REVIEWED:1]
Troglodyte,穴居人,[CREATURE:1][REVIEWED:1]
troglodytes,穴居人,[CREATURE:1][REVIEWED:1]
Troglodytes,穴居人,[CREATURE:1][REVIEWED:1]
troll,巨魔,[CREATURE:1][REVIEWED:1]
Troll,巨魔,[CREATURE:1][REVIEWED:1]
trolls,巨魔,[CREATURE:1][REVIEWED:1]
Trolls,巨魔,[CREATURE:1][REVIEWED:1]
tsintaosaurus,青岛龙,[CREATURE:1][REVIEWED:1]
Tsintaosaurus,青岛龙,[CREATURE:1][REVIEWED:1]
tsintaosaurus man,青岛龙人,[CREATURE:1][REVIEWED:1]
Tsintaosaurus man,青岛龙人,[CREATURE:1][REVIEWED:1]
Tsintaosaurus Man,青岛龙人,[CREATURE:1][REVIEWED:1]
tullimonstrum,塔利怪物,[CREATURE:1][REVIEWED:1]
Tullimonstrum,塔利怪物,[CREATURE:1][REVIEWED:1]
tullimonstrum man,塔利怪物人,[CREATURE:1][REVIEWED:1]
Tullimonstrum man,塔利怪物人,[CREATURE:1][REVIEWED:1]
Tullimonstrum Man,塔利怪物人,[CREATURE:1][REVIEWED:1]
turkey,火鸡,[CREATURE:1][REVIEWED:1]
Turkey,火鸡,[CREATURE:1][REVIEWED:1]
turkeys,火鸡,[CREATURE:1][REVIEWED:1]
Turkeys,火鸡,[CREATURE:1][REVIEWED:1]
two-humped camel,双峰骆驼,[CREATURE:1][REVIEWED:1]
Two-humped camel,双峰骆驼,[CREATURE:1][REVIEWED:1]
Two-Humped Camel,双峰骆驼,[CREATURE:1][REVIEWED:1]
two-humped camel man,双峰骆驼人,[CREATURE:1][REVIEWED:1]
Two-humped camel man,双峰骆驼人,[CREATURE:1][REVIEWED:1]
Two-Humped Camel Man,双峰骆驼人,[CREATURE:1][REVIEWED:1]
two-humped camel men,双峰骆驼人,[CREATURE:1][REVIEWED:1]
Two-humped camel men,双峰骆驼人,[CREATURE:1][REVIEWED:1]
Two-Humped Camel Men,双峰骆驼人,[CREATURE:1][REVIEWED:1]
two-humped camels,双峰骆驼,[CREATURE:1][REVIEWED:1]
Two-humped camels,双峰骆驼,[CREATURE:1][REVIEWED:1]
Two-Humped Camels,双峰骆驼,[CREATURE:1][REVIEWED:1]
two-legged rhino lizard,双足犀蜥蜴,[CREATURE:1][REVIEWED:1]
Two-legged rhino lizard,双足犀蜥蜴,[CREATURE:1][REVIEWED:1]
Two-Legged Rhino Lizard,双足犀蜥蜴,[CREATURE:1][REVIEWED:1]
two-legged rhino lizards,双足犀蜥蜴,[CREATURE:1][REVIEWED:1]
Two-legged rhino lizards,双足犀蜥蜴,[CREATURE:1][REVIEWED:1]
Two-Legged Rhino Lizards,双足犀蜥蜴,[CREATURE:1][REVIEWED:1]
tyrannosaurus,霸王龙,[CREATURE:1][REVIEWED:1]
Tyrannosaurus,霸王龙,[CREATURE:1][REVIEWED:1]
tyrannosaurus man,霸王龙人,[CREATURE:1][REVIEWED:1]
Tyrannosaurus man,霸王龙人,[CREATURE:1][REVIEWED:1]
Tyrannosaurus Man,霸王龙人,[CREATURE:1][REVIEWED:1]
unicorn,独角兽,[CREATURE:1][REVIEWED:1]
Unicorn,独角兽,[CREATURE:1][REVIEWED:1]
unicorns,独角兽,[CREATURE:1][REVIEWED:1]
Unicorns,独角兽,[CREATURE:1][REVIEWED:1]
utahraptor,犹他盗龙,[CREATURE:1][REVIEWED:1]
Utahraptor,犹他盗龙,[CREATURE:1][REVIEWED:1]
utahraptor man,犹他盗龙人,[CREATURE:1][REVIEWED:1]
Utahraptor man,犹他盗龙人,[CREATURE:1][REVIEWED:1]
Utahraptor Man,犹他盗龙人,[CREATURE:1][REVIEWED:1]
velociraptor,伶盗龙,[CREATURE:1][REVIEWED:1]
Velociraptor,伶盗龙,[CREATURE:1][REVIEWED:1]
velociraptor man,伶盗龙人,[CREATURE:1][REVIEWED:1]
Velociraptor man,伶盗龙人,[CREATURE:1][REVIEWED:1]
Velociraptor Man,伶盗龙人,[CREATURE:1][REVIEWED:1]
vile creature,邪恶生物,[CREATURE:1][REVIEWED:1]
Vile creature,邪恶生物,[CREATURE:1][REVIEWED:1]
Vile Creature,邪恶生物,[CREATURE:1][REVIEWED:1]
vomit brute,呕吐蛮兽,[CREATURE:1][REVIEWED:1]
Vomit brute,呕吐蛮兽,[CREATURE:1][REVIEWED:1]
Vomit Brute,呕吐蛮兽,[CREATURE:1][REVIEWED:1]
voracious cave crawler,贪婪的洞穴爬虫,[CREATURE:1][REVIEWED:1]
Voracious cave crawler,贪婪的洞穴爬虫,[CREATURE:1][REVIEWED:1]
Voracious Cave Crawler,贪婪的洞穴爬虫,[CREATURE:1][REVIEWED:1]
voracious cave crawlers,贪婪的洞穴爬虫,[CREATURE:1][REVIEWED:1]
Voracious cave crawlers,贪婪的洞穴爬虫,[CREATURE:1][REVIEWED:1]
Voracious Cave Crawlers,贪婪的洞穴爬虫,[CREATURE:1][REVIEWED:1]
vulture,秃鹫,[CREATURE:1][REVIEWED:1]
Vulture,秃鹫,[CREATURE:1][REVIEWED:1]
vulture man,秃鹫人,[CREATURE:1][REVIEWED:1]
Vulture man,秃鹫人,[CREATURE:1][REVIEWED:1]
Vulture Man,秃鹫人,[CREATURE:1][REVIEWED:1]
vulture men,秃鹫人,[CREATURE:1][REVIEWED:1]
Vulture men,秃鹫人,[CREATURE:1][REVIEWED:1]
Vulture Men,秃鹫人,[CREATURE:1][REVIEWED:1]
vultures,秃鹫,[CREATURE:1][REVIEWED:1]
Vultures,秃鹫,[CREATURE:1][REVIEWED:1]
wagon,货车,[CREATURE:1][REVIEWED:1]
Wagon,货车,[CREATURE:1][REVIEWED:1]
wagons,货车,[CREATURE:1][REVIEWED:1]
Wagons,货车,[CREATURE:1][REVIEWED:1]
walrus,海象,[CREATURE:1][REVIEWED:1]
Walrus,海象,[CREATURE:1][REVIEWED:1]
walrus man,海象人,[CREATURE:1][REVIEWED:1]
Walrus man,海象人,[CREATURE:1][REVIEWED:1]
Walrus Man,海象人,[CREATURE:1][REVIEWED:1]
walrus men,海象人,[CREATURE:1][REVIEWED:1]
Walrus men,海象人,[CREATURE:1][REVIEWED:1]
Walrus Men,海象人,[CREATURE:1][REVIEWED:1]
walruses,海象,[CREATURE:1][REVIEWED:1]
Walruses,海象,[CREATURE:1][REVIEWED:1]
warosp's beast,瓦罗斯普之兽,[CREATURE:1][REVIEWED:1]
warosp's Beast,瓦罗斯普之兽,[CREATURE:1][REVIEWED:1]
Warosp's Beast,瓦罗斯普之兽,[CREATURE:1][REVIEWED:1]
Warosp'S Beast,瓦罗斯普之兽,[CREATURE:1][REVIEWED:1]
warthog,疣猪,[CREATURE:1][REVIEWED:1]
Warthog,疣猪,[CREATURE:1][REVIEWED:1]
warthog man,疣猪人,[CREATURE:1][REVIEWED:1]
Warthog man,疣猪人,[CREATURE:1][REVIEWED:1]
Warthog Man,疣猪人,[CREATURE:1][REVIEWED:1]
warthog men,疣猪人,[CREATURE:1][REVIEWED:1]
Warthog men,疣猪人,[CREATURE:1][REVIEWED:1]
Warthog Men,疣猪人,[CREATURE:1][REVIEWED:1]
warthogs,疣猪,[CREATURE:1][REVIEWED:1]
Warthogs,疣猪,[CREATURE:1][REVIEWED:1]
water buffalo,水牛,[CREATURE:1][REVIEWED:1]
Water buffalo,水牛,[CREATURE:1][REVIEWED:1]
Water Buffalo,水牛,[CREATURE:1][REVIEWED:1]
water buffalos,水牛,[CREATURE:1][REVIEWED:1]
Water buffalos,水牛,[CREATURE:1][REVIEWED:1]
Water Buffalos,水牛,[CREATURE:1][REVIEWED:1]
weasel,黄鼬,[CREATURE:1][REVIEWED:1]
Weasel,黄鼠狼,[CREATURE:1][REVIEWED:1]
weasel man,黄鼬人,[CREATURE:1][REVIEWED:1]
Weasel man,黄鼬人,[CREATURE:1][REVIEWED:1]
Weasel Man,黄鼬人,[CREATURE:1][REVIEWED:1]
weasel men,黄鼬人,[CREATURE:1][REVIEWED:1]
Weasel men,黄鼬人,[CREATURE:1][REVIEWED:1]
Weasel Men,黄鼬人,[CREATURE:1][REVIEWED:1]
weasels,黄鼬,[CREATURE:1][REVIEWED:1]
Weasels,黄鼬,[CREATURE:1][REVIEWED:1]
werebear,熊人,[CREATURE:1][REVIEWED:1]
Werebear,熊人,[CREATURE:1][REVIEWED:1]
werebeaver,人海狸,[CREATURE:1][REVIEWED:1]
Werebeaver,人海狸,[CREATURE:1][REVIEWED:1]
werecamel,骆驼人,[CREATURE:1][REVIEWED:1]
Werecamel,骆驼人,[CREATURE:1][REVIEWED:1]
weredeer,鹿人,[CREATURE:1][REVIEWED:1]
Weredeer,鹿人,[CREATURE:1][REVIEWED:1]
weregecko,人壁虎,[CREATURE:1][REVIEWED:1]
Weregecko,人壁虎,[CREATURE:1][REVIEWED:1]
werelizard,蜥蜴人,[CREATURE:1][REVIEWED:1]
Werelizard,蜥蜴人,[CREATURE:1][REVIEWED:1]
weremonitor,变形巨蜥,[CREATURE:1][REVIEWED:1]
Weremonitor,变形巨蜥,[CREATURE:1][REVIEWED:1]
wereopossum,人负鼠,[CREATURE:1][REVIEWED:1]
Wereopossum,人负鼠,[CREATURE:1][REVIEWED:1]
wereshrew,变形鼩鼱,[CREATURE:1][REVIEWED:1]
Wereshrew,变形鼩鼱,[CREATURE:1][REVIEWED:1]
weretortoise,人龟,[CREATURE:1][REVIEWED:1]
Weretortoise,人龟,[CREATURE:1][REVIEWED:1]
whale shark,鲸鲨,[CREATURE:1][REVIEWED:1]
Whale shark,鲸鲨,[CREATURE:1][REVIEWED:1]
Whale Shark,鲸鲨,[CREATURE:1][REVIEWED:1]
whale sharks,鲸鲨,[CREATURE:1][REVIEWED:1]
Whale sharks,鲸鲨,[CREATURE:1][REVIEWED:1]
Whale Sharks,鲸鲨,[CREATURE:1][REVIEWED:1]
white stork,白鹳,[CREATURE:1][REVIEWED:1]
White stork,白鹳,[CREATURE:1][REVIEWED:1]
White Stork,白鹳,[CREATURE:1][REVIEWED:1]
white stork man,白鹳人,[CREATURE:1][REVIEWED:1]
White stork man,白鹳人,[CREATURE:1][REVIEWED:1]
White Stork Man,白鹳人,[CREATURE:1][REVIEWED:1]
white stork men,白鹳人,[CREATURE:1][REVIEWED:1]
White stork men,白鹳人,[CREATURE:1][REVIEWED:1]
White Stork Men,白鹳人,[CREATURE:1][REVIEWED:1]
white storks,白鹳,[CREATURE:1][REVIEWED:1]
White storks,白鹳,[CREATURE:1][REVIEWED:1]
White Storks,白鹳,[CREATURE:1][REVIEWED:1]
white-browed gibbon,白眉长臂猿,[CREATURE:1][REVIEWED:1]
White-browed gibbon,白眉长臂猿,[CREATURE:1][REVIEWED:1]
White-Browed Gibbon,白眉长臂猿,[CREATURE:1][REVIEWED:1]
white-browed gibbons,白眉长臂猿,[CREATURE:1][REVIEWED:1]
White-browed gibbons,白眉长臂猿,[CREATURE:1][REVIEWED:1]
White-Browed Gibbons,白眉长臂猿,[CREATURE:1][REVIEWED:1]
white-handed gibbon,白掌长臂猿,[CREATURE:1][REVIEWED:1]
White-handed gibbon,白掌长臂猿,[CREATURE:1][REVIEWED:1]
White-Handed Gibbon,白掌长臂猿,[CREATURE:1][REVIEWED:1]
white-handed gibbons,白掌长臂猿,[CREATURE:1][REVIEWED:1]
White-handed gibbons,白掌长臂猿,[CREATURE:1][REVIEWED:1]
White-Handed Gibbons,白掌长臂猿,[CREATURE:1][REVIEWED:1]
white-spotted puffer,白斑河豚,[CREATURE:1][REVIEWED:1]
White-spotted puffer,白斑河豚,[CREATURE:1][REVIEWED:1]
White-Spotted Puffer,白斑河豚,[CREATURE:1][REVIEWED:1]
white-spotted puffers,白斑河豚,[CREATURE:1][REVIEWED:1]
White-spotted puffers,白斑河豚,[CREATURE:1][REVIEWED:1]
White-Spotted Puffers,白斑河豚,[CREATURE:1][REVIEWED:1]
whitetip reef shark,白鳍礁鲨,[CREATURE:1][REVIEWED:1]
Whitetip reef shark,白鳍礁鲨,[CREATURE:1][REVIEWED:1]
Whitetip Reef Shark,白鳍礁鲨,[CREATURE:1][REVIEWED:1]
whitetip reef sharks,白鳍礁鲨,[CREATURE:1][REVIEWED:1]
Whitetip reef sharks,白鳍礁鲨,[CREATURE:1][REVIEWED:1]
Whitetip Reef Sharks,白鳍礁鲨,[CREATURE:1][REVIEWED:1]
wicked freak,邪恶怪胎,[CREATURE:1][REVIEWED:1]
Wicked freak,邪恶怪胎,[CREATURE:1][REVIEWED:1]
Wicked Freak,邪恶怪胎,[CREATURE:1][REVIEWED:1]
wild boar,野猪,[CREATURE:1][REVIEWED:1]
Wild boar,野猪,[CREATURE:1][REVIEWED:1]
Wild Boar,野猪,[CREATURE:1][REVIEWED:1]
wild boar man,野猪人,[CREATURE:1][REVIEWED:1]
Wild boar man,野猪人,[CREATURE:1][REVIEWED:1]
Wild Boar Man,野猪人,[CREATURE:1][REVIEWED:1]
wild boar men,野猪人,[CREATURE:1][REVIEWED:1]
Wild boar men,野猪人,[CREATURE:1][REVIEWED:1]
Wild Boar Men,野猪人,[CREATURE:1][REVIEWED:1]
wild boars,雄野猪,[CREATURE:1][REVIEWED:1]
Wild boars,野猪,[CREATURE:1][REVIEWED:1]
Wild Boars,野猪,[CREATURE:1][REVIEWED:1]
winged brute,有翼蛮兽,[CREATURE:1][REVIEWED:1]
Winged brute,有翼蛮兽,[CREATURE:1][REVIEWED:1]
Winged Brute,有翼蛮兽,[CREATURE:1][REVIEWED:1]
wiwaxia,威瓦克虫,[CREATURE:1][REVIEWED:1]
Wiwaxia,威瓦克虫,[CREATURE:1][REVIEWED:1]
wiwaxia man,威瓦西虫人,[CREATURE:1][REVIEWED:1]
Wiwaxia man,威瓦西虫人,[CREATURE:1][REVIEWED:1]
Wiwaxia Man,威瓦西虫人,[CREATURE:1][REVIEWED:1]
wolf,狼,[CREATURE:1][REVIEWED:1]
Wolf,狼,[CREATURE:1][REVIEWED:1]
wolf man,狼人,[CREATURE:1][REVIEWED:1]
Wolf man,狼人,[CREATURE:1][REVIEWED:1]
Wolf Man,狼人,[CREATURE:1][REVIEWED:1]
wolf men,狼人,[CREATURE:1][REVIEWED:1]
Wolf men,狼人,[CREATURE:1][REVIEWED:1]
Wolf Men,狼人,[CREATURE:1][REVIEWED:1]
wolverine,狼獾,[CREATURE:1][REVIEWED:1]
Wolverine,狼獾,[CREATURE:1][REVIEWED:1]
wolverine man,狼獾人,[CREATURE:1][REVIEWED:1]
Wolverine man,狼獾人,[CREATURE:1][REVIEWED:1]
Wolverine Man,狼獾人,[CREATURE:1][REVIEWED:1]
wolverine men,狼獾人,[CREATURE:1][REVIEWED:1]
Wolverine men,狼獾人,[CREATURE:1][REVIEWED:1]
Wolverine Men,狼獾人,[CREATURE:1][REVIEWED:1]
wolverines,狼獾,[CREATURE:1][REVIEWED:1]
Wolverines,狼獾,[CREATURE:1][REVIEWED:1]
wolves,狼,[CREATURE:1][REVIEWED:1]
Wolves,狼,[CREATURE:1][REVIEWED:1]
wombat,袋熊,[CREATURE:1][REVIEWED:1]
Wombat,袋熊,[CREATURE:1][REVIEWED:1]
wombat man,袋熊人,[CREATURE:1][REVIEWED:1]
Wombat man,袋熊人,[CREATURE:1][REVIEWED:1]
Wombat Man,袋熊人,[CREATURE:1][REVIEWED:1]
wombat men,袋熊人,[CREATURE:1][REVIEWED:1]
Wombat men,袋熊人,[CREATURE:1][REVIEWED:1]
Wombat Men,袋熊人,[CREATURE:1][REVIEWED:1]
wombats,袋熊,[CREATURE:1][REVIEWED:1]
Wombats,袋熊,[CREATURE:1][REVIEWED:1]
woolly mammoth,猛犸象,[CREATURE:1][REVIEWED:1]
Woolly mammoth,猛犸象,[CREATURE:1][REVIEWED:1]
Woolly Mammoth,猛犸象,[CREATURE:1][REVIEWED:1]
woolly mammoth man,猛犸象人,[CREATURE:1][REVIEWED:1]
Woolly mammoth man,猛犸象人,[CREATURE:1][REVIEWED:1]
Woolly Mammoth Man,猛犸象人,[CREATURE:1][REVIEWED:1]
woolly rhinoceros,披毛犀,[CREATURE:1][REVIEWED:1]
Woolly rhinoceros,披毛犀,[CREATURE:1][REVIEWED:1]
Woolly Rhinoceros,披毛犀,[CREATURE:1][REVIEWED:1]
woolly rhinoceros man,披毛犀人,[CREATURE:1][REVIEWED:1]
Woolly rhinoceros man,披毛犀人,[CREATURE:1][REVIEWED:1]
Woolly Rhinoceros Man,披毛犀人,[CREATURE:1][REVIEWED:1]
worm,蠕虫,[CREATURE:1][REVIEWED:1]
Worm,蠕虫,[CREATURE:1][REVIEWED:1]
worm man,蠕虫人,[CREATURE:1][REVIEWED:1]
Worm man,蠕虫人,[CREATURE:1][REVIEWED:1]
Worm Man,蠕虫人,[CREATURE:1][REVIEWED:1]
worm men,蠕虫人,[CREATURE:1][REVIEWED:1]
Worm men,蠕虫人,[CREATURE:1][REVIEWED:1]
Worm Men,蠕虫人,[CREATURE:1][REVIEWED:1]
worms,蠕虫,[CREATURE:1][REVIEWED:1]
Worms,蠕虫,[CREATURE:1][REVIEWED:1]
wren,鹪鹩,[CREATURE:1][REVIEWED:1]
Wren,鹪鹩,[CREATURE:1][REVIEWED:1]
wren man,鹪鹩人,[CREATURE:1][REVIEWED:1]
Wren man,鹪鹩人,[CREATURE:1][REVIEWED:1]
Wren Man,鹪鹩人,[CREATURE:1][REVIEWED:1]
wren men,鹪鹩人,[CREATURE:1][REVIEWED:1]
Wren men,鹪鹩人,[CREATURE:1][REVIEWED:1]
Wren Men,鹪鹩人,[CREATURE:1][REVIEWED:1]
wrens,鹪鹩,[CREATURE:1][REVIEWED:1]
Wrens,鹪鹩,[CREATURE:1][REVIEWED:1]
yak,牦牛,[CREATURE:1][REVIEWED:1]
Yak,牦牛,[CREATURE:1][REVIEWED:1]
yaks,牦牛,[CREATURE:1][REVIEWED:1]
Yaks,牦牛,[CREATURE:1][REVIEWED:1]
yellow bullhead,黄鲇鱼,[CREATURE:1][REVIEWED:1]
Yellow bullhead,黄鲇鱼,[CREATURE:1][REVIEWED:1]
Yellow Bullhead,黄鲇鱼,[CREATURE:1][REVIEWED:1]
yellow bullheads,黄鲶鱼,[CREATURE:1][REVIEWED:1]
Yellow bullheads,黄鲇鱼,[CREATURE:1][REVIEWED:1]
Yellow Bullheads,黄鲇鱼,[CREATURE:1][REVIEWED:1]
yeti,雪怪,[CREATURE:1][REVIEWED:1]
Yeti,雪怪,[CREATURE:1][REVIEWED:1]
yetis,雪怪,[CREATURE:1][REVIEWED:1]
Yetis,雪怪,[CREATURE:1][REVIEWED:1]
