text,translation,tags
He is unfettered after being away from people.,他没有因为远离人群而感到受束缚。,[REVIEWED:1][PROSE:sentence]
He is unfettered after spending time with people.,他没有因为与人共度时光而感到受束缚。,[REVIEWED:1][PROSE:sentence]
He is unfettered after being unoccupied.,他没有因为无所事事而感到受束缚。,[REVIEWED:1][PROSE:sentence]
He is unfettered after staying occupied.,他没有因为保持忙碌而感到受束缚。,[REVIEWED:1][PROSE:sentence]
He is unfettered after doing nothing creative.,他没有因为没有进行创作而感到受束缚。,[REVIEWED:1][PROSE:sentence]
He is unfettered after doing something creative.,他没有因为进行创作而感到受束缚。,[REVIEWED:1][PROSE:sentence]
He is unfettered after leading an unexciting life.,他没有因为生活平淡无奇而感到受束缚。,[REVIEWED:1][PROSE:sentence]
He is unfettered after doing something exciting.,他没有因为做了令人兴奋的事情而感到受束缚。,[REVIEWED:1][PROSE:sentence]
He is unfettered after being unable to acquire something.,他没有因为无法获得某些东西而感到受束缚。,[REVIEWED:1][PROSE:sentence]
He is unfettered after a satisfying acquisition.,他没有因为获得满意的物品而感到受束缚。,[REVIEWED:1][PROSE:sentence]
He is unfettered after being kept from alcohol.,他没有因为没有酒喝而感到受束缚。,[REVIEWED:1][PROSE:sentence]
He is unfettered after drinking.,他没有因为喝酒而感到受束缚。,[REVIEWED:1][PROSE:sentence]
He is unfettered after a lack of decent meals.,他没有因为缺少像样的饭菜而感到受束缚。,[REVIEWED:1][PROSE:sentence]
He is unfettered after a good meal.,他没有因为享用美食而感到受束缚。,[REVIEWED:1][PROSE:sentence]
He is unfettered after being unable to fight.,他没有因为无法战斗而感到受束缚。,[REVIEWED:1][PROSE:sentence]
He is unfettered after fighting.,他没有因为战斗而感到受束缚。,[REVIEWED:1][PROSE:sentence]
He is unfettered after a lack of trouble-making.,他没有因为没能制造麻烦而感到受束缚。,[REVIEWED:1][PROSE:sentence]
He is unfettered after causing trouble.,他没有因为制造麻烦而感到受束缚。,[REVIEWED:1][PROSE:sentence]
He is unfettered after being unable to argue.,他没有因为无法与人争论而感到受束缚。,[REVIEWED:1][PROSE:sentence]
He is unfettered after arguing.,他没有因为与人争论而感到受束缚。,[REVIEWED:1][PROSE:sentence]
He is unfettered after being unable to be extravagant.,他没有因为无法奢侈挥霍而感到受束缚。,[REVIEWED:1][PROSE:sentence]
He is unfettered after being extravagant.,他没有因为奢侈挥霍而感到受束缚。,[REVIEWED:1][PROSE:sentence]
He is unfettered after not learning anything.,他没有因为没有学到任何东西而感到受束缚。,[REVIEWED:1][PROSE:sentence]
He is unfettered after learning something.,他没有因为学到新知而感到受束缚。,[REVIEWED:1][PROSE:sentence]
He is unfettered after being unable to help anybody.,他没有因为无法帮助任何人而感到受束缚。,[REVIEWED:1][PROSE:sentence]
He is unfettered after helping somebody.,他没有因为帮助他人而感到受束缚。,[REVIEWED:1][PROSE:sentence]
He is unfettered after a lack of abstract thinking.,他没有因为缺少抽象思考而感到受束缚。,[REVIEWED:1][PROSE:sentence]
He is unfettered after thinking abstractly.,他没有因为进行抽象思考而感到受束缚。,[REVIEWED:1][PROSE:sentence]
He is unfettered after being unable to make merry.,他没有因为无法尽情娱乐而感到受束缚。,[REVIEWED:1][PROSE:sentence]
He is unfettered after making merry.,他没有因为尽情娱乐而感到受束缚。,[REVIEWED:1][PROSE:sentence]
He is unfettered after being unable to admire art.,他没有因为无法欣赏艺术而感到受束缚。,[REVIEWED:1][PROSE:sentence]
He is unfettered after admiring art.,他没有因为欣赏艺术而感到受束缚。,[REVIEWED:1][PROSE:sentence]
He is unfettered after being unable to practice a craft.,他没有因为无法练习工艺而感到受束缚。,[REVIEWED:1][PROSE:sentence]
He is unfettered after practicing a craft.,他没有因为练习工艺而感到受束缚。,[REVIEWED:1][PROSE:sentence]
He is unfettered after being away from family.,他没有因为远离家人而感到受束缚。,[REVIEWED:1][PROSE:sentence]
He is unfettered after being with family.,他没有因为与家人共度时光而感到受束缚。,[REVIEWED:1][PROSE:sentence]
He is unfettered after being away from friends.,他没有因为远离朋友而感到受束缚。,[REVIEWED:1][PROSE:sentence]
He is unfettered after being with friends.,他没有因为与朋友共度时光而感到受束缚。,[REVIEWED:1][PROSE:sentence]
He is unfettered after a lack of introspection.,他没有因为缺少自省而感到受束缚。,[REVIEWED:1][PROSE:sentence]
He is unfettered after introspection.,他没有因为自省而感到受束缚。,[REVIEWED:1][PROSE:sentence]
He is unfettered after being unable to practice a martial art.,他没有因为无法练习武术而感到受束缚。,[REVIEWED:1][PROSE:sentence]
He is unfettered after practicing a martial art.,他没有因为练习武术而感到受束缚。,[REVIEWED:1][PROSE:sentence]
He is unfettered after being unable to practice a skill.,他没有因为无法练习技能而感到受束缚。,[REVIEWED:1][PROSE:sentence]
He is unfettered after practicing a skill.,他没有因为练习技能而感到受束缚。,[REVIEWED:1][PROSE:sentence]
He is unfettered after being unable to take it easy.,他没有因为无法放松休息而感到受束缚。,[REVIEWED:1][PROSE:sentence]
He is unfettered after taking it easy.,他没有因为放松休息而感到受束缚。,[REVIEWED:1][PROSE:sentence]
He is unfettered after being unable to pray to {DEITY_NAME}.,他没有因为无法向{DEITY_NAME}祈祷而感到受束缚。,[REVIEWED:1][PROSE:sentence]
He is unfettered after communing with {DEITY_NAME}.,他没有因为与{DEITY_NAME}灵性交流而感到受束缚。,[REVIEWED:1][PROSE:sentence]
He is level-headed after being away from people.,他没有因为远离人群而失去冷静。,[REVIEWED:1][PROSE:sentence]
He is level-headed after spending time with people.,他没有因为与人共度时光而失去冷静。,[REVIEWED:1][PROSE:sentence]
He is level-headed after being unoccupied.,他没有因为无所事事而失去冷静。,[REVIEWED:1][PROSE:sentence]
He is level-headed after staying occupied.,他没有因为保持忙碌而失去冷静。,[REVIEWED:1][PROSE:sentence]
He is level-headed after doing nothing creative.,他没有因为没有进行创作而失去冷静。,[REVIEWED:1][PROSE:sentence]
He is level-headed after doing something creative.,他没有因为进行创作而失去冷静。,[REVIEWED:1][PROSE:sentence]
He is level-headed after leading an unexciting life.,他没有因为生活平淡无奇而失去冷静。,[REVIEWED:1][PROSE:sentence]
He is level-headed after doing something exciting.,他没有因为做了令人兴奋的事情而失去冷静。,[REVIEWED:1][PROSE:sentence]
He is level-headed after being unable to acquire something.,他没有因为无法获得某些东西而失去冷静。,[REVIEWED:1][PROSE:sentence]
He is level-headed after a satisfying acquisition.,他没有因为获得满意的物品而失去冷静。,[REVIEWED:1][PROSE:sentence]
He is level-headed after being kept from alcohol.,他没有因为没有酒喝而失去冷静。,[REVIEWED:1][PROSE:sentence]
He is level-headed after drinking.,他没有因为喝酒而失去冷静。,[REVIEWED:1][PROSE:sentence]
He is level-headed after a lack of decent meals.,他没有因为缺少像样的饭菜而失去冷静。,[REVIEWED:1][PROSE:sentence]
He is level-headed after a good meal.,他没有因为享用美食而失去冷静。,[REVIEWED:1][PROSE:sentence]
He is level-headed after being unable to fight.,他没有因为无法战斗而失去冷静。,[REVIEWED:1][PROSE:sentence]
He is level-headed after fighting.,他没有因为战斗而失去冷静。,[REVIEWED:1][PROSE:sentence]
He is level-headed after a lack of trouble-making.,他没有因为没能制造麻烦而失去冷静。,[REVIEWED:1][PROSE:sentence]
He is level-headed after causing trouble.,他没有因为制造麻烦而失去冷静。,[REVIEWED:1][PROSE:sentence]
He is level-headed after being unable to argue.,他没有因为无法与人争论而失去冷静。,[REVIEWED:1][PROSE:sentence]
He is level-headed after arguing.,他没有因为与人争论而失去冷静。,[REVIEWED:1][PROSE:sentence]
He is level-headed after being unable to be extravagant.,他没有因为无法奢侈挥霍而失去冷静。,[REVIEWED:1][PROSE:sentence]
He is level-headed after being extravagant.,他没有因为奢侈挥霍而失去冷静。,[REVIEWED:1][PROSE:sentence]
He is level-headed after not learning anything.,他没有因为没有学到任何东西而失去冷静。,[REVIEWED:1][PROSE:sentence]
He is level-headed after learning something.,他没有因为学到新知而失去冷静。,[REVIEWED:1][PROSE:sentence]
He is level-headed after being unable to help anybody.,他没有因为无法帮助任何人而失去冷静。,[REVIEWED:1][PROSE:sentence]
He is level-headed after helping somebody.,他没有因为帮助他人而失去冷静。,[REVIEWED:1][PROSE:sentence]
He is level-headed after a lack of abstract thinking.,他没有因为缺少抽象思考而失去冷静。,[REVIEWED:1][PROSE:sentence]
He is level-headed after thinking abstractly.,他没有因为进行抽象思考而失去冷静。,[REVIEWED:1][PROSE:sentence]
He is level-headed after being unable to make merry.,他没有因为无法尽情娱乐而失去冷静。,[REVIEWED:1][PROSE:sentence]
He is level-headed after making merry.,他没有因为尽情娱乐而失去冷静。,[REVIEWED:1][PROSE:sentence]
He is level-headed after being unable to admire art.,他没有因为无法欣赏艺术而失去冷静。,[REVIEWED:1][PROSE:sentence]
He is level-headed after admiring art.,他没有因为欣赏艺术而失去冷静。,[REVIEWED:1][PROSE:sentence]
He is level-headed after being unable to practice a craft.,他没有因为无法练习工艺而失去冷静。,[REVIEWED:1][PROSE:sentence]
He is level-headed after practicing a craft.,他没有因为练习工艺而失去冷静。,[REVIEWED:1][PROSE:sentence]
He is level-headed after being away from family.,他没有因为远离家人而失去冷静。,[REVIEWED:1][PROSE:sentence]
He is level-headed after being with family.,他没有因为与家人共度时光而失去冷静。,[REVIEWED:1][PROSE:sentence]
He is level-headed after being away from friends.,他没有因为远离朋友而失去冷静。,[REVIEWED:1][PROSE:sentence]
He is level-headed after being with friends.,他没有因为与朋友共度时光而失去冷静。,[REVIEWED:1][PROSE:sentence]
He is level-headed after a lack of introspection.,他没有因为缺少自省而失去冷静。,[REVIEWED:1][PROSE:sentence]
He is level-headed after introspection.,他没有因为自省而失去冷静。,[REVIEWED:1][PROSE:sentence]
He is level-headed after being unable to practice a martial art.,他没有因为无法练习武术而失去冷静。,[REVIEWED:1][PROSE:sentence]
He is level-headed after practicing a martial art.,他没有因为练习武术而失去冷静。,[REVIEWED:1][PROSE:sentence]
He is level-headed after being unable to practice a skill.,他没有因为无法练习技能而失去冷静。,[REVIEWED:1][PROSE:sentence]
He is level-headed after practicing a skill.,他没有因为练习技能而失去冷静。,[REVIEWED:1][PROSE:sentence]
He is level-headed after being unable to take it easy.,他没有因为无法放松休息而失去冷静。,[REVIEWED:1][PROSE:sentence]
He is level-headed after taking it easy.,他没有因为放松休息而失去冷静。,[REVIEWED:1][PROSE:sentence]
He is level-headed after being unable to pray to {DEITY_NAME}.,他没有因为无法向{DEITY_NAME}祈祷而失去冷静。,[REVIEWED:1][PROSE:sentence]
He is level-headed after communing with {DEITY_NAME}.,他没有因为与{DEITY_NAME}灵性交流而失去冷静。,[REVIEWED:1][PROSE:sentence]
He is untroubled after being away from people.,他没有因为远离人群而感到困扰。,[REVIEWED:1][PROSE:sentence]
He is untroubled after spending time with people.,他没有因为与人共度时光而感到困扰。,[REVIEWED:1][PROSE:sentence]
He is untroubled after being unoccupied.,他没有因为无所事事而感到困扰。,[REVIEWED:1][PROSE:sentence]
He is untroubled after staying occupied.,他没有因为保持忙碌而感到困扰。,[REVIEWED:1][PROSE:sentence]
He is untroubled after doing nothing creative.,他没有因为没有进行创作而感到困扰。,[REVIEWED:1][PROSE:sentence]
He is untroubled after doing something creative.,他没有因为进行创作而感到困扰。,[REVIEWED:1][PROSE:sentence]
He is untroubled after leading an unexciting life.,他没有因为生活平淡无奇而感到困扰。,[REVIEWED:1][PROSE:sentence]
He is untroubled after doing something exciting.,他没有因为做了令人兴奋的事情而感到困扰。,[REVIEWED:1][PROSE:sentence]
He is untroubled after being unable to acquire something.,他没有因为无法获得某些东西而感到困扰。,[REVIEWED:1][PROSE:sentence]
He is untroubled after a satisfying acquisition.,他没有因为获得满意的物品而感到困扰。,[REVIEWED:1][PROSE:sentence]
He is untroubled after being kept from alcohol.,他没有因为没有酒喝而感到困扰。,[REVIEWED:1][PROSE:sentence]
He is untroubled after drinking.,他没有因为喝酒而感到困扰。,[REVIEWED:1][PROSE:sentence]
He is untroubled after a lack of decent meals.,他没有因为缺少像样的饭菜而感到困扰。,[REVIEWED:1][PROSE:sentence]
He is untroubled after a good meal.,他没有因为享用美食而感到困扰。,[REVIEWED:1][PROSE:sentence]
He is untroubled after being unable to fight.,他没有因为无法战斗而感到困扰。,[REVIEWED:1][PROSE:sentence]
He is untroubled after fighting.,他没有因为战斗而感到困扰。,[REVIEWED:1][PROSE:sentence]
He is untroubled after a lack of trouble-making.,他没有因为没能制造麻烦而感到困扰。,[REVIEWED:1][PROSE:sentence]
He is untroubled after causing trouble.,他没有因为制造麻烦而感到困扰。,[REVIEWED:1][PROSE:sentence]
He is untroubled after being unable to argue.,他没有因为无法与人争论而感到困扰。,[REVIEWED:1][PROSE:sentence]
He is untroubled after arguing.,他没有因为与人争论而感到困扰。,[REVIEWED:1][PROSE:sentence]
He is untroubled after being unable to be extravagant.,他没有因为无法奢侈挥霍而感到困扰。,[REVIEWED:1][PROSE:sentence]
He is untroubled after being extravagant.,他没有因为奢侈挥霍而感到困扰。,[REVIEWED:1][PROSE:sentence]
He is untroubled after not learning anything.,他没有因为没有学到任何东西而感到困扰。,[REVIEWED:1][PROSE:sentence]
He is untroubled after learning something.,他没有因为学到新知而感到困扰。,[REVIEWED:1][PROSE:sentence]
He is untroubled after being unable to help anybody.,他没有因为无法帮助任何人而感到困扰。,[REVIEWED:1][PROSE:sentence]
He is untroubled after helping somebody.,他没有因为帮助他人而感到困扰。,[REVIEWED:1][PROSE:sentence]
He is untroubled after a lack of abstract thinking.,他没有因为缺少抽象思考而感到困扰。,[REVIEWED:1][PROSE:sentence]
He is untroubled after thinking abstractly.,他没有因为进行抽象思考而感到困扰。,[REVIEWED:1][PROSE:sentence]
He is untroubled after being unable to make merry.,他没有因为无法尽情娱乐而感到困扰。,[REVIEWED:1][PROSE:sentence]
He is untroubled after making merry.,他没有因为尽情娱乐而感到困扰。,[REVIEWED:1][PROSE:sentence]
He is untroubled after being unable to admire art.,他没有因为无法欣赏艺术而感到困扰。,[REVIEWED:1][PROSE:sentence]
He is untroubled after admiring art.,他没有因为欣赏艺术而感到困扰。,[REVIEWED:1][PROSE:sentence]
He is untroubled after being unable to practice a craft.,他没有因为无法练习工艺而感到困扰。,[REVIEWED:1][PROSE:sentence]
He is untroubled after practicing a craft.,他没有因为练习工艺而感到困扰。,[REVIEWED:1][PROSE:sentence]
He is untroubled after being away from family.,他没有因为远离家人而感到困扰。,[REVIEWED:1][PROSE:sentence]
He is untroubled after being with family.,他没有因为与家人共度时光而感到困扰。,[REVIEWED:1][PROSE:sentence]
He is untroubled after being away from friends.,他没有因为远离朋友而感到困扰。,[REVIEWED:1][PROSE:sentence]
He is untroubled after being with friends.,他没有因为与朋友共度时光而感到困扰。,[REVIEWED:1][PROSE:sentence]
He is untroubled after a lack of introspection.,他没有因为缺少自省而感到困扰。,[REVIEWED:1][PROSE:sentence]
He is untroubled after introspection.,他没有因为自省而感到困扰。,[REVIEWED:1][PROSE:sentence]
He is untroubled after being unable to practice a martial art.,他没有因为无法练习武术而感到困扰。,[REVIEWED:1][PROSE:sentence]
He is untroubled after practicing a martial art.,他没有因为练习武术而感到困扰。,[REVIEWED:1][PROSE:sentence]
He is untroubled after being unable to practice a skill.,他没有因为无法练习技能而感到困扰。,[REVIEWED:1][PROSE:sentence]
He is untroubled after practicing a skill.,他没有因为练习技能而感到困扰。,[REVIEWED:1][PROSE:sentence]
He is untroubled after being unable to take it easy.,他没有因为无法放松休息而感到困扰。,[REVIEWED:1][PROSE:sentence]
He is untroubled after taking it easy.,他没有因为放松休息而感到困扰。,[REVIEWED:1][PROSE:sentence]
He is untroubled after being unable to pray to {DEITY_NAME}.,他没有因为无法向{DEITY_NAME}祈祷而感到困扰。,[REVIEWED:1][PROSE:sentence]
He is untroubled after communing with {DEITY_NAME}.,他没有因为与{DEITY_NAME}灵性交流而感到困扰。,[REVIEWED:1][PROSE:sentence]
He is not distracted after being away from people.,他没有因为远离人群而分心。,[REVIEWED:1][PROSE:sentence]
He is not distracted after spending time with people.,他没有因为与人共度时光而分心。,[REVIEWED:1][PROSE:sentence]
He is not distracted after being unoccupied.,他没有因为无所事事而分心。,[REVIEWED:1][PROSE:sentence]
He is not distracted after staying occupied.,他没有因为保持忙碌而分心。,[REVIEWED:1][PROSE:sentence]
He is not distracted after doing nothing creative.,他没有因为没有进行创作而分心。,[REVIEWED:1][PROSE:sentence]
He is not distracted after doing something creative.,他没有因为进行创作而分心。,[REVIEWED:1][PROSE:sentence]
He is not distracted after leading an unexciting life.,他没有因为生活平淡无奇而分心。,[REVIEWED:1][PROSE:sentence]
He is not distracted after doing something exciting.,他没有因为做了令人兴奋的事情而分心。,[REVIEWED:1][PROSE:sentence]
He is not distracted after being unable to acquire something.,他没有因为无法获得某些东西而分心。,[REVIEWED:1][PROSE:sentence]
He is not distracted after a satisfying acquisition.,他没有因为获得满意的物品而分心。,[REVIEWED:1][PROSE:sentence]
He is not distracted after being kept from alcohol.,他没有因为没有酒喝而分心。,[REVIEWED:1][PROSE:sentence]
He is not distracted after drinking.,他没有因为喝酒而分心。,[REVIEWED:1][PROSE:sentence]
He is not distracted after a lack of decent meals.,他没有因为缺少像样的饭菜而分心。,[REVIEWED:1][PROSE:sentence]
He is not distracted after a good meal.,他没有因为享用美食而分心。,[REVIEWED:1][PROSE:sentence]
He is not distracted after being unable to fight.,他没有因为无法战斗而分心。,[REVIEWED:1][PROSE:sentence]
He is not distracted after fighting.,他没有因为战斗而分心。,[REVIEWED:1][PROSE:sentence]
He is not distracted after a lack of trouble-making.,他没有因为没能制造麻烦而分心。,[REVIEWED:1][PROSE:sentence]
He is not distracted after causing trouble.,他没有因为制造麻烦而分心。,[REVIEWED:1][PROSE:sentence]
He is not distracted after being unable to argue.,他没有因为无法与人争论而分心。,[REVIEWED:1][PROSE:sentence]
He is not distracted after arguing.,他没有因为与人争论而分心。,[REVIEWED:1][PROSE:sentence]
He is not distracted after being unable to be extravagant.,他没有因为无法奢侈挥霍而分心。,[REVIEWED:1][PROSE:sentence]
He is not distracted after being extravagant.,他没有因为奢侈挥霍而分心。,[REVIEWED:1][PROSE:sentence]
He is not distracted after not learning anything.,他没有因为没有学到任何东西而分心。,[REVIEWED:1][PROSE:sentence]
He is not distracted after learning something.,他没有因为学到新知而分心。,[REVIEWED:1][PROSE:sentence]
He is not distracted after being unable to help anybody.,他没有因为无法帮助任何人而分心。,[REVIEWED:1][PROSE:sentence]
He is not distracted after helping somebody.,他没有因为帮助他人而分心。,[REVIEWED:1][PROSE:sentence]
He is not distracted after a lack of abstract thinking.,他没有因为缺少抽象思考而分心。,[REVIEWED:1][PROSE:sentence]
He is not distracted after thinking abstractly.,他没有因为进行抽象思考而分心。,[REVIEWED:1][PROSE:sentence]
He is not distracted after being unable to make merry.,他没有因为无法尽情娱乐而分心。,[REVIEWED:1][PROSE:sentence]
He is not distracted after making merry.,他没有因为尽情娱乐而分心。,[REVIEWED:1][PROSE:sentence]
He is not distracted after being unable to admire art.,他没有因为无法欣赏艺术而分心。,[REVIEWED:1][PROSE:sentence]
He is not distracted after admiring art.,他没有因为欣赏艺术而分心。,[REVIEWED:1][PROSE:sentence]
He is not distracted after being unable to practice a craft.,他没有因为无法练习工艺而分心。,[REVIEWED:1][PROSE:sentence]
He is not distracted after practicing a craft.,他没有因为练习工艺而分心。,[REVIEWED:1][PROSE:sentence]
He is not distracted after being away from family.,他没有因为远离家人而分心。,[REVIEWED:1][PROSE:sentence]
He is not distracted after being with family.,他没有因为与家人共度时光而分心。,[REVIEWED:1][PROSE:sentence]
He is not distracted after being away from friends.,他没有因为远离朋友而分心。,[REVIEWED:1][PROSE:sentence]
He is not distracted after being with friends.,他没有因为与朋友共度时光而分心。,[REVIEWED:1][PROSE:sentence]
He is not distracted after a lack of introspection.,他没有因为缺少自省而分心。,[REVIEWED:1][PROSE:sentence]
He is not distracted after introspection.,他没有因为自省而分心。,[REVIEWED:1][PROSE:sentence]
He is not distracted after being unable to practice a martial art.,他没有因为无法练习武术而分心。,[REVIEWED:1][PROSE:sentence]
He is not distracted after practicing a martial art.,他没有因为练习武术而分心。,[REVIEWED:1][PROSE:sentence]
He is not distracted after being unable to practice a skill.,他没有因为无法练习技能而分心。,[REVIEWED:1][PROSE:sentence]
He is not distracted after practicing a skill.,他没有因为练习技能而分心。,[REVIEWED:1][PROSE:sentence]
He is not distracted after being unable to take it easy.,他没有因为无法放松休息而分心。,[REVIEWED:1][PROSE:sentence]
He is not distracted after taking it easy.,他没有因为放松休息而分心。,[REVIEWED:1][PROSE:sentence]
He is not distracted after being unable to pray to {DEITY_NAME}.,他没有因为无法向{DEITY_NAME}祈祷而分心。,[REVIEWED:1][PROSE:sentence]
He is not distracted after communing with {DEITY_NAME}.,他没有因为与{DEITY_NAME}灵性交流而分心。,[REVIEWED:1][PROSE:sentence]
He is unfocused after being away from people.,他因为远离人群而有些心不在焉。,[REVIEWED:1][PROSE:sentence]
He is unfocused after spending time with people.,他因为与人共度时光而有些心不在焉。,[REVIEWED:1][PROSE:sentence]
He is unfocused after being unoccupied.,他因为无所事事而有些心不在焉。,[REVIEWED:1][PROSE:sentence]
He is unfocused after staying occupied.,他因为保持忙碌而有些心不在焉。,[REVIEWED:1][PROSE:sentence]
He is unfocused after doing nothing creative.,他因为没有进行创作而有些心不在焉。,[REVIEWED:1][PROSE:sentence]
He is unfocused after doing something creative.,他因为进行创作而有些心不在焉。,[REVIEWED:1][PROSE:sentence]
He is unfocused after leading an unexciting life.,他因为生活平淡无奇而有些心不在焉。,[REVIEWED:1][PROSE:sentence]
He is unfocused after doing something exciting.,他因为做了令人兴奋的事情而有些心不在焉。,[REVIEWED:1][PROSE:sentence]
He is unfocused after being unable to acquire something.,他因为无法获得某些东西而有些心不在焉。,[REVIEWED:1][PROSE:sentence]
He is unfocused after a satisfying acquisition.,他因为获得满意的物品而有些心不在焉。,[REVIEWED:1][PROSE:sentence]
He is unfocused after being kept from alcohol.,他因为没有酒喝而有些心不在焉。,[REVIEWED:1][PROSE:sentence]
He is unfocused after drinking.,他因为喝酒而有些心不在焉。,[REVIEWED:1][PROSE:sentence]
He is unfocused after a lack of decent meals.,他因为缺少像样的饭菜而有些心不在焉。,[REVIEWED:1][PROSE:sentence]
He is unfocused after a good meal.,他因为享用美食而有些心不在焉。,[REVIEWED:1][PROSE:sentence]
He is unfocused after being unable to fight.,他因为无法战斗而有些心不在焉。,[REVIEWED:1][PROSE:sentence]
He is unfocused after fighting.,他因为战斗而有些心不在焉。,[REVIEWED:1][PROSE:sentence]
He is unfocused after a lack of trouble-making.,他因为没能制造麻烦而有些心不在焉。,[REVIEWED:1][PROSE:sentence]
He is unfocused after causing trouble.,他因为制造麻烦而有些心不在焉。,[REVIEWED:1][PROSE:sentence]
He is unfocused after being unable to argue.,他因为无法与人争论而有些心不在焉。,[REVIEWED:1][PROSE:sentence]
He is unfocused after arguing.,他因为与人争论而有些心不在焉。,[REVIEWED:1][PROSE:sentence]
He is unfocused after being unable to be extravagant.,他因为无法奢侈挥霍而有些心不在焉。,[REVIEWED:1][PROSE:sentence]
He is unfocused after being extravagant.,他因为奢侈挥霍而有些心不在焉。,[REVIEWED:1][PROSE:sentence]
He is unfocused after not learning anything.,他因为没有学到任何东西而有些心不在焉。,[REVIEWED:1][PROSE:sentence]
He is unfocused after learning something.,他因为学到新知而有些心不在焉。,[REVIEWED:1][PROSE:sentence]
He is unfocused after being unable to help anybody.,他因为无法帮助任何人而有些心不在焉。,[REVIEWED:1][PROSE:sentence]
He is unfocused after helping somebody.,他因为帮助他人而有些心不在焉。,[REVIEWED:1][PROSE:sentence]
He is unfocused after a lack of abstract thinking.,他因为缺少抽象思考而有些心不在焉。,[REVIEWED:1][PROSE:sentence]
He is unfocused after thinking abstractly.,他因为进行抽象思考而有些心不在焉。,[REVIEWED:1][PROSE:sentence]
He is unfocused after being unable to make merry.,他因为无法尽情娱乐而有些心不在焉。,[REVIEWED:1][PROSE:sentence]
He is unfocused after making merry.,他因为尽情娱乐而有些心不在焉。,[REVIEWED:1][PROSE:sentence]
He is unfocused after being unable to admire art.,他因为无法欣赏艺术而有些心不在焉。,[REVIEWED:1][PROSE:sentence]
He is unfocused after admiring art.,他因为欣赏艺术而有些心不在焉。,[REVIEWED:1][PROSE:sentence]
He is unfocused after being unable to practice a craft.,他因为无法练习工艺而有些心不在焉。,[REVIEWED:1][PROSE:sentence]
He is unfocused after practicing a craft.,他因为练习工艺而有些心不在焉。,[REVIEWED:1][PROSE:sentence]
He is unfocused after being away from family.,他因为远离家人而有些心不在焉。,[REVIEWED:1][PROSE:sentence]
He is unfocused after being with family.,他因为与家人共度时光而有些心不在焉。,[REVIEWED:1][PROSE:sentence]
He is unfocused after being away from friends.,他因为远离朋友而有些心不在焉。,[REVIEWED:1][PROSE:sentence]
He is unfocused after being with friends.,他因为与朋友共度时光而有些心不在焉。,[REVIEWED:1][PROSE:sentence]
He is unfocused after a lack of introspection.,他因为缺少自省而有些心不在焉。,[REVIEWED:1][PROSE:sentence]
He is unfocused after introspection.,他因为自省而有些心不在焉。,[REVIEWED:1][PROSE:sentence]
He is unfocused after being unable to practice a martial art.,他因为无法练习武术而有些心不在焉。,[REVIEWED:1][PROSE:sentence]
He is unfocused after practicing a martial art.,他因为练习武术而有些心不在焉。,[REVIEWED:1][PROSE:sentence]
He is unfocused after being unable to practice a skill.,他因为无法练习技能而有些心不在焉。,[REVIEWED:1][PROSE:sentence]
He is unfocused after practicing a skill.,他因为练习技能而有些心不在焉。,[REVIEWED:1][PROSE:sentence]
He is unfocused after being unable to take it easy.,他因为无法放松休息而有些心不在焉。,[REVIEWED:1][PROSE:sentence]
He is unfocused after taking it easy.,他因为放松休息而有些心不在焉。,[REVIEWED:1][PROSE:sentence]
He is unfocused after being unable to pray to {DEITY_NAME}.,他因为无法向{DEITY_NAME}祈祷而有些心不在焉。,[REVIEWED:1][PROSE:sentence]
He is unfocused after communing with {DEITY_NAME}.,他因为与{DEITY_NAME}灵性交流而有些心不在焉。,[REVIEWED:1][PROSE:sentence]
He is distracted after being away from people.,他因为远离人群而难以专注。,[REVIEWED:1][PROSE:sentence]
He is distracted after spending time with people.,他因为与人共度时光而难以专注。,[REVIEWED:1][PROSE:sentence]
He is distracted after being unoccupied.,他因为无所事事而难以专注。,[REVIEWED:1][PROSE:sentence]
He is distracted after staying occupied.,他因为保持忙碌而难以专注。,[REVIEWED:1][PROSE:sentence]
He is distracted after doing nothing creative.,他因为没有进行创作而难以专注。,[REVIEWED:1][PROSE:sentence]
He is distracted after doing something creative.,他因为进行创作而难以专注。,[REVIEWED:1][PROSE:sentence]
He is distracted after leading an unexciting life.,他因为生活平淡无奇而难以专注。,[REVIEWED:1][PROSE:sentence]
He is distracted after doing something exciting.,他因为做了令人兴奋的事情而难以专注。,[REVIEWED:1][PROSE:sentence]
He is distracted after being unable to acquire something.,他因为无法获得某些东西而难以专注。,[REVIEWED:1][PROSE:sentence]
He is distracted after a satisfying acquisition.,他因为获得满意的物品而难以专注。,[REVIEWED:1][PROSE:sentence]
He is distracted after being kept from alcohol.,他因为没有酒喝而难以专注。,[REVIEWED:1][PROSE:sentence]
He is distracted after drinking.,他因为喝酒而难以专注。,[REVIEWED:1][PROSE:sentence]
He is distracted after a lack of decent meals.,他因为缺少像样的饭菜而难以专注。,[REVIEWED:1][PROSE:sentence]
He is distracted after a good meal.,他因为享用美食而难以专注。,[REVIEWED:1][PROSE:sentence]
He is distracted after being unable to fight.,他因为无法战斗而难以专注。,[REVIEWED:1][PROSE:sentence]
He is distracted after fighting.,他因为战斗而难以专注。,[REVIEWED:1][PROSE:sentence]
He is distracted after a lack of trouble-making.,他因为没能制造麻烦而难以专注。,[REVIEWED:1][PROSE:sentence]
He is distracted after causing trouble.,他因为制造麻烦而难以专注。,[REVIEWED:1][PROSE:sentence]
He is distracted after being unable to argue.,他因为无法与人争论而难以专注。,[REVIEWED:1][PROSE:sentence]
He is distracted after arguing.,他因为与人争论而难以专注。,[REVIEWED:1][PROSE:sentence]
He is distracted after being unable to be extravagant.,他因为无法奢侈挥霍而难以专注。,[REVIEWED:1][PROSE:sentence]
He is distracted after being extravagant.,他因为奢侈挥霍而难以专注。,[REVIEWED:1][PROSE:sentence]
He is distracted after not learning anything.,他因为没有学到任何东西而难以专注。,[REVIEWED:1][PROSE:sentence]
He is distracted after learning something.,他因为学到新知而难以专注。,[REVIEWED:1][PROSE:sentence]
He is distracted after being unable to help anybody.,他因为无法帮助任何人而难以专注。,[REVIEWED:1][PROSE:sentence]
He is distracted after helping somebody.,他因为帮助他人而难以专注。,[REVIEWED:1][PROSE:sentence]
He is distracted after a lack of abstract thinking.,他因为缺少抽象思考而难以专注。,[REVIEWED:1][PROSE:sentence]
He is distracted after thinking abstractly.,他因为进行抽象思考而难以专注。,[REVIEWED:1][PROSE:sentence]
He is distracted after being unable to make merry.,他因为无法尽情娱乐而难以专注。,[REVIEWED:1][PROSE:sentence]
He is distracted after making merry.,他因为尽情娱乐而难以专注。,[REVIEWED:1][PROSE:sentence]
He is distracted after being unable to admire art.,他因为无法欣赏艺术而难以专注。,[REVIEWED:1][PROSE:sentence]
He is distracted after admiring art.,他因为欣赏艺术而难以专注。,[REVIEWED:1][PROSE:sentence]
He is distracted after being unable to practice a craft.,他因为无法练习工艺而难以专注。,[REVIEWED:1][PROSE:sentence]
He is distracted after practicing a craft.,他因为练习工艺而难以专注。,[REVIEWED:1][PROSE:sentence]
He is distracted after being away from family.,他因为远离家人而难以专注。,[REVIEWED:1][PROSE:sentence]
He is distracted after being with family.,他因为与家人共度时光而难以专注。,[REVIEWED:1][PROSE:sentence]
He is distracted after being away from friends.,他因为远离朋友而难以专注。,[REVIEWED:1][PROSE:sentence]
He is distracted after being with friends.,他因为与朋友共度时光而难以专注。,[REVIEWED:1][PROSE:sentence]
He is distracted after a lack of introspection.,他因为缺少自省而难以专注。,[REVIEWED:1][PROSE:sentence]
He is distracted after introspection.,他因为自省而难以专注。,[REVIEWED:1][PROSE:sentence]
He is distracted after being unable to practice a martial art.,他因为无法练习武术而难以专注。,[REVIEWED:1][PROSE:sentence]
He is distracted after practicing a martial art.,他因为练习武术而难以专注。,[REVIEWED:1][PROSE:sentence]
He is distracted after being unable to practice a skill.,他因为无法练习技能而难以专注。,[REVIEWED:1][PROSE:sentence]
He is distracted after practicing a skill.,他因为练习技能而难以专注。,[REVIEWED:1][PROSE:sentence]
He is distracted after being unable to take it easy.,他因为无法放松休息而难以专注。,[REVIEWED:1][PROSE:sentence]
He is distracted after taking it easy.,他因为放松休息而难以专注。,[REVIEWED:1][PROSE:sentence]
He is distracted after being unable to pray to {DEITY_NAME}.,他因为无法向{DEITY_NAME}祈祷而难以专注。,[REVIEWED:1][PROSE:sentence]
He is distracted after communing with {DEITY_NAME}.,他因为与{DEITY_NAME}灵性交流而难以专注。,[REVIEWED:1][PROSE:sentence]
He is badly distracted after being away from people.,他因为远离人群而严重分心。,[REVIEWED:1][PROSE:sentence]
He is badly distracted after spending time with people.,他因为与人共度时光而严重分心。,[REVIEWED:1][PROSE:sentence]
He is badly distracted after being unoccupied.,他因为无所事事而严重分心。,[REVIEWED:1][PROSE:sentence]
He is badly distracted after staying occupied.,他因为保持忙碌而严重分心。,[REVIEWED:1][PROSE:sentence]
He is badly distracted after doing nothing creative.,他因为没有进行创作而严重分心。,[REVIEWED:1][PROSE:sentence]
He is badly distracted after doing something creative.,他因为进行创作而严重分心。,[REVIEWED:1][PROSE:sentence]
He is badly distracted after leading an unexciting life.,他因为生活平淡无奇而严重分心。,[REVIEWED:1][PROSE:sentence]
He is badly distracted after doing something exciting.,他因为做了令人兴奋的事情而严重分心。,[REVIEWED:1][PROSE:sentence]
He is badly distracted after being unable to acquire something.,他因为无法获得某些东西而严重分心。,[REVIEWED:1][PROSE:sentence]
He is badly distracted after a satisfying acquisition.,他因为获得满意的物品而严重分心。,[REVIEWED:1][PROSE:sentence]
He is badly distracted after being kept from alcohol.,他因为没有酒喝而严重分心。,[REVIEWED:1][PROSE:sentence]
He is badly distracted after drinking.,他因为喝酒而严重分心。,[REVIEWED:1][PROSE:sentence]
He is badly distracted after a lack of decent meals.,他因为缺少像样的饭菜而严重分心。,[REVIEWED:1][PROSE:sentence]
He is badly distracted after a good meal.,他因为享用美食而严重分心。,[REVIEWED:1][PROSE:sentence]
He is badly distracted after being unable to fight.,他因为无法战斗而严重分心。,[REVIEWED:1][PROSE:sentence]
He is badly distracted after fighting.,他因为战斗而严重分心。,[REVIEWED:1][PROSE:sentence]
He is badly distracted after a lack of trouble-making.,他因为没能制造麻烦而严重分心。,[REVIEWED:1][PROSE:sentence]
He is badly distracted after causing trouble.,他因为制造麻烦而严重分心。,[REVIEWED:1][PROSE:sentence]
He is badly distracted after being unable to argue.,他因为无法与人争论而严重分心。,[REVIEWED:1][PROSE:sentence]
He is badly distracted after arguing.,他因为与人争论而严重分心。,[REVIEWED:1][PROSE:sentence]
He is badly distracted after being unable to be extravagant.,他因为无法奢侈挥霍而严重分心。,[REVIEWED:1][PROSE:sentence]
He is badly distracted after being extravagant.,他因为奢侈挥霍而严重分心。,[REVIEWED:1][PROSE:sentence]
He is badly distracted after not learning anything.,他因为没有学到任何东西而严重分心。,[REVIEWED:1][PROSE:sentence]
He is badly distracted after learning something.,他因为学到新知而严重分心。,[REVIEWED:1][PROSE:sentence]
He is badly distracted after being unable to help anybody.,他因为无法帮助任何人而严重分心。,[REVIEWED:1][PROSE:sentence]
He is badly distracted after helping somebody.,他因为帮助他人而严重分心。,[REVIEWED:1][PROSE:sentence]
He is badly distracted after a lack of abstract thinking.,他因为缺少抽象思考而严重分心。,[REVIEWED:1][PROSE:sentence]
He is badly distracted after thinking abstractly.,他因为进行抽象思考而严重分心。,[REVIEWED:1][PROSE:sentence]
He is badly distracted after being unable to make merry.,他因为无法尽情娱乐而严重分心。,[REVIEWED:1][PROSE:sentence]
He is badly distracted after making merry.,他因为尽情娱乐而严重分心。,[REVIEWED:1][PROSE:sentence]
He is badly distracted after being unable to admire art.,他因为无法欣赏艺术而严重分心。,[REVIEWED:1][PROSE:sentence]
He is badly distracted after admiring art.,他因为欣赏艺术而严重分心。,[REVIEWED:1][PROSE:sentence]
He is badly distracted after being unable to practice a craft.,他因为无法练习工艺而严重分心。,[REVIEWED:1][PROSE:sentence]
He is badly distracted after practicing a craft.,他因为练习工艺而严重分心。,[REVIEWED:1][PROSE:sentence]
He is badly distracted after being away from family.,他因为远离家人而严重分心。,[REVIEWED:1][PROSE:sentence]
He is badly distracted after being with family.,他因为与家人共度时光而严重分心。,[REVIEWED:1][PROSE:sentence]
He is badly distracted after being away from friends.,他因为远离朋友而严重分心。,[REVIEWED:1][PROSE:sentence]
He is badly distracted after being with friends.,他因为与朋友共度时光而严重分心。,[REVIEWED:1][PROSE:sentence]
He is badly distracted after a lack of introspection.,他因为缺少自省而严重分心。,[REVIEWED:1][PROSE:sentence]
He is badly distracted after introspection.,他因为自省而严重分心。,[REVIEWED:1][PROSE:sentence]
He is badly distracted after being unable to practice a martial art.,他因为无法练习武术而严重分心。,[REVIEWED:1][PROSE:sentence]
He is badly distracted after practicing a martial art.,他因为练习武术而严重分心。,[REVIEWED:1][PROSE:sentence]
He is badly distracted after being unable to practice a skill.,他因为无法练习技能而严重分心。,[REVIEWED:1][PROSE:sentence]
He is badly distracted after practicing a skill.,他因为练习技能而严重分心。,[REVIEWED:1][PROSE:sentence]
He is badly distracted after being unable to take it easy.,他因为无法放松休息而严重分心。,[REVIEWED:1][PROSE:sentence]
He is badly distracted after taking it easy.,他因为放松休息而严重分心。,[REVIEWED:1][PROSE:sentence]
He is badly distracted after being unable to pray to {DEITY_NAME}.,他因为无法向{DEITY_NAME}祈祷而严重分心。,[REVIEWED:1][PROSE:sentence]
He is badly distracted after communing with {DEITY_NAME}.,他因为与{DEITY_NAME}灵性交流而严重分心。,[REVIEWED:1][PROSE:sentence]
"Overall, he is very focused with satisfied needs.",总体而言，他需求已满足，精神非常集中。,[REVIEWED:1][PROSE:sentence]
"Overall, he is quite focused with satisfied needs.",总体而言，他需求已满足，精神相当集中。,[REVIEWED:1][PROSE:sentence]
"Overall, he is somewhat focused with satisfied needs.",总体而言，他需求已满足，精神有些集中。,[REVIEWED:1][PROSE:sentence]
"Overall, he is badly distracted by unmet needs.",总体而言，他因需求未满足而严重分心。,[REVIEWED:1][PROSE:sentence]
"Overall, he is distracted by unmet needs.",总体而言，他因需求未满足而难以专注。,[REVIEWED:1][PROSE:sentence]
"Overall, he is unfocused by unmet needs.",总体而言，他因需求未满足而有些心不在焉。,[REVIEWED:1][PROSE:sentence]
"Overall, he is untroubled by unmet needs.",总体而言，他没有受到未满足需求的困扰。,[REVIEWED:1][PROSE:sentence]
She is unfettered after being away from people.,她没有因为远离人群而感到受束缚。,[REVIEWED:1][PROSE:sentence]
She is unfettered after spending time with people.,她没有因为与人共度时光而感到受束缚。,[REVIEWED:1][PROSE:sentence]
She is unfettered after being unoccupied.,她没有因为无所事事而感到受束缚。,[REVIEWED:1][PROSE:sentence]
She is unfettered after staying occupied.,她没有因为保持忙碌而感到受束缚。,[REVIEWED:1][PROSE:sentence]
She is unfettered after doing nothing creative.,她没有因为没有进行创作而感到受束缚。,[REVIEWED:1][PROSE:sentence]
She is unfettered after doing something creative.,她没有因为进行创作而感到受束缚。,[REVIEWED:1][PROSE:sentence]
She is unfettered after leading an unexciting life.,她没有因为生活平淡无奇而感到受束缚。,[REVIEWED:1][PROSE:sentence]
She is unfettered after doing something exciting.,她没有因为做了令人兴奋的事情而感到受束缚。,[REVIEWED:1][PROSE:sentence]
She is unfettered after being unable to acquire something.,她没有因为无法获得某些东西而感到受束缚。,[REVIEWED:1][PROSE:sentence]
She is unfettered after a satisfying acquisition.,她没有因为获得满意的物品而感到受束缚。,[REVIEWED:1][PROSE:sentence]
She is unfettered after being kept from alcohol.,她没有因为没有酒喝而感到受束缚。,[REVIEWED:1][PROSE:sentence]
She is unfettered after drinking.,她没有因为喝酒而感到受束缚。,[REVIEWED:1][PROSE:sentence]
She is unfettered after a lack of decent meals.,她没有因为缺少像样的饭菜而感到受束缚。,[REVIEWED:1][PROSE:sentence]
She is unfettered after a good meal.,她没有因为享用美食而感到受束缚。,[REVIEWED:1][PROSE:sentence]
She is unfettered after being unable to fight.,她没有因为无法战斗而感到受束缚。,[REVIEWED:1][PROSE:sentence]
She is unfettered after fighting.,她没有因为战斗而感到受束缚。,[REVIEWED:1][PROSE:sentence]
She is unfettered after a lack of trouble-making.,她没有因为没能制造麻烦而感到受束缚。,[REVIEWED:1][PROSE:sentence]
She is unfettered after causing trouble.,她没有因为制造麻烦而感到受束缚。,[REVIEWED:1][PROSE:sentence]
She is unfettered after being unable to argue.,她没有因为无法与人争论而感到受束缚。,[REVIEWED:1][PROSE:sentence]
She is unfettered after arguing.,她没有因为与人争论而感到受束缚。,[REVIEWED:1][PROSE:sentence]
She is unfettered after being unable to be extravagant.,她没有因为无法奢侈挥霍而感到受束缚。,[REVIEWED:1][PROSE:sentence]
She is unfettered after being extravagant.,她没有因为奢侈挥霍而感到受束缚。,[REVIEWED:1][PROSE:sentence]
She is unfettered after not learning anything.,她没有因为没有学到任何东西而感到受束缚。,[REVIEWED:1][PROSE:sentence]
She is unfettered after learning something.,她没有因为学到新知而感到受束缚。,[REVIEWED:1][PROSE:sentence]
She is unfettered after being unable to help anybody.,她没有因为无法帮助任何人而感到受束缚。,[REVIEWED:1][PROSE:sentence]
She is unfettered after helping somebody.,她没有因为帮助他人而感到受束缚。,[REVIEWED:1][PROSE:sentence]
She is unfettered after a lack of abstract thinking.,她没有因为缺少抽象思考而感到受束缚。,[REVIEWED:1][PROSE:sentence]
She is unfettered after thinking abstractly.,她没有因为进行抽象思考而感到受束缚。,[REVIEWED:1][PROSE:sentence]
She is unfettered after being unable to make merry.,她没有因为无法尽情娱乐而感到受束缚。,[REVIEWED:1][PROSE:sentence]
She is unfettered after making merry.,她没有因为尽情娱乐而感到受束缚。,[REVIEWED:1][PROSE:sentence]
She is unfettered after being unable to admire art.,她没有因为无法欣赏艺术而感到受束缚。,[REVIEWED:1][PROSE:sentence]
She is unfettered after admiring art.,她没有因为欣赏艺术而感到受束缚。,[REVIEWED:1][PROSE:sentence]
She is unfettered after being unable to practice a craft.,她没有因为无法练习工艺而感到受束缚。,[REVIEWED:1][PROSE:sentence]
She is unfettered after practicing a craft.,她没有因为练习工艺而感到受束缚。,[REVIEWED:1][PROSE:sentence]
She is unfettered after being away from family.,她没有因为远离家人而感到受束缚。,[REVIEWED:1][PROSE:sentence]
She is unfettered after being with family.,她没有因为与家人共度时光而感到受束缚。,[REVIEWED:1][PROSE:sentence]
She is unfettered after being away from friends.,她没有因为远离朋友而感到受束缚。,[REVIEWED:1][PROSE:sentence]
She is unfettered after being with friends.,她没有因为与朋友共度时光而感到受束缚。,[REVIEWED:1][PROSE:sentence]
She is unfettered after a lack of introspection.,她没有因为缺少自省而感到受束缚。,[REVIEWED:1][PROSE:sentence]
She is unfettered after introspection.,她没有因为自省而感到受束缚。,[REVIEWED:1][PROSE:sentence]
She is unfettered after being unable to practice a martial art.,她没有因为无法练习武术而感到受束缚。,[REVIEWED:1][PROSE:sentence]
She is unfettered after practicing a martial art.,她没有因为练习武术而感到受束缚。,[REVIEWED:1][PROSE:sentence]
She is unfettered after being unable to practice a skill.,她没有因为无法练习技能而感到受束缚。,[REVIEWED:1][PROSE:sentence]
She is unfettered after practicing a skill.,她没有因为练习技能而感到受束缚。,[REVIEWED:1][PROSE:sentence]
She is unfettered after being unable to take it easy.,她没有因为无法放松休息而感到受束缚。,[REVIEWED:1][PROSE:sentence]
She is unfettered after taking it easy.,她没有因为放松休息而感到受束缚。,[REVIEWED:1][PROSE:sentence]
She is unfettered after being unable to pray to {DEITY_NAME}.,她没有因为无法向{DEITY_NAME}祈祷而感到受束缚。,[REVIEWED:1][PROSE:sentence]
She is unfettered after communing with {DEITY_NAME}.,她没有因为与{DEITY_NAME}灵性交流而感到受束缚。,[REVIEWED:1][PROSE:sentence]
She is level-headed after being away from people.,她没有因为远离人群而失去冷静。,[REVIEWED:1][PROSE:sentence]
She is level-headed after spending time with people.,她没有因为与人共度时光而失去冷静。,[REVIEWED:1][PROSE:sentence]
She is level-headed after being unoccupied.,她没有因为无所事事而失去冷静。,[REVIEWED:1][PROSE:sentence]
She is level-headed after staying occupied.,她没有因为保持忙碌而失去冷静。,[REVIEWED:1][PROSE:sentence]
She is level-headed after doing nothing creative.,她没有因为没有进行创作而失去冷静。,[REVIEWED:1][PROSE:sentence]
She is level-headed after doing something creative.,她没有因为进行创作而失去冷静。,[REVIEWED:1][PROSE:sentence]
She is level-headed after leading an unexciting life.,她没有因为生活平淡无奇而失去冷静。,[REVIEWED:1][PROSE:sentence]
She is level-headed after doing something exciting.,她没有因为做了令人兴奋的事情而失去冷静。,[REVIEWED:1][PROSE:sentence]
She is level-headed after being unable to acquire something.,她没有因为无法获得某些东西而失去冷静。,[REVIEWED:1][PROSE:sentence]
She is level-headed after a satisfying acquisition.,她没有因为获得满意的物品而失去冷静。,[REVIEWED:1][PROSE:sentence]
She is level-headed after being kept from alcohol.,她没有因为没有酒喝而失去冷静。,[REVIEWED:1][PROSE:sentence]
She is level-headed after drinking.,她没有因为喝酒而失去冷静。,[REVIEWED:1][PROSE:sentence]
She is level-headed after a lack of decent meals.,她没有因为缺少像样的饭菜而失去冷静。,[REVIEWED:1][PROSE:sentence]
She is level-headed after a good meal.,她没有因为享用美食而失去冷静。,[REVIEWED:1][PROSE:sentence]
She is level-headed after being unable to fight.,她没有因为无法战斗而失去冷静。,[REVIEWED:1][PROSE:sentence]
She is level-headed after fighting.,她没有因为战斗而失去冷静。,[REVIEWED:1][PROSE:sentence]
She is level-headed after a lack of trouble-making.,她没有因为没能制造麻烦而失去冷静。,[REVIEWED:1][PROSE:sentence]
She is level-headed after causing trouble.,她没有因为制造麻烦而失去冷静。,[REVIEWED:1][PROSE:sentence]
She is level-headed after being unable to argue.,她没有因为无法与人争论而失去冷静。,[REVIEWED:1][PROSE:sentence]
She is level-headed after arguing.,她没有因为与人争论而失去冷静。,[REVIEWED:1][PROSE:sentence]
She is level-headed after being unable to be extravagant.,她没有因为无法奢侈挥霍而失去冷静。,[REVIEWED:1][PROSE:sentence]
She is level-headed after being extravagant.,她没有因为奢侈挥霍而失去冷静。,[REVIEWED:1][PROSE:sentence]
She is level-headed after not learning anything.,她没有因为没有学到任何东西而失去冷静。,[REVIEWED:1][PROSE:sentence]
She is level-headed after learning something.,她没有因为学到新知而失去冷静。,[REVIEWED:1][PROSE:sentence]
She is level-headed after being unable to help anybody.,她没有因为无法帮助任何人而失去冷静。,[REVIEWED:1][PROSE:sentence]
She is level-headed after helping somebody.,她没有因为帮助他人而失去冷静。,[REVIEWED:1][PROSE:sentence]
She is level-headed after a lack of abstract thinking.,她没有因为缺少抽象思考而失去冷静。,[REVIEWED:1][PROSE:sentence]
She is level-headed after thinking abstractly.,她没有因为进行抽象思考而失去冷静。,[REVIEWED:1][PROSE:sentence]
She is level-headed after being unable to make merry.,她没有因为无法尽情娱乐而失去冷静。,[REVIEWED:1][PROSE:sentence]
She is level-headed after making merry.,她没有因为尽情娱乐而失去冷静。,[REVIEWED:1][PROSE:sentence]
She is level-headed after being unable to admire art.,她没有因为无法欣赏艺术而失去冷静。,[REVIEWED:1][PROSE:sentence]
She is level-headed after admiring art.,她没有因为欣赏艺术而失去冷静。,[REVIEWED:1][PROSE:sentence]
She is level-headed after being unable to practice a craft.,她没有因为无法练习工艺而失去冷静。,[REVIEWED:1][PROSE:sentence]
She is level-headed after practicing a craft.,她没有因为练习工艺而失去冷静。,[REVIEWED:1][PROSE:sentence]
She is level-headed after being away from family.,她没有因为远离家人而失去冷静。,[REVIEWED:1][PROSE:sentence]
She is level-headed after being with family.,她没有因为与家人共度时光而失去冷静。,[REVIEWED:1][PROSE:sentence]
She is level-headed after being away from friends.,她没有因为远离朋友而失去冷静。,[REVIEWED:1][PROSE:sentence]
She is level-headed after being with friends.,她没有因为与朋友共度时光而失去冷静。,[REVIEWED:1][PROSE:sentence]
She is level-headed after a lack of introspection.,她没有因为缺少自省而失去冷静。,[REVIEWED:1][PROSE:sentence]
She is level-headed after introspection.,她没有因为自省而失去冷静。,[REVIEWED:1][PROSE:sentence]
She is level-headed after being unable to practice a martial art.,她没有因为无法练习武术而失去冷静。,[REVIEWED:1][PROSE:sentence]
She is level-headed after practicing a martial art.,她没有因为练习武术而失去冷静。,[REVIEWED:1][PROSE:sentence]
She is level-headed after being unable to practice a skill.,她没有因为无法练习技能而失去冷静。,[REVIEWED:1][PROSE:sentence]
She is level-headed after practicing a skill.,她没有因为练习技能而失去冷静。,[REVIEWED:1][PROSE:sentence]
She is level-headed after being unable to take it easy.,她没有因为无法放松休息而失去冷静。,[REVIEWED:1][PROSE:sentence]
She is level-headed after taking it easy.,她没有因为放松休息而失去冷静。,[REVIEWED:1][PROSE:sentence]
She is level-headed after being unable to pray to {DEITY_NAME}.,她没有因为无法向{DEITY_NAME}祈祷而失去冷静。,[REVIEWED:1][PROSE:sentence]
She is level-headed after communing with {DEITY_NAME}.,她没有因为与{DEITY_NAME}灵性交流而失去冷静。,[REVIEWED:1][PROSE:sentence]
She is untroubled after being away from people.,她没有因为远离人群而感到困扰。,[REVIEWED:1][PROSE:sentence]
She is untroubled after spending time with people.,她没有因为与人共度时光而感到困扰。,[REVIEWED:1][PROSE:sentence]
She is untroubled after being unoccupied.,她没有因为无所事事而感到困扰。,[REVIEWED:1][PROSE:sentence]
She is untroubled after staying occupied.,她没有因为保持忙碌而感到困扰。,[REVIEWED:1][PROSE:sentence]
She is untroubled after doing nothing creative.,她没有因为没有进行创作而感到困扰。,[REVIEWED:1][PROSE:sentence]
She is untroubled after doing something creative.,她没有因为进行创作而感到困扰。,[REVIEWED:1][PROSE:sentence]
She is untroubled after leading an unexciting life.,她没有因为生活平淡无奇而感到困扰。,[REVIEWED:1][PROSE:sentence]
She is untroubled after doing something exciting.,她没有因为做了令人兴奋的事情而感到困扰。,[REVIEWED:1][PROSE:sentence]
She is untroubled after being unable to acquire something.,她没有因为无法获得某些东西而感到困扰。,[REVIEWED:1][PROSE:sentence]
She is untroubled after a satisfying acquisition.,她没有因为获得满意的物品而感到困扰。,[REVIEWED:1][PROSE:sentence]
She is untroubled after being kept from alcohol.,她没有因为没有酒喝而感到困扰。,[REVIEWED:1][PROSE:sentence]
She is untroubled after drinking.,她没有因为喝酒而感到困扰。,[REVIEWED:1][PROSE:sentence]
She is untroubled after a lack of decent meals.,她没有因为缺少像样的饭菜而感到困扰。,[REVIEWED:1][PROSE:sentence]
She is untroubled after a good meal.,她没有因为享用美食而感到困扰。,[REVIEWED:1][PROSE:sentence]
She is untroubled after being unable to fight.,她没有因为无法战斗而感到困扰。,[REVIEWED:1][PROSE:sentence]
She is untroubled after fighting.,她没有因为战斗而感到困扰。,[REVIEWED:1][PROSE:sentence]
She is untroubled after a lack of trouble-making.,她没有因为没能制造麻烦而感到困扰。,[REVIEWED:1][PROSE:sentence]
She is untroubled after causing trouble.,她没有因为制造麻烦而感到困扰。,[REVIEWED:1][PROSE:sentence]
She is untroubled after being unable to argue.,她没有因为无法与人争论而感到困扰。,[REVIEWED:1][PROSE:sentence]
She is untroubled after arguing.,她没有因为与人争论而感到困扰。,[REVIEWED:1][PROSE:sentence]
She is untroubled after being unable to be extravagant.,她没有因为无法奢侈挥霍而感到困扰。,[REVIEWED:1][PROSE:sentence]
She is untroubled after being extravagant.,她没有因为奢侈挥霍而感到困扰。,[REVIEWED:1][PROSE:sentence]
She is untroubled after not learning anything.,她没有因为没有学到任何东西而感到困扰。,[REVIEWED:1][PROSE:sentence]
She is untroubled after learning something.,她没有因为学到新知而感到困扰。,[REVIEWED:1][PROSE:sentence]
She is untroubled after being unable to help anybody.,她没有因为无法帮助任何人而感到困扰。,[REVIEWED:1][PROSE:sentence]
She is untroubled after helping somebody.,她没有因为帮助他人而感到困扰。,[REVIEWED:1][PROSE:sentence]
She is untroubled after a lack of abstract thinking.,她没有因为缺少抽象思考而感到困扰。,[REVIEWED:1][PROSE:sentence]
She is untroubled after thinking abstractly.,她没有因为进行抽象思考而感到困扰。,[REVIEWED:1][PROSE:sentence]
She is untroubled after being unable to make merry.,她没有因为无法尽情娱乐而感到困扰。,[REVIEWED:1][PROSE:sentence]
She is untroubled after making merry.,她没有因为尽情娱乐而感到困扰。,[REVIEWED:1][PROSE:sentence]
She is untroubled after being unable to admire art.,她没有因为无法欣赏艺术而感到困扰。,[REVIEWED:1][PROSE:sentence]
She is untroubled after admiring art.,她没有因为欣赏艺术而感到困扰。,[REVIEWED:1][PROSE:sentence]
She is untroubled after being unable to practice a craft.,她没有因为无法练习工艺而感到困扰。,[REVIEWED:1][PROSE:sentence]
She is untroubled after practicing a craft.,她没有因为练习工艺而感到困扰。,[REVIEWED:1][PROSE:sentence]
She is untroubled after being away from family.,她没有因为远离家人而感到困扰。,[REVIEWED:1][PROSE:sentence]
She is untroubled after being with family.,她没有因为与家人共度时光而感到困扰。,[REVIEWED:1][PROSE:sentence]
She is untroubled after being away from friends.,她没有因为远离朋友而感到困扰。,[REVIEWED:1][PROSE:sentence]
She is untroubled after being with friends.,她没有因为与朋友共度时光而感到困扰。,[REVIEWED:1][PROSE:sentence]
She is untroubled after a lack of introspection.,她没有因为缺少自省而感到困扰。,[REVIEWED:1][PROSE:sentence]
She is untroubled after introspection.,她没有因为自省而感到困扰。,[REVIEWED:1][PROSE:sentence]
She is untroubled after being unable to practice a martial art.,她没有因为无法练习武术而感到困扰。,[REVIEWED:1][PROSE:sentence]
She is untroubled after practicing a martial art.,她没有因为练习武术而感到困扰。,[REVIEWED:1][PROSE:sentence]
She is untroubled after being unable to practice a skill.,她没有因为无法练习技能而感到困扰。,[REVIEWED:1][PROSE:sentence]
She is untroubled after practicing a skill.,她没有因为练习技能而感到困扰。,[REVIEWED:1][PROSE:sentence]
She is untroubled after being unable to take it easy.,她没有因为无法放松休息而感到困扰。,[REVIEWED:1][PROSE:sentence]
She is untroubled after taking it easy.,她没有因为放松休息而感到困扰。,[REVIEWED:1][PROSE:sentence]
She is untroubled after being unable to pray to {DEITY_NAME}.,她没有因为无法向{DEITY_NAME}祈祷而感到困扰。,[REVIEWED:1][PROSE:sentence]
She is untroubled after communing with {DEITY_NAME}.,她没有因为与{DEITY_NAME}灵性交流而感到困扰。,[REVIEWED:1][PROSE:sentence]
She is not distracted after being away from people.,她没有因为远离人群而分心。,[REVIEWED:1][PROSE:sentence]
She is not distracted after spending time with people.,她没有因为与人共度时光而分心。,[REVIEWED:1][PROSE:sentence]
She is not distracted after being unoccupied.,她没有因为无所事事而分心。,[REVIEWED:1][PROSE:sentence]
She is not distracted after staying occupied.,她没有因为保持忙碌而分心。,[REVIEWED:1][PROSE:sentence]
She is not distracted after doing nothing creative.,她没有因为没有进行创作而分心。,[REVIEWED:1][PROSE:sentence]
She is not distracted after doing something creative.,她没有因为进行创作而分心。,[REVIEWED:1][PROSE:sentence]
She is not distracted after leading an unexciting life.,她没有因为生活平淡无奇而分心。,[REVIEWED:1][PROSE:sentence]
She is not distracted after doing something exciting.,她没有因为做了令人兴奋的事情而分心。,[REVIEWED:1][PROSE:sentence]
She is not distracted after being unable to acquire something.,她没有因为无法获得某些东西而分心。,[REVIEWED:1][PROSE:sentence]
She is not distracted after a satisfying acquisition.,她没有因为获得满意的物品而分心。,[REVIEWED:1][PROSE:sentence]
She is not distracted after being kept from alcohol.,她没有因为没有酒喝而分心。,[REVIEWED:1][PROSE:sentence]
She is not distracted after drinking.,她没有因为喝酒而分心。,[REVIEWED:1][PROSE:sentence]
She is not distracted after a lack of decent meals.,她没有因为缺少像样的饭菜而分心。,[REVIEWED:1][PROSE:sentence]
She is not distracted after a good meal.,她没有因为享用美食而分心。,[REVIEWED:1][PROSE:sentence]
She is not distracted after being unable to fight.,她没有因为无法战斗而分心。,[REVIEWED:1][PROSE:sentence]
She is not distracted after fighting.,她没有因为战斗而分心。,[REVIEWED:1][PROSE:sentence]
She is not distracted after a lack of trouble-making.,她没有因为没能制造麻烦而分心。,[REVIEWED:1][PROSE:sentence]
She is not distracted after causing trouble.,她没有因为制造麻烦而分心。,[REVIEWED:1][PROSE:sentence]
She is not distracted after being unable to argue.,她没有因为无法与人争论而分心。,[REVIEWED:1][PROSE:sentence]
She is not distracted after arguing.,她没有因为与人争论而分心。,[REVIEWED:1][PROSE:sentence]
She is not distracted after being unable to be extravagant.,她没有因为无法奢侈挥霍而分心。,[REVIEWED:1][PROSE:sentence]
She is not distracted after being extravagant.,她没有因为奢侈挥霍而分心。,[REVIEWED:1][PROSE:sentence]
She is not distracted after not learning anything.,她没有因为没有学到任何东西而分心。,[REVIEWED:1][PROSE:sentence]
She is not distracted after learning something.,她没有因为学到新知而分心。,[REVIEWED:1][PROSE:sentence]
She is not distracted after being unable to help anybody.,她没有因为无法帮助任何人而分心。,[REVIEWED:1][PROSE:sentence]
She is not distracted after helping somebody.,她没有因为帮助他人而分心。,[REVIEWED:1][PROSE:sentence]
She is not distracted after a lack of abstract thinking.,她没有因为缺少抽象思考而分心。,[REVIEWED:1][PROSE:sentence]
She is not distracted after thinking abstractly.,她没有因为进行抽象思考而分心。,[REVIEWED:1][PROSE:sentence]
She is not distracted after being unable to make merry.,她没有因为无法尽情娱乐而分心。,[REVIEWED:1][PROSE:sentence]
She is not distracted after making merry.,她没有因为尽情娱乐而分心。,[REVIEWED:1][PROSE:sentence]
She is not distracted after being unable to admire art.,她没有因为无法欣赏艺术而分心。,[REVIEWED:1][PROSE:sentence]
She is not distracted after admiring art.,她没有因为欣赏艺术而分心。,[REVIEWED:1][PROSE:sentence]
She is not distracted after being unable to practice a craft.,她没有因为无法练习工艺而分心。,[REVIEWED:1][PROSE:sentence]
She is not distracted after practicing a craft.,她没有因为练习工艺而分心。,[REVIEWED:1][PROSE:sentence]
She is not distracted after being away from family.,她没有因为远离家人而分心。,[REVIEWED:1][PROSE:sentence]
She is not distracted after being with family.,她没有因为与家人共度时光而分心。,[REVIEWED:1][PROSE:sentence]
She is not distracted after being away from friends.,她没有因为远离朋友而分心。,[REVIEWED:1][PROSE:sentence]
She is not distracted after being with friends.,她没有因为与朋友共度时光而分心。,[REVIEWED:1][PROSE:sentence]
She is not distracted after a lack of introspection.,她没有因为缺少自省而分心。,[REVIEWED:1][PROSE:sentence]
She is not distracted after introspection.,她没有因为自省而分心。,[REVIEWED:1][PROSE:sentence]
She is not distracted after being unable to practice a martial art.,她没有因为无法练习武术而分心。,[REVIEWED:1][PROSE:sentence]
She is not distracted after practicing a martial art.,她没有因为练习武术而分心。,[REVIEWED:1][PROSE:sentence]
She is not distracted after being unable to practice a skill.,她没有因为无法练习技能而分心。,[REVIEWED:1][PROSE:sentence]
She is not distracted after practicing a skill.,她没有因为练习技能而分心。,[REVIEWED:1][PROSE:sentence]
She is not distracted after being unable to take it easy.,她没有因为无法放松休息而分心。,[REVIEWED:1][PROSE:sentence]
She is not distracted after taking it easy.,她没有因为放松休息而分心。,[REVIEWED:1][PROSE:sentence]
She is not distracted after being unable to pray to {DEITY_NAME}.,她没有因为无法向{DEITY_NAME}祈祷而分心。,[REVIEWED:1][PROSE:sentence]
She is not distracted after communing with {DEITY_NAME}.,她没有因为与{DEITY_NAME}灵性交流而分心。,[REVIEWED:1][PROSE:sentence]
She is unfocused after being away from people.,她因为远离人群而有些心不在焉。,[REVIEWED:1][PROSE:sentence]
She is unfocused after spending time with people.,她因为与人共度时光而有些心不在焉。,[REVIEWED:1][PROSE:sentence]
She is unfocused after being unoccupied.,她因为无所事事而有些心不在焉。,[REVIEWED:1][PROSE:sentence]
She is unfocused after staying occupied.,她因为保持忙碌而有些心不在焉。,[REVIEWED:1][PROSE:sentence]
She is unfocused after doing nothing creative.,她因为没有进行创作而有些心不在焉。,[REVIEWED:1][PROSE:sentence]
She is unfocused after doing something creative.,她因为进行创作而有些心不在焉。,[REVIEWED:1][PROSE:sentence]
She is unfocused after leading an unexciting life.,她因为生活平淡无奇而有些心不在焉。,[REVIEWED:1][PROSE:sentence]
She is unfocused after doing something exciting.,她因为做了令人兴奋的事情而有些心不在焉。,[REVIEWED:1][PROSE:sentence]
She is unfocused after being unable to acquire something.,她因为无法获得某些东西而有些心不在焉。,[REVIEWED:1][PROSE:sentence]
She is unfocused after a satisfying acquisition.,她因为获得满意的物品而有些心不在焉。,[REVIEWED:1][PROSE:sentence]
She is unfocused after being kept from alcohol.,她因为没有酒喝而有些心不在焉。,[REVIEWED:1][PROSE:sentence]
She is unfocused after drinking.,她因为喝酒而有些心不在焉。,[REVIEWED:1][PROSE:sentence]
She is unfocused after a lack of decent meals.,她因为缺少像样的饭菜而有些心不在焉。,[REVIEWED:1][PROSE:sentence]
She is unfocused after a good meal.,她因为享用美食而有些心不在焉。,[REVIEWED:1][PROSE:sentence]
She is unfocused after being unable to fight.,她因为无法战斗而有些心不在焉。,[REVIEWED:1][PROSE:sentence]
She is unfocused after fighting.,她因为战斗而有些心不在焉。,[REVIEWED:1][PROSE:sentence]
She is unfocused after a lack of trouble-making.,她因为没能制造麻烦而有些心不在焉。,[REVIEWED:1][PROSE:sentence]
She is unfocused after causing trouble.,她因为制造麻烦而有些心不在焉。,[REVIEWED:1][PROSE:sentence]
She is unfocused after being unable to argue.,她因为无法与人争论而有些心不在焉。,[REVIEWED:1][PROSE:sentence]
She is unfocused after arguing.,她因为与人争论而有些心不在焉。,[REVIEWED:1][PROSE:sentence]
She is unfocused after being unable to be extravagant.,她因为无法奢侈挥霍而有些心不在焉。,[REVIEWED:1][PROSE:sentence]
She is unfocused after being extravagant.,她因为奢侈挥霍而有些心不在焉。,[REVIEWED:1][PROSE:sentence]
She is unfocused after not learning anything.,她因为没有学到任何东西而有些心不在焉。,[REVIEWED:1][PROSE:sentence]
She is unfocused after learning something.,她因为学到新知而有些心不在焉。,[REVIEWED:1][PROSE:sentence]
She is unfocused after being unable to help anybody.,她因为无法帮助任何人而有些心不在焉。,[REVIEWED:1][PROSE:sentence]
She is unfocused after helping somebody.,她因为帮助他人而有些心不在焉。,[REVIEWED:1][PROSE:sentence]
She is unfocused after a lack of abstract thinking.,她因为缺少抽象思考而有些心不在焉。,[REVIEWED:1][PROSE:sentence]
She is unfocused after thinking abstractly.,她因为进行抽象思考而有些心不在焉。,[REVIEWED:1][PROSE:sentence]
She is unfocused after being unable to make merry.,她因为无法尽情娱乐而有些心不在焉。,[REVIEWED:1][PROSE:sentence]
She is unfocused after making merry.,她因为尽情娱乐而有些心不在焉。,[REVIEWED:1][PROSE:sentence]
She is unfocused after being unable to admire art.,她因为无法欣赏艺术而有些心不在焉。,[REVIEWED:1][PROSE:sentence]
She is unfocused after admiring art.,她因为欣赏艺术而有些心不在焉。,[REVIEWED:1][PROSE:sentence]
She is unfocused after being unable to practice a craft.,她因为无法练习工艺而有些心不在焉。,[REVIEWED:1][PROSE:sentence]
She is unfocused after practicing a craft.,她因为练习工艺而有些心不在焉。,[REVIEWED:1][PROSE:sentence]
She is unfocused after being away from family.,她因为远离家人而有些心不在焉。,[REVIEWED:1][PROSE:sentence]
She is unfocused after being with family.,她因为与家人共度时光而有些心不在焉。,[REVIEWED:1][PROSE:sentence]
She is unfocused after being away from friends.,她因为远离朋友而有些心不在焉。,[REVIEWED:1][PROSE:sentence]
She is unfocused after being with friends.,她因为与朋友共度时光而有些心不在焉。,[REVIEWED:1][PROSE:sentence]
She is unfocused after a lack of introspection.,她因为缺少自省而有些心不在焉。,[REVIEWED:1][PROSE:sentence]
She is unfocused after introspection.,她因为自省而有些心不在焉。,[REVIEWED:1][PROSE:sentence]
She is unfocused after being unable to practice a martial art.,她因为无法练习武术而有些心不在焉。,[REVIEWED:1][PROSE:sentence]
She is unfocused after practicing a martial art.,她因为练习武术而有些心不在焉。,[REVIEWED:1][PROSE:sentence]
She is unfocused after being unable to practice a skill.,她因为无法练习技能而有些心不在焉。,[REVIEWED:1][PROSE:sentence]
She is unfocused after practicing a skill.,她因为练习技能而有些心不在焉。,[REVIEWED:1][PROSE:sentence]
She is unfocused after being unable to take it easy.,她因为无法放松休息而有些心不在焉。,[REVIEWED:1][PROSE:sentence]
She is unfocused after taking it easy.,她因为放松休息而有些心不在焉。,[REVIEWED:1][PROSE:sentence]
She is unfocused after being unable to pray to {DEITY_NAME}.,她因为无法向{DEITY_NAME}祈祷而有些心不在焉。,[REVIEWED:1][PROSE:sentence]
She is unfocused after communing with {DEITY_NAME}.,她因为与{DEITY_NAME}灵性交流而有些心不在焉。,[REVIEWED:1][PROSE:sentence]
She is distracted after being away from people.,她因为远离人群而难以专注。,[REVIEWED:1][PROSE:sentence]
She is distracted after spending time with people.,她因为与人共度时光而难以专注。,[REVIEWED:1][PROSE:sentence]
She is distracted after being unoccupied.,她因为无所事事而难以专注。,[REVIEWED:1][PROSE:sentence]
She is distracted after staying occupied.,她因为保持忙碌而难以专注。,[REVIEWED:1][PROSE:sentence]
She is distracted after doing nothing creative.,她因为没有进行创作而难以专注。,[REVIEWED:1][PROSE:sentence]
She is distracted after doing something creative.,她因为进行创作而难以专注。,[REVIEWED:1][PROSE:sentence]
She is distracted after leading an unexciting life.,她因为生活平淡无奇而难以专注。,[REVIEWED:1][PROSE:sentence]
She is distracted after doing something exciting.,她因为做了令人兴奋的事情而难以专注。,[REVIEWED:1][PROSE:sentence]
She is distracted after being unable to acquire something.,她因为无法获得某些东西而难以专注。,[REVIEWED:1][PROSE:sentence]
She is distracted after a satisfying acquisition.,她因为获得满意的物品而难以专注。,[REVIEWED:1][PROSE:sentence]
She is distracted after being kept from alcohol.,她因为没有酒喝而难以专注。,[REVIEWED:1][PROSE:sentence]
She is distracted after drinking.,她因为喝酒而难以专注。,[REVIEWED:1][PROSE:sentence]
She is distracted after a lack of decent meals.,她因为缺少像样的饭菜而难以专注。,[REVIEWED:1][PROSE:sentence]
She is distracted after a good meal.,她因为享用美食而难以专注。,[REVIEWED:1][PROSE:sentence]
She is distracted after being unable to fight.,她因为无法战斗而难以专注。,[REVIEWED:1][PROSE:sentence]
She is distracted after fighting.,她因为战斗而难以专注。,[REVIEWED:1][PROSE:sentence]
She is distracted after a lack of trouble-making.,她因为没能制造麻烦而难以专注。,[REVIEWED:1][PROSE:sentence]
She is distracted after causing trouble.,她因为制造麻烦而难以专注。,[REVIEWED:1][PROSE:sentence]
She is distracted after being unable to argue.,她因为无法与人争论而难以专注。,[REVIEWED:1][PROSE:sentence]
She is distracted after arguing.,她因为与人争论而难以专注。,[REVIEWED:1][PROSE:sentence]
She is distracted after being unable to be extravagant.,她因为无法奢侈挥霍而难以专注。,[REVIEWED:1][PROSE:sentence]
She is distracted after being extravagant.,她因为奢侈挥霍而难以专注。,[REVIEWED:1][PROSE:sentence]
She is distracted after not learning anything.,她因为没有学到任何东西而难以专注。,[REVIEWED:1][PROSE:sentence]
She is distracted after learning something.,她因为学到新知而难以专注。,[REVIEWED:1][PROSE:sentence]
She is distracted after being unable to help anybody.,她因为无法帮助任何人而难以专注。,[REVIEWED:1][PROSE:sentence]
She is distracted after helping somebody.,她因为帮助他人而难以专注。,[REVIEWED:1][PROSE:sentence]
She is distracted after a lack of abstract thinking.,她因为缺少抽象思考而难以专注。,[REVIEWED:1][PROSE:sentence]
She is distracted after thinking abstractly.,她因为进行抽象思考而难以专注。,[REVIEWED:1][PROSE:sentence]
She is distracted after being unable to make merry.,她因为无法尽情娱乐而难以专注。,[REVIEWED:1][PROSE:sentence]
She is distracted after making merry.,她因为尽情娱乐而难以专注。,[REVIEWED:1][PROSE:sentence]
She is distracted after being unable to admire art.,她因为无法欣赏艺术而难以专注。,[REVIEWED:1][PROSE:sentence]
She is distracted after admiring art.,她因为欣赏艺术而难以专注。,[REVIEWED:1][PROSE:sentence]
She is distracted after being unable to practice a craft.,她因为无法练习工艺而难以专注。,[REVIEWED:1][PROSE:sentence]
She is distracted after practicing a craft.,她因为练习工艺而难以专注。,[REVIEWED:1][PROSE:sentence]
She is distracted after being away from family.,她因为远离家人而难以专注。,[REVIEWED:1][PROSE:sentence]
She is distracted after being with family.,她因为与家人共度时光而难以专注。,[REVIEWED:1][PROSE:sentence]
She is distracted after being away from friends.,她因为远离朋友而难以专注。,[REVIEWED:1][PROSE:sentence]
She is distracted after being with friends.,她因为与朋友共度时光而难以专注。,[REVIEWED:1][PROSE:sentence]
She is distracted after a lack of introspection.,她因为缺少自省而难以专注。,[REVIEWED:1][PROSE:sentence]
She is distracted after introspection.,她因为自省而难以专注。,[REVIEWED:1][PROSE:sentence]
She is distracted after being unable to practice a martial art.,她因为无法练习武术而难以专注。,[REVIEWED:1][PROSE:sentence]
She is distracted after practicing a martial art.,她因为练习武术而难以专注。,[REVIEWED:1][PROSE:sentence]
She is distracted after being unable to practice a skill.,她因为无法练习技能而难以专注。,[REVIEWED:1][PROSE:sentence]
She is distracted after practicing a skill.,她因为练习技能而难以专注。,[REVIEWED:1][PROSE:sentence]
She is distracted after being unable to take it easy.,她因为无法放松休息而难以专注。,[REVIEWED:1][PROSE:sentence]
She is distracted after taking it easy.,她因为放松休息而难以专注。,[REVIEWED:1][PROSE:sentence]
She is distracted after being unable to pray to {DEITY_NAME}.,她因为无法向{DEITY_NAME}祈祷而难以专注。,[REVIEWED:1][PROSE:sentence]
She is distracted after communing with {DEITY_NAME}.,她因为与{DEITY_NAME}灵性交流而难以专注。,[REVIEWED:1][PROSE:sentence]
She is badly distracted after being away from people.,她因为远离人群而严重分心。,[REVIEWED:1][PROSE:sentence]
She is badly distracted after spending time with people.,她因为与人共度时光而严重分心。,[REVIEWED:1][PROSE:sentence]
She is badly distracted after being unoccupied.,她因为无所事事而严重分心。,[REVIEWED:1][PROSE:sentence]
She is badly distracted after staying occupied.,她因为保持忙碌而严重分心。,[REVIEWED:1][PROSE:sentence]
She is badly distracted after doing nothing creative.,她因为没有进行创作而严重分心。,[REVIEWED:1][PROSE:sentence]
She is badly distracted after doing something creative.,她因为进行创作而严重分心。,[REVIEWED:1][PROSE:sentence]
She is badly distracted after leading an unexciting life.,她因为生活平淡无奇而严重分心。,[REVIEWED:1][PROSE:sentence]
She is badly distracted after doing something exciting.,她因为做了令人兴奋的事情而严重分心。,[REVIEWED:1][PROSE:sentence]
She is badly distracted after being unable to acquire something.,她因为无法获得某些东西而严重分心。,[REVIEWED:1][PROSE:sentence]
She is badly distracted after a satisfying acquisition.,她因为获得满意的物品而严重分心。,[REVIEWED:1][PROSE:sentence]
She is badly distracted after being kept from alcohol.,她因为没有酒喝而严重分心。,[REVIEWED:1][PROSE:sentence]
She is badly distracted after drinking.,她因为喝酒而严重分心。,[REVIEWED:1][PROSE:sentence]
She is badly distracted after a lack of decent meals.,她因为缺少像样的饭菜而严重分心。,[REVIEWED:1][PROSE:sentence]
She is badly distracted after a good meal.,她因为享用美食而严重分心。,[REVIEWED:1][PROSE:sentence]
She is badly distracted after being unable to fight.,她因为无法战斗而严重分心。,[REVIEWED:1][PROSE:sentence]
She is badly distracted after fighting.,她因为战斗而严重分心。,[REVIEWED:1][PROSE:sentence]
She is badly distracted after a lack of trouble-making.,她因为没能制造麻烦而严重分心。,[REVIEWED:1][PROSE:sentence]
She is badly distracted after causing trouble.,她因为制造麻烦而严重分心。,[REVIEWED:1][PROSE:sentence]
She is badly distracted after being unable to argue.,她因为无法与人争论而严重分心。,[REVIEWED:1][PROSE:sentence]
She is badly distracted after arguing.,她因为与人争论而严重分心。,[REVIEWED:1][PROSE:sentence]
She is badly distracted after being unable to be extravagant.,她因为无法奢侈挥霍而严重分心。,[REVIEWED:1][PROSE:sentence]
She is badly distracted after being extravagant.,她因为奢侈挥霍而严重分心。,[REVIEWED:1][PROSE:sentence]
She is badly distracted after not learning anything.,她因为没有学到任何东西而严重分心。,[REVIEWED:1][PROSE:sentence]
She is badly distracted after learning something.,她因为学到新知而严重分心。,[REVIEWED:1][PROSE:sentence]
She is badly distracted after being unable to help anybody.,她因为无法帮助任何人而严重分心。,[REVIEWED:1][PROSE:sentence]
She is badly distracted after helping somebody.,她因为帮助他人而严重分心。,[REVIEWED:1][PROSE:sentence]
She is badly distracted after a lack of abstract thinking.,她因为缺少抽象思考而严重分心。,[REVIEWED:1][PROSE:sentence]
She is badly distracted after thinking abstractly.,她因为进行抽象思考而严重分心。,[REVIEWED:1][PROSE:sentence]
She is badly distracted after being unable to make merry.,她因为无法尽情娱乐而严重分心。,[REVIEWED:1][PROSE:sentence]
She is badly distracted after making merry.,她因为尽情娱乐而严重分心。,[REVIEWED:1][PROSE:sentence]
She is badly distracted after being unable to admire art.,她因为无法欣赏艺术而严重分心。,[REVIEWED:1][PROSE:sentence]
She is badly distracted after admiring art.,她因为欣赏艺术而严重分心。,[REVIEWED:1][PROSE:sentence]
She is badly distracted after being unable to practice a craft.,她因为无法练习工艺而严重分心。,[REVIEWED:1][PROSE:sentence]
She is badly distracted after practicing a craft.,她因为练习工艺而严重分心。,[REVIEWED:1][PROSE:sentence]
She is badly distracted after being away from family.,她因为远离家人而严重分心。,[REVIEWED:1][PROSE:sentence]
She is badly distracted after being with family.,她因为与家人共度时光而严重分心。,[REVIEWED:1][PROSE:sentence]
She is badly distracted after being away from friends.,她因为远离朋友而严重分心。,[REVIEWED:1][PROSE:sentence]
She is badly distracted after being with friends.,她因为与朋友共度时光而严重分心。,[REVIEWED:1][PROSE:sentence]
She is badly distracted after a lack of introspection.,她因为缺少自省而严重分心。,[REVIEWED:1][PROSE:sentence]
She is badly distracted after introspection.,她因为自省而严重分心。,[REVIEWED:1][PROSE:sentence]
She is badly distracted after being unable to practice a martial art.,她因为无法练习武术而严重分心。,[REVIEWED:1][PROSE:sentence]
She is badly distracted after practicing a martial art.,她因为练习武术而严重分心。,[REVIEWED:1][PROSE:sentence]
She is badly distracted after being unable to practice a skill.,她因为无法练习技能而严重分心。,[REVIEWED:1][PROSE:sentence]
She is badly distracted after practicing a skill.,她因为练习技能而严重分心。,[REVIEWED:1][PROSE:sentence]
She is badly distracted after being unable to take it easy.,她因为无法放松休息而严重分心。,[REVIEWED:1][PROSE:sentence]
She is badly distracted after taking it easy.,她因为放松休息而严重分心。,[REVIEWED:1][PROSE:sentence]
She is badly distracted after being unable to pray to {DEITY_NAME}.,她因为无法向{DEITY_NAME}祈祷而严重分心。,[REVIEWED:1][PROSE:sentence]
She is badly distracted after communing with {DEITY_NAME}.,她因为与{DEITY_NAME}灵性交流而严重分心。,[REVIEWED:1][PROSE:sentence]
"Overall, she is very focused with satisfied needs.",总体而言，她需求已满足，精神非常集中。,[REVIEWED:1][PROSE:sentence]
"Overall, she is quite focused with satisfied needs.",总体而言，她需求已满足，精神相当集中。,[REVIEWED:1][PROSE:sentence]
"Overall, she is somewhat focused with satisfied needs.",总体而言，她需求已满足，精神有些集中。,[REVIEWED:1][PROSE:sentence]
"Overall, she is badly distracted by unmet needs.",总体而言，她因需求未满足而严重分心。,[REVIEWED:1][PROSE:sentence]
"Overall, she is distracted by unmet needs.",总体而言，她因需求未满足而难以专注。,[REVIEWED:1][PROSE:sentence]
"Overall, she is unfocused by unmet needs.",总体而言，她因需求未满足而有些心不在焉。,[REVIEWED:1][PROSE:sentence]
"Overall, she is untroubled by unmet needs.",总体而言，她没有受到未满足需求的困扰。,[REVIEWED:1][PROSE:sentence]
It is unfettered after being away from people.,牠没有因为远离人群而感到受束缚。,[REVIEWED:1][PROSE:sentence]
It is unfettered after spending time with people.,牠没有因为与人共度时光而感到受束缚。,[REVIEWED:1][PROSE:sentence]
It is unfettered after being unoccupied.,牠没有因为无所事事而感到受束缚。,[REVIEWED:1][PROSE:sentence]
It is unfettered after staying occupied.,牠没有因为保持忙碌而感到受束缚。,[REVIEWED:1][PROSE:sentence]
It is unfettered after doing nothing creative.,牠没有因为没有进行创作而感到受束缚。,[REVIEWED:1][PROSE:sentence]
It is unfettered after doing something creative.,牠没有因为进行创作而感到受束缚。,[REVIEWED:1][PROSE:sentence]
It is unfettered after leading an unexciting life.,牠没有因为生活平淡无奇而感到受束缚。,[REVIEWED:1][PROSE:sentence]
It is unfettered after doing something exciting.,牠没有因为做了令人兴奋的事情而感到受束缚。,[REVIEWED:1][PROSE:sentence]
It is unfettered after being unable to acquire something.,牠没有因为无法获得某些东西而感到受束缚。,[REVIEWED:1][PROSE:sentence]
It is unfettered after a satisfying acquisition.,牠没有因为获得满意的物品而感到受束缚。,[REVIEWED:1][PROSE:sentence]
It is unfettered after being kept from alcohol.,牠没有因为没有酒喝而感到受束缚。,[REVIEWED:1][PROSE:sentence]
It is unfettered after drinking.,牠没有因为喝酒而感到受束缚。,[REVIEWED:1][PROSE:sentence]
It is unfettered after a lack of decent meals.,牠没有因为缺少像样的饭菜而感到受束缚。,[REVIEWED:1][PROSE:sentence]
It is unfettered after a good meal.,牠没有因为享用美食而感到受束缚。,[REVIEWED:1][PROSE:sentence]
It is unfettered after being unable to fight.,牠没有因为无法战斗而感到受束缚。,[REVIEWED:1][PROSE:sentence]
It is unfettered after fighting.,牠没有因为战斗而感到受束缚。,[REVIEWED:1][PROSE:sentence]
It is unfettered after a lack of trouble-making.,牠没有因为没能制造麻烦而感到受束缚。,[REVIEWED:1][PROSE:sentence]
It is unfettered after causing trouble.,牠没有因为制造麻烦而感到受束缚。,[REVIEWED:1][PROSE:sentence]
It is unfettered after being unable to argue.,牠没有因为无法与人争论而感到受束缚。,[REVIEWED:1][PROSE:sentence]
It is unfettered after arguing.,牠没有因为与人争论而感到受束缚。,[REVIEWED:1][PROSE:sentence]
It is unfettered after being unable to be extravagant.,牠没有因为无法奢侈挥霍而感到受束缚。,[REVIEWED:1][PROSE:sentence]
It is unfettered after being extravagant.,牠没有因为奢侈挥霍而感到受束缚。,[REVIEWED:1][PROSE:sentence]
It is unfettered after not learning anything.,牠没有因为没有学到任何东西而感到受束缚。,[REVIEWED:1][PROSE:sentence]
It is unfettered after learning something.,牠没有因为学到新知而感到受束缚。,[REVIEWED:1][PROSE:sentence]
It is unfettered after being unable to help anybody.,牠没有因为无法帮助任何人而感到受束缚。,[REVIEWED:1][PROSE:sentence]
It is unfettered after helping somebody.,牠没有因为帮助他人而感到受束缚。,[REVIEWED:1][PROSE:sentence]
It is unfettered after a lack of abstract thinking.,牠没有因为缺少抽象思考而感到受束缚。,[REVIEWED:1][PROSE:sentence]
It is unfettered after thinking abstractly.,牠没有因为进行抽象思考而感到受束缚。,[REVIEWED:1][PROSE:sentence]
It is unfettered after being unable to make merry.,牠没有因为无法尽情娱乐而感到受束缚。,[REVIEWED:1][PROSE:sentence]
It is unfettered after making merry.,牠没有因为尽情娱乐而感到受束缚。,[REVIEWED:1][PROSE:sentence]
It is unfettered after being unable to admire art.,牠没有因为无法欣赏艺术而感到受束缚。,[REVIEWED:1][PROSE:sentence]
It is unfettered after admiring art.,牠没有因为欣赏艺术而感到受束缚。,[REVIEWED:1][PROSE:sentence]
It is unfettered after being unable to practice a craft.,牠没有因为无法练习工艺而感到受束缚。,[REVIEWED:1][PROSE:sentence]
It is unfettered after practicing a craft.,牠没有因为练习工艺而感到受束缚。,[REVIEWED:1][PROSE:sentence]
It is unfettered after being away from family.,牠没有因为远离家人而感到受束缚。,[REVIEWED:1][PROSE:sentence]
It is unfettered after being with family.,牠没有因为与家人共度时光而感到受束缚。,[REVIEWED:1][PROSE:sentence]
It is unfettered after being away from friends.,牠没有因为远离朋友而感到受束缚。,[REVIEWED:1][PROSE:sentence]
It is unfettered after being with friends.,牠没有因为与朋友共度时光而感到受束缚。,[REVIEWED:1][PROSE:sentence]
It is unfettered after a lack of introspection.,牠没有因为缺少自省而感到受束缚。,[REVIEWED:1][PROSE:sentence]
It is unfettered after introspection.,牠没有因为自省而感到受束缚。,[REVIEWED:1][PROSE:sentence]
It is unfettered after being unable to practice a martial art.,牠没有因为无法练习武术而感到受束缚。,[REVIEWED:1][PROSE:sentence]
It is unfettered after practicing a martial art.,牠没有因为练习武术而感到受束缚。,[REVIEWED:1][PROSE:sentence]
It is unfettered after being unable to practice a skill.,牠没有因为无法练习技能而感到受束缚。,[REVIEWED:1][PROSE:sentence]
It is unfettered after practicing a skill.,牠没有因为练习技能而感到受束缚。,[REVIEWED:1][PROSE:sentence]
It is unfettered after being unable to take it easy.,牠没有因为无法放松休息而感到受束缚。,[REVIEWED:1][PROSE:sentence]
It is unfettered after taking it easy.,牠没有因为放松休息而感到受束缚。,[REVIEWED:1][PROSE:sentence]
It is unfettered after being unable to pray to {DEITY_NAME}.,牠没有因为无法向{DEITY_NAME}祈祷而感到受束缚。,[REVIEWED:1][PROSE:sentence]
It is unfettered after communing with {DEITY_NAME}.,牠没有因为与{DEITY_NAME}灵性交流而感到受束缚。,[REVIEWED:1][PROSE:sentence]
It is level-headed after being away from people.,牠没有因为远离人群而失去冷静。,[REVIEWED:1][PROSE:sentence]
It is level-headed after spending time with people.,牠没有因为与人共度时光而失去冷静。,[REVIEWED:1][PROSE:sentence]
It is level-headed after being unoccupied.,牠没有因为无所事事而失去冷静。,[REVIEWED:1][PROSE:sentence]
It is level-headed after staying occupied.,牠没有因为保持忙碌而失去冷静。,[REVIEWED:1][PROSE:sentence]
It is level-headed after doing nothing creative.,牠没有因为没有进行创作而失去冷静。,[REVIEWED:1][PROSE:sentence]
It is level-headed after doing something creative.,牠没有因为进行创作而失去冷静。,[REVIEWED:1][PROSE:sentence]
It is level-headed after leading an unexciting life.,牠没有因为生活平淡无奇而失去冷静。,[REVIEWED:1][PROSE:sentence]
It is level-headed after doing something exciting.,牠没有因为做了令人兴奋的事情而失去冷静。,[REVIEWED:1][PROSE:sentence]
It is level-headed after being unable to acquire something.,牠没有因为无法获得某些东西而失去冷静。,[REVIEWED:1][PROSE:sentence]
It is level-headed after a satisfying acquisition.,牠没有因为获得满意的物品而失去冷静。,[REVIEWED:1][PROSE:sentence]
It is level-headed after being kept from alcohol.,牠没有因为没有酒喝而失去冷静。,[REVIEWED:1][PROSE:sentence]
It is level-headed after drinking.,牠没有因为喝酒而失去冷静。,[REVIEWED:1][PROSE:sentence]
It is level-headed after a lack of decent meals.,牠没有因为缺少像样的饭菜而失去冷静。,[REVIEWED:1][PROSE:sentence]
It is level-headed after a good meal.,牠没有因为享用美食而失去冷静。,[REVIEWED:1][PROSE:sentence]
It is level-headed after being unable to fight.,牠没有因为无法战斗而失去冷静。,[REVIEWED:1][PROSE:sentence]
It is level-headed after fighting.,牠没有因为战斗而失去冷静。,[REVIEWED:1][PROSE:sentence]
It is level-headed after a lack of trouble-making.,牠没有因为没能制造麻烦而失去冷静。,[REVIEWED:1][PROSE:sentence]
It is level-headed after causing trouble.,牠没有因为制造麻烦而失去冷静。,[REVIEWED:1][PROSE:sentence]
It is level-headed after being unable to argue.,牠没有因为无法与人争论而失去冷静。,[REVIEWED:1][PROSE:sentence]
It is level-headed after arguing.,牠没有因为与人争论而失去冷静。,[REVIEWED:1][PROSE:sentence]
It is level-headed after being unable to be extravagant.,牠没有因为无法奢侈挥霍而失去冷静。,[REVIEWED:1][PROSE:sentence]
It is level-headed after being extravagant.,牠没有因为奢侈挥霍而失去冷静。,[REVIEWED:1][PROSE:sentence]
It is level-headed after not learning anything.,牠没有因为没有学到任何东西而失去冷静。,[REVIEWED:1][PROSE:sentence]
It is level-headed after learning something.,牠没有因为学到新知而失去冷静。,[REVIEWED:1][PROSE:sentence]
It is level-headed after being unable to help anybody.,牠没有因为无法帮助任何人而失去冷静。,[REVIEWED:1][PROSE:sentence]
It is level-headed after helping somebody.,牠没有因为帮助他人而失去冷静。,[REVIEWED:1][PROSE:sentence]
It is level-headed after a lack of abstract thinking.,牠没有因为缺少抽象思考而失去冷静。,[REVIEWED:1][PROSE:sentence]
It is level-headed after thinking abstractly.,牠没有因为进行抽象思考而失去冷静。,[REVIEWED:1][PROSE:sentence]
It is level-headed after being unable to make merry.,牠没有因为无法尽情娱乐而失去冷静。,[REVIEWED:1][PROSE:sentence]
It is level-headed after making merry.,牠没有因为尽情娱乐而失去冷静。,[REVIEWED:1][PROSE:sentence]
It is level-headed after being unable to admire art.,牠没有因为无法欣赏艺术而失去冷静。,[REVIEWED:1][PROSE:sentence]
It is level-headed after admiring art.,牠没有因为欣赏艺术而失去冷静。,[REVIEWED:1][PROSE:sentence]
It is level-headed after being unable to practice a craft.,牠没有因为无法练习工艺而失去冷静。,[REVIEWED:1][PROSE:sentence]
It is level-headed after practicing a craft.,牠没有因为练习工艺而失去冷静。,[REVIEWED:1][PROSE:sentence]
It is level-headed after being away from family.,牠没有因为远离家人而失去冷静。,[REVIEWED:1][PROSE:sentence]
It is level-headed after being with family.,牠没有因为与家人共度时光而失去冷静。,[REVIEWED:1][PROSE:sentence]
It is level-headed after being away from friends.,牠没有因为远离朋友而失去冷静。,[REVIEWED:1][PROSE:sentence]
It is level-headed after being with friends.,牠没有因为与朋友共度时光而失去冷静。,[REVIEWED:1][PROSE:sentence]
It is level-headed after a lack of introspection.,牠没有因为缺少自省而失去冷静。,[REVIEWED:1][PROSE:sentence]
It is level-headed after introspection.,牠没有因为自省而失去冷静。,[REVIEWED:1][PROSE:sentence]
It is level-headed after being unable to practice a martial art.,牠没有因为无法练习武术而失去冷静。,[REVIEWED:1][PROSE:sentence]
It is level-headed after practicing a martial art.,牠没有因为练习武术而失去冷静。,[REVIEWED:1][PROSE:sentence]
It is level-headed after being unable to practice a skill.,牠没有因为无法练习技能而失去冷静。,[REVIEWED:1][PROSE:sentence]
It is level-headed after practicing a skill.,牠没有因为练习技能而失去冷静。,[REVIEWED:1][PROSE:sentence]
It is level-headed after being unable to take it easy.,牠没有因为无法放松休息而失去冷静。,[REVIEWED:1][PROSE:sentence]
It is level-headed after taking it easy.,牠没有因为放松休息而失去冷静。,[REVIEWED:1][PROSE:sentence]
It is level-headed after being unable to pray to {DEITY_NAME}.,牠没有因为无法向{DEITY_NAME}祈祷而失去冷静。,[REVIEWED:1][PROSE:sentence]
It is level-headed after communing with {DEITY_NAME}.,牠没有因为与{DEITY_NAME}灵性交流而失去冷静。,[REVIEWED:1][PROSE:sentence]
It is untroubled after being away from people.,牠没有因为远离人群而感到困扰。,[REVIEWED:1][PROSE:sentence]
It is untroubled after spending time with people.,牠没有因为与人共度时光而感到困扰。,[REVIEWED:1][PROSE:sentence]
It is untroubled after being unoccupied.,牠没有因为无所事事而感到困扰。,[REVIEWED:1][PROSE:sentence]
It is untroubled after staying occupied.,牠没有因为保持忙碌而感到困扰。,[REVIEWED:1][PROSE:sentence]
It is untroubled after doing nothing creative.,牠没有因为没有进行创作而感到困扰。,[REVIEWED:1][PROSE:sentence]
It is untroubled after doing something creative.,牠没有因为进行创作而感到困扰。,[REVIEWED:1][PROSE:sentence]
It is untroubled after leading an unexciting life.,牠没有因为生活平淡无奇而感到困扰。,[REVIEWED:1][PROSE:sentence]
It is untroubled after doing something exciting.,牠没有因为做了令人兴奋的事情而感到困扰。,[REVIEWED:1][PROSE:sentence]
It is untroubled after being unable to acquire something.,牠没有因为无法获得某些东西而感到困扰。,[REVIEWED:1][PROSE:sentence]
It is untroubled after a satisfying acquisition.,牠没有因为获得满意的物品而感到困扰。,[REVIEWED:1][PROSE:sentence]
It is untroubled after being kept from alcohol.,牠没有因为没有酒喝而感到困扰。,[REVIEWED:1][PROSE:sentence]
It is untroubled after drinking.,牠没有因为喝酒而感到困扰。,[REVIEWED:1][PROSE:sentence]
It is untroubled after a lack of decent meals.,牠没有因为缺少像样的饭菜而感到困扰。,[REVIEWED:1][PROSE:sentence]
It is untroubled after a good meal.,牠没有因为享用美食而感到困扰。,[REVIEWED:1][PROSE:sentence]
It is untroubled after being unable to fight.,牠没有因为无法战斗而感到困扰。,[REVIEWED:1][PROSE:sentence]
It is untroubled after fighting.,牠没有因为战斗而感到困扰。,[REVIEWED:1][PROSE:sentence]
It is untroubled after a lack of trouble-making.,牠没有因为没能制造麻烦而感到困扰。,[REVIEWED:1][PROSE:sentence]
It is untroubled after causing trouble.,牠没有因为制造麻烦而感到困扰。,[REVIEWED:1][PROSE:sentence]
It is untroubled after being unable to argue.,牠没有因为无法与人争论而感到困扰。,[REVIEWED:1][PROSE:sentence]
It is untroubled after arguing.,牠没有因为与人争论而感到困扰。,[REVIEWED:1][PROSE:sentence]
It is untroubled after being unable to be extravagant.,牠没有因为无法奢侈挥霍而感到困扰。,[REVIEWED:1][PROSE:sentence]
It is untroubled after being extravagant.,牠没有因为奢侈挥霍而感到困扰。,[REVIEWED:1][PROSE:sentence]
It is untroubled after not learning anything.,牠没有因为没有学到任何东西而感到困扰。,[REVIEWED:1][PROSE:sentence]
It is untroubled after learning something.,牠没有因为学到新知而感到困扰。,[REVIEWED:1][PROSE:sentence]
It is untroubled after being unable to help anybody.,牠没有因为无法帮助任何人而感到困扰。,[REVIEWED:1][PROSE:sentence]
It is untroubled after helping somebody.,牠没有因为帮助他人而感到困扰。,[REVIEWED:1][PROSE:sentence]
It is untroubled after a lack of abstract thinking.,牠没有因为缺少抽象思考而感到困扰。,[REVIEWED:1][PROSE:sentence]
It is untroubled after thinking abstractly.,牠没有因为进行抽象思考而感到困扰。,[REVIEWED:1][PROSE:sentence]
It is untroubled after being unable to make merry.,牠没有因为无法尽情娱乐而感到困扰。,[REVIEWED:1][PROSE:sentence]
It is untroubled after making merry.,牠没有因为尽情娱乐而感到困扰。,[REVIEWED:1][PROSE:sentence]
It is untroubled after being unable to admire art.,牠没有因为无法欣赏艺术而感到困扰。,[REVIEWED:1][PROSE:sentence]
It is untroubled after admiring art.,牠没有因为欣赏艺术而感到困扰。,[REVIEWED:1][PROSE:sentence]
It is untroubled after being unable to practice a craft.,牠没有因为无法练习工艺而感到困扰。,[REVIEWED:1][PROSE:sentence]
It is untroubled after practicing a craft.,牠没有因为练习工艺而感到困扰。,[REVIEWED:1][PROSE:sentence]
It is untroubled after being away from family.,牠没有因为远离家人而感到困扰。,[REVIEWED:1][PROSE:sentence]
It is untroubled after being with family.,牠没有因为与家人共度时光而感到困扰。,[REVIEWED:1][PROSE:sentence]
It is untroubled after being away from friends.,牠没有因为远离朋友而感到困扰。,[REVIEWED:1][PROSE:sentence]
It is untroubled after being with friends.,牠没有因为与朋友共度时光而感到困扰。,[REVIEWED:1][PROSE:sentence]
It is untroubled after a lack of introspection.,牠没有因为缺少自省而感到困扰。,[REVIEWED:1][PROSE:sentence]
It is untroubled after introspection.,牠没有因为自省而感到困扰。,[REVIEWED:1][PROSE:sentence]
It is untroubled after being unable to practice a martial art.,牠没有因为无法练习武术而感到困扰。,[REVIEWED:1][PROSE:sentence]
It is untroubled after practicing a martial art.,牠没有因为练习武术而感到困扰。,[REVIEWED:1][PROSE:sentence]
It is untroubled after being unable to practice a skill.,牠没有因为无法练习技能而感到困扰。,[REVIEWED:1][PROSE:sentence]
It is untroubled after practicing a skill.,牠没有因为练习技能而感到困扰。,[REVIEWED:1][PROSE:sentence]
It is untroubled after being unable to take it easy.,牠没有因为无法放松休息而感到困扰。,[REVIEWED:1][PROSE:sentence]
It is untroubled after taking it easy.,牠没有因为放松休息而感到困扰。,[REVIEWED:1][PROSE:sentence]
It is untroubled after being unable to pray to {DEITY_NAME}.,牠没有因为无法向{DEITY_NAME}祈祷而感到困扰。,[REVIEWED:1][PROSE:sentence]
It is untroubled after communing with {DEITY_NAME}.,牠没有因为与{DEITY_NAME}灵性交流而感到困扰。,[REVIEWED:1][PROSE:sentence]
It is not distracted after being away from people.,牠没有因为远离人群而分心。,[REVIEWED:1][PROSE:sentence]
It is not distracted after spending time with people.,牠没有因为与人共度时光而分心。,[REVIEWED:1][PROSE:sentence]
It is not distracted after being unoccupied.,牠没有因为无所事事而分心。,[REVIEWED:1][PROSE:sentence]
It is not distracted after staying occupied.,牠没有因为保持忙碌而分心。,[REVIEWED:1][PROSE:sentence]
It is not distracted after doing nothing creative.,牠没有因为没有进行创作而分心。,[REVIEWED:1][PROSE:sentence]
It is not distracted after doing something creative.,牠没有因为进行创作而分心。,[REVIEWED:1][PROSE:sentence]
It is not distracted after leading an unexciting life.,牠没有因为生活平淡无奇而分心。,[REVIEWED:1][PROSE:sentence]
It is not distracted after doing something exciting.,牠没有因为做了令人兴奋的事情而分心。,[REVIEWED:1][PROSE:sentence]
It is not distracted after being unable to acquire something.,牠没有因为无法获得某些东西而分心。,[REVIEWED:1][PROSE:sentence]
It is not distracted after a satisfying acquisition.,牠没有因为获得满意的物品而分心。,[REVIEWED:1][PROSE:sentence]
It is not distracted after being kept from alcohol.,牠没有因为没有酒喝而分心。,[REVIEWED:1][PROSE:sentence]
It is not distracted after drinking.,牠没有因为喝酒而分心。,[REVIEWED:1][PROSE:sentence]
It is not distracted after a lack of decent meals.,牠没有因为缺少像样的饭菜而分心。,[REVIEWED:1][PROSE:sentence]
It is not distracted after a good meal.,牠没有因为享用美食而分心。,[REVIEWED:1][PROSE:sentence]
It is not distracted after being unable to fight.,牠没有因为无法战斗而分心。,[REVIEWED:1][PROSE:sentence]
It is not distracted after fighting.,牠没有因为战斗而分心。,[REVIEWED:1][PROSE:sentence]
It is not distracted after a lack of trouble-making.,牠没有因为没能制造麻烦而分心。,[REVIEWED:1][PROSE:sentence]
It is not distracted after causing trouble.,牠没有因为制造麻烦而分心。,[REVIEWED:1][PROSE:sentence]
It is not distracted after being unable to argue.,牠没有因为无法与人争论而分心。,[REVIEWED:1][PROSE:sentence]
It is not distracted after arguing.,牠没有因为与人争论而分心。,[REVIEWED:1][PROSE:sentence]
It is not distracted after being unable to be extravagant.,牠没有因为无法奢侈挥霍而分心。,[REVIEWED:1][PROSE:sentence]
It is not distracted after being extravagant.,牠没有因为奢侈挥霍而分心。,[REVIEWED:1][PROSE:sentence]
It is not distracted after not learning anything.,牠没有因为没有学到任何东西而分心。,[REVIEWED:1][PROSE:sentence]
It is not distracted after learning something.,牠没有因为学到新知而分心。,[REVIEWED:1][PROSE:sentence]
It is not distracted after being unable to help anybody.,牠没有因为无法帮助任何人而分心。,[REVIEWED:1][PROSE:sentence]
It is not distracted after helping somebody.,牠没有因为帮助他人而分心。,[REVIEWED:1][PROSE:sentence]
It is not distracted after a lack of abstract thinking.,牠没有因为缺少抽象思考而分心。,[REVIEWED:1][PROSE:sentence]
It is not distracted after thinking abstractly.,牠没有因为进行抽象思考而分心。,[REVIEWED:1][PROSE:sentence]
It is not distracted after being unable to make merry.,牠没有因为无法尽情娱乐而分心。,[REVIEWED:1][PROSE:sentence]
It is not distracted after making merry.,牠没有因为尽情娱乐而分心。,[REVIEWED:1][PROSE:sentence]
It is not distracted after being unable to admire art.,牠没有因为无法欣赏艺术而分心。,[REVIEWED:1][PROSE:sentence]
It is not distracted after admiring art.,牠没有因为欣赏艺术而分心。,[REVIEWED:1][PROSE:sentence]
It is not distracted after being unable to practice a craft.,牠没有因为无法练习工艺而分心。,[REVIEWED:1][PROSE:sentence]
It is not distracted after practicing a craft.,牠没有因为练习工艺而分心。,[REVIEWED:1][PROSE:sentence]
It is not distracted after being away from family.,牠没有因为远离家人而分心。,[REVIEWED:1][PROSE:sentence]
It is not distracted after being with family.,牠没有因为与家人共度时光而分心。,[REVIEWED:1][PROSE:sentence]
It is not distracted after being away from friends.,牠没有因为远离朋友而分心。,[REVIEWED:1][PROSE:sentence]
It is not distracted after being with friends.,牠没有因为与朋友共度时光而分心。,[REVIEWED:1][PROSE:sentence]
It is not distracted after a lack of introspection.,牠没有因为缺少自省而分心。,[REVIEWED:1][PROSE:sentence]
It is not distracted after introspection.,牠没有因为自省而分心。,[REVIEWED:1][PROSE:sentence]
It is not distracted after being unable to practice a martial art.,牠没有因为无法练习武术而分心。,[REVIEWED:1][PROSE:sentence]
It is not distracted after practicing a martial art.,牠没有因为练习武术而分心。,[REVIEWED:1][PROSE:sentence]
It is not distracted after being unable to practice a skill.,牠没有因为无法练习技能而分心。,[REVIEWED:1][PROSE:sentence]
It is not distracted after practicing a skill.,牠没有因为练习技能而分心。,[REVIEWED:1][PROSE:sentence]
It is not distracted after being unable to take it easy.,牠没有因为无法放松休息而分心。,[REVIEWED:1][PROSE:sentence]
It is not distracted after taking it easy.,牠没有因为放松休息而分心。,[REVIEWED:1][PROSE:sentence]
It is not distracted after being unable to pray to {DEITY_NAME}.,牠没有因为无法向{DEITY_NAME}祈祷而分心。,[REVIEWED:1][PROSE:sentence]
It is not distracted after communing with {DEITY_NAME}.,牠没有因为与{DEITY_NAME}灵性交流而分心。,[REVIEWED:1][PROSE:sentence]
It is unfocused after being away from people.,牠因为远离人群而有些心不在焉。,[REVIEWED:1][PROSE:sentence]
It is unfocused after spending time with people.,牠因为与人共度时光而有些心不在焉。,[REVIEWED:1][PROSE:sentence]
It is unfocused after being unoccupied.,牠因为无所事事而有些心不在焉。,[REVIEWED:1][PROSE:sentence]
It is unfocused after staying occupied.,牠因为保持忙碌而有些心不在焉。,[REVIEWED:1][PROSE:sentence]
It is unfocused after doing nothing creative.,牠因为没有进行创作而有些心不在焉。,[REVIEWED:1][PROSE:sentence]
It is unfocused after doing something creative.,牠因为进行创作而有些心不在焉。,[REVIEWED:1][PROSE:sentence]
It is unfocused after leading an unexciting life.,牠因为生活平淡无奇而有些心不在焉。,[REVIEWED:1][PROSE:sentence]
It is unfocused after doing something exciting.,牠因为做了令人兴奋的事情而有些心不在焉。,[REVIEWED:1][PROSE:sentence]
It is unfocused after being unable to acquire something.,牠因为无法获得某些东西而有些心不在焉。,[REVIEWED:1][PROSE:sentence]
It is unfocused after a satisfying acquisition.,牠因为获得满意的物品而有些心不在焉。,[REVIEWED:1][PROSE:sentence]
It is unfocused after being kept from alcohol.,牠因为没有酒喝而有些心不在焉。,[REVIEWED:1][PROSE:sentence]
It is unfocused after drinking.,牠因为喝酒而有些心不在焉。,[REVIEWED:1][PROSE:sentence]
It is unfocused after a lack of decent meals.,牠因为缺少像样的饭菜而有些心不在焉。,[REVIEWED:1][PROSE:sentence]
It is unfocused after a good meal.,牠因为享用美食而有些心不在焉。,[REVIEWED:1][PROSE:sentence]
It is unfocused after being unable to fight.,牠因为无法战斗而有些心不在焉。,[REVIEWED:1][PROSE:sentence]
It is unfocused after fighting.,牠因为战斗而有些心不在焉。,[REVIEWED:1][PROSE:sentence]
It is unfocused after a lack of trouble-making.,牠因为没能制造麻烦而有些心不在焉。,[REVIEWED:1][PROSE:sentence]
It is unfocused after causing trouble.,牠因为制造麻烦而有些心不在焉。,[REVIEWED:1][PROSE:sentence]
It is unfocused after being unable to argue.,牠因为无法与人争论而有些心不在焉。,[REVIEWED:1][PROSE:sentence]
It is unfocused after arguing.,牠因为与人争论而有些心不在焉。,[REVIEWED:1][PROSE:sentence]
It is unfocused after being unable to be extravagant.,牠因为无法奢侈挥霍而有些心不在焉。,[REVIEWED:1][PROSE:sentence]
It is unfocused after being extravagant.,牠因为奢侈挥霍而有些心不在焉。,[REVIEWED:1][PROSE:sentence]
It is unfocused after not learning anything.,牠因为没有学到任何东西而有些心不在焉。,[REVIEWED:1][PROSE:sentence]
It is unfocused after learning something.,牠因为学到新知而有些心不在焉。,[REVIEWED:1][PROSE:sentence]
It is unfocused after being unable to help anybody.,牠因为无法帮助任何人而有些心不在焉。,[REVIEWED:1][PROSE:sentence]
It is unfocused after helping somebody.,牠因为帮助他人而有些心不在焉。,[REVIEWED:1][PROSE:sentence]
It is unfocused after a lack of abstract thinking.,牠因为缺少抽象思考而有些心不在焉。,[REVIEWED:1][PROSE:sentence]
It is unfocused after thinking abstractly.,牠因为进行抽象思考而有些心不在焉。,[REVIEWED:1][PROSE:sentence]
It is unfocused after being unable to make merry.,牠因为无法尽情娱乐而有些心不在焉。,[REVIEWED:1][PROSE:sentence]
It is unfocused after making merry.,牠因为尽情娱乐而有些心不在焉。,[REVIEWED:1][PROSE:sentence]
It is unfocused after being unable to admire art.,牠因为无法欣赏艺术而有些心不在焉。,[REVIEWED:1][PROSE:sentence]
It is unfocused after admiring art.,牠因为欣赏艺术而有些心不在焉。,[REVIEWED:1][PROSE:sentence]
It is unfocused after being unable to practice a craft.,牠因为无法练习工艺而有些心不在焉。,[REVIEWED:1][PROSE:sentence]
It is unfocused after practicing a craft.,牠因为练习工艺而有些心不在焉。,[REVIEWED:1][PROSE:sentence]
It is unfocused after being away from family.,牠因为远离家人而有些心不在焉。,[REVIEWED:1][PROSE:sentence]
It is unfocused after being with family.,牠因为与家人共度时光而有些心不在焉。,[REVIEWED:1][PROSE:sentence]
It is unfocused after being away from friends.,牠因为远离朋友而有些心不在焉。,[REVIEWED:1][PROSE:sentence]
It is unfocused after being with friends.,牠因为与朋友共度时光而有些心不在焉。,[REVIEWED:1][PROSE:sentence]
It is unfocused after a lack of introspection.,牠因为缺少自省而有些心不在焉。,[REVIEWED:1][PROSE:sentence]
It is unfocused after introspection.,牠因为自省而有些心不在焉。,[REVIEWED:1][PROSE:sentence]
It is unfocused after being unable to practice a martial art.,牠因为无法练习武术而有些心不在焉。,[REVIEWED:1][PROSE:sentence]
It is unfocused after practicing a martial art.,牠因为练习武术而有些心不在焉。,[REVIEWED:1][PROSE:sentence]
It is unfocused after being unable to practice a skill.,牠因为无法练习技能而有些心不在焉。,[REVIEWED:1][PROSE:sentence]
It is unfocused after practicing a skill.,牠因为练习技能而有些心不在焉。,[REVIEWED:1][PROSE:sentence]
It is unfocused after being unable to take it easy.,牠因为无法放松休息而有些心不在焉。,[REVIEWED:1][PROSE:sentence]
It is unfocused after taking it easy.,牠因为放松休息而有些心不在焉。,[REVIEWED:1][PROSE:sentence]
It is unfocused after being unable to pray to {DEITY_NAME}.,牠因为无法向{DEITY_NAME}祈祷而有些心不在焉。,[REVIEWED:1][PROSE:sentence]
It is unfocused after communing with {DEITY_NAME}.,牠因为与{DEITY_NAME}灵性交流而有些心不在焉。,[REVIEWED:1][PROSE:sentence]
It is distracted after being away from people.,牠因为远离人群而难以专注。,[REVIEWED:1][PROSE:sentence]
It is distracted after spending time with people.,牠因为与人共度时光而难以专注。,[REVIEWED:1][PROSE:sentence]
It is distracted after being unoccupied.,牠因为无所事事而难以专注。,[REVIEWED:1][PROSE:sentence]
It is distracted after staying occupied.,牠因为保持忙碌而难以专注。,[REVIEWED:1][PROSE:sentence]
It is distracted after doing nothing creative.,牠因为没有进行创作而难以专注。,[REVIEWED:1][PROSE:sentence]
It is distracted after doing something creative.,牠因为进行创作而难以专注。,[REVIEWED:1][PROSE:sentence]
It is distracted after leading an unexciting life.,牠因为生活平淡无奇而难以专注。,[REVIEWED:1][PROSE:sentence]
It is distracted after doing something exciting.,牠因为做了令人兴奋的事情而难以专注。,[REVIEWED:1][PROSE:sentence]
It is distracted after being unable to acquire something.,牠因为无法获得某些东西而难以专注。,[REVIEWED:1][PROSE:sentence]
It is distracted after a satisfying acquisition.,牠因为获得满意的物品而难以专注。,[REVIEWED:1][PROSE:sentence]
It is distracted after being kept from alcohol.,牠因为没有酒喝而难以专注。,[REVIEWED:1][PROSE:sentence]
It is distracted after drinking.,牠因为喝酒而难以专注。,[REVIEWED:1][PROSE:sentence]
It is distracted after a lack of decent meals.,牠因为缺少像样的饭菜而难以专注。,[REVIEWED:1][PROSE:sentence]
It is distracted after a good meal.,牠因为享用美食而难以专注。,[REVIEWED:1][PROSE:sentence]
It is distracted after being unable to fight.,牠因为无法战斗而难以专注。,[REVIEWED:1][PROSE:sentence]
It is distracted after fighting.,牠因为战斗而难以专注。,[REVIEWED:1][PROSE:sentence]
It is distracted after a lack of trouble-making.,牠因为没能制造麻烦而难以专注。,[REVIEWED:1][PROSE:sentence]
It is distracted after causing trouble.,牠因为制造麻烦而难以专注。,[REVIEWED:1][PROSE:sentence]
It is distracted after being unable to argue.,牠因为无法与人争论而难以专注。,[REVIEWED:1][PROSE:sentence]
It is distracted after arguing.,牠因为与人争论而难以专注。,[REVIEWED:1][PROSE:sentence]
It is distracted after being unable to be extravagant.,牠因为无法奢侈挥霍而难以专注。,[REVIEWED:1][PROSE:sentence]
It is distracted after being extravagant.,牠因为奢侈挥霍而难以专注。,[REVIEWED:1][PROSE:sentence]
It is distracted after not learning anything.,牠因为没有学到任何东西而难以专注。,[REVIEWED:1][PROSE:sentence]
It is distracted after learning something.,牠因为学到新知而难以专注。,[REVIEWED:1][PROSE:sentence]
It is distracted after being unable to help anybody.,牠因为无法帮助任何人而难以专注。,[REVIEWED:1][PROSE:sentence]
It is distracted after helping somebody.,牠因为帮助他人而难以专注。,[REVIEWED:1][PROSE:sentence]
It is distracted after a lack of abstract thinking.,牠因为缺少抽象思考而难以专注。,[REVIEWED:1][PROSE:sentence]
It is distracted after thinking abstractly.,牠因为进行抽象思考而难以专注。,[REVIEWED:1][PROSE:sentence]
It is distracted after being unable to make merry.,牠因为无法尽情娱乐而难以专注。,[REVIEWED:1][PROSE:sentence]
It is distracted after making merry.,牠因为尽情娱乐而难以专注。,[REVIEWED:1][PROSE:sentence]
It is distracted after being unable to admire art.,牠因为无法欣赏艺术而难以专注。,[REVIEWED:1][PROSE:sentence]
It is distracted after admiring art.,牠因为欣赏艺术而难以专注。,[REVIEWED:1][PROSE:sentence]
It is distracted after being unable to practice a craft.,牠因为无法练习工艺而难以专注。,[REVIEWED:1][PROSE:sentence]
It is distracted after practicing a craft.,牠因为练习工艺而难以专注。,[REVIEWED:1][PROSE:sentence]
It is distracted after being away from family.,牠因为远离家人而难以专注。,[REVIEWED:1][PROSE:sentence]
It is distracted after being with family.,牠因为与家人共度时光而难以专注。,[REVIEWED:1][PROSE:sentence]
It is distracted after being away from friends.,牠因为远离朋友而难以专注。,[REVIEWED:1][PROSE:sentence]
It is distracted after being with friends.,牠因为与朋友共度时光而难以专注。,[REVIEWED:1][PROSE:sentence]
It is distracted after a lack of introspection.,牠因为缺少自省而难以专注。,[REVIEWED:1][PROSE:sentence]
It is distracted after introspection.,牠因为自省而难以专注。,[REVIEWED:1][PROSE:sentence]
It is distracted after being unable to practice a martial art.,牠因为无法练习武术而难以专注。,[REVIEWED:1][PROSE:sentence]
It is distracted after practicing a martial art.,牠因为练习武术而难以专注。,[REVIEWED:1][PROSE:sentence]
It is distracted after being unable to practice a skill.,牠因为无法练习技能而难以专注。,[REVIEWED:1][PROSE:sentence]
It is distracted after practicing a skill.,牠因为练习技能而难以专注。,[REVIEWED:1][PROSE:sentence]
It is distracted after being unable to take it easy.,牠因为无法放松休息而难以专注。,[REVIEWED:1][PROSE:sentence]
It is distracted after taking it easy.,牠因为放松休息而难以专注。,[REVIEWED:1][PROSE:sentence]
It is distracted after being unable to pray to {DEITY_NAME}.,牠因为无法向{DEITY_NAME}祈祷而难以专注。,[REVIEWED:1][PROSE:sentence]
It is distracted after communing with {DEITY_NAME}.,牠因为与{DEITY_NAME}灵性交流而难以专注。,[REVIEWED:1][PROSE:sentence]
It is badly distracted after being away from people.,牠因为远离人群而严重分心。,[REVIEWED:1][PROSE:sentence]
It is badly distracted after spending time with people.,牠因为与人共度时光而严重分心。,[REVIEWED:1][PROSE:sentence]
It is badly distracted after being unoccupied.,牠因为无所事事而严重分心。,[REVIEWED:1][PROSE:sentence]
It is badly distracted after staying occupied.,牠因为保持忙碌而严重分心。,[REVIEWED:1][PROSE:sentence]
It is badly distracted after doing nothing creative.,牠因为没有进行创作而严重分心。,[REVIEWED:1][PROSE:sentence]
It is badly distracted after doing something creative.,牠因为进行创作而严重分心。,[REVIEWED:1][PROSE:sentence]
It is badly distracted after leading an unexciting life.,牠因为生活平淡无奇而严重分心。,[REVIEWED:1][PROSE:sentence]
It is badly distracted after doing something exciting.,牠因为做了令人兴奋的事情而严重分心。,[REVIEWED:1][PROSE:sentence]
It is badly distracted after being unable to acquire something.,牠因为无法获得某些东西而严重分心。,[REVIEWED:1][PROSE:sentence]
It is badly distracted after a satisfying acquisition.,牠因为获得满意的物品而严重分心。,[REVIEWED:1][PROSE:sentence]
It is badly distracted after being kept from alcohol.,牠因为没有酒喝而严重分心。,[REVIEWED:1][PROSE:sentence]
It is badly distracted after drinking.,牠因为喝酒而严重分心。,[REVIEWED:1][PROSE:sentence]
It is badly distracted after a lack of decent meals.,牠因为缺少像样的饭菜而严重分心。,[REVIEWED:1][PROSE:sentence]
It is badly distracted after a good meal.,牠因为享用美食而严重分心。,[REVIEWED:1][PROSE:sentence]
It is badly distracted after being unable to fight.,牠因为无法战斗而严重分心。,[REVIEWED:1][PROSE:sentence]
It is badly distracted after fighting.,牠因为战斗而严重分心。,[REVIEWED:1][PROSE:sentence]
It is badly distracted after a lack of trouble-making.,牠因为没能制造麻烦而严重分心。,[REVIEWED:1][PROSE:sentence]
It is badly distracted after causing trouble.,牠因为制造麻烦而严重分心。,[REVIEWED:1][PROSE:sentence]
It is badly distracted after being unable to argue.,牠因为无法与人争论而严重分心。,[REVIEWED:1][PROSE:sentence]
It is badly distracted after arguing.,牠因为与人争论而严重分心。,[REVIEWED:1][PROSE:sentence]
It is badly distracted after being unable to be extravagant.,牠因为无法奢侈挥霍而严重分心。,[REVIEWED:1][PROSE:sentence]
It is badly distracted after being extravagant.,牠因为奢侈挥霍而严重分心。,[REVIEWED:1][PROSE:sentence]
It is badly distracted after not learning anything.,牠因为没有学到任何东西而严重分心。,[REVIEWED:1][PROSE:sentence]
It is badly distracted after learning something.,牠因为学到新知而严重分心。,[REVIEWED:1][PROSE:sentence]
It is badly distracted after being unable to help anybody.,牠因为无法帮助任何人而严重分心。,[REVIEWED:1][PROSE:sentence]
It is badly distracted after helping somebody.,牠因为帮助他人而严重分心。,[REVIEWED:1][PROSE:sentence]
It is badly distracted after a lack of abstract thinking.,牠因为缺少抽象思考而严重分心。,[REVIEWED:1][PROSE:sentence]
It is badly distracted after thinking abstractly.,牠因为进行抽象思考而严重分心。,[REVIEWED:1][PROSE:sentence]
It is badly distracted after being unable to make merry.,牠因为无法尽情娱乐而严重分心。,[REVIEWED:1][PROSE:sentence]
It is badly distracted after making merry.,牠因为尽情娱乐而严重分心。,[REVIEWED:1][PROSE:sentence]
It is badly distracted after being unable to admire art.,牠因为无法欣赏艺术而严重分心。,[REVIEWED:1][PROSE:sentence]
It is badly distracted after admiring art.,牠因为欣赏艺术而严重分心。,[REVIEWED:1][PROSE:sentence]
It is badly distracted after being unable to practice a craft.,牠因为无法练习工艺而严重分心。,[REVIEWED:1][PROSE:sentence]
It is badly distracted after practicing a craft.,牠因为练习工艺而严重分心。,[REVIEWED:1][PROSE:sentence]
It is badly distracted after being away from family.,牠因为远离家人而严重分心。,[REVIEWED:1][PROSE:sentence]
It is badly distracted after being with family.,牠因为与家人共度时光而严重分心。,[REVIEWED:1][PROSE:sentence]
It is badly distracted after being away from friends.,牠因为远离朋友而严重分心。,[REVIEWED:1][PROSE:sentence]
It is badly distracted after being with friends.,牠因为与朋友共度时光而严重分心。,[REVIEWED:1][PROSE:sentence]
It is badly distracted after a lack of introspection.,牠因为缺少自省而严重分心。,[REVIEWED:1][PROSE:sentence]
It is badly distracted after introspection.,牠因为自省而严重分心。,[REVIEWED:1][PROSE:sentence]
It is badly distracted after being unable to practice a martial art.,牠因为无法练习武术而严重分心。,[REVIEWED:1][PROSE:sentence]
It is badly distracted after practicing a martial art.,牠因为练习武术而严重分心。,[REVIEWED:1][PROSE:sentence]
It is badly distracted after being unable to practice a skill.,牠因为无法练习技能而严重分心。,[REVIEWED:1][PROSE:sentence]
It is badly distracted after practicing a skill.,牠因为练习技能而严重分心。,[REVIEWED:1][PROSE:sentence]
It is badly distracted after being unable to take it easy.,牠因为无法放松休息而严重分心。,[REVIEWED:1][PROSE:sentence]
It is badly distracted after taking it easy.,牠因为放松休息而严重分心。,[REVIEWED:1][PROSE:sentence]
It is badly distracted after being unable to pray to {DEITY_NAME}.,牠因为无法向{DEITY_NAME}祈祷而严重分心。,[REVIEWED:1][PROSE:sentence]
It is badly distracted after communing with {DEITY_NAME}.,牠因为与{DEITY_NAME}灵性交流而严重分心。,[REVIEWED:1][PROSE:sentence]
"Overall, it is very focused with satisfied needs.",总体而言，牠需求已满足，精神非常集中。,[REVIEWED:1][PROSE:sentence]
"Overall, it is quite focused with satisfied needs.",总体而言，牠需求已满足，精神相当集中。,[REVIEWED:1][PROSE:sentence]
"Overall, it is somewhat focused with satisfied needs.",总体而言，牠需求已满足，精神有些集中。,[REVIEWED:1][PROSE:sentence]
"Overall, it is badly distracted by unmet needs.",总体而言，牠因需求未满足而严重分心。,[REVIEWED:1][PROSE:sentence]
"Overall, it is distracted by unmet needs.",总体而言，牠因需求未满足而难以专注。,[REVIEWED:1][PROSE:sentence]
"Overall, it is unfocused by unmet needs.",总体而言，牠因需求未满足而有些心不在焉。,[REVIEWED:1][PROSE:sentence]
"Overall, it is untroubled by unmet needs.",总体而言，牠没有受到未满足需求的困扰。,[REVIEWED:1][PROSE:sentence]
DFL_EMOTION:adoration,崇拜,[REVIEWED:1][PROSE:emotion]
DFL_EMOTION:admiration,钦佩,[REVIEWED:1][PROSE:emotion]
DFL_EMOTION:affection,喜爱,[REVIEWED:1][PROSE:emotion]
DFL_EMOTION:aroused,兴奋,[REVIEWED:1][PROSE:emotion]
DFL_EMOTION:caring,关切,[REVIEWED:1][PROSE:emotion]
DFL_EMOTION:empathy,共鸣,[REVIEWED:1][PROSE:emotion]
DFL_EMOTION:enraptured,陶醉,[REVIEWED:1][PROSE:emotion]
DFL_EMOTION:fondness,亲近,[REVIEWED:1][PROSE:emotion]
DFL_EMOTION:gratitude,感激,[REVIEWED:1][PROSE:emotion]
DFL_EMOTION:lustful,欲火中烧,[REVIEWED:1][PROSE:emotion]
DFL_EMOTION:love,爱意,[REVIEWED:1][PROSE:emotion]
DFL_EMOTION:passionate,热情,[REVIEWED:1][PROSE:emotion]
DFL_EMOTION:pleasure,愉悦,[REVIEWED:1][PROSE:emotion]
DFL_EMOTION:proud,自豪,[REVIEWED:1][PROSE:emotion]
DFL_EMOTION:repentant,懊悔,[REVIEWED:1][PROSE:emotion]
DFL_EMOTION:sympathy,同情,[REVIEWED:1][PROSE:emotion]
DFL_EMOTION:tenderness,温柔,[REVIEWED:1][PROSE:emotion]
DFL_EMOTION:amused,好笑,[REVIEWED:1][PROSE:emotion]
DFL_EMOTION:blissful,无比幸福,[REVIEWED:1][PROSE:emotion]
DFL_EMOTION:content,满足,[REVIEWED:1][PROSE:emotion]
DFL_EMOTION:delighted,欣喜,[REVIEWED:1][PROSE:emotion]
DFL_EMOTION:elated,兴高采烈,[REVIEWED:1][PROSE:emotion]
DFL_EMOTION:enjoyment,愉快,[REVIEWED:1][PROSE:emotion]
DFL_EMOTION:euphoric,狂喜,[REVIEWED:1][PROSE:emotion]
DFL_EMOTION:expectant,期待,[REVIEWED:1][PROSE:emotion]
DFL_EMOTION:free,自由,[REVIEWED:1][PROSE:emotion]
DFL_EMOTION:gaiety,欢快,[REVIEWED:1][PROSE:emotion]
DFL_EMOTION:happy,开心,[REVIEWED:1][PROSE:emotion]
DFL_EMOTION:hope,希望,[REVIEWED:1][PROSE:emotion]
DFL_EMOTION:jovial,快活,[REVIEWED:1][PROSE:emotion]
DFL_EMOTION:joy,喜悦,[REVIEWED:1][PROSE:emotion]
DFL_EMOTION:relieved,如释重负,[REVIEWED:1][PROSE:emotion]
DFL_EMOTION:satisfied,满意,[REVIEWED:1][PROSE:emotion]
DFL_EMOTION:triumph,得意,[REVIEWED:1][PROSE:emotion]
DFL_EMOTION:optimistic,乐观,[REVIEWED:1][PROSE:emotion]
DFL_EMOTION:astonished,惊讶,[REVIEWED:1][PROSE:emotion]
DFL_EMOTION:awe,敬畏,[REVIEWED:1][PROSE:emotion]
DFL_EMOTION:excited,兴奋,[REVIEWED:1][PROSE:emotion]
DFL_EMOTION:eager,渴望,[REVIEWED:1][PROSE:emotion]
DFL_EMOTION:exhilarated,振奋,[REVIEWED:1][PROSE:emotion]
DFL_EMOTION:interested,兴致盎然,[REVIEWED:1][PROSE:emotion]
DFL_EMOTION:wonder,惊叹,[REVIEWED:1][PROSE:emotion]
DFL_EMOTION:accepting,释然,[REVIEWED:1][PROSE:emotion]
DFL_EMOTION:ambivalent,矛盾,[REVIEWED:1][PROSE:emotion]
DFL_EMOTION:grim satisfaction,冷酷的满足,[REVIEWED:1][PROSE:emotion]
DFL_EMOTION:suspicious,怀疑,[REVIEWED:1][PROSE:emotion]
DFL_EMOTION:aggravated,恼火,[REVIEWED:1][PROSE:emotion]
DFL_EMOTION:agitated,焦躁,[REVIEWED:1][PROSE:emotion]
DFL_EMOTION:annoyed,烦恼,[REVIEWED:1][PROSE:emotion]
DFL_EMOTION:anxious,焦虑,[REVIEWED:1][PROSE:emotion]
DFL_EMOTION:bitter,苦涩,[REVIEWED:1][PROSE:emotion]
DFL_EMOTION:bored,无聊,[REVIEWED:1][PROSE:emotion]
DFL_EMOTION:confused,困惑,[REVIEWED:1][PROSE:emotion]
DFL_EMOTION:contemptuous,轻蔑,[REVIEWED:1][PROSE:emotion]
DFL_EMOTION:dejected,沮丧,[REVIEWED:1][PROSE:emotion]
DFL_EMOTION:disappointed,失望,[REVIEWED:1][PROSE:emotion]
DFL_EMOTION:disillusioned,幻灭,[REVIEWED:1][PROSE:emotion]
DFL_EMOTION:dislike,厌恶,[REVIEWED:1][PROSE:emotion]
DFL_EMOTION:embarrassed,尴尬,[REVIEWED:1][PROSE:emotion]
DFL_EMOTION:exasperated,恼怒,[REVIEWED:1][PROSE:emotion]
DFL_EMOTION:frustrated,挫败,[REVIEWED:1][PROSE:emotion]
DFL_EMOTION:gloomy,阴郁,[REVIEWED:1][PROSE:emotion]
DFL_EMOTION:glum,郁闷,[REVIEWED:1][PROSE:emotion]
DFL_EMOTION:grouchy,烦躁,[REVIEWED:1][PROSE:emotion]
DFL_EMOTION:guilty,内疚,[REVIEWED:1][PROSE:emotion]
DFL_EMOTION:indignant,愤慨,[REVIEWED:1][PROSE:emotion]
DFL_EMOTION:insulted,受辱,[REVIEWED:1][PROSE:emotion]
DFL_EMOTION:irritated,恼火,[REVIEWED:1][PROSE:emotion]
DFL_EMOTION:isolated,孤立无援,[REVIEWED:1][PROSE:emotion]
DFL_EMOTION:lonely,孤独,[REVIEWED:1][PROSE:emotion]
DFL_EMOTION:regretful,后悔,[REVIEWED:1][PROSE:emotion]
DFL_EMOTION:resentful,怨恨,[REVIEWED:1][PROSE:emotion]
DFL_EMOTION:restless,坐立不安,[REVIEWED:1][PROSE:emotion]
DFL_EMOTION:self-pity,自怜,[REVIEWED:1][PROSE:emotion]
DFL_EMOTION:shaken,心神不宁,[REVIEWED:1][PROSE:emotion]
DFL_EMOTION:shame,羞愧,[REVIEWED:1][PROSE:emotion]
DFL_EMOTION:uneasy,不安,[REVIEWED:1][PROSE:emotion]
DFL_EMOTION:unhappy,不快,[REVIEWED:1][PROSE:emotion]
DFL_EMOTION:afraid,害怕,[REVIEWED:1][PROSE:emotion]
DFL_EMOTION:anger,愤怒,[REVIEWED:1][PROSE:emotion]
DFL_EMOTION:angry,愤怒,[REVIEWED:1][PROSE:emotion]
DFL_EMOTION:anguish,痛苦,[REVIEWED:1][PROSE:emotion]
DFL_EMOTION:despair,绝望,[REVIEWED:1][PROSE:emotion]
DFL_EMOTION:disgust,恶心,[REVIEWED:1][PROSE:emotion]
DFL_EMOTION:distress,苦恼,[REVIEWED:1][PROSE:emotion]
DFL_EMOTION:dread,恐惧,[REVIEWED:1][PROSE:emotion]
DFL_EMOTION:fear,害怕,[REVIEWED:1][PROSE:emotion]
DFL_EMOTION:fright,惊恐,[REVIEWED:1][PROSE:emotion]
DFL_EMOTION:grief,悲痛,[REVIEWED:1][PROSE:emotion]
DFL_EMOTION:horrified,惊骇,[REVIEWED:1][PROSE:emotion]
DFL_EMOTION:horror,恐怖,[REVIEWED:1][PROSE:emotion]
DFL_EMOTION:humiliated,屈辱,[REVIEWED:1][PROSE:emotion]
DFL_EMOTION:loathing,憎恶,[REVIEWED:1][PROSE:emotion]
DFL_EMOTION:misery,悲苦,[REVIEWED:1][PROSE:emotion]
DFL_EMOTION:mortified,羞愤,[REVIEWED:1][PROSE:emotion]
DFL_EMOTION:nervous,紧张,[REVIEWED:1][PROSE:emotion]
DFL_EMOTION:outraged,震怒,[REVIEWED:1][PROSE:emotion]
DFL_EMOTION:panic,恐慌,[REVIEWED:1][PROSE:emotion]
DFL_EMOTION:rage,暴怒,[REVIEWED:1][PROSE:emotion]
DFL_EMOTION:sad,伤心,[REVIEWED:1][PROSE:emotion]
DFL_EMOTION:sadness,悲伤,[REVIEWED:1][PROSE:emotion]
DFL_EMOTION:shock,震惊,[REVIEWED:1][PROSE:emotion]
DFL_EMOTION:shocked,震惊,[REVIEWED:1][PROSE:emotion]
DFL_EMOTION:terrified,恐惧万分,[REVIEWED:1][PROSE:emotion]
DFL_EMOTION:vengeful,复仇的渴望,[REVIEWED:1][PROSE:emotion]
DFL_EMOTION:worried,担忧,[REVIEWED:1][PROSE:emotion]
DFL_REASON:talking with the spouse,与配偶交谈,[REVIEWED:1][PROSE:reason]
DFL_REASON:talking with mother,与母亲交谈,[REVIEWED:1][PROSE:reason]
DFL_REASON:talking with father,与父亲交谈,[REVIEWED:1][PROSE:reason]
DFL_REASON:talking with a lover,与爱人交谈,[REVIEWED:1][PROSE:reason]
DFL_REASON:talking with a friend,与朋友交谈,[REVIEWED:1][PROSE:reason]
DFL_REASON:talking with a sibling,与兄弟姐妹交谈,[REVIEWED:1][PROSE:reason]
DFL_REASON:talking with a child,与孩子交谈,[REVIEWED:1][PROSE:reason]
DFL_REASON:talking with somebody,与他人交谈,[REVIEWED:1][PROSE:reason]
DFL_REASON:talking with an acquaintance,与熟人交谈,[REVIEWED:1][PROSE:reason]
DFL_REASON:after a bath,洗澡,[REVIEWED:1][PROSE:reason]
DFL_REASON:after a soapy bath,用肥皂洗澡,[REVIEWED:1][PROSE:reason]
DFL_REASON:being near to a waterfall,靠近瀑布,[REVIEWED:1][PROSE:reason]
DFL_REASON:after retching on a miasma,被瘴气熏得干呕,[REVIEWED:1][PROSE:reason]
DFL_REASON:after choking on smoke underground,在地下被烟呛到,[REVIEWED:1][PROSE:reason]
DFL_REASON:after choking on dust underground,在地下被灰尘呛到,[REVIEWED:1][PROSE:reason]
DFL_REASON:at the lack of chairs,没有椅子可坐,[REVIEWED:1][PROSE:reason]
DFL_REASON:eating at a crowded table,在拥挤的餐桌旁进食,[REVIEWED:1][PROSE:reason]
DFL_REASON:at the lack of dining tables,没有餐桌可用,[REVIEWED:1][PROSE:reason]
"DFL_REASON:after having a drink without using a goblet, cup or mug",没有用杯子喝酒,[REVIEWED:1][PROSE:reason]
DFL_REASON:after watching a performance,观看表演,[REVIEWED:1][PROSE:reason]
DFL_REASON:after talking to a pillar of society,与社会栋梁交谈,[REVIEWED:1][PROSE:reason]
DFL_REASON:interacting with a pet,与宠物互动,[REVIEWED:1][PROSE:reason]
DFL_REASON:visiting with a pet,探望宠物,[REVIEWED:1][PROSE:reason]
DFL_REASON:interacting with a animal training partner,与受训动物伙伴互动,[REVIEWED:1][PROSE:reason]
DFL_REASON:visiting with a animal training partner,探望受训动物伙伴,[REVIEWED:1][PROSE:reason]
DFL_REASON:when forced to talk to somebody annoying,被迫与讨厌的人交谈,[REVIEWED:1][PROSE:reason]
DFL_REASON:after bringing somebody to rest in bed,将他人带到床上休息,[REVIEWED:1][PROSE:reason]
DFL_REASON:after giving somebody food,给他人食物,[REVIEWED:1][PROSE:reason]
DFL_REASON:after giving somebody water,给他人饮水,[REVIEWED:1][PROSE:reason]
DFL_REASON:after making a friend,交到朋友,[REVIEWED:1][PROSE:reason]
DFL_REASON:making a friend,交到朋友,[REVIEWED:1][PROSE:reason]
DFL_REASON:after getting into an argument,与人争吵,[REVIEWED:1][PROSE:reason]
DFL_REASON:after forming a grudge,与人结怨,[REVIEWED:1][PROSE:reason]
DFL_REASON:after adopting a new pet,收养新宠物,[REVIEWED:1][PROSE:reason]
DFL_REASON:at being separated from a loved one,与挚爱分离,[REVIEWED:1][PROSE:reason]
DFL_REASON:at being separated from loved ones,与挚爱们分离,[REVIEWED:1][PROSE:reason]
DFL_REASON:at work,工作,[REVIEWED:1][PROSE:reason]
DFL_REASON:after producing a masterwork,制作出杰作,[REVIEWED:1][PROSE:reason]
DFL_REASON:after creating an artifact,制作出神器,[REVIEWED:1][PROSE:reason]
DFL_REASON:after suffering the travesty of art defacement,艺术品遭到破坏,[REVIEWED:1][PROSE:reason]
DFL_REASON:after felling a tree,砍倒树木,[REVIEWED:1][PROSE:reason]
DFL_REASON:after putting a piece on display,展示作品,[REVIEWED:1][PROSE:reason]
DFL_REASON:to be wearing old clothing,穿着旧衣服,[REVIEWED:1][PROSE:reason]
DFL_REASON:to be wearing tattered clothing,穿着破烂衣服,[REVIEWED:1][PROSE:reason]
DFL_REASON:to have clothes rot off,衣服腐烂脱落,[REVIEWED:1][PROSE:reason]
DFL_REASON:to be uncovered,衣不蔽体,[REVIEWED:1][PROSE:reason]
DFL_REASON:to have no shirt,没有上衣穿,[REVIEWED:1][PROSE:reason]
DFL_REASON:to have no shoes,没有鞋穿,[REVIEWED:1][PROSE:reason]
DFL_REASON:after becoming a parent,成为父母,[REVIEWED:1][PROSE:reason]
DFL_REASON:after gaining a sibling,多了一位兄弟姐妹,[REVIEWED:1][PROSE:reason]
DFL_REASON:after gaining siblings,多了兄弟姐妹,[REVIEWED:1][PROSE:reason]
DFL_REASON:while getting married,结婚,[REVIEWED:1][PROSE:reason]
DFL_REASON:after a miscarriage,流产,[REVIEWED:1][PROSE:reason]
DFL_REASON:after spouse's miscarriage,配偶流产,[REVIEWED:1][PROSE:reason]
DFL_REASON:to be elected,当选,[REVIEWED:1][PROSE:reason]
DFL_REASON:to be re-elected,连任,[REVIEWED:1][PROSE:reason]
DFL_REASON:after entering the nobility,晋升贵族,[REVIEWED:1][PROSE:reason]
DFL_REASON:after receiving a higher rank of nobility,爵位提升,[REVIEWED:1][PROSE:reason]
DFL_REASON:after being released from confinement,获释,[REVIEWED:1][PROSE:reason]
DFL_REASON:after being confined,遭到监禁,[REVIEWED:1][PROSE:reason]
DFL_REASON:after being beaten,遭到殴打,[REVIEWED:1][PROSE:reason]
DFL_REASON:after being beaten with a hammer,遭到锤击,[REVIEWED:1][PROSE:reason]
DFL_REASON:after being rescued,获救,[REVIEWED:1][PROSE:reason]
DFL_REASON:after being able to rest and recuperate,能够休养,[REVIEWED:1][PROSE:reason]
DFL_REASON:after receiving food,获得食物,[REVIEWED:1][PROSE:reason]
DFL_REASON:after receiving water,获得饮水,[REVIEWED:1][PROSE:reason]
DFL_REASON:after being attacked,遭到攻击,[REVIEWED:1][PROSE:reason]
DFL_REASON:after being attacked by the dead,遭到死者攻击,[REVIEWED:1][PROSE:reason]
DFL_REASON:after suffering a minor injury,受了轻伤,[REVIEWED:1][PROSE:reason]
DFL_REASON:after suffering a major injury,受了重伤,[REVIEWED:1][PROSE:reason]
DFL_REASON:being near to a conflict,靠近冲突现场,[REVIEWED:1][PROSE:reason]
DFL_REASON:while in conflict,身处冲突,[REVIEWED:1][PROSE:reason]
DFL_REASON:when joining an existing conflict,加入冲突,[REVIEWED:1][PROSE:reason]
DFL_REASON:while killing somebody,杀死他人,[REVIEWED:1][PROSE:reason]
DFL_REASON:after a sparring session,进行对练,[REVIEWED:1][PROSE:reason]
DFL_REASON:during long patrol duty,长时间巡逻,[REVIEWED:1][PROSE:reason]
DFL_REASON:when caught in the rain,淋雨,[REVIEWED:1][PROSE:reason]
DFL_REASON:when caught in a snow storm,遇上暴风雪,[REVIEWED:1][PROSE:reason]
DFL_REASON:at being out in the sunshine again,再次沐浴阳光,[REVIEWED:1][PROSE:reason]
DFL_REASON:after being nauseated by the sun,因阳光而反胃,[REVIEWED:1][PROSE:reason]
DFL_REASON:due to inebriation,醉酒,[REVIEWED:1][PROSE:reason]
DFL_REASON:while performing,表演,[REVIEWED:1][PROSE:reason]
DFL_REASON:performing,表演,[REVIEWED:1][PROSE:reason]
DFL_REASON:after experiencing trauma,遭遇创伤,[REVIEWED:1][PROSE:reason]
DFL_REASON:experiencing trauma,遭遇创伤,[REVIEWED:1][PROSE:reason]
DFL_REASON:after a satisfying acquisition,获得满意的物品,[REVIEWED:1][PROSE:reason]
DFL_REASON:after sleeping uneasily due to noise,因噪音而睡不安稳,[REVIEWED:1][PROSE:reason]
DFL_REASON:after being disturbed during sleep by loud noises,睡眠被巨大噪音打断,[REVIEWED:1][PROSE:reason]
DFL_REASON:after loud noises made it impossible to sleep,被噪音吵得无法入睡,[REVIEWED:1][PROSE:reason]
DFL_REASON:after sleeping without a proper room,没有适当的房间睡觉,[REVIEWED:1][PROSE:reason]
DFL_REASON:after being forced to eat vermin to survive,被迫吃害虫求生,[REVIEWED:1][PROSE:reason]
DFL_REASON:drinking nasty water,喝了难喝的水,[REVIEWED:1][PROSE:reason]
DFL_REASON:drinking the same old booze,反复喝同一种酒,[REVIEWED:1][PROSE:reason]
DFL_REASON:eating the same old food,反复吃同一种食物,[REVIEWED:1][PROSE:reason]
DFL_PREF_REASON:chestnuts,栗子,[REVIEWED:1][PROSE:preference-reason]
DFL_PREF_REASON:wine,酿成的酒,[REVIEWED:1][PROSE:preference-reason]
DFL_PREF_REASON:stinging tail,带螫针的尾巴,[REVIEWED:1][PROSE:preference-reason]
DFL_PREF_REASON:agility,敏捷的身手,[REVIEWED:1][PROSE:preference-reason]
DFL_PREF_REASON:tooth whorl,螺旋状齿列,[REVIEWED:1][PROSE:preference-reason]
DFL_PREF_REASON:parenting,育幼行为,[REVIEWED:1][PROSE:preference-reason]
DFL_PREF_REASON:pods,荚果,[REVIEWED:1][PROSE:preference-reason]
DFL_PREF_REASON:gray leaves,灰色叶片,[REVIEWED:1][PROSE:preference-reason]
DFL_PREF_REASON:scuttling,快速爬行的姿态,[REVIEWED:1][PROSE:preference-reason]
DFL_PREF_REASON:tail club,尾锤,[REVIEWED:1][PROSE:preference-reason]
DFL_PREF_REASON:ferocious jaws,凶猛的腭部,[REVIEWED:1][PROSE:preference-reason]
DFL_PREF_REASON:length,长度,[REVIEWED:1][PROSE:preference-reason]
DFL_PREF_REASON:blossoms,花朵,[REVIEWED:1][PROSE:preference-reason]
DFL_PREF_REASON:coldness to the touch,冰冷的触感,[REVIEWED:1][PROSE:preference-reason]
DFL_PREF_REASON:beer,啤酒,[REVIEWED:1][PROSE:preference-reason]
DFL_PREF_REASON:spots,斑点,[REVIEWED:1][PROSE:preference-reason]
DFL_PREF_REASON:dome,圆隆的头顶,[REVIEWED:1][PROSE:preference-reason]
DFL_PREF_REASON:snouts,吻部,[REVIEWED:1][PROSE:preference-reason]
DFL_PREF_REASON:sails,背帆,[REVIEWED:1][PROSE:preference-reason]
DFL_PREF_REASON:thorns,尖刺,[REVIEWED:1][PROSE:preference-reason]
DFL_PREF_REASON:edible roots,可食用的根,[REVIEWED:1][PROSE:preference-reason]
DFL_PREF_REASON:grain,谷粒,[REVIEWED:1][PROSE:preference-reason]
DFL_PREF_REASON:giant second foredigit claws,前肢第二指的巨爪,[REVIEWED:1][PROSE:preference-reason]
DFL_PREF_REASON:flatness,扁平的形态,[REVIEWED:1][PROSE:preference-reason]
DFL_PREF_REASON:waxy berries,带蜡质的浆果,[REVIEWED:1][PROSE:preference-reason]
DFL_PREF_REASON:small trunk,短小的鼻子,[REVIEWED:1][PROSE:preference-reason]
DFL_PREF_REASON:sad appearance,哀伤的外表,[REVIEWED:1][PROSE:preference-reason]
DFL_PREF_REASON:three horns,三只角,[REVIEWED:1][PROSE:preference-reason]
DFL_PREF_REASON:nut-filled pots,装满坚果的壶状果实,[REVIEWED:1][PROSE:preference-reason]
DFL_PREF_REASON:menacing spikes,骇人的尖刺,[REVIEWED:1][PROSE:preference-reason]
DFL_PREF_REASON:seeds,种子,[REVIEWED:1][PROSE:preference-reason]
DFL_PREF_REASON:wings,翅膀,[REVIEWED:1][PROSE:preference-reason]
DFL_PREF_REASON:affinity for land,偏好陆地的习性,[REVIEWED:1][PROSE:preference-reason]
DFL_PREF_REASON:amazing arms,惊人的前肢,[REVIEWED:1][PROSE:preference-reason]
DFL_PREF_REASON:armored carapace,坚固的甲壳,[REVIEWED:1][PROSE:preference-reason]
DFL_PREF_REASON:autumn coloration,秋季的色彩,[REVIEWED:1][PROSE:preference-reason]
DFL_PREF_REASON:back plates,背板,[REVIEWED:1][PROSE:preference-reason]
DFL_PREF_REASON:backward-curving tusks,向后弯曲的獠牙,[REVIEWED:1][PROSE:preference-reason]
DFL_PREF_REASON:beaks,喙,[REVIEWED:1][PROSE:preference-reason]
DFL_PREF_REASON:bold head sclerites,醒目的头部硬片,[REVIEWED:1][PROSE:preference-reason]
DFL_PREF_REASON:branch shedding,自行脱落的枝条,[REVIEWED:1][PROSE:preference-reason]
DFL_PREF_REASON:broad heads,宽阔的头部,[REVIEWED:1][PROSE:preference-reason]
DFL_PREF_REASON:buds and berries,芽与浆果,[REVIEWED:1][PROSE:preference-reason]
DFL_PREF_REASON:bulbs,鳞茎,[REVIEWED:1][PROSE:preference-reason]
DFL_PREF_REASON:buttresses,板根,[REVIEWED:1][PROSE:preference-reason]
DFL_PREF_REASON:catkins,柔荑花序,[REVIEWED:1][PROSE:preference-reason]
DFL_PREF_REASON:cloves,蒜瓣,[REVIEWED:1][PROSE:preference-reason]
DFL_PREF_REASON:cones,毬果,[REVIEWED:1][PROSE:preference-reason]
DFL_PREF_REASON:crest,冠饰,[REVIEWED:1][PROSE:preference-reason]
DFL_PREF_REASON:curving trunk,弯曲的鼻子,[REVIEWED:1][PROSE:preference-reason]
DFL_PREF_REASON:delicious shoots,美味的嫩芽,[REVIEWED:1][PROSE:preference-reason]
DFL_PREF_REASON:disturbing size,令人不安的体型,[REVIEWED:1][PROSE:preference-reason]
DFL_PREF_REASON:double carapace,双层甲壳,[REVIEWED:1][PROSE:preference-reason]
DFL_PREF_REASON:edible nuts,可食用的坚果,[REVIEWED:1][PROSE:preference-reason]
DFL_PREF_REASON:edible tubers,可食用的块茎,[REVIEWED:1][PROSE:preference-reason]
DFL_PREF_REASON:elongated snout,细长的吻部,[REVIEWED:1][PROSE:preference-reason]
DFL_PREF_REASON:extra eyes,额外的眼睛,[REVIEWED:1][PROSE:preference-reason]
DFL_PREF_REASON:eye horns,眼部的角,[REVIEWED:1][PROSE:preference-reason]
DFL_PREF_REASON:feathers,羽毛,[REVIEWED:1][PROSE:preference-reason]
DFL_PREF_REASON:feathery leaves,羽毛般的叶片,[REVIEWED:1][PROSE:preference-reason]
DFL_PREF_REASON:ferocious bite,凶猛的咬击,[REVIEWED:1][PROSE:preference-reason]
DFL_PREF_REASON:fibrous stems,富含纤维的茎,[REVIEWED:1][PROSE:preference-reason]
DFL_PREF_REASON:fine grain,细致的纹理,[REVIEWED:1][PROSE:preference-reason]
DFL_PREF_REASON:flippers,鳍肢,[REVIEWED:1][PROSE:preference-reason]
DFL_PREF_REASON:flowers,花朵,[REVIEWED:1][PROSE:preference-reason]
DFL_PREF_REASON:fluffy catkins,毛茸茸的柔荑花序,[REVIEWED:1][PROSE:preference-reason]
DFL_PREF_REASON:flying keys,飞旋的翅果,[REVIEWED:1][PROSE:preference-reason]
DFL_PREF_REASON:forked horns,分叉的角,[REVIEWED:1][PROSE:preference-reason]
DFL_PREF_REASON:fragrant fruit,芳香的果实,[REVIEWED:1][PROSE:preference-reason]
DFL_PREF_REASON:frontal appendages,前方的附肢,[REVIEWED:1][PROSE:preference-reason]
DFL_PREF_REASON:fruit,果实,[REVIEWED:1][PROSE:preference-reason]
DFL_PREF_REASON:fruit and nuts,果实与坚果,[REVIEWED:1][PROSE:preference-reason]
DFL_PREF_REASON:fuzzy projections,毛茸茸的突起,[REVIEWED:1][PROSE:preference-reason]
DFL_PREF_REASON:giant claws,巨大的爪子,[REVIEWED:1][PROSE:preference-reason]
DFL_PREF_REASON:gigantic eye teeth,巨大的犬齿,[REVIEWED:1][PROSE:preference-reason]
DFL_PREF_REASON:gloomy appeal,阴郁的魅力,[REVIEWED:1][PROSE:preference-reason]
DFL_PREF_REASON:graceful flight,优雅的飞行姿态,[REVIEWED:1][PROSE:preference-reason]
DFL_PREF_REASON:graceful movement,优雅的动作,[REVIEWED:1][PROSE:preference-reason]
DFL_PREF_REASON:grasping proboscis,可抓握的长鼻,[REVIEWED:1][PROSE:preference-reason]
DFL_PREF_REASON:hairy heads,毛茸茸的头部,[REVIEWED:1][PROSE:preference-reason]
DFL_PREF_REASON:hanging leaves,垂挂的叶片,[REVIEWED:1][PROSE:preference-reason]
DFL_PREF_REASON:head crests,头冠,[REVIEWED:1][PROSE:preference-reason]
DFL_PREF_REASON:inner light,体内的光芒,[REVIEWED:1][PROSE:preference-reason]
DFL_PREF_REASON:jawed proboscis,带腭的长吻,[REVIEWED:1][PROSE:preference-reason]
DFL_PREF_REASON:jaws,腭部,[REVIEWED:1][PROSE:preference-reason]
DFL_PREF_REASON:leaf coloration,叶片的色彩,[REVIEWED:1][PROSE:preference-reason]
DFL_PREF_REASON:leaves,叶片,[REVIEWED:1][PROSE:preference-reason]
DFL_PREF_REASON:lens-shaped seeds,透镜状的种子,[REVIEWED:1][PROSE:preference-reason]
DFL_PREF_REASON:lively nature,活泼的天性,[REVIEWED:1][PROSE:preference-reason]
DFL_PREF_REASON:living shadows,活生生的阴影,[REVIEWED:1][PROSE:preference-reason]
DFL_PREF_REASON:lobopods,叶足,[REVIEWED:1][PROSE:preference-reason]
DFL_PREF_REASON:long tongues,长舌,[REVIEWED:1][PROSE:preference-reason]
DFL_PREF_REASON:loose inflorescences,疏松的花序,[REVIEWED:1][PROSE:preference-reason]
DFL_PREF_REASON:magnificence,壮丽的姿态,[REVIEWED:1][PROSE:preference-reason]
DFL_PREF_REASON:needles,针叶,[REVIEWED:1][PROSE:preference-reason]
DFL_PREF_REASON:nuts,坚果,[REVIEWED:1][PROSE:preference-reason]
DFL_PREF_REASON:oil-giving fruit,能榨油的果实,[REVIEWED:1][PROSE:preference-reason]
DFL_PREF_REASON:popped kernels,爆开的谷粒,[REVIEWED:1][PROSE:preference-reason]
DFL_PREF_REASON:precise lines,整齐的线条,[REVIEWED:1][PROSE:preference-reason]
DFL_PREF_REASON:precise thorns,排列整齐的刺,[REVIEWED:1][PROSE:preference-reason]
DFL_PREF_REASON:raining spores,如雨飘落的孢子,[REVIEWED:1][PROSE:preference-reason]
DFL_PREF_REASON:roots,根,[REVIEWED:1][PROSE:preference-reason]
DFL_PREF_REASON:round heads,圆头,[REVIEWED:1][PROSE:preference-reason]
DFL_PREF_REASON:round shape,圆润的外形,[REVIEWED:1][PROSE:preference-reason]
DFL_PREF_REASON:rounded tops,圆润的顶部,[REVIEWED:1][PROSE:preference-reason]
DFL_PREF_REASON:sail,背帆,[REVIEWED:1][PROSE:preference-reason]
DFL_PREF_REASON:scything claws,镰刀般的爪子,[REVIEWED:1][PROSE:preference-reason]
DFL_PREF_REASON:short arms,短小的前肢,[REVIEWED:1][PROSE:preference-reason]
DFL_PREF_REASON:shovel-like lower tusks,铲状的下獠牙,[REVIEWED:1][PROSE:preference-reason]
DFL_PREF_REASON:shrouded history,神秘的历史,[REVIEWED:1][PROSE:preference-reason]
DFL_PREF_REASON:sickening appearance,令人作呕的外表,[REVIEWED:1][PROSE:preference-reason]
DFL_PREF_REASON:silver bark,银色树皮,[REVIEWED:1][PROSE:preference-reason]
DFL_PREF_REASON:single claws,单爪,[REVIEWED:1][PROSE:preference-reason]
DFL_PREF_REASON:slithering,蜿蜒爬行的姿态,[REVIEWED:1][PROSE:preference-reason]
DFL_PREF_REASON:smelly catkins,气味强烈的柔荑花序,[REVIEWED:1][PROSE:preference-reason]
DFL_PREF_REASON:soothing color,令人舒心的色彩,[REVIEWED:1][PROSE:preference-reason]
DFL_PREF_REASON:soothing fragrance,令人放松的香气,[REVIEWED:1][PROSE:preference-reason]
DFL_PREF_REASON:spiny pods,带刺的荚果,[REVIEWED:1][PROSE:preference-reason]
DFL_PREF_REASON:sprouts,嫩芽,[REVIEWED:1][PROSE:preference-reason]
DFL_PREF_REASON:stalks,茎秆,[REVIEWED:1][PROSE:preference-reason]
"DFL_PREF_REASON:stiff, triangular leaves",坚挺的三角形叶片,[REVIEWED:1][PROSE:preference-reason]
DFL_PREF_REASON:stout bodies,粗壮的身躯,[REVIEWED:1][PROSE:preference-reason]
DFL_PREF_REASON:stout shape,粗壮的外形,[REVIEWED:1][PROSE:preference-reason]
DFL_PREF_REASON:striking color,醒目的色彩,[REVIEWED:1][PROSE:preference-reason]
DFL_PREF_REASON:stunning color,惊艳的色彩,[REVIEWED:1][PROSE:preference-reason]
DFL_PREF_REASON:sweeping stalks,舒展的茎秆,[REVIEWED:1][PROSE:preference-reason]
DFL_PREF_REASON:sweet-smelling flowers,芬芳的花朵,[REVIEWED:1][PROSE:preference-reason]
DFL_PREF_REASON:tail spikes,尾刺,[REVIEWED:1][PROSE:preference-reason]
DFL_PREF_REASON:taste,滋味,[REVIEWED:1][PROSE:preference-reason]
DFL_PREF_REASON:terrifying beaks,骇人的喙,[REVIEWED:1][PROSE:preference-reason]
DFL_PREF_REASON:thumb spikes,拇指上的尖刺,[REVIEWED:1][PROSE:preference-reason]
DFL_PREF_REASON:tilted walk,倾斜的步态,[REVIEWED:1][PROSE:preference-reason]
DFL_PREF_REASON:tiny arms,细小的前肢,[REVIEWED:1][PROSE:preference-reason]
DFL_PREF_REASON:tiny leaves,细小的叶片,[REVIEWED:1][PROSE:preference-reason]
DFL_PREF_REASON:tubers,块茎,[REVIEWED:1][PROSE:preference-reason]
DFL_PREF_REASON:twisting shape,扭曲的外形,[REVIEWED:1][PROSE:preference-reason]
DFL_PREF_REASON:twisting stalks,扭曲的茎秆,[REVIEWED:1][PROSE:preference-reason]
DFL_PREF_REASON:two teeth,两颗牙齿,[REVIEWED:1][PROSE:preference-reason]
DFL_PREF_REASON:useful stems,实用的茎,[REVIEWED:1][PROSE:preference-reason]
DFL_PREF_REASON:vivid red color,鲜艳的红色,[REVIEWED:1][PROSE:preference-reason]
DFL_PREF_REASON:wedge-shaped heads,楔形的头部,[REVIEWED:1][PROSE:preference-reason]
DFL_PREF_REASON:wicked thorns,凶险的尖刺,[REVIEWED:1][PROSE:preference-reason]
DFL_PREF_REASON:wingspan,翼展,[REVIEWED:1][PROSE:preference-reason]
DFL_PREF_REASON:yummy cherries,美味的樱桃,[REVIEWED:1][PROSE:preference-reason]
DFL_PREF_REASON:yummy hearts,美味的菜心,[REVIEWED:1][PROSE:preference-reason]
DFL_PREF_SUBJECT:ash,白蜡树,[REVIEWED:1][PROSE:preference-subject]
DFL_PREF_SUBJECT:eggplant,茄子,[REVIEWED:1][PROSE:preference-subject]
I once wandered the wilds.,我曾在荒野漫游。,[REVIEWED:1][PROSE:sentence]
Once it was my calling to rescue lost children.,我曾以拯救迷途的孩子为使命。,[REVIEWED:1][PROSE:sentence]
"In the past, I hunted great beasts.",过去，我曾猎捕巨兽。,[REVIEWED:1][PROSE:sentence]
I once sought great treasures.,我曾寻找珍贵的宝藏。,[REVIEWED:1][PROSE:sentence]
"In the past, I sought fortune and glory by offering my skill at arms.",过去，我曾凭借武艺为人效力，追求财富与荣耀。,[REVIEWED:1][PROSE:sentence]
I am a soldier.,我是士兵。,[REVIEWED:1][PROSE:sentence]
I am a guard.,我是守卫。,[REVIEWED:1][PROSE:sentence]
Hellooo!,哈啰！,[REVIEWED:1][PROSE:sentence]
Prepare to die!,准备受死吧！,[REVIEWED:1][PROSE:sentence]
Who dares to enter my house?  I curse you!,谁敢闯进我的屋子？我诅咒你！,[REVIEWED:1][PROSE:sentence]
A baby!  How adorable!,是个婴儿！真可爱！,[REVIEWED:1][PROSE:sentence]
Look at you!,瞧瞧你！,[REVIEWED:1][PROSE:sentence]
Don't start any trouble.,别惹麻烦。,[REVIEWED:1][PROSE:sentence]
I'm pleased to hear that.,听到这件事我很高兴。,[REVIEWED:1][PROSE:sentence]
I'm proud of you.,我以你为荣。,[REVIEWED:1][PROSE:sentence]
I'm thrilled to hear that.,听到这件事我兴奋极了。,[REVIEWED:1][PROSE:sentence]
wonderful!,太棒了！,[REVIEWED:1][PROSE:sentence]
fantastic!,太好了！,[REVIEWED:1][PROSE:sentence]
very good.,很好。,[REVIEWED:1][PROSE:sentence]
that is good news.,那是个好消息。,[REVIEWED:1][PROSE:sentence]
that is wonderful news.,那真是个绝佳的消息。,[REVIEWED:1][PROSE:sentence]
that is a good turn of affairs.,事情有了好的转变。,[REVIEWED:1][PROSE:sentence]
this is encouraging.,这令人鼓舞。,[REVIEWED:1][PROSE:sentence]
Some migrants have arrived.,有移民抵达了。,[REVIEWED:1][PROSE:sentence]
"Some migrants have arrived, despite the danger.",尽管有危险，仍有移民抵达了。,[REVIEWED:1][PROSE:sentence]
Some migrants have arrived at this unhappy place.,有移民抵达这个不快乐的地方了。,[REVIEWED:1][PROSE:sentence]
Some migrants have arrived at this miserable place.,有移民抵达这个悲惨的地方了。,[REVIEWED:1][PROSE:sentence]
Migrants were too nervous to make the journey this season.,移民因为太过不安，本季没有启程。,[REVIEWED:1][PROSE:sentence]
Migrants were too wary to make the journey this season.,移民因为心怀戒备，本季没有启程。,[REVIEWED:1][PROSE:sentence]
Migrants refused to journey to such a dangerous fortress this season.,移民拒绝在本季前往如此危险的要塞。,[REVIEWED:1][PROSE:sentence]
The enemy have come and are preparing to lay siege.  They seek a parley!,敌人已抵达，正准备围城。他们要求谈判！,[REVIEWED:1][PROSE:sentence]
The enemy have come and are laying siege to the fortress.,敌人已抵达，正在围攻要塞。,[REVIEWED:1][PROSE:sentence]
An ambush!  Curse them!,有埋伏！该死的家伙！,[REVIEWED:1][PROSE:sentence]
An ambush!  Drive them out!,有埋伏！把他们赶出去！,[REVIEWED:1][PROSE:sentence]
An ambush!  Skulking vermin!,有埋伏！鬼鬼祟祟的害虫！,[REVIEWED:1][PROSE:sentence]
An ambush!  Curse all friends of nature!,有埋伏！诅咒所有自然之友！,[REVIEWED:1][PROSE:sentence]
Spring has arrived!,春天到了！,[REVIEWED:1][PROSE:sentence]
Autumn has come.,秋天到了。,[REVIEWED:1][PROSE:sentence]
Spring has arrived on the calendar.,依照历法，春天到了。,[REVIEWED:1][PROSE:sentence]
Summer has arrived on the calendar.,依照历法，夏天到了。,[REVIEWED:1][PROSE:sentence]
Autumn has arrived on the calendar.,依照历法，秋天到了。,[REVIEWED:1][PROSE:sentence]
Winter has arrived on the calendar.,依照历法，冬天到了。,[REVIEWED:1][PROSE:sentence]
This is an example urgent alert!  These are very important.  Ignore them at your peril.,这是紧急警报的范例！这些警报非常重要，忽略它们可能会带来危险。,[REVIEWED:1][PROSE:sentence]
"""Try to focus on the practical side of the matter.""",「试着专注于事情实际的一面。」,[REVIEWED:1][PROSE:sentence]
"""I have trouble controlling my temper.""",「我很难控制自己的脾气。」,[REVIEWED:1][PROSE:sentence]
There is nothing to catch in the northern swamps.,北方沼泽没有可捕捉的鱼。,[REVIEWED:1][PROSE:sentence]
There is nothing to catch in the northern marshes.,北方湿地没有可捕捉的鱼。,[REVIEWED:1][PROSE:sentence]
There is nothing to catch in the northern river.,北方河流没有可捕捉的鱼。,[REVIEWED:1][PROSE:sentence]
There is nothing to catch in the northern lake.,北方湖泊没有可捕捉的鱼。,[REVIEWED:1][PROSE:sentence]
There is nothing to catch in the northern ocean.,北方海洋没有可捕捉的鱼。,[REVIEWED:1][PROSE:sentence]
There is nothing to catch in the northern sea.,北方海域没有可捕捉的鱼。,[REVIEWED:1][PROSE:sentence]
There is nothing to catch in the southern swamps.,南方沼泽没有可捕捉的鱼。,[REVIEWED:1][PROSE:sentence]
There is nothing to catch in the southern marshes.,南方湿地没有可捕捉的鱼。,[REVIEWED:1][PROSE:sentence]
There is nothing to catch in the southern river.,南方河流没有可捕捉的鱼。,[REVIEWED:1][PROSE:sentence]
There is nothing to catch in the southern lake.,南方湖泊没有可捕捉的鱼。,[REVIEWED:1][PROSE:sentence]
There is nothing to catch in the southern ocean.,南方海洋没有可捕捉的鱼。,[REVIEWED:1][PROSE:sentence]
There is nothing to catch in the southern sea.,南方海域没有可捕捉的鱼。,[REVIEWED:1][PROSE:sentence]
There is nothing to catch in the eastern swamps.,东方沼泽没有可捕捉的鱼。,[REVIEWED:1][PROSE:sentence]
There is nothing to catch in the eastern marshes.,东方湿地没有可捕捉的鱼。,[REVIEWED:1][PROSE:sentence]
There is nothing to catch in the eastern river.,东方河流没有可捕捉的鱼。,[REVIEWED:1][PROSE:sentence]
There is nothing to catch in the eastern lake.,东方湖泊没有可捕捉的鱼。,[REVIEWED:1][PROSE:sentence]
There is nothing to catch in the eastern ocean.,东方海洋没有可捕捉的鱼。,[REVIEWED:1][PROSE:sentence]
There is nothing to catch in the eastern sea.,东方海域没有可捕捉的鱼。,[REVIEWED:1][PROSE:sentence]
There is nothing to catch in the western swamps.,西方沼泽没有可捕捉的鱼。,[REVIEWED:1][PROSE:sentence]
There is nothing to catch in the western marshes.,西方湿地没有可捕捉的鱼。,[REVIEWED:1][PROSE:sentence]
There is nothing to catch in the western river.,西方河流没有可捕捉的鱼。,[REVIEWED:1][PROSE:sentence]
There is nothing to catch in the western lake.,西方湖泊没有可捕捉的鱼。,[REVIEWED:1][PROSE:sentence]
There is nothing to catch in the western ocean.,西方海洋没有可捕捉的鱼。,[REVIEWED:1][PROSE:sentence]
There is nothing to catch in the western sea.,西方海域没有可捕捉的鱼。,[REVIEWED:1][PROSE:sentence]
There is nothing to catch in the northeastern swamps.,东北方沼泽没有可捕捉的鱼。,[REVIEWED:1][PROSE:sentence]
There is nothing to catch in the northeastern marshes.,东北方湿地没有可捕捉的鱼。,[REVIEWED:1][PROSE:sentence]
There is nothing to catch in the northeastern river.,东北方河流没有可捕捉的鱼。,[REVIEWED:1][PROSE:sentence]
There is nothing to catch in the northeastern lake.,东北方湖泊没有可捕捉的鱼。,[REVIEWED:1][PROSE:sentence]
There is nothing to catch in the northeastern ocean.,东北方海洋没有可捕捉的鱼。,[REVIEWED:1][PROSE:sentence]
There is nothing to catch in the northeastern sea.,东北方海域没有可捕捉的鱼。,[REVIEWED:1][PROSE:sentence]
There is nothing to catch in the northwestern swamps.,西北方沼泽没有可捕捉的鱼。,[REVIEWED:1][PROSE:sentence]
There is nothing to catch in the northwestern marshes.,西北方湿地没有可捕捉的鱼。,[REVIEWED:1][PROSE:sentence]
There is nothing to catch in the northwestern river.,西北方河流没有可捕捉的鱼。,[REVIEWED:1][PROSE:sentence]
There is nothing to catch in the northwestern lake.,西北方湖泊没有可捕捉的鱼。,[REVIEWED:1][PROSE:sentence]
There is nothing to catch in the northwestern ocean.,西北方海洋没有可捕捉的鱼。,[REVIEWED:1][PROSE:sentence]
There is nothing to catch in the northwestern sea.,西北方海域没有可捕捉的鱼。,[REVIEWED:1][PROSE:sentence]
There is nothing to catch in the southeastern swamps.,东南方沼泽没有可捕捉的鱼。,[REVIEWED:1][PROSE:sentence]
There is nothing to catch in the southeastern marshes.,东南方湿地没有可捕捉的鱼。,[REVIEWED:1][PROSE:sentence]
There is nothing to catch in the southeastern river.,东南方河流没有可捕捉的鱼。,[REVIEWED:1][PROSE:sentence]
There is nothing to catch in the southeastern lake.,东南方湖泊没有可捕捉的鱼。,[REVIEWED:1][PROSE:sentence]
There is nothing to catch in the southeastern ocean.,东南方海洋没有可捕捉的鱼。,[REVIEWED:1][PROSE:sentence]
There is nothing to catch in the southeastern sea.,东南方海域没有可捕捉的鱼。,[REVIEWED:1][PROSE:sentence]
There is nothing to catch in the southwestern swamps.,西南方沼泽没有可捕捉的鱼。,[REVIEWED:1][PROSE:sentence]
There is nothing to catch in the southwestern marshes.,西南方湿地没有可捕捉的鱼。,[REVIEWED:1][PROSE:sentence]
There is nothing to catch in the southwestern river.,西南方河流没有可捕捉的鱼。,[REVIEWED:1][PROSE:sentence]
There is nothing to catch in the southwestern lake.,西南方湖泊没有可捕捉的鱼。,[REVIEWED:1][PROSE:sentence]
There is nothing to catch in the southwestern ocean.,西南方海洋没有可捕捉的鱼。,[REVIEWED:1][PROSE:sentence]
There is nothing to catch in the southwestern sea.,西南方海域没有可捕捉的鱼。,[REVIEWED:1][PROSE:sentence]
