text,translation,tags
A bird of prey so large and ferocious it dwarfs many dragons.  All beneath its mighty wings should fear the sky.,一种庞大而凶猛的猛禽，连许多巨龙在牠面前都显得渺小。凡在牠强大双翼之下的生灵，都应畏惧天空。,[REVIEWED:1]
A blue-rumped person with the head and tail of a mandrill.,一名臀部呈蓝色、具有山魈头部与尾巴的人形生物。,[REVIEWED:1]
A brightly-colored person with the head of a cassowary.,一名体色鲜艳、具有鹤鸵头部的人形生物。,[REVIEWED:1]
"A colorful lizard that spends its life hunting insects with its long tongue.  It moves slowly through the trees, spying the surroundings with its independently roving eyes.",一种色彩鲜艳的蜥蜴，一生都用长舌猎捕昆虫。牠在树间缓慢移动，以能各自转动的双眼观察四周。,[REVIEWED:1]
A colorful person with the head and shell of a moon snail.,一名体色鲜艳、具有月亮蜗牛头部与外壳的人形生物。,[REVIEWED:1]
A colorful person with the head and tail of a chameleon.,一名体色鲜艳、具有变色蜥头部与尾巴的人形生物。,[REVIEWED:1]
A colorful person with the head and wings of a lorikeet.,一名体色鲜艳、具有吸蜜鹦鹉头部与翅膀的人形生物。,[REVIEWED:1]
A colorful person with the head and wings of a masked lovebird.,一名体色鲜艳、具有蒙面爱情鸟头部与翅膀的人形生物。,[REVIEWED:1]
A colorful person with the head and wings of a peach-faced lovebird.,一名体色鲜艳、具有桃面爱情鸟头部与翅膀的人形生物。,[REVIEWED:1]
"A compact offspring of horse and donkey, bred to be a beast of burden.",一种由马与驴杂交而成的精壮动物，被培育作为役畜。,[REVIEWED:1]
"A creature from the evil swamp.  It resembles a squat, wingless bird with powerful beak and legs.  Its blotchy skin is brightly colored.",一种来自邪恶沼泽的生物。牠像一只矮胖、无翼的鸟，长有强劲的喙与双腿。斑驳的皮肤色彩鲜艳。,[REVIEWED:1]
A creature that crawls along the cavern ceiling with four long arms.  Its body is shaped as the head of a man with a mouth full of shark teeth.  It waits for its prey to pass below.,一种用四条长臂沿洞穴顶部爬行的生物。牠的身体形如人的头颅，嘴里长满鲨鱼般的牙齿。牠会等待猎物从下方经过。,[REVIEWED:1]
"A creature with the shape of a man, but with stalks for eyes, and a great shell on its back.",一种外形似人的生物，但眼睛长在眼柄上，背负巨大的壳。,[REVIEWED:1]
A crested person with the head and wings of a cockatiel.,一名长有冠羽、具有玄凤鹦鹉头部与翅膀的人形生物。,[REVIEWED:1]
A dangerous water monster known for attacking ships at sea.,一种以袭击海上船只闻名的危险水怪。,[REVIEWED:1]
A dark green man with the distinct head of a toad.,一种通体深绿、长有鲜明蟾蜍头部的人形生物。,[REVIEWED:1]
"A fearsome, long-toothed mouth the size of a man's head, flying on bat wings.  It is found in deep caves.",一张如人头般大小、长满长牙的骇人大嘴，靠蝙蝠翅膀飞行。牠栖息于深处的洞穴。,[REVIEWED:1]
A feathered dinosaur person with a sharp claw on their second toe.,一名覆有羽毛的恐龙人，第二趾上长有利爪。,[REVIEWED:1]
A feathered man with the wings and head of a bird.  It lives underground.,一种覆有羽毛的人形生物，长有鸟的翅膀与头部。牠生活在地下。,[REVIEWED:1]
A feathered person with a brightly-colored bill.,一名覆有羽毛、长有鲜艳鸟喙的人形生物。,[REVIEWED:1]
A feathered person with the head and wings of a great horned owl.,一名覆有羽毛、具有大角鸮头部与翅膀的人形生物。,[REVIEWED:1]
A feathered person with the head and wings of an eagle.,一名覆有羽毛、具有鹰头部与翅膀的人形生物。,[REVIEWED:1]
A feathered person with the head of a puffin.,一名覆有羽毛、具有海鹦头部的人形生物。,[REVIEWED:1]
A feathered person with the head of an emu.,一名覆有羽毛、具有鸸鹋头部的人形生物。,[REVIEWED:1]
A fierce creature from the evil snowy wilds.  It has white fur and a piercing howl.,一种来自邪恶冰雪荒野的凶猛生物。牠覆有白毛，嚎叫声尖锐刺耳。,[REVIEWED:1]
A flightless bird person with a terrifying beak.,一名不会飞行、长有骇人鸟喙的鸟人。,[REVIEWED:1]
A floating pod with eye-stalks.  It can spray poison and it gives off poison gas when punctured.,一种长有眼柄、漂浮在空中的囊状生物。牠能喷射毒液，被刺破时还会释放毒气。,[REVIEWED:1]
"A fluffy, pudge-filled being, known for its warm heart and stumble bumblings.",一种毛茸茸、圆滚滚的生物，以热心肠和笨拙踉跄的模样闻名。,[REVIEWED:1]
A flying monster with stretched skin over its emaciated body.  It has the head of a jackal with needle-like horns protruding through its mane.,一种飞行怪物，干瘦的身体上绷着皮肤。牠长有胡狼般的头部，针状的角从鬃毛间伸出。,[REVIEWED:1]
A giant amphibian predator found underground near water.,一种栖息于地下水边的巨大两栖掠食动物。,[REVIEWED:1]
A giant amphibian predator found underground.,一种栖息于地下的巨大两栖掠食动物。,[REVIEWED:1]
A giant bear-like creature found in the wildest parts of the world.  It has striking black and white fur.,一种栖息于世界最荒野地带的巨大熊形生物。牠有醒目的黑白皮毛。,[REVIEWED:1]
A giant creature with many eyes and arms to terrify the sea.,一种长有众多眼睛与腕足、令人闻风丧胆的巨大海洋生物。,[REVIEWED:1]
A giant dragon-like monster with seven biting heads.,一种巨大的龙形怪物，长有七颗能咬噬的头。,[REVIEWED:1]
A giant flying mammal found underground.,一种栖息于地下的巨大飞行哺乳动物。,[REVIEWED:1]
A giant humanoid monster found stomping about in the evil plains.  Their low howls can be heard long before they are seen.,一种在邪恶平原上踏着沉重脚步游荡的巨型人形怪物。在看见牠们之前很久，就能听到牠们低沉的嚎叫。,[REVIEWED:1]
A giant humanoid monster with a single eye set in its forehead.,一种巨型人形怪物，额头上只有一只眼睛。,[REVIEWED:1]
A giant humanoid monster with the head of a bull.,一种长有公牛头部的巨型人形怪物。,[REVIEWED:1]
A giant humanoid monster with two heads.,一种长有两颗头的巨型人形怪物。,[REVIEWED:1]
A giant limbless dragon that lives in the sea.,一种生活在海中、没有四肢的巨龙。,[REVIEWED:1]
A giant marine mammal with a toothy jaw.,一种腭部长满牙齿的巨大海洋哺乳动物。,[REVIEWED:1]
A giant monster in the form of a leopard seal.,一只外形如豹形海豹的巨大怪物。,[REVIEWED:1]
A giant monster in the form of a walrus.,一只外形如海象的巨大怪物。,[REVIEWED:1]
A giant oceanic creature resembling a huge fish's head connected to a wide tail.,一种巨大的海洋生物，外形如一颗巨大的鱼头连着宽阔的尾巴。,[REVIEWED:1]
A giant oceanic fish with rows and rows of razor-sharp pointed teeth.,一种巨大的海鱼，长有一排又一排剃刀般锋利的尖牙。,[REVIEWED:1]
"A giant, striped, oceanic fish known to devour anything in its path.",一种带有条纹的巨大海鱼，以吞噬所经之处的一切闻名。,[REVIEWED:1]
A gigantic aquatic reptile with four flippers and a huge toothy mouth.,一种硕大的水生爬虫，长有四只鳍肢，巨嘴中长满牙齿。,[REVIEWED:1]
A gigantic armored quadrupedal dinosaur with a mighty tail club.  It is a herbivore and has four horns.,一种硕大的四足恐龙，覆有甲片，长有强劲的尾锤。牠以植物为食，长有四只角。,[REVIEWED:1]
A gigantic bipedal dinosaur with a ferocious biting jaw and short arms.  It is amphibious and has a sail and a horn.,一种硕大的双足恐龙，腭部咬合凶猛，前肢短小。牠能在水陆活动，长有背帆与一只角。,[REVIEWED:1]
A gigantic bipedal dinosaur with a ferocious biting jaw and short arms.  It is amphibious and has a sail.,一种硕大的双足恐龙，腭部咬合凶猛，前肢短小。牠能在水陆活动，长有背帆。,[REVIEWED:1]
A gigantic bipedal dinosaur with a mighty jaw and very short arms with two claws.,一种硕大的双足恐龙，腭部强劲，极短的前肢各长有两只爪。,[REVIEWED:1]
A gigantic blue and orange bird.,一种体色蓝橙相间的硕大鸟类。,[REVIEWED:1]
"A gigantic creature resembling a human, almost unparalleled in size.",一种外形似人的硕大生物，体型几乎无可匹敌。,[REVIEWED:1]
A gigantic digging creature found underground.,一种栖息于地下、善于挖掘的硕大生物。,[REVIEWED:1]
"A gigantic feline predator, similar to its cousins in all but size.  It can be found in the savage wilderness.",一种硕大的猫科掠食动物，除了体型之外，各方面都与近亲相似。牠栖息于蛮荒之地。,[REVIEWED:1]
A gigantic filter-feeding fish found in temperate oceans.,一种栖息于温带海洋的硕大滤食性鱼类。,[REVIEWED:1]
A gigantic filter-feeding fish found in tropical oceans.,一种栖息于热带海洋的硕大滤食性鱼类。,[REVIEWED:1]
A gigantic hairless mammal with a long neck and a small trunk.,一种硕大的无毛哺乳动物，长有长颈与短鼻。,[REVIEWED:1]
A gigantic hairless mammal with a long trunk and two backward-curving tusks.,一种硕大的无毛哺乳动物，长有长鼻与两根向后弯曲的獠牙。,[REVIEWED:1]
A gigantic herbivorous quadrupedal dinosaur.  It has a broad bony head frill and three horns.,一种硕大的四足草食恐龙。牠长有宽大的骨质头盾与三只角。,[REVIEWED:1]
A gigantic magic statue made of bronze and bent on mayhem.,一尊硕大的青铜魔法雕像，一心只想肆意破坏。,[REVIEWED:1]
A gigantic monster in elephant form.,一种外形如象的硕大怪物。,[REVIEWED:1]
A gigantic monster in the shape of a sperm whale.,一只外形如抹香鲸的硕大怪物。,[REVIEWED:1]
A gigantic monster in the shape of an orca.,一只外形如逆戟鲸的硕大怪物。,[REVIEWED:1]
"A gigantic monster, once a dragon, now adapted to and polluted by the underground.  Its wings fall limp at its side.  Its face is full of incredibly long teeth.  Its eyes are large to penetrate the darkness.",一种硕大的怪物，曾经是龙，如今已适应地下环境，也遭其污染。双翼无力地垂在身侧，脸上长满极长的牙齿。牠的眼睛硕大，足以看穿黑暗。,[REVIEWED:1]
A gigantic reptilian creature.  It is magical and can breathe fire.  These monsters can live for thousands of years.,一种硕大的爬虫生物。牠具有魔力，能够喷火。这些怪物可以活上数千年。,[REVIEWED:1]
A gigantic rodent found underground.,一种栖息于地下的硕大啮齿动物。,[REVIEWED:1]
A gigantic shark.,一种硕大的鲨鱼。,[REVIEWED:1]
A gigantic spotted cat.  It is possibly the fastest animal on land and is found in the savage wilds.,一种带有斑点的硕大猫科动物。牠可能是陆地上速度最快的动物，栖息于蛮荒野地。,[REVIEWED:1]
"A gigantic spotted predator, dwarfing its small cousins.  It is found in the wild lands.",一种带有斑点的硕大掠食动物，令体型较小的近亲相形见绌。牠栖息于荒野。,[REVIEWED:1]
"A gigantic version of its tiny cousin, this long, slimy creature tunnels through the rocks deep underground.",这种修长黏滑的生物是其微小近亲的硕大版本，会在地底深处的岩石中钻出隧道。,[REVIEWED:1]
"A gigantic version of the feline predator.  Its giant prides can be found in the wildest, most savage parts of the world.",一种猫科掠食动物的硕大版本。牠们组成巨大的狮群，栖息于世界最原始、最蛮荒的地带。,[REVIEWED:1]
A gigantic woolly mammal with a long trunk and two tusk.,一种覆有厚毛的硕大哺乳动物，长有长鼻与两根獠牙。,[REVIEWED:1]
A great slug with the torso of a man.  It pulls itself across the ground with its hands for greater speed.,一种长有人的躯干的巨大蛞蝓。牠用双手拉动身体，以便更快地在地面前进。,[REVIEWED:1]
A green person with the head and arms of a mantis.,一名通体绿色、具有螳螂头部与前肢的人形生物。,[REVIEWED:1]
A green person with the head of a green tree frog.,一名通体绿色、具有绿树蛙头部的人形生物。,[REVIEWED:1]
A green person with the head of a kea.,一名通体绿色、具有啄羊鹦鹉头部的人形生物。,[REVIEWED:1]
A grey person with the head and tail of a gray langur.,一名通体灰色、具有灰叶猴头部与尾巴的人形生物。,[REVIEWED:1]
A grey person with the head of a koala.,一名通体灰色、具有树袋熊头部的人形生物。,[REVIEWED:1]
A hairy person with the head and tail of a chinchilla.,一名浑身多毛、具有毛丝鼠头部与尾巴的人形生物。,[REVIEWED:1]
A heavily-built person with the two teeth and beak of a lystrosaurus.,一名体格粗壮、具有水龙兽两颗牙齿与喙的人形生物。,[REVIEWED:1]
A hideous monster that has the body of a giant mole-rat and the torso of a mole-rat man.   It is found deep underground.,一种丑恶的怪物，长有巨鼹鼠的身体与鼹鼠人的躯干。牠栖息于地底深处。,[REVIEWED:1]
A horned person with the head of a gazelle.,一名长有角、具有瞪羚头部的人形生物。,[REVIEWED:1]
A horned person with the head of a mountain goat.,一名长有角、具有雪羊头部的人形生物。,[REVIEWED:1]
A horned person with the head of a muskox.,一名长有角、具有麝牛头部的人形生物。,[REVIEWED:1]
A horned person with the head of an ibex.,一名长有角、具有羱羊头部的人形生物。,[REVIEWED:1]
A horse-like creature with a spiral horn growing from its forehead.,一种类似马的生物，额头上长着螺旋状的角。,[REVIEWED:1]
A huge ape found in the forest.  It lives in small groups eating plants.  The groups are lead by a large dominant male with a silver back.,一种栖息于森林的庞大猿类。牠们以小群生活，吃植物为生。每群由一只体型庞大、背部银白的优势雄性领导。,[REVIEWED:1]
A huge aquatic mammal with giant tusks and dense whiskers.  They are thick and blubbery and live almost exclusively on mussels.,一种庞大的水生哺乳动物，长有巨大的獠牙与浓密胡须。牠们身躯厚实、脂肪丰富，几乎只以贻贝为食。,[REVIEWED:1]
A huge armored fish with powerful biting jaws.,一种覆有甲片的庞大鱼类，腭部咬合强劲。,[REVIEWED:1]
A huge beast in the form of a gila monster.,一只外形如毒蜥的庞大野兽。,[REVIEWED:1]
A huge bipedal dinosaur with a giant biting jaw and short arms.,一种庞大的双足恐龙，长有巨大的咬合腭部与短小前肢。,[REVIEWED:1]
A huge bipedal dinosaur with a giant biting jaw and short arms.  It has two small horns over its eyes.,一种庞大的双足恐龙，长有巨大的咬合腭部与短小前肢。眼睛上方长有两只小角。,[REVIEWED:1]
A huge bipedal herbivorous dinosaur with a prominent head crest and a beaked mouth.,一种庞大的双足草食恐龙，长有显眼头冠与喙状嘴。,[REVIEWED:1]
A huge bipedal herbivorous dinosaur.  It has a beaked mouth and a hollow crest atop is head.,一种庞大的双足草食恐龙。牠长有喙状嘴，头顶有中空的冠饰。,[REVIEWED:1]
A huge bipedal herbivorous dinosaur.  It has two prominent thumb spikes and a beaked mouth.,一种庞大的双足草食恐龙。牠长有两根显眼的拇指尖刺与喙状嘴。,[REVIEWED:1]
A huge bird monster with extremely long legs and neck.,一种庞大的鸟形怪物，腿与颈部极长。,[REVIEWED:1]
"A huge brown creature found in temperate woodland.  It is known for its ferocious attack, usually when it or its young are threatened.",一种栖息于温带林地的庞大棕色生物。牠以凶猛攻击闻名，通常是在自己或幼兽受到威胁时发动。,[REVIEWED:1]
"A huge cave monster with hundreds of feet moving along the bottom of its long body.  In place of a head, it has an enormous toothy maw.",一种庞大的洞穴怪物，修长身躯的底部有数百只脚不停移动。牠没有头，取而代之的是一张长满牙齿的巨口。,[REVIEWED:1]
A huge creature in the shape of a grasshopper.,一只外形如蚱蜢的庞大生物。,[REVIEWED:1]
A huge emaciated-looking bear with great drooping ears and many sharp teeth.  It is found deep underground.,一种外貌干瘦的巨熊，长有巨大下垂的耳朵与众多尖牙。牠栖息于地底深处。,[REVIEWED:1]
A huge feathered bipedal dinosaur with three gigantic claws on each hand.  It is a herbivore with a beaked mouth.,一种庞大的有羽双足恐龙，每只前肢上长有三只巨爪。牠以植物为食，长有喙状嘴。,[REVIEWED:1]
A huge filter-feeding fish with great wings.  They travel the oceans and are curious and friendly.,一种长有巨大翼状鳍的庞大滤食鱼类。牠们遨游海洋，好奇而友善。,[REVIEWED:1]
A huge fish covered with growths and spots it uses to hide on the sea bed.  It is not usually aggressive.,一种庞大的鱼类，全身覆有突起与斑点，用来在海床上隐藏。牠通常不具攻击性。,[REVIEWED:1]
A huge ground sloth with a long tongue.,一种长有长舌的庞大地懒。,[REVIEWED:1]
A huge hairless mammal with a forked horn.,一种庞大的无毛哺乳动物，长有分叉的角。,[REVIEWED:1]
A huge hairless mammal with a great shovel-like mouth capped with two tusks.  It has a long trunk and two small upper tusks as well.,一种庞大的无毛哺乳动物，巨大的铲状嘴前端长有两根獠牙。牠还有长鼻与两根较小的上獠牙。,[REVIEWED:1]
A huge herbivore with thick plated skin and powerful build.  It is known for the thick horns on the end of its nose.,一种庞大的草食动物，皮肤厚实如甲片，体格强壮。牠以鼻端粗厚的角闻名。,[REVIEWED:1]
A huge herbivorous quadrupedal dinosaur with a long neck and sail along its neck.,一种庞大的四足草食恐龙，长颈上长有帆状构造。,[REVIEWED:1]
A huge herbivorous quadrupedal dinosaur.  It has a broad spiky head frill and three horns.,一种庞大的四足草食恐龙。牠长有宽大带刺的头盾与三只角。,[REVIEWED:1]
A huge hippo-shaped monster.,一种外形如河马的庞大怪物。,[REVIEWED:1]
"A huge humanoid monster with coarse fur, large tusks and horns.",一种庞大的人形怪物，覆有粗毛，长有巨大的獠牙与角。,[REVIEWED:1]
A huge immobile sponge.,一种无法移动的庞大海绵。,[REVIEWED:1]
A huge intelligent ape found in the tropical forests.  It is bright red and found living in the trees.,一种栖息于热带森林、聪明而庞大的猿类。牠的体色鲜红，生活在树上。,[REVIEWED:1]
A huge leaf-eating mammal.  It has an extremely long neck.  Its skin has a distinctive brown and white pattern.,一种以树叶为食的庞大哺乳动物。牠的颈部极长，皮肤上有鲜明的棕白花纹。,[REVIEWED:1]
A huge mammal with a long trunk and two tusks.,一种庞大的哺乳动物，长有长鼻与两根獠牙。,[REVIEWED:1]
A huge marine turtle.,一种庞大的海龟。,[REVIEWED:1]
A huge monster boar with jagged tusks.,一种庞大的野猪怪物，长有参差尖利的獠牙。,[REVIEWED:1]
A huge monster in the form of a bark scorpion.,一只外形如树皮蝎的庞大怪物。,[REVIEWED:1]
A huge monster in the form of a bluejay.,一种外形如蓝松鸦的庞大怪物。,[REVIEWED:1]
A huge monster in the form of a bushmaster.,一只外形如巨蝮的庞大怪物。,[REVIEWED:1]
A huge monster in the form of a bushtit.,一只外形如丛山雀的庞大怪物。,[REVIEWED:1]
A huge monster in the form of a buzzard.,一只外形如秃鹰的庞大怪物。,[REVIEWED:1]
A huge monster in the form of a cardinal.,一只外形如红衣凤头鸟的庞大怪物。,[REVIEWED:1]
A huge monster in the form of a coati.,一只外形如长鼻浣熊的庞大怪物。,[REVIEWED:1]
A huge monster in the form of a copperhead snake.,一只外形如铜头蛇的庞大怪物。,[REVIEWED:1]
A huge monster in the form of a cougar.,一只外形如美洲狮的庞大怪物。,[REVIEWED:1]
A huge monster in the form of a deer.,一只外形如鹿的庞大怪物。,[REVIEWED:1]
A huge monster in the form of a dingo.,一只外形如野狗的庞大怪物。,[REVIEWED:1]
A huge monster in the form of a gazelle.,一只外形如瞪羚的庞大怪物。,[REVIEWED:1]
A huge monster in the form of a grackle.,一只外形如黑羽椋鸟的庞大怪物。,[REVIEWED:1]
A huge monster in the form of a horseshoe crab.,一只外形如马蹄蟹的庞大怪物。,[REVIEWED:1]
A huge monster in the form of a jumping spider.,一只外形如跳蛛的庞大怪物。,[REVIEWED:1]
A huge monster in the form of a lion tamarin.,一只外形如狮狨猴的庞大怪物。,[REVIEWED:1]
A huge monster in the form of a masked lovebird.,一只外形如蒙面爱情鸟的庞大怪物。,[REVIEWED:1]
A huge monster in the form of a mink.,一只外形如水貂的庞大怪物。,[REVIEWED:1]
A huge monster in the form of a mountain goat.,一只外形如雪羊的庞大怪物。,[REVIEWED:1]
A huge monster in the form of a muskox.,一只外形如麝牛的庞大怪物。,[REVIEWED:1]
A huge monster in the form of a pangolin.,一只外形如穿山甲的庞大怪物。,[REVIEWED:1]
A huge monster in the form of a python.,一只外形如巨蟒的庞大怪物。,[REVIEWED:1]
A huge monster in the form of a red-winged blackbird.,一只外形如红翅黑鹂的庞大怪物。,[REVIEWED:1]
A huge monster in the form of a sloth bear.,一只外形如懒熊的庞大怪物。,[REVIEWED:1]
A huge monster in the form of a slug.,一只外形如蛞蝓的庞大怪物。,[REVIEWED:1]
A huge monster in the form of a snail.,一只外形如蜗牛的庞大怪物。,[REVIEWED:1]
A huge monster in the form of a tapir.,一只外形如貘的庞大怪物。,[REVIEWED:1]
A huge monster in the form of a thrips.,一只外形如蓟马的庞大怪物。,[REVIEWED:1]
A huge monster in the form of a vulture.,一只外形如秃鹫的庞大怪物。,[REVIEWED:1]
A huge monster in the form of a wren.,一只外形如鹪鹩的庞大怪物。,[REVIEWED:1]
A huge monster in the form of an aardvark.,一只外形如土豚的庞大怪物。,[REVIEWED:1]
A huge monster in the form of an anaconda.,一只外形如水蟒的庞大怪物。,[REVIEWED:1]
A huge monster in the form of an eagle.,一只外形如鹰的庞大怪物。,[REVIEWED:1]
A huge monster in the form of an elk.,一只外形如麋鹿的庞大怪物。,[REVIEWED:1]
A huge monster in the form of an emu.,一只外形如鸸鹋的庞大怪物。,[REVIEWED:1]
A huge monster in the form of an ibex.,一只外形如羱羊的庞大怪物。,[REVIEWED:1]
A huge monster in the form of an impala.,一只外形如高角羚的庞大怪物。,[REVIEWED:1]
A huge monster in the form of an oriole.,一只外形如黄鹂的庞大怪物。,[REVIEWED:1]
A huge monster in the shape of a black bear.,一只外形如黑熊的庞大怪物。,[REVIEWED:1]
A huge monster in the shape of a brown recluse spider.,一只外形如棕色遁蛛的庞大怪物。,[REVIEWED:1]
A huge monster in the shape of a cassowary.,一只外形如鹤鸵的庞大怪物。,[REVIEWED:1]
A huge monster in the shape of a fox.,一只外形如狐狸的庞大怪物。,[REVIEWED:1]
A huge monster in the shape of a gray langur.,一只外形如灰叶猴的庞大怪物。,[REVIEWED:1]
A huge monster in the shape of a great horned owl.,一只外形如大角鸮的庞大怪物。,[REVIEWED:1]
A huge monster in the shape of a grey parrot.,一只外形如灰鹦鹉的庞大怪物。,[REVIEWED:1]
A huge monster in the shape of a grizzly bear.,一只外形如灰熊的庞大怪物。,[REVIEWED:1]
A huge monster in the shape of a harp seal.,一只外形如竖琴海豹的庞大怪物。,[REVIEWED:1]
A huge monster in the shape of a hornbill.,一只外形如犀鸟的庞大怪物。,[REVIEWED:1]
A huge monster in the shape of a kangaroo.,一只外形如袋鼠的庞大怪物。,[REVIEWED:1]
A huge monster in the shape of a kestrel.,一只外形如红隼的庞大怪物。,[REVIEWED:1]
A huge monster in the shape of a lizard.,一只外形如蜥蜴的庞大怪物。,[REVIEWED:1]
A huge monster in the shape of a louse.,一只外形如虱子的庞大怪物。,[REVIEWED:1]
A huge monster in the shape of a lynx.,一只外形如猞猁的庞大怪物。,[REVIEWED:1]
A huge monster in the shape of a magpie.,一只外形如喜鹊的庞大怪物。,[REVIEWED:1]
A huge monster in the shape of a monitor lizard.,一只外形如巨蜥的庞大怪物。,[REVIEWED:1]
A huge monster in the shape of a moon snail.,一只外形如月亮蜗牛的庞大怪物。,[REVIEWED:1]
A huge monster in the shape of a mosquito.,一只外形如蚊子的庞大怪物。,[REVIEWED:1]
A huge monster in the shape of a nautilus.,一只外形如鹦鹉螺的庞大怪物。,[REVIEWED:1]
A huge monster in the shape of a polar bear.,一只外形如北极熊的庞大怪物。,[REVIEWED:1]
A huge monster in the shape of a raccoon.,一只外形如浣熊的庞大怪物。,[REVIEWED:1]
A huge monster in the shape of a saltwater crocodile.,一只外形如咸水鳄的庞大怪物。,[REVIEWED:1]
A huge monster in the shape of a sloth.,一只外形如树懒的庞大怪物。,[REVIEWED:1]
A huge monster in the shape of a toad.,一只外形如蟾蜍的庞大怪物。,[REVIEWED:1]
A huge monster in the shape of a wolf.,一只外形如狼的庞大怪物。,[REVIEWED:1]
A huge monster in the shape of a wombat.,一只外形如袋熊的庞大怪物。,[REVIEWED:1]
A huge monster in the shape of an albatross.,一只外形如信天翁的庞大怪物。,[REVIEWED:1]
A huge monster in the shape of an alligator.,一只外形如短吻鳄的庞大怪物。,[REVIEWED:1]
A huge monster in the shape of an elephant seal.,一只外形如象海豹的庞大怪物。,[REVIEWED:1]
A huge monster in the shape of an iguana.,一只外形如鬣蜥的庞大怪物。,[REVIEWED:1]
A huge monster in the shape of an ocelot.,一只外形如豹猫的庞大怪物。,[REVIEWED:1]
A huge monster in the shape of an opossum.,一只外形如负鼠的庞大怪物。,[REVIEWED:1]
A huge monster shaped like a pond turtle.,一种外形如泽龟的庞大怪物。,[REVIEWED:1]
A huge monster shaped like an aye-aye.,一种外形如指猴的庞大怪物。,[REVIEWED:1]
A huge monster taking the shape of a peach-faced lovebird.,一只外形如桃面爱情鸟的庞大怪物。,[REVIEWED:1]
A huge monster taking the shape of a rattlesnake.,一只外形如响尾蛇的庞大怪物。,[REVIEWED:1]
A huge monster that lurks in caverns deep under the earth.  It uses its wide beak to reach down and pluck up unsuspecting intruders.,一种潜伏于地底深处洞穴中的庞大怪物。牠会将宽大的喙向下伸，叼走毫无戒心的入侵者。,[REVIEWED:1]
A huge monster the shape of a badger.  It is ferocious in combat.,一种外形如獾的庞大怪物。牠在战斗中十分凶猛。,[REVIEWED:1]
A huge monster the shape of a giraffe.,一只外形如长颈鹿的庞大怪物。,[REVIEWED:1]
A huge monster the shape of a honey badger.  It is ferocious in combat.,一种外形如蜜獾的庞大怪物。牠在战斗中十分凶猛。,[REVIEWED:1]
A huge monster the shape of a hyena.,一只外形如鬣狗的庞大怪物。,[REVIEWED:1]
A huge monster the shape of a moose.,一只外形如驼鹿的庞大怪物。,[REVIEWED:1]
A huge monster the shape of a one-humped camel.,一只外形如单峰骆驼的庞大怪物。,[REVIEWED:1]
A huge monster the shape of a rhinoceros.,一只外形如犀牛的庞大怪物。,[REVIEWED:1]
A huge monster the shape of a two-humped camel.,一只外形如双峰骆驼的庞大怪物。,[REVIEWED:1]
A huge monster warthog with jagged tusks.,一种庞大的疣猪怪物，长有参差尖利的獠牙。,[REVIEWED:1]
A huge monster with an enormous shell.,一种背负巨壳的庞大怪物。,[REVIEWED:1]
"A huge monster with an enormous tail, covered with thick fur.  They run on four legs and can be found deep under the earth.",一种庞大的怪物，长有巨尾，全身覆着厚毛。牠们用四条腿奔跑，栖息于地底深处。,[REVIEWED:1]
"A huge monster, shaped like a penguin.",一种外形如企鹅的庞大怪物。,[REVIEWED:1]
"A huge monster, the shape of a platypus.",一只外形如鸭嘴兽的庞大怪物。,[REVIEWED:1]
A huge ocean mammal.  It is a vicious predator and can hunt in groups.,一种庞大的海洋哺乳动物。牠是凶猛的掠食者，能够成群猎食。,[REVIEWED:1]
"A huge oceanic fish capable of great speed.  It has a long, sharp snout used for slashing its prey.",一种游速极快的庞大海鱼。牠长而尖锐的吻部可用来划伤猎物。,[REVIEWED:1]
A huge person with the head and flippers of a sperm whale.,一名身形巨大、具有抹香鲸头部与鳍肢的人形生物。,[REVIEWED:1]
A huge predatory fish found in open ocean.  It has a long pointed bill which it uses to slash and ram.,一种栖息于外海的庞大掠食鱼类。牠长有尖长的喙，用于挥斩与冲撞。,[REVIEWED:1]
A huge predatory mammal covered in white hair.  It hunts the shores along tundra and glaciers.,一种覆有白毛的庞大掠食性哺乳动物。牠在冻原与冰川沿岸猎食。,[REVIEWED:1]
A huge quadrupedal dinosaur with a prominent row of plates along its back and a spiked tail.  It is a herbivore but can defend itself.,一种庞大的四足恐龙，背上排列着醒目的骨板，尾部长有尖刺。牠以植物为食，但能够自卫。,[REVIEWED:1]
"A huge quadrupedal dinosaur with a row of spines along its back, a spiked tail, and two prominent shoulder spikes.  It is a herbivore but can defend itself.",一种庞大的四足恐龙，背部排列着尖刺，尾部带刺，肩上另有两根醒目的长刺。牠以植物为食，但能够自卫。,[REVIEWED:1]
A huge quadrupedal dinosaur with an armored carapace.  It is a herbivore.,一种覆有坚硬甲壳的庞大四足恐龙。牠以植物为食。,[REVIEWED:1]
"A huge reptile, found in rivers and marshlands.  It is an ambush predator, solitary and territorial.",一种栖息于河流与湿地的庞大爬虫。牠是埋伏型掠食者，独居且有领域性。,[REVIEWED:1]
A huge rodent found underground.,一种栖息于地下的庞大啮齿动物。,[REVIEWED:1]
A huge rodent that walks on tall legs.  Its bark can be heard at large distances.  It is fond of swimming.,一种以高长双腿行走的庞大啮齿动物。牠的吠叫声在远处也能听到。牠喜欢游泳。,[REVIEWED:1]
A huge sea monster in the shape of a cuttlefish.,一只外形如墨鱼的庞大海怪。,[REVIEWED:1]
A huge sea monster the shape of a squid.,一只外形如鱿鱼的庞大海怪。,[REVIEWED:1]
A huge sea monster with an enormous horn on its nose.,一种庞大海怪，鼻端长有巨角。,[REVIEWED:1]
A huge shelled mammal.,一种背负硬壳的庞大哺乳动物。,[REVIEWED:1]
A huge woolly mammal with two horns.,一种覆有厚毛、长有两只角的庞大哺乳动物。,[REVIEWED:1]
"A huge, hairless mammal, found grazing in grasslands in groups.  It eats plants which it lifts up with its long trunk.  When angered, it will attack with its long tusks.",一种庞大的无毛哺乳动物，成群在草原上吃草。牠用长鼻卷起植物进食。发怒时，牠会用长獠牙攻击。,[REVIEWED:1]
"A huge, predatory reptile found in coastal marshes and river deltas.  It ambushes its prey at the shore and uses its great size to drag the victim under and drown them.",一种栖息于沿海沼泽与河口三角洲的庞大掠食爬虫。牠在岸边伏击猎物，凭借巨大的体型将受害者拖入水中淹死。,[REVIEWED:1]
"A huge, predatory reptile with pale, colorless scales and red eyes.  It lives in caves and ambushes its prey.",一种庞大的掠食爬虫，鳞片苍白无色，眼睛呈红色。牠生活在洞穴中，埋伏猎物。,[REVIEWED:1]
"A huge, round, hairless river creature.  It is a plant-eating animal but has long tusks and can be aggressive and deadly if disturbed.",一种庞大、圆胖而无毛的河栖生物。牠虽然吃植物，却长有长獠牙，受到惊扰时可能变得凶猛而致命。,[REVIEWED:1]
"A huge, striped predator.  It is found in almost any climate on a lone hunt for its prey.",一种身有条纹的庞大掠食动物。几乎在任何气候下，都能见到牠独自猎食。,[REVIEWED:1]
A humanoid creature with the head and belly of a panda.,一种具有大猫熊头部与腹部的人形生物。,[REVIEWED:1]
A humanoid creature with the head of a blind cave fish.  They live in colonies in watery regions far underground.,一种长有盲眼洞穴鱼头部的人形生物。牠们在地底深处的水域成群生活。,[REVIEWED:1]
A humanoid made of mud which lives near water underground.,一种由泥巴构成的人形生物，生活在地下的水边。,[REVIEWED:1]
"A humanoid monster found lurking far underground.  It feigns death, usually near water, until a victim passes by.  It then uses its long arms to drag its prey into the water to drown or strangle them.",一种潜伏于地底深处的人形怪物。牠通常在水边装死，等待受害者经过，然后用长臂将猎物拖入水中淹死或勒死。,[REVIEWED:1]
A humanoid with the head and antlers of a moose.,一种具有驼鹿头部与鹿角的人形生物。,[REVIEWED:1]
A humanoid with the head and body of an ant.,一种具有蚂蚁头部与身躯的人形生物。,[REVIEWED:1]
A humanoid with the head and stripes of a badger.,一种具有獾的头部与条纹的人形生物。,[REVIEWED:1]
A humanoid with the head and stripes of a honey badger.,一种具有蜜獾头部与条纹的人形生物。,[REVIEWED:1]
A humanoid with the head of a bat and wings stretching from wrist to ankle.,一种长有蝙蝠头部的人形生物，翼膜从手腕延伸至脚踝。,[REVIEWED:1]
A humanoid with the head of a capybara.  It is fond of swimming.,一种长有水豚头部的人形生物。牠喜欢游泳。,[REVIEWED:1]
"A humanoid with the head, feet, and feathers of a penguin.",一种具有企鹅头部、双足与羽毛的人形生物。,[REVIEWED:1]
"A humanoid with the head, tail and poison spurs of a platypus.",一种具有鸭嘴兽头部、尾巴与毒距的人形生物。,[REVIEWED:1]
A large adder with the torso and arms of a man.,一种大型蝰蛇，长有人的躯干与手臂。,[REVIEWED:1]
A large anaconda with the torso and arms of a man.,一种大型水蟒，长有人的躯干与手臂。,[REVIEWED:1]
A large and mysterious ape-like creature found in temperate forests.,一种栖息于温带森林、庞大而神秘的猿形生物。,[REVIEWED:1]
A large ape which lives in the tropical forests.  It is quite intelligent and lives in large and complex social groups.,一种生活在热带森林的大型猿类。牠相当聪明，形成庞大而复杂的社会群体。,[REVIEWED:1]
"A large ape which lives in the tropical forests.  It lives in complex social groups of many members.  Though it is quite intelligent, it has been known for ferocious attacks.",一种生活在热带森林的大型猿类。牠们组成成员众多、结构复杂的社会群体。虽然相当聪明，牠们也以凶猛攻击闻名。,[REVIEWED:1]
"A large ape-like creature with white fur, found in the snowy wilds.",一种覆有白毛的大型猿形生物，栖息于冰雪荒野。,[REVIEWED:1]
A large aquatic arthropod with two pincers attached to its front and a sleek segmented body.,一种大型水生节肢动物，前端长有一对螯，身体流线而分节。,[REVIEWED:1]
A large arthropod person with two pincers attached to their head.,一名大型节肢类人形生物，头部长有一对螯。,[REVIEWED:1]
A large ball of skin found moving around the debris near underground ponds.  It is there that it absorbs dead matter for food.,一团巨大的皮球状生物，在地下池塘附近的碎屑间移动。牠在那里吸收死去的物质作为食物。,[REVIEWED:1]
A large bear-like creature with a striking coat of black and white hair.  It feeds on bamboo forests.,一种大型熊形生物，覆有醒目的黑白皮毛。牠以竹林中的竹子为食。,[REVIEWED:1]
A large bird monster in the shape of a snowy owl.,一只外形如雪鸮的大型鸟类怪物。,[REVIEWED:1]
A large bird monster that is the same shape as a peregrine falcon.,一种外形与游隼相同的大型鸟怪。,[REVIEWED:1]
"A large bird with a featherless red head found in the sky of tropical deserts, scanning the ground for dead carcasses.",一种头部鲜红无毛的大鸟，翱翔于热带沙漠上空，搜寻地面的尸体。,[REVIEWED:1]
A large bird-like monster in the shape of a sparrow.,一只外形如麻雀的大型鸟形怪物。,[REVIEWED:1]
"A large bird-like monster, even more deadly when found in groups.",一种大型鸟形怪物，成群出现时更加致命。,[REVIEWED:1]
A large bulky mammal person with a long snout and skinny legs.,一名身形庞大粗壮的哺乳类人形生物，长有长吻与细腿。,[REVIEWED:1]
A large bulky mammal with a long snout.  It can run quickly on its thin legs.,一种身形粗壮、长有长吻的大型哺乳动物。牠能用纤细的腿快速奔跑。,[REVIEWED:1]
A large bushmaster with the arms of a man.,一种长有人的手臂的大型巨蝮。,[REVIEWED:1]
A large canine found in temperate regions.  It is territorial and hunts in packs.,一种栖息于温带地区的大型犬科动物。牠有领域性，成群猎食。,[REVIEWED:1]
A large cavern-dwelling humanoid monster.  It has a gaping mouth with many sharp teeth.  It has no eyes and only two digits on each hand and foot.,一种栖息于洞穴的大型人形怪物。牠张开的大嘴中长有许多尖牙。牠没有眼睛，每只手脚都只有两根指趾。,[REVIEWED:1]
A large cephalod person with the tentacled face and shell of an ammonite.,一名体型庞大的头足类、具有菊石长有触手的脸部与外壳的人形生物。,[REVIEWED:1]
A large copperhead snake with the arms of a man.,一种长有人的手臂的大型铜头蝮。,[REVIEWED:1]
A large creature found grazing on mushrooms deep underground.  It walks on two legs and has the head of a bird with the antlers of a great elk.,一种在地底深处吃蘑菇的大型生物。牠以双腿行走，长有鸟头与巨麋鹿般的鹿角。,[REVIEWED:1]
A large creature the shape of a chipmunk.,一只外形如花栗鼠的大型生物。,[REVIEWED:1]
A large creature the shape of a gray squirrel.,一只外形如灰松鼠的大型生物。,[REVIEWED:1]
A large creature the shape of a groundhog.,一只外形如土拨鼠的大型生物。,[REVIEWED:1]
A large creature the shape of a hamster.,一只外形如仓鼠的大型生物。,[REVIEWED:1]
A large creature the shape of a hoary marmot.,一只外形如花白旱獭的大型生物。,[REVIEWED:1]
A large creature the shape of a red squirrel.,一只外形如红松鼠的大型生物。,[REVIEWED:1]
A large dinosaur person with a beaked mouth and a hollow crest atop their head.,一名大型恐龙人，长有喙状嘴，头顶有中空的冠饰。,[REVIEWED:1]
A large dinosaur person with a beaked mouth and a prominent head crest.,一名大型恐龙人，长有喙状嘴与显眼的头冠。,[REVIEWED:1]
A large dinosaur person with a fierce jaw and a strong flexible neck.,一名大型恐龙人，腭部强劲，颈部强壮而灵活。,[REVIEWED:1]
A large dinosaur person with a fierce jaw and short arms.,一名大型恐龙人，腭部强劲，手臂短小。,[REVIEWED:1]
"A large dinosaur person with a fierce jaw, short arms, and small horns over their eyes.",一名大型恐龙人，腭部强劲、手臂短小，眼睛上方长有小角。,[REVIEWED:1]
A large dinosaur person with a long neck that has a sail.,一名大型恐龙人，长颈上长有帆状构造。,[REVIEWED:1]
A large dinosaur person with a long neck.,一名长颈的大型恐龙人。,[REVIEWED:1]
A large dinosaur person with a thick domed head.,一名头部厚实且呈圆顶状的大型恐龙人。,[REVIEWED:1]
A large dinosaur person with an armored carapace.,一名覆有坚硬甲壳的大型恐龙人。,[REVIEWED:1]
"A large dinosaur person with fierce jaws, a horn and short arms.",一名大型恐龙人，腭部强劲、长有一只角，手臂短小。,[REVIEWED:1]
A large dinosaur person with plates along its back and a spiked tail.,一名大型恐龙人，背上排列着骨板，尾部长有尖刺。,[REVIEWED:1]
"A large dinosaur person with spines along its back, a spiked tail, and two menacing shoulder spikes.",一名大型恐龙人，背部与尾部长有尖刺，肩上还有两根骇人的长刺。,[REVIEWED:1]
A large dinosaur person with two parallel head crests and short arms.,一名大型恐龙人，头上有两道平行冠饰，手臂短小。,[REVIEWED:1]
A large dog-like monster with a haunting howl.,一种类似犬的大型怪物，嚎叫声令人毛骨悚然。,[REVIEWED:1]
A large domestic animal with a long neck.  It has been bred for its valuable hair.,一种长颈的大型家畜。人们为了牠珍贵的毛而繁育牠。,[REVIEWED:1]
A large domestic pack animal.  It has a long neck.  It is prized for its hair.,一种大型家养驮兽。牠长有长颈，因毛发而受到珍视。,[REVIEWED:1]
A large eel-like fish found in coastal waters.,一种栖息于沿海水域的大型鳗形鱼类。,[REVIEWED:1]
A large feathered bipedal dinosaur with a sharp scything claw on its second toe.,一种覆有羽毛的大型双足恐龙，第二趾上长有锋利的镰刀状爪。,[REVIEWED:1]
A large feathered dinosaur person with a sharp claw on their second toe.,一名覆有羽毛的大型恐龙人，第二趾上长有利爪。,[REVIEWED:1]
A large feline person with pronounced eye teeth protruding from their mouth.,一名大型猫科人形生物，突出的犬齿伸出口外。,[REVIEWED:1]
A large feline with pronounced eye teeth protruding from its mouth.,一种大型猫科动物，突出的犬齿伸出口外。,[REVIEWED:1]
A large ferocious predator found in grasslands.  It lives in groups of females and one male with a large mane.  They hunt together and are capable of felling extremely large prey.,一种栖息于草原的大型凶猛掠食动物。牠们成群生活，由多只雌性与一只长有浓密鬃毛的雄性组成。牠们合力狩猎，能扑倒体型极大的猎物。,[REVIEWED:1]
A large fish found in coastal temperate waters.,一种栖息于温带沿海水域的大鱼。,[REVIEWED:1]
A large fish which scavenges along tropical and temperate coastal waters.,一种在热带与温带沿海水域食腐的大鱼。,[REVIEWED:1]
A large flightless bird person.  Moa women are twice the size of moa men.,一名不会飞行的大型鸟人。雌恐鸟人的体型是雄恐鸟人的两倍。,[REVIEWED:1]
A large flightless bird that runs through the savanna.  It has a long neck and legs.,一种在稀树草原上奔跑的大型不会飞的鸟。牠有修长的颈部与双腿。,[REVIEWED:1]
A large flightless bird.  Females are more than twice as large as males.  They are primarily herbivorous.,一种大型不会飞的鸟。雌性的体型是雄性的两倍以上。牠们主要以植物为食。,[REVIEWED:1]
A large flightless bird.  It is very curious and has been known to follow other creatures.,一种大型不会飞的鸟。牠好奇心旺盛，会跟随其他生物。,[REVIEWED:1]
A large flying reptile person with a long neck and beak.,一名大型飞行爬虫人，长有长颈与长喙。,[REVIEWED:1]
A large flying reptile with a long neck and beak.  It can soar at amazing speeds.,一种长有长颈与长喙的大型飞行爬行动物。牠能以惊人的速度翱翔。,[REVIEWED:1]
A large hairless mammal person with a forked horn.,一名大型无毛哺乳类人形生物，长有分叉的角。,[REVIEWED:1]
A large hairless mammal person with a large shovel-like mouth and a trunk.,一名大型无毛哺乳类人形生物，长有宽大的铲状嘴与长鼻。,[REVIEWED:1]
A large hooved animal found roaming wild in temperate forests.  The males have long antlers.,一种在温带森林中野外游荡的大型有蹄动物。雄性长有长长的鹿角。,[REVIEWED:1]
A large hooved animal with curved horns and a thick brown coat.  It is known for its strong odor.,一种长有弯角、覆有厚实棕色毛皮的大型有蹄动物。牠以强烈的气味闻名。,[REVIEWED:1]
"A large hooved, maned herbivore.  They can run swiftly and many are domesticated as steeds.",一种长有鬃毛的大型有蹄草食动物。牠们跑得很快，许多被驯养为坐骑。,[REVIEWED:1]
"A large humanoid monster from the wild tundra.  It has translucent skin, icicles for teeth, red glowing eyes and pointed ears.",一种来自荒野冻原的大型人形怪物。牠有半透明的皮肤、冰柱般的牙齿、泛红光的眼睛与尖耳。,[REVIEWED:1]
A large koala-shaped monster.,一种外形如无尾熊的大型怪物。,[REVIEWED:1]
A large legless armor-plated person with the powerful biting jaws of a dunkleosteus.,一名体型庞大、无腿且覆有甲片、具有邓氏鱼强而有力的咬合腭部的人形生物。,[REVIEWED:1]
A large legless reptile person with a long neck.,一名大型无腿爬虫人，长有长颈。,[REVIEWED:1]
A large legless reptile person with the elongated snouth of an ichthyosaurus.,一名体型庞大且无腿的爬虫类、具有鱼龙细长吻部的人形生物。,[REVIEWED:1]
A large legless shark person with the bizarre tooth whorl of a helicoprion.,一名体型庞大且无腿的鲨鱼类、具有旋齿鲨奇异的螺旋状齿列的人形生物。,[REVIEWED:1]
A large legless snake person.,一名大型无腿蛇人。,[REVIEWED:1]
A large lizard person.,一名大型蜥蜴人。,[REVIEWED:1]
A large long-necked creature with a large hump on its sturdy body.  It has been domesticated to carry passengers and cargo but is nonetheless bad-tempered and will spit.,一种大型长颈生物，结实的身躯上有一个大驼峰。牠被驯养来载人与运货，但脾气依然暴躁，还会吐口水。,[REVIEWED:1]
A large mammal person with a long trunk and two tusks.,一名大型哺乳类人形生物，长有长鼻与两根獠牙。,[REVIEWED:1]
A large mammal person with a shell.,一名背负硬壳的大型哺乳类人形生物。,[REVIEWED:1]
A large mammal with great antlers and a large nose. It lives in temperate forests.,一种长有巨大鹿角与大鼻子的大型哺乳动物。牠栖息于温带森林。,[REVIEWED:1]
A large mammalian herbivore living in cold climates.  It has large antlers and sought-after fur.,一种生活在寒冷气候下的大型草食哺乳动物。牠有巨大的鹿角，毛皮十分抢手。,[REVIEWED:1]
A large mammalian herbivore.  It has long fur and curving horns.  It can be found in the mountains.,一种大型草食哺乳动物。牠长有长毛与弯角。牠栖息于山地。,[REVIEWED:1]
A large mammalian herbivore.  It is powerfully built and has long curved horns.,一种大型草食哺乳动物。牠体格强健，长有弯曲的长角。,[REVIEWED:1]
A large mammalian herbivore.  They often bear large horns and the males are ill-tempered.  They are domesticated for milk and meat.,一种大型草食哺乳动物。牠们通常长有大角，雄性脾气暴躁。人们驯养牠们以取得奶与肉。,[REVIEWED:1]
A large mammalian person with a long head.,一名头部狭长的大型哺乳类人形生物。,[REVIEWED:1]
A large mongoose-like monster known for hunting people amongst other things.,一种类似獴的大型怪物，除了其他猎物，也以猎杀人类闻名。,[REVIEWED:1]
"A large monkey with blue face and rump.  It lives in large groups and often survives by destroying crops and stealing garbage.  The males are larger, with powerful jaws.",一种脸部与臀部呈蓝色的大型猴类。牠们成大群生活，常靠破坏农作物与偷食垃圾维生。雄性的体型较大，腭部强健。,[REVIEWED:1]
A large monster in the form of a barn owl.,一只外形如仓鸮的大型怪物。,[REVIEWED:1]
A large monster in the form of a bobcat.,一只外形如短尾猫的大型怪物。,[REVIEWED:1]
A large monster in the form of a capuchin.,一只外形如卷尾猴的大型怪物。,[REVIEWED:1]
A large monster in the form of a cockatiel.,一只外形如玄凤鹦鹉的大型怪物。,[REVIEWED:1]
A large monster in the form of a desert tortoise.,一只外形如沙漠陆龟的大型怪物。,[REVIEWED:1]
A large monster in the form of a jackal.,一只外形如豺的大型怪物。,[REVIEWED:1]
A large monster in the form of a kingsnake.,一只外形如皇帝蛇的大型怪物。,[REVIEWED:1]
A large monster in the form of a mandrill.,一只外形如山魈的大型怪物。,[REVIEWED:1]
A large monster in the form of a moth.,一只外形如飞蛾的大型怪物。,[REVIEWED:1]
A large monster in the form of a porcupine.,一只外形如豪猪的大型怪物。,[REVIEWED:1]
A large monster in the form of a puffin.,一只外形如海鹦的大型怪物。,[REVIEWED:1]
A large monster in the form of a rhesus macaque.,一只外形如猕猴的大型怪物。,[REVIEWED:1]
A large monster in the form of a skunk.,一只外形如臭鼬的大型怪物。,[REVIEWED:1]
A large monster in the form of a spider monkey.,一只外形如蜘蛛猴的大型怪物。,[REVIEWED:1]
A large monster in the form of a stork.,一种外形如鹳的大型怪物。,[REVIEWED:1]
A large monster in the form of a swan.,一只外形如天鹅的大型怪物。,[REVIEWED:1]
A large monster in the form of an adder.,一只外形如蝰蛇的大型怪物。,[REVIEWED:1]
A large monster in the form of an osprey.,一只外形如鱼鹰的大型怪物。,[REVIEWED:1]
A large monster in the form of an otter.,一种外形如水獭的大型怪物。,[REVIEWED:1]
A large monster in the shape of a beetle.,一只外形如甲虫的大型怪物。,[REVIEWED:1]
A large monster in the shape of a chameleon.,一只外形如变色蜥的大型怪物。,[REVIEWED:1]
A large monster in the shape of a chinchilla.,一只外形如毛丝鼠的大型怪物。,[REVIEWED:1]
A large monster in the shape of a crab.,一只外形如螃蟹的大型怪物。,[REVIEWED:1]
A large monster in the shape of a damselfly.,一只外形如蓝蜻蛉的大型怪物。,[REVIEWED:1]
A large monster in the shape of a dragonfly.,一只外形如蜻蜓的大型怪物。,[REVIEWED:1]
A large monster in the shape of a firefly.,一只外形如萤火虫的大型怪物。,[REVIEWED:1]
A large monster in the shape of a fly.,一只外形如苍蝇的大型怪物。,[REVIEWED:1]
A large monster in the shape of a gecko.,一种外形如壁虎的大型怪物。,[REVIEWED:1]
A large monster in the shape of a green tree frog.,一只外形如绿树蛙的大型怪物。,[REVIEWED:1]
A large monster in the shape of a hare.,一只外形如野兔的大型怪物。,[REVIEWED:1]
A large monster in the shape of a king cobra.,一只外形如眼镜王蛇的大型怪物。,[REVIEWED:1]
A large monster in the shape of a leech.,一只外形如水蛭的大型怪物。,[REVIEWED:1]
A large monster in the shape of a loon.,一只外形如潜鸟的大型怪物。,[REVIEWED:1]
A large monster in the shape of a lorikeet.,一只外形如吸蜜鹦鹉的大型怪物。,[REVIEWED:1]
A large monster in the shape of a mantis.,一只外形如螳螂的大型怪物。,[REVIEWED:1]
A large monster in the shape of a monarch butterfly.,一只外形如帝王蝶的大型怪物。,[REVIEWED:1]
A large monster in the shape of a parakeet.,一只外形如长尾鹦鹉的大型怪物。,[REVIEWED:1]
A large monster in the shape of a roach.,一种外形如蟑螂的大型怪物。,[REVIEWED:1]
A large monster in the shape of a skink.,一只外形如彩舌蜥的大型怪物。,[REVIEWED:1]
A large monster in the shape of a stoat.,一只外形如白鼬的大型怪物。,[REVIEWED:1]
A large monster in the shape of an anole.,一只外形如安乐蜥的大型怪物。,[REVIEWED:1]
A large monster in the shape of an axolotl.,一只外形如蝾螈的大型怪物。,[REVIEWED:1]
A large monster in the shape of an echidna.,一只外形如针鼹的大型怪物。,[REVIEWED:1]
A large monster taking the shape of a black mamba.,一只外形如黑曼巴蛇的大型怪物。,[REVIEWED:1]
A large monster taking the shape of a flying squirrel.,一只外形如鼯鼠的大型怪物。,[REVIEWED:1]
A large monster taking the shape of a tick.,一只外形如蜱虫的大型怪物。,[REVIEWED:1]
A large monster taking the shape of a weasel.,一只外形如黄鼬的大型怪物。,[REVIEWED:1]
A large monster the shape of a kakapo.,一只外形如鸮鹦鹉的大型怪物。,[REVIEWED:1]
A large monster the shape of an armadillo.  It has thick armor for skin.,一种外形如犰狳的大型怪物。牠的皮肤如厚重的铠甲。,[REVIEWED:1]
A large monster with a long nose and brown feathers.,一种长有长鼻与棕色羽毛的大型怪物。,[REVIEWED:1]
A large monster with an enormous shell and immensely powerful jaw.,一种大型怪物，背负巨壳，腭部极其强劲。,[REVIEWED:1]
A large monster with the shape of a hedgehog.,一只外形如刺猬的大型怪物。,[REVIEWED:1]
A large monster with the shape of a red panda.,一只外形如红熊猫的大型怪物。,[REVIEWED:1]
A large nocturnal bottom-dwelling fish.  It is sluggish in movement and found in near-tropical shores.,一种夜间活动、栖息于水底的大型鱼类。牠行动迟缓，出没于接近热带的海岸。,[REVIEWED:1]
A large oceanic fish capable of great speed.,一种游速极快的大型海鱼。,[REVIEWED:1]
A large oceanic fish covered with bony plates.,一种全身覆有骨板的大型海鱼。,[REVIEWED:1]
"A large oceanic fish.  It is flat, round and red.",一种大型海鱼。牠的身体扁平、圆而呈红色。,[REVIEWED:1]
"A large omnivorous predator found in temperate woodlands.  Mainly living on berries, it will also steal carcasses from other hunters.  Though normally a docile animal, it has been known to kill in a predatory attack.",一种栖息于温带林地的大型杂食掠食动物。牠主要吃浆果，也会偷取其他猎食者捕获的尸体。牠通常性情温顺，但也曾发动捕食攻击并造成死亡。,[REVIEWED:1]
A large person with the head of a black bear.,一名体型庞大、具有黑熊头部的人形生物。,[REVIEWED:1]
A large person with the head of a grizzly bear.,一名体型庞大、具有灰熊头部的人形生物。,[REVIEWED:1]
A large person with the head of a hippo.,一名体型庞大、具有河马头部的人形生物。,[REVIEWED:1]
A large person with the head of a polar bear.,一名体型庞大、具有北极熊头部的人形生物。,[REVIEWED:1]
A large person with the powerful jaws and tail of an anteosaurus.,一名体型庞大、具有安蒂欧兽强劲腭部与尾巴的人形生物。,[REVIEWED:1]
A large person with the prominent back sail and tail of a dimetrodon.,一名体型庞大、具有异齿龙显眼背帆与尾巴的人形生物。,[REVIEWED:1]
A large person with the trunk and ears of an elephant.,一名体型庞大、具有大象长鼻与耳朵的人形生物。,[REVIEWED:1]
A large predatory amphibious mammal.  It is difficult to evade once in the water.,一种能在水陆活动的大型掠食哺乳动物。一旦进入水中，就很难躲过牠。,[REVIEWED:1]
A large predatory flightless bird with a terrifying beak.,一种不会飞行的大型猛禽，长有骇人的鸟喙。,[REVIEWED:1]
A large python with arms of a man.,一种长有人的手臂的大型蟒蛇。,[REVIEWED:1]
A large quadruped with a mane circling its manlike face and hands at the end of its forelimbs.  It lives underground and is fond of raiding the supplies of cavern outposts.,一种大型四足动物，形似人类的脸周围长着鬃毛，前肢末端长有手。牠生活在地下，喜欢掠夺洞穴前哨的补给。,[REVIEWED:1]
A large quadruped with a prominent sail along its back.,一种大型四足动物，背上长有显眼的帆状构造。,[REVIEWED:1]
A large quadruped with two teeth and a beak for eating plants.,一种大型四足动物，长有两颗牙齿与用来吃植物的喙。,[REVIEWED:1]
A large reptile person with the shell of a turtle.,一名背负龟壳的大型爬虫人。,[REVIEWED:1]
"A large reptile with a thick ridged shell.  It has been known to consume snakes and smaller turtles, and its bite can amputate fingers.",一种背负厚重棱脊甲壳的大型爬行动物。牠会吞食蛇与较小的龟，咬合力足以咬断手指。,[REVIEWED:1]
"A large river monster, known for building huge wooden fortresses.",一种大型河中怪物，以建造巨大的木制堡垒闻名。,[REVIEWED:1]
A large rodent that lives in groups in the high mountains.,一种群居于高山的大型啮齿动物。,[REVIEWED:1]
A large shark with a strikingly bizarre tooth whorl for biting prey.,一种大型鲨鱼，具有异常奇特的螺旋状齿列，用来咬住猎物。,[REVIEWED:1]
A large sloth person with a long tongue.,一名长有长舌的大型树懒人。,[REVIEWED:1]
A large slug-like creature with the torso of a man.  Its face is a mockery of teeth and slime.,一种长有人类躯干的大型蛞蝓状生物。牠的脸是牙齿与黏液构成的扭曲怪相。,[REVIEWED:1]
"A large solitary feline.  It is found most often in dense vegetation, ambushing its prey.",一种独居的大型猫科动物。牠多出没于茂密植被之中，伏击猎物。,[REVIEWED:1]
A large spotted feline found in grass and woodland.  It is known for great speed in hunting.,一种栖息于草地与林地、带斑点的大型猫科动物。牠以狩猎时的高速闻名。,[REVIEWED:1]
A large spotted feline predator.  It is capable of incredible speed when ambushing its prey.,一种带斑点的大型猫科掠食动物。牠伏击猎物时能爆发出惊人的速度。,[REVIEWED:1]
"A large underground monster with eight legs and sharp, venomous fangs.",一种大型地下怪物，长有八条腿与锋利的毒牙。,[REVIEWED:1]
A large white snake with the arms and torso of a man.  These creatures are evil and live far underground.,一条长有人类双臂与躯干的大型白蛇。这些生物邪恶而且生活在地下深处。,[REVIEWED:1]
A large woolly mammal person with two horns.,一名浑身覆有厚毛的大型哺乳类人形生物，长有两只角。,[REVIEWED:1]
"A large, aggressive, oceanic fish with a mouth full of pointed teeth.  It is capable of great speed.",一种大型、好斗的海鱼，嘴里长满尖牙。牠能游得非常快。,[REVIEWED:1]
"A large, big-mouthed fish, found around coral reefs.",一种出没于珊瑚礁周围的大型阔嘴鱼。,[REVIEWED:1]
"A large, dangerous fish found hunting in packs in any ocean.",一种危险的大鱼，在各大海洋中成群猎食。,[REVIEWED:1]
"A large, dangerous fish, often found hunting solitarily along coastlines.",一种危险的大鱼，常沿着海岸独自猎食。,[REVIEWED:1]
"A large, flat, camouflaged fish found on the sea floor in temperate waters.  It is quite passive.",一种栖息于温带海域海底的大型扁平鱼类，具有保护色。牠相当温驯。,[REVIEWED:1]
"A large, flat, oceanic fish.  It dwells on the sea floor, both its eyes on the top side.",一种大型扁平海鱼。牠栖息于海底，两只眼睛都长在身体朝上的一侧。,[REVIEWED:1]
"A large, four-armed ape creature with three eyes and razor-sharp teeth.",一种大型四臂猿形生物，长有三只眼睛与剃刀般锋利的牙齿。,[REVIEWED:1]
"A large, long fish with many sharp fangs.  It hunts by ambushing its prey.",一种身体细长的大型鱼类，长有许多锐利的长牙。牠靠伏击猎物狩猎。,[REVIEWED:1]
"A large, long-bodied grazer with a thick mane that feeds on the tops of towercap mushrooms deep under the earth.",一种身躯修长、鬃毛浓密的大型食草动物，以地底深处塔帽菇的顶部为食。,[REVIEWED:1]
"A large, long-necked creature with two fleshy humps on its back.  It is domesticated to carry passengers and cargo.",一种大型长颈生物，背上有两个肉质驼峰。牠被驯养来载人与运货。,[REVIEWED:1]
"A large, muscular, spotted feline found in tropical jungles.  It is solitary and stalks and ambushes its prey.",一种栖息于热带丛林、体格强健且带斑点的大型猫科动物。牠独居，会潜行追踪并伏击猎物。,[REVIEWED:1]
"A large, pale rodent with loose, hanging, hairless skin.  It has long teeth and an incredibly powerful bite.  It is found underground.",一种苍白的大型囓齿动物，无毛的皮肤松垂。牠长有长牙，咬合力极为强大。牠生活在地下。,[REVIEWED:1]
"A large, predatory marine mammal.",一种大型掠食性海洋哺乳动物。,[REVIEWED:1]
"A large, round, lowland rodent.  It lives in burrows in the ground and ventures out to eat.",一种栖息于低地、体型大而圆胖的囓齿动物。牠住在地洞里，会出洞觅食。,[REVIEWED:1]
"A large, strongly built quadruped with a tail.  It is a terrestrial herbivore.",一种体格强健、长有尾巴的大型四足动物。牠是陆生草食动物。,[REVIEWED:1]
"A large, strongly-built person with a tail.",一名体型庞大、体格强健且长有尾巴的人形生物。,[REVIEWED:1]
"A large, terrifying monster the shape of a wolverine.",一只外形如狼獾的庞大而骇人的怪物。,[REVIEWED:1]
A legless person with the head and back flippers of a leopard seal.,一名没有腿、具有豹形海豹头部与后鳍肢的人形生物。,[REVIEWED:1]
A legless person with the head and back flippers of a walrus.,一名没有腿、具有海象头部与后鳍肢的人形生物。,[REVIEWED:1]
A legless person with the head and tail of a king cobra.,一名没有腿、具有眼镜王蛇头部与尾巴的人形生物。,[REVIEWED:1]
A legless person with the head and tail of a kingsnake.,一名没有腿、具有皇帝蛇头部与尾巴的人形生物。,[REVIEWED:1]
A long-bodied person with the head and tail of a skink.,一名身躯修长、具有彩舌蜥头部与尾巴的人形生物。,[REVIEWED:1]
A long-bodied person with the head of a stoat.,一名身躯修长、具有白鼬头部的人形生物。,[REVIEWED:1]
A long-eared person with the head and tail of a hare.,一名长有长耳、具有野兔头部与尾巴的人形生物。,[REVIEWED:1]
A long-limbed person with the head and tail of a spider monkey.,一名四肢修长、具有蜘蛛猴头部与尾巴的人形生物。,[REVIEWED:1]
A man-like creature with the tail of a fish instead of legs.,一种类似人的生物，以鱼尾代替双腿。,[REVIEWED:1]
A man-shaped abomination made entirely of blood.  These cursed creatures are only found very near the underworld.,一种完全由鲜血构成的人形怪物。这些受诅咒的生物只出没于极接近冥界之处。,[REVIEWED:1]
A man-shaped creature made of iron.,一种由铁构成的人形生物。,[REVIEWED:1]
A man-shaped creature with the legs of a goat and the empty-eyed skull of a goat.,一种人形生物，长有山羊的腿，头部是眼窝空洞的山羊头骨。,[REVIEWED:1]
A medium-sized animal living in grass and woodland.  It has a large snout with four sharp tusks.  It will aggressively defend itself.,一种栖息于草地与林地的中型动物。牠有大吻部与四根锐利獠牙。牠会凶猛地自卫。,[REVIEWED:1]
A medium-sized ape found in the trees.  It is known for its loud calls.,一种栖息于树上的中型猿类。牠以响亮的叫声闻名。,[REVIEWED:1]
"A medium-sized beast, known for its tusks and powerful build.",一种以獠牙与强壮体格闻名的中型野兽。,[REVIEWED:1]
A medium-sized creature dedicated to the ruthless protection of nature.,一种中型生物，为了保护自然不惜采取冷酷手段。,[REVIEWED:1]
A medium-sized creature prone to great ambition.,一种容易怀抱远大野心的中型生物。,[REVIEWED:1]
A medium-sized creature that can be found hopping through the grassland.,一种在草原上跳跃的中型生物。,[REVIEWED:1]
"A medium-sized creature with the arms and torso on a man, but with the head and tail of a narwhal.",一种中型生物，长有人的手臂与躯干，却有独角鲸的头部与尾巴。,[REVIEWED:1]
"A medium-sized dog-like creature.  It is sly, and groups can be heard howling in the night.",一种形似犬的中型生物。牠很狡猾，夜里能听见牠们成群嚎叫。,[REVIEWED:1]
A medium-sized domestic animal.  It has a distinctive snout and corkscrew tail.  It is thought by some to be intelligent.,一种中型家畜。牠有独特的吻部与螺旋状尾巴。有些人认为牠很聪明。,[REVIEWED:1]
A medium-sized fish found around coasts and islands.  It is easy prey for predators.,一种出没于海岸与岛屿周围的中型鱼类。牠很容易成为掠食者的猎物。,[REVIEWED:1]
A medium-sized fish found in lakes and streams.  They are bottom-feeders and tend to gather in groups.,一种栖息于湖泊与溪流的中型鱼类。牠们在水底觅食，常聚集成群。,[REVIEWED:1]
A medium-sized fish found in shallow oceanic waters.,一种栖息于浅海的中型鱼类。,[REVIEWED:1]
A medium-sized fish found in tributaries and oceans.,一种栖息于河流支流与海洋的中型鱼类。,[REVIEWED:1]
A medium-sized fish which shelters in caves on the shallow sea floor.  It hunts for food in packs but is not aggressive.,一种在浅海海底洞穴中栖身的中型鱼类。牠们成群猎食，但不好斗。,[REVIEWED:1]
A medium-sized fish with a long snout.  It is found in lakes and streams.,一种长有长吻的中型鱼类。牠栖息于湖泊与溪流。,[REVIEWED:1]
"A medium-sized herbivore that lives in the high mountains, able to navigate the slopes despite its hooved feet.",一种生活在高山的中型草食动物，虽然长着蹄足，仍能在山坡上灵活行走。,[REVIEWED:1]
A medium-sized herding animal.  It is known for its short horns and beard.,一种成群生活的中型动物。牠以短角与胡须闻名。,[REVIEWED:1]
A medium-sized herding animal.  It is prized for its thick wool coat.,一种成群生活的中型动物。牠厚实的羊毛备受珍视。,[REVIEWED:1]
A medium-sized highly social mammalian carnivore.  It has a keen sense of smell.  It can be trained to obey commands.,一种高度群居的中型肉食哺乳动物。牠嗅觉敏锐，可以训练牠服从命令。,[REVIEWED:1]
A medium-sized hoofed forest creature that grows its antlers back each year.,一种中型有蹄森林生物，每年都会重新长出鹿角。,[REVIEWED:1]
A medium-sized humanoid driven to cruelty by its evil nature.,一种中型人形生物，邪恶的天性使其残酷无情。,[REVIEWED:1]
A medium-sized humanoid with the horns and legs of a goat.,一种长有山羊角与山羊腿的中型人形生物。,[REVIEWED:1]
A medium-sized mammal that lives in the trees.  It is known for its easy-going nature.,一种生活在树上的中型哺乳动物。牠以悠闲的性情闻名。,[REVIEWED:1]
A medium-sized mammal with a prehensile nose.  It lives in the tropical rainforest.,一种长有可抓握鼻子的中型哺乳动物。牠栖息于热带雨林。,[REVIEWED:1]
A medium-sized mammalian predator.  It is known by the tell-tale tufts of hair on the tips of its ears.,一种中型掠食哺乳动物。牠耳尖上鲜明的簇毛是其特征。,[REVIEWED:1]
"A medium-sized monkey found in woods and grassland.  It usually lives on roots and insects but can become a pest in civilized areas, roaming in large groups and begging for scraps.",一种栖息于树林与草原的中型猴类。牠通常吃根与昆虫，但在文明聚居地可能成为祸患，成大群游荡并乞讨食物残渣。,[REVIEWED:1]
A medium-sized monster walking on two clawed legs.  It has two mouths on the ends of a pair of tentacles.  It uses its mouths to digest its victims with acid and rows of razor-like teeth.,一种以两条带爪的腿行走的中型怪物。牠一对触手的末端各长一张嘴，利用口中的酸液与一排排剃刀般的牙齿消化受害者。,[REVIEWED:1]
A medium-sized oceanic fish prized for its meat.,一种因肉质而受到珍视的中型海鱼。,[REVIEWED:1]
"A medium-sized oceanic fish, often hunted for its meat.",一种常因肉质而被捕猎的中型海鱼。,[REVIEWED:1]
A medium-sized oceanic fish.  It is fork-tailed and sought after for its meat.,一种中型海鱼。牠有分叉的尾巴，鱼肉十分抢手。,[REVIEWED:1]
A medium-sized pack predator found in the savanna.,一种栖息于莽原、成群猎食的中型掠食动物。,[REVIEWED:1]
A medium-sized predatory fish found in lakes and streams.  It is known for its ferocious attacks and interlocking teeth.,一种栖息于湖泊与溪流的中型掠食鱼类。牠以凶猛的攻击与交错咬合的牙齿闻名。,[REVIEWED:1]
A medium-sized red fish that lives in the ocean and swims up a river to breed.,一种生活在海中的中型红色鱼类，会溯河繁殖。,[REVIEWED:1]
A medium-sized reptile with a large shell.  It can retreat into its shell to escape predators.,一种背负大壳的中型爬行动物。牠能缩进壳中躲避掠食者。,[REVIEWED:1]
"A medium-sized reptile with a thick shell, which it can retreat into when threatened.  This creature can administer a painful bite.",一种背负厚壳的中型爬行动物，受威胁时能缩进壳内。被这种生物咬到会非常疼痛。,[REVIEWED:1]
A medium-sized reptile.  They can be found foraging for food such as eggs or worms.  They are said to be the most intelligent of their kind.,一种中型爬行动物。牠们会四处寻找蛋或蠕虫等食物。据说牠们是同类中最聪明的。,[REVIEWED:1]
A medium-sized sea mammal with a long thin horn on its nose.  It uses this horn to communicate and break up ice.,一种鼻部长有细长角的中型海洋哺乳动物。牠用这根角沟通并破开冰块。,[REVIEWED:1]
A medium-sized semi-aquatic rodent.  It lives in large herds and barks when alarmed.,一种半水生的中型囓齿动物。牠们成大群生活，受惊时会吠叫。,[REVIEWED:1]
A medium-sized snake that lives in the trees.  It eats prey much larger than itself and slays them by crushing them to death.,一种栖息于树上的中型蛇。牠能吞下比自己大得多的猎物，并将猎物缠绕勒死。,[REVIEWED:1]
A medium-sized spotted fish found in temperate lakes and rivers.,一种栖息于温带湖泊与河流、带有斑点的中型鱼类。,[REVIEWED:1]
A medium-sized spotted fish found in temperate rivers and lakes.,一种栖息于温带河流与湖泊、带有斑点的中型鱼类。,[REVIEWED:1]
A medium-sized underwater mollusk with eight arms.  It is the most clever of its kind.,一种长有八条腕足的中型水生软体动物。牠是同类中最聪明的。,[REVIEWED:1]
"A medium-sized, aggressive, territorial fish.  It can be found in shallow oceanic waters, and has also been known to travel up large rivers.",一种好斗、领域性强的中型鱼类。牠出没于浅海，也会溯游进入大河。,[REVIEWED:1]
"A medium-sized, brown, snake-like fish found in ocean waters.",一种栖息于海中的中型棕色蛇形鱼类。,[REVIEWED:1]
"A medium-sized, flat fish.  It lives near the beach and will defend itself with sharp barbs.",一种中型扁平鱼类。牠生活在海滩附近，会用锐利的倒刺自卫。,[REVIEWED:1]
"A medium-sized, flat, bottom-dwelling fish.",一种中型、扁平的底栖鱼类。,[REVIEWED:1]
"A medium-sized, green fish found in temperate lakes.",一种栖息于温带湖泊的中型绿色鱼类。,[REVIEWED:1]
"A medium-sized, hooved herbivore.  Some are domesticated as beasts of burden.",一种中型有蹄草食动物。有些被驯养为驮兽。,[REVIEWED:1]
"A medium-sized, red-faced black bird that searches the temperate lands for carrion.",一种红脸黑羽的中型鸟类，在温带地区搜寻腐肉。,[REVIEWED:1]
"A medium-sized, walking red panda with arms and a tail.  It prefers the forest and its beloved trees.",一种能行走、长有双臂与尾巴的中型小猫熊。牠喜欢森林与牠钟爱的树木。,[REVIEWED:1]
"A medium-sized, winged fish found in the muddy coasts of both temperate and tropical waters.",一种长有翼状鳍的中型鱼类，栖息于温带及热带水域的泥泞海岸。,[REVIEWED:1]
A monster in the shape of a woman with a bird's wings in place of arms and talons for feet.,一种外形如女人的怪物，以鸟翼代替手臂、以利爪代替双足。,[REVIEWED:1]
A monster many times the size of an ordinary kea.,一种体型数倍于普通啄羊鹦鹉的怪物。,[REVIEWED:1]
A muscular person with the head of a wombat.,一名肌肉发达、具有袋熊头部的人形生物。,[REVIEWED:1]
A person in the form of a large black mamba with arms.,一名外形如大型黑曼巴蛇、长有手臂的人形生物。,[REVIEWED:1]
A person in the form of a sponge with arms and legs.,一名外形如海绵、长有手臂与腿的人形生物。,[REVIEWED:1]
A person resembling a large rattlesnake with arms.,一名外形如大型响尾蛇、长有手臂的人形生物。,[REVIEWED:1]
A person with a cuttlefish in place of a head.,一名以乌贼代替头部的人形生物。,[REVIEWED:1]
A person with a large shell and the head of a giant tortoise.,一名背负大型硬壳、长有巨龟头部的人形生物。,[REVIEWED:1]
A person with an octopus in place of a head.,一名以章鱼代替头部的人形生物。,[REVIEWED:1]
A person with the arms and wings of a barn owl.,一名具有仓鸮前肢与翅膀的人形生物。,[REVIEWED:1]
A person with the carapace and head of a beetle.,一名具有甲虫甲壳与头部的人形生物。,[REVIEWED:1]
A person with the head and arms of a brown recluse spider.,一名具有棕色遁蛛头部与前肢的人形生物。,[REVIEWED:1]
A person with the head and arms of a jumping spider.,一名具有跳蛛头部与前肢的人形生物。,[REVIEWED:1]
A person with the head and claws of a sloth bear.,一名具有懒熊头部与利爪的人形生物。,[REVIEWED:1]
A person with the head and feathers of a kiwi.,一名具有鹬鸵头部与羽毛的人形生物。,[REVIEWED:1]
A person with the head and fingers of a gecko.,一名长有壁虎头部与指趾的人形生物。,[REVIEWED:1]
A person with the head and fingers of an aye-aye.,一名具有指猴头部与手指的人形生物。,[REVIEWED:1]
A person with the head and flat tail of a beaver.,一名具有海狸头部与扁平尾巴的人形生物。,[REVIEWED:1]
A person with the head and flippers of a harp seal.,一名具有竖琴海豹头部与鳍肢的人形生物。,[REVIEWED:1]
A person with the head and flippers of an elephant seal.,一名具有象海豹头部与鳍肢的人形生物。,[REVIEWED:1]
A person with the head and fur of a groundhog.,一名具有土拨鼠头部与皮毛的人形生物。,[REVIEWED:1]
A person with the head and fur of a hamster.,一名具有仓鼠头部与皮毛的人形生物。,[REVIEWED:1]
A person with the head and fur of a hoary marmot.,一名具有花白旱獭头部与皮毛的人形生物。,[REVIEWED:1]
A person with the head and horns of a rhinoceros.,一名具有犀牛头部与角的人形生物。,[REVIEWED:1]
A person with the head and hump of a one-humped camel.,一名具有单峰骆驼头部与背峰的人形生物。,[REVIEWED:1]
A person with the head and humps of a two-humped camel.,一名具有双峰骆驼头部与背峰的人形生物。,[REVIEWED:1]
A person with the head and legs of a grasshopper.,一名具有蚱蜢头部与腿的人形生物。,[REVIEWED:1]
A person with the head and legs of a louse.,一名具有虱子头部与腿的人形生物。,[REVIEWED:1]
A person with the head and legs of a tick.,一名具有蜱虫头部与腿的人形生物。,[REVIEWED:1]
A person with the head and markings of a hyena.,一名具有鬣狗头部与体表斑纹的人形生物。,[REVIEWED:1]
A person with the head and neck of a giraffe.,一名具有长颈鹿头部与颈部的人形生物。,[REVIEWED:1]
A person with the head and pincers of a crab.,一名具有螃蟹头部与螯的人形生物。,[REVIEWED:1]
A person with the head and powerful legs of a kangaroo.,一名具有袋鼠头部与强壮腿部的人形生物。,[REVIEWED:1]
A person with the head and quills of a porcupine.,一名具有豪猪头部与棘刺的人形生物。,[REVIEWED:1]
A person with the head and scales of a pangolin.,一名具有穿山甲头部与鳞片的人形生物。,[REVIEWED:1]
A person with the head and shell of a pond turtle.,一名具有池龟头部与外壳的人形生物。,[REVIEWED:1]
A person with the head and short tail of a bobcat.,一名具有短尾猫头部与短尾的人形生物。,[REVIEWED:1]
A person with the head and spines of a hedgehog.,一名具有刺猬头部与尖刺的人形生物。,[REVIEWED:1]
A person with the head and tail of a capuchin.,一名具有卷尾猴头部与尾巴的人形生物。,[REVIEWED:1]
A person with the head and tail of a coati.,一名具有长鼻浣熊头部与尾巴的人形生物。,[REVIEWED:1]
A person with the head and tail of a cougar.,一名具有美洲狮头部与尾巴的人形生物。,[REVIEWED:1]
A person with the head and tail of a coyote.,一名具有郊狼头部与尾巴的人形生物。,[REVIEWED:1]
A person with the head and tail of a fox.,一名具有狐狸头部与尾巴的人形生物。,[REVIEWED:1]
A person with the head and tail of a gray squirrel.,一名具有灰松鼠头部与尾巴的人形生物。,[REVIEWED:1]
A person with the head and tail of a jackal.,一名具有豺头部与尾巴的人形生物。,[REVIEWED:1]
A person with the head and tail of a lizard.,一名具有蜥蜴头部与尾巴的人形生物。,[REVIEWED:1]
A person with the head and tail of a lynx.,一名具有猞猁头部与尾巴的人形生物。,[REVIEWED:1]
A person with the head and tail of a mink.,一名具有水貂头部与尾巴的人形生物。,[REVIEWED:1]
A person with the head and tail of a monitor lizard.,一名具有巨蜥头部与尾巴的人形生物。,[REVIEWED:1]
A person with the head and tail of a rat.,一名具有老鼠头部与尾巴的人形生物。,[REVIEWED:1]
A person with the head and tail of a red squirrel.,一名具有红松鼠头部与尾巴的人形生物。,[REVIEWED:1]
A person with the head and tail of a rhesus macaque.,一名具有猕猴头部与尾巴的人形生物。,[REVIEWED:1]
A person with the head and tail of a saltwater crocodile.,一名具有咸水鳄头部与尾巴的人形生物。,[REVIEWED:1]
A person with the head and tail of a weasel.,一名具有黄鼬头部与尾巴的人形生物。,[REVIEWED:1]
A person with the head and tail of a wolf.,一名具有狼头部与尾巴的人形生物。,[REVIEWED:1]
A person with the head and tail of a wolverine.,一名具有狼獾头部与尾巴的人形生物。,[REVIEWED:1]
A person with the head and tail of an aardvark.,一名具有土豚头部与尾巴的人形生物。,[REVIEWED:1]
A person with the head and tail of an alligator.,一名具有短吻鳄头部与尾巴的人形生物。,[REVIEWED:1]
A person with the head and tail of an anole.,一名具有安乐蜥头部与尾巴的人形生物。,[REVIEWED:1]
A person with the head and tail of an axolotl.,一名具有蝾螈头部与尾巴的人形生物。,[REVIEWED:1]
A person with the head and tail of an iguana.,一名具有鬣蜥头部与尾巴的人形生物。,[REVIEWED:1]
A person with the head and tail of an ocelot.,一名具有豹猫头部与尾巴的人形生物。,[REVIEWED:1]
A person with the head and tail of an opossum.,一名具有负鼠头部与尾巴的人形生物。,[REVIEWED:1]
A person with the head and wings of a bluejay.,一名长有蓝松鸦头部与翅膀的人形生物。,[REVIEWED:1]
A person with the head and wings of a bushtit.,一名具有丛山雀头部与翅膀的人形生物。,[REVIEWED:1]
A person with the head and wings of a buzzard.,一名具有秃鹰头部与翅膀的人形生物。,[REVIEWED:1]
A person with the head and wings of a cardinal.,一名具有红衣凤头鸟头部与翅膀的人形生物。,[REVIEWED:1]
A person with the head and wings of a flying squirrel.,一名具有鼯鼠头部与翅膀的人形生物。,[REVIEWED:1]
A person with the head and wings of a grackle.,一名具有黑羽椋鸟头部与翅膀的人形生物。,[REVIEWED:1]
A person with the head and wings of a grey parrot.,一名具有灰鹦鹉头部与翅膀的人形生物。,[REVIEWED:1]
A person with the head and wings of a kakapo.,一名具有鸮鹦鹉头部与翅膀的人形生物。,[REVIEWED:1]
A person with the head and wings of a kestrel.,一名具有红隼头部与翅膀的人形生物。,[REVIEWED:1]
A person with the head and wings of a loon.,一名具有潜鸟头部与翅膀的人形生物。,[REVIEWED:1]
A person with the head and wings of a magpie.,一名具有喜鹊头部与翅膀的人形生物。,[REVIEWED:1]
A person with the head and wings of a mosquito.,一名具有蚊子头部与翅膀的人形生物。,[REVIEWED:1]
A person with the head and wings of a moth.,一名具有飞蛾头部与翅膀的人形生物。,[REVIEWED:1]
A person with the head and wings of a parakeet.,一名具有长尾鹦鹉头部与翅膀的人形生物。,[REVIEWED:1]
A person with the head and wings of a peregrine falcon.,一名具有游隼头部与翅膀的人形生物。,[REVIEWED:1]
A person with the head and wings of a raven.,一名具有渡鸦头部与翅膀的人形生物。,[REVIEWED:1]
A person with the head and wings of a red-winged blackbird.,一名具有红翅黑鹂头部与翅膀的人形生物。,[REVIEWED:1]
A person with the head and wings of a sparrow.,一名具有麻雀头部与翅膀的人形生物。,[REVIEWED:1]
"A person with the head and wings of a stork, also standing on long legs.",一名长有鹳的头部与翅膀、以长腿站立的人形生物。,[REVIEWED:1]
A person with the head and wings of a swan.,一名具有天鹅头部与翅膀的人形生物。,[REVIEWED:1]
A person with the head and wings of a thrips.,一名具有蓟马头部与翅膀的人形生物。,[REVIEWED:1]
A person with the head and wings of a vulture.,一名具有秃鹫头部与翅膀的人形生物。,[REVIEWED:1]
A person with the head and wings of a wren.,一名具有鹪鹩头部与翅膀的人形生物。,[REVIEWED:1]
A person with the head and wings of an albatross.,一名具有信天翁头部与翅膀的人形生物。,[REVIEWED:1]
A person with the head and wings of an oriole.,一名具有黄鹂头部与翅膀的人形生物。,[REVIEWED:1]
A person with the head and wings of an osprey.,一名具有鱼鹰头部与翅膀的人形生物。,[REVIEWED:1]
A person with the head of a deer.,一名具有鹿头部的人形生物。,[REVIEWED:1]
A person with the head of a dingo.,一名具有野狗头部的人形生物。,[REVIEWED:1]
A person with the head of a lion.,一名具有狮子头部的人形生物。,[REVIEWED:1]
A person with the head of a sloth.,一名具有树懒头部的人形生物。,[REVIEWED:1]
A person with the head of a tapir.,一名具有貘头部的人形生物。,[REVIEWED:1]
A person with the head of a warthog.,一名具有疣猪头部的人形生物。,[REVIEWED:1]
A person with the head of a wild boar.,一名具有野猪头部的人形生物。,[REVIEWED:1]
A person with the head of an elk.,一名具有麋鹿头部的人形生物。,[REVIEWED:1]
"A person with the head, pincers and tail of a bark scorpion.",一名具有树皮蝎头部、螯与尾巴的人形生物。,[REVIEWED:1]
"A person with the head, shell, and tail of a horseshoe crab.",一名具有马蹄蟹头部、外壳与尾巴的人形生物。,[REVIEWED:1]
A person with the hide and head of an armadillo.,一名具有犰狳皮肤与头部的人形生物。,[REVIEWED:1]
A person with the long body and head of an otter.,一名具有水獭修长身躯与头部的人形生物。,[REVIEWED:1]
A person with the mask and tail of a raccoon.,一名具有浣熊面部花纹与尾巴的人形生物。,[REVIEWED:1]
A person with the shell and head of a snapping turtle.,一名具有鳄龟外壳与头部的人形生物。,[REVIEWED:1]
A person with the shell and tentacles of a nautilus.,一名具有鹦鹉螺外壳与触手的人形生物。,[REVIEWED:1]
A person with the wings and head of a damselfly.,一名具有蓝蜻蛉翅膀与头部的人形生物。,[REVIEWED:1]
A person with the wings and head of a dragonfly.,一名具有蜻蜓翅膀与头部的人形生物。,[REVIEWED:1]
A person with the wings and head of a firefly.,一名具有萤火虫翅膀与头部的人形生物。,[REVIEWED:1]
A person with the wings and head of a fly.,一名具有苍蝇翅膀与头部的人形生物。,[REVIEWED:1]
A person with the wings and head of a monarch butterfly.,一名具有帝王蝶翅膀与头部的人形生物。,[REVIEWED:1]
A person with the wings and head of a roach.,一名具有蟑螂翅膀与头部的人形生物。,[REVIEWED:1]
A person with the wings and head of a snowy owl.,一名具有雪鸮翅膀与头部的人形生物。,[REVIEWED:1]
"A relatively large arboreal lizard found in the tropical forests.  Though it is a vegetarian, and mainly docile, it may whip with its extremely long tail when angered.",一种栖息于热带森林、体型较大的树栖蜥蜴。牠以植物为食，通常性情温顺，但发怒时可能甩动极长的尾巴抽打。,[REVIEWED:1]
A relatively large insect found in swamps and marshland.,一种栖息于沼泽与湿地、体型相对较大的昆虫。,[REVIEWED:1]
"A relatively large lizard.  It can be found in most climates, foraging for bugs during daylight hours.",一种体型较大的蜥蜴。牠能在多种气候中生活，白天会四处寻找虫子吃。,[REVIEWED:1]
A reptile person with the head and tail of a desert tortoise.,一名爬虫类、具有沙漠陆龟头部与尾巴的人形生物。,[REVIEWED:1]
A rolling platform for carrying passengers or cargo.,一种以车轮移动、用来载运乘客或货物的平台。,[REVIEWED:1]
A savage man-like cave creature.,一种野蛮的人形洞穴生物。,[REVIEWED:1]
A serpent made of pure fire which can inject liquid fire as venom.,一种由纯粹火焰构成的蛇，能将液态火焰当作毒液注入猎物体内。,[REVIEWED:1]
"A short, sturdy creature fond of drink and industry.",一种矮小而结实的生物，喜爱饮酒与劳作。,[REVIEWED:1]
"A slender, horned man with the head and tail of a impala.",一种身形纤细、长有角的人形生物，具有黑斑羚的头部与尾巴。,[REVIEWED:1]
A small aggressive snake which can move very quickly.  Its venom is deadly.,一种好斗、移动迅速的小型蛇。牠的毒液足以致命。,[REVIEWED:1]
A small amphibian person with a flat body.,一名身躯扁平的小型两栖人。,[REVIEWED:1]
A small amphibian person with the wedge-shaped head and tail of a diplocaulus.,一名体型娇小的两栖类、具有笠头螈楔形头部与尾巴的人形生物。,[REVIEWED:1]
A small amphibian with a flat body.,一种身体扁平的小型两栖动物。,[REVIEWED:1]
A small animal found in the canopy of the jungle.  They have extremely long arms and legs.,一种栖息于丛林树冠的小型动物。牠们有极长的四肢。,[REVIEWED:1]
"A small ape found in pairs, swinging from the trees.",一种成对生活、在树间摆荡的小型猿类。,[REVIEWED:1]
A small ape found in the trees eating fruit.,一种生活在树上、以水果为食的小型猿类。,[REVIEWED:1]
A small ape found in the trees of the tropical forest.  It is known for its calls.,一种栖息于热带森林树上的小型猿类。牠以叫声闻名。,[REVIEWED:1]
A small ape from the tropical forest.  It can be found in the trees eating fruit.,一种来自热带森林的小型猿类。牠在树上以果实为食。,[REVIEWED:1]
"A small ape that swings from the trees, eating fruit.",一种在树间摆荡、以水果为食的小型猿类。,[REVIEWED:1]
"A small aquatic bird, prized for its beauty.",一种因美丽外貌而受到珍视的小型水鸟。,[REVIEWED:1]
A small arthropod person reminescent of a myriapod.,一名外形近似多足动物的小型节肢人。,[REVIEWED:1]
A small arthropod person with a broad head.,一名头部宽阔的小型节肢人。,[REVIEWED:1]
A small arthropod person with large compound eyes.,一名长有大型复眼的小型节肢人。,[REVIEWED:1]
A small arthropod person with pronounced eyes and two grasping appendages protruding from their face.,一名小型节肢人，眼睛突出，脸上伸出一对用于抓握的附肢。,[REVIEWED:1]
A small arthropod person with six spined projections radiating out from its head shield.,一名小型节肢人，头盾周围向外伸出六根带刺突起。,[REVIEWED:1]
A small arthropod person with the wings of a giant dragonfly.,一名体型娇小的节肢类、具有巨型蜻蜓翅膀的人形生物。,[REVIEWED:1]
A small bat-like creature with the head of an insect.  It is found deep underground.,一种形似蝙蝠、长有昆虫头部的小型生物。牠生活在地下深处。,[REVIEWED:1]
A small bird of prey that is capable of great speed.  They dive on unsuspecting vermin.,一种飞行速度极快的小型猛禽。牠们会俯冲捕捉毫无防备的小动物。,[REVIEWED:1]
A small bird of prey with black markings on its eyes.  It hunts near bodies of water.,一种眼部带黑色斑纹的小型猛禽。牠在水域附近狩猎。,[REVIEWED:1]
A small bird of prey.,一种小型猛禽。,[REVIEWED:1]
"A small bird with long legs and bill, and a extremely long wingspan.",一种长腿长喙的小鸟，翼展极长。,[REVIEWED:1]
A small black and white mammal.  It is capable of spraying a stinking fluid.,一种黑白相间的小型哺乳动物。牠能喷出恶臭液体。,[REVIEWED:1]
"A small black bird that feeds on carrion.  It is social, very intelligent and knows how to use tools.",一种以腐肉为食的黑色小鸟。牠喜欢群居，十分聪明，而且懂得使用工具。,[REVIEWED:1]
A small black bird with bright red markings under the wings.  They live in the marshland.,一种翼下带有鲜红斑纹的黑色小鸟。牠们生活在沼泽地。,[REVIEWED:1]
A small blue and orange bird.,一种蓝橙相间的小鸟。,[REVIEWED:1]
"A small blue-crested bird living in temperate woodlands, known for its harsh chirps.",一种生活在温带林地、长有蓝色冠羽的小鸟，以刺耳的鸣叫声闻名。,[REVIEWED:1]
"A small bright red bird with a distinctive crest, found in temperate forests.",一种栖息于温带森林的鲜红小鸟，长有鲜明的冠羽。,[REVIEWED:1]
A small carnivorous animal found in temperate climates.  It has orange fur and is known for its cleverness.,一种生活在温带气候下的小型肉食动物。牠有橙色毛皮，以机灵闻名。,[REVIEWED:1]
A small cat-like creature found in the jungle.,一种栖息于丛林的小型猫形生物。,[REVIEWED:1]
A small creature found in both salt and fresh water that lives in an asymmetrical shell rooted to the bottom.,一种生活在咸水或淡水中的小型生物，住在固定于水底的不对称外壳内。,[REVIEWED:1]
A small creature that lives in watery ditches deep underground.  It has a sharp beak and four tentacles with claws at the end.,一种生活在地下深处水沟中的小型生物。牠有锐利的喙与四条末端带爪的触手。,[REVIEWED:1]
A small dinosaur person with a bony head crest.,一名长有骨质头冠的小型恐龙人。,[REVIEWED:1]
A small dinosaur person with a long tail and short arms.,一名长尾短臂的小型恐龙人。,[REVIEWED:1]
A small dinosaur person with a thick domed head.,一名头部厚实且呈圆顶状的小型恐龙人。,[REVIEWED:1]
A small dog-like creature.  They are known to attack livestock.,一种形似犬的小型生物。牠们会袭击家畜。,[REVIEWED:1]
A small domestic bird capable of flying short distances.  It is prized for its tasty eggs.,一种能短距离飞行的小型家禽。牠的蛋十分美味，备受珍视。,[REVIEWED:1]
A small feathered bipedal dinosaur with a beak.,一种覆有羽毛、长有喙的小型双足恐龙。,[REVIEWED:1]
A small feathered bipedal dinosaur with a sharp scything claw on its second toe.  It can run very quickly.,一种覆有羽毛的小型双足恐龙，第二趾长有锐利的镰刀状爪。牠跑得非常快。,[REVIEWED:1]
A small feathered dinosaur person with a beak.,一名覆有羽毛、长有喙的小型恐龙人。,[REVIEWED:1]
A small feathered dinosaur person with a beaked mouth.,一名覆有羽毛、长有喙状嘴的小型恐龙人。,[REVIEWED:1]
A small feathered dinosaur person with a sharp claw on their second toe.,一名覆有羽毛的小型恐龙人，第二趾上长有利爪。,[REVIEWED:1]
A small feathered dinosaur person with a sharp claw on their second toe.  They can run very quickly.,一名覆有羽毛的小型恐龙人，第二趾上长有利爪。牠们奔跑得非常快。,[REVIEWED:1]
A small feathered dinosaur person with a single claw on each arm.,一名覆有羽毛的小型恐龙人，每条手臂上各长有一只爪。,[REVIEWED:1]
A small feathered dinosaur person with wings.,一名覆有羽毛、长有翅膀的小型恐龙人。,[REVIEWED:1]
A small feline predator with a shortened tail.,一种短尾的小型猫科掠食动物。,[REVIEWED:1]
A small fish which can walk on the land and breathe air.  It burrows in the mud when things get dry.,一种能在陆地上行走并呼吸空气的小鱼。环境干燥时，牠会钻进泥里。,[REVIEWED:1]
A small five-eyed arthropod person with grasping proboscis.,一名长有五只眼睛与抓握长吻的小型节肢人。,[REVIEWED:1]
A small flat fish found in the muddy bottom of coastal run-offs and ponds.,一种小型扁平鱼类，栖息于沿海径流水域与池塘的泥底。,[REVIEWED:1]
A small flat fish found on the muddy bottom of shallow seas.,一种栖息于浅海泥底的小型扁平鱼类。,[REVIEWED:1]
A small flightless bird person with a large beak.,一名不会飞行、长有大喙的小型鸟人。,[REVIEWED:1]
A small flightless bird that lives on arctic shorelines.,一种生活在极地海岸、不会飞行的小鸟。,[REVIEWED:1]
A small flightless bird with a large beak.,一种不会飞行、长有大喙的小鸟。,[REVIEWED:1]
"A small flightless bird, blue in color, that lives on arctic shorelines.",一种生活在极地海岸、体色蓝且不会飞行的小鸟。,[REVIEWED:1]
"A small flightless bird, it is the largest of the natural penguins.  It is known for its treks through leagues of glacial ice.",一种小型不会飞的鸟，是天然企鹅中体型最大的。牠以穿越绵延冰川的长途跋涉闻名。,[REVIEWED:1]
A small flightless green parrot.  It is nocturnal and counts itself among the longest-lived birds.,一种小型、不会飞的绿色鹦鹉。牠在夜间活动，是寿命最长的鸟类之一。,[REVIEWED:1]
A small flying insect that lives in large colonies.  It has a powerful stinger on its tail.  Its hives are prized for their honey.,一种大群聚居的小型飞虫。牠尾端的螫针威力强大。牠的巢因能产蜜而备受珍视。,[REVIEWED:1]
A small flying reptile person.,一名小型飞行爬虫人。,[REVIEWED:1]
A small forest bird known for the distinctive flaps of skin hanging from its face.  It is prized for its meat.,一种森林小鸟，以脸上垂挂的独特肉垂闻名。牠的肉备受珍视。,[REVIEWED:1]
"A small forest bird.  The male's tail creates an extravagant display for females.  At night, they roost in the trees.",一种森林小鸟。雄性会展开华丽的尾羽向雌性炫耀。夜晚牠们在树上栖息。,[REVIEWED:1]
A small four-eyed fish person with a pronounced back fin.,一名长有四只眼睛与显眼背鳍的小型鱼人。,[REVIEWED:1]
A small four-finned fish suited to short excursions ashore.,一种长有四只鳍、能短暂上岸的小鱼。,[REVIEWED:1]
"A small fruit-eating ape, found in the trees.",一种生活在树上、以水果为食的小型猿类。,[REVIEWED:1]
"A small gregarious bird, blue and black with yellow eyes, found in temperate pastures.",一种栖息于温带牧草地的群居小鸟，羽毛蓝黑相间，眼睛呈黄色。,[REVIEWED:1]
A small grey rodent found chirping in the trees of temperate woodlands.,一种小型灰色啮齿动物，会在温带林地的树上吱吱叫。,[REVIEWED:1]
A small ground-dwelling bird.  It has a featherless head and eats seeds and insects.  It moves about in groups.,一种地栖小鸟。牠头部无羽，以种子与昆虫为食，成群活动。,[REVIEWED:1]
A small hooved creature found in large groups in the grasslands.  It has short horns and moves by leaps and bounds.,一种在草原上成大群生活的小型有蹄生物。牠长有短角，以跳跃方式移动。,[REVIEWED:1]
A small horned mammal.  It can be found in the mountains leaping from rock to rock.,一种长角的小型哺乳动物。牠在山地的岩石之间跳跃。,[REVIEWED:1]
A small horse person with three fingers and three toes.,一名每只手有三指、每只脚有三趾的小型马人。,[REVIEWED:1]
A small horse with three toes on each foot.,一种每只脚都有三趾的小型马类。,[REVIEWED:1]
"A small humanoid creature with a mischievous, toothy grin.",一种露出顽皮齿笑的小型人形生物。,[REVIEWED:1]
A small humanoid resembling a walking mushroom with arms and legs.  It lives far underground near water and soil.,一种形似会走路的蘑菇、长有手脚的小型人形生物。牠生活在地下深处靠近水与土壤的地方。,[REVIEWED:1]
A small humanoid surrounded by fire which they can hurl at their enemies.,一种被火焰包围的小型人形生物，能将火焰掷向敌人。,[REVIEWED:1]
A small insect that seeks out unwatched food and garbage.  They fear light.,一种会寻找无人看管的食物与垃圾的小昆虫。牠们怕光。,[REVIEWED:1]
A small insect with large orange wings.  It is admired for its beauty.,一种长有大型橙色翅膀的小昆虫。牠的美丽令人赞赏。,[REVIEWED:1]
A small lagomorph with long ears.  It has powerful hind legs which it uses to swiftly avoid predators.  It can be found anywhere from forests to deserts.,一种长耳的小型兔形目动物。牠用强健的后腿迅速躲避掠食者，从森林到沙漠都能见到牠。,[REVIEWED:1]
A small legless person with two eyestalks and a grasping appendage attached to their face.,一名无腿的小型人形生物，长有两根眼柄，脸上有用于抓握的附肢。,[REVIEWED:1]
A small limbless reptile known for its deadly venom and the warning of its hood.,一种无肢的小型爬虫，以致命毒液与展开颈罩示警闻名。,[REVIEWED:1]
A small lizard with adhesive feet for climbing.  It can change color from brown to green to fit its surroundings.,一种脚部具有黏附能力、善于攀爬的小蜥蜴。牠能将体色由棕色变为绿色，以融入周围环境。,[REVIEWED:1]
A small mammal covered in hard scales.  It has a long nose and tongue which it uses to feed.,一种全身覆有硬鳞的小型哺乳动物。牠利用长鼻与长舌觅食。,[REVIEWED:1]
"A small mammal known to defend itself ferociously in combat, often fighting off multiple animals many times its size.",一种以凶猛自卫闻名的小型哺乳动物，常能击退多只体型数倍于自己的动物。,[REVIEWED:1]
A small mammal noted for its tenacity.  It has long ears and flashing eyes.,一种以顽强闻名的小型哺乳动物。牠有长耳与炯炯有神的眼睛。,[REVIEWED:1]
"A small mammal resembling a large, white rat.",一种外形如大型白鼠的小型哺乳动物。,[REVIEWED:1]
A small mammal with a leathery hide.  It can roll into a ball to escape predators.,一种皮肤坚韧如革的小型哺乳动物。牠能蜷成一团，躲避掠食者。,[REVIEWED:1]
A small mammal with a striped face.  It lives in groups and is ferocious in combat.,一种脸部带条纹的小型哺乳动物。牠们成群生活，打斗时十分凶猛。,[REVIEWED:1]
A small mammalian carnivore.  It is usually domestic and hunts vermin.,一种小型肉食哺乳动物。牠通常由人饲养，会猎捕小动物。,[REVIEWED:1]
A small marine creature that lives in a shell rooted to the sea floor.,一种小型海洋生物，住在固定于海床的外壳内。,[REVIEWED:1]
A small marine fish that travels to rivers to breed.,一种会游入河流繁殖的小型海鱼。,[REVIEWED:1]
A small marine mammal with a long body.  They enjoy eating shellfish and other small animals.,一种身体细长的小型海洋哺乳动物。牠们喜欢吃贝类与其他小动物。,[REVIEWED:1]
A small marine mammal.  Its young are prized for their white fur.,一种小型海洋哺乳动物。牠的幼兽因白色毛皮而备受珍视。,[REVIEWED:1]
A small migratory bird.  It has a very long neck and can be found in lakes and other bodies of water.,一种小型候鸟。牠有很长的颈部，栖息于湖泊与其他水域。,[REVIEWED:1]
A small monkey that can be found in forests and the streets of towns.,一种出没于森林与城镇街道的小猴。,[REVIEWED:1]
A small mud-dwelling amphibian.,一种栖息于泥中的小型两栖动物。,[REVIEWED:1]
"A small myriapod, though very large for a myriapod.  It feeds on detritus.",一种小型多足动物，但以多足动物而言体型很大。牠以有机碎屑为食。,[REVIEWED:1]
A small oceanic eel-like creature that latches onto the side of its victim and tears into them.,一种小型海洋鳗形生物，会附着在受害者身侧并撕咬其血肉。,[REVIEWED:1]
A small omnivorous animal with a bright mask of fur.  It is nocturnal and found in temperate forests.  It is a curious animal and has been known to steal from civilized areas.,一种脸上有鲜明面罩状毛纹的小型杂食动物。牠在夜间活动，栖息于温带森林。牠好奇心旺盛，会到文明聚居地偷东西。,[REVIEWED:1]
A small orange monkey with a long tail.,一种长尾的橙色小猴。,[REVIEWED:1]
A small pale creature found in underground streams and ponds.,一种栖息于地下溪流与池塘的小型苍白生物。,[REVIEWED:1]
A small person somewhat like a fish and somewhat like an amphibian.,一名外形介于鱼类与两栖动物之间的小型人形生物。,[REVIEWED:1]
A small person with a head bearing ten tentacles.,一名头上长有十条触手的小型人形生物。,[REVIEWED:1]
A small person with the back spines of a hallucigenia.,一名体型娇小、具有怪诞虫背部尖刺的人形生物。,[REVIEWED:1]
A small person with the head and tail of a mongoose.,一名体型娇小、具有獴头部与尾巴的人形生物。,[REVIEWED:1]
A small person with the head and wings of a crow.,一名体型娇小、具有乌鸦头部与翅膀的人形生物。,[REVIEWED:1]
"A small person with the large head, round tummy, and tail of an eryops.",一名体型娇小、具有引螈大头、圆肚与尾巴的人形生物。,[REVIEWED:1]
A small person with the segmented body and antennae of a trilobite.,一名体型娇小、具有三叶虫分节身躯与触角的人形生物。,[REVIEWED:1]
A small red rodent found in the trees of temperate woodlands.,一种栖息于温带林地树上的小型红色啮齿动物。,[REVIEWED:1]
A small reptile person with a gliding membrance between their legs.  They also have wings.,一名腿间长有滑翔膜的小型爬虫人。牠们也长有翅膀。,[REVIEWED:1]
A small reptile person with a prehensile tail and giant claws on their second foredigits.,一名小型爬虫人，尾巴能够抓握，前肢的第二指上长有巨大利爪。,[REVIEWED:1]
A small reptile person with a wide two-part carapace.,一名覆有宽大双瓣甲壳的小型爬虫人。,[REVIEWED:1]
A small reptile with a tell-tale rattle and vicious bite that leads to a quick death.,一种尾部会发出警示响声的小型爬虫，凶狠的咬击可使猎物迅速死亡。,[REVIEWED:1]
A small reptile.,一种小型爬虫。,[REVIEWED:1]
"A small river mammal with a flat tail, known for building wooden dams.",一种长有扁尾的小型河栖哺乳动物，以建造木坝闻名。,[REVIEWED:1]
A small river mammal with a long body.  They enjoy eating shellfish and other small animals.,一种身体细长的小型河川哺乳动物。牠们喜欢吃贝类与其他小动物。,[REVIEWED:1]
A small rock-eating creature that lives in molten rock.  It scurries on little feet and swims through liquid rock with sharp wings.  It uses magma to digest rock and spits out burning globs.,一种生活在熔岩中、以岩石为食的小型生物。牠用小脚疾走，以锐利的翅膀在液态岩石中游动。牠利用岩浆消化岩石，并吐出燃烧的团块。,[REVIEWED:1]
A small rodent covered with sharp quills.  They eat grass and leaves and can even climb trees.,一种覆有尖刺的小型囓齿动物。牠们吃草与叶子，甚至能爬树。,[REVIEWED:1]
A small rodent with no tail.  It can be found roaming the grassland in herds.  It has three toes on its hind feet.,一种没有尾巴的小型囓齿动物。牠们成群在草原上游荡，后脚各有三趾。,[REVIEWED:1]
A small round mammal whose back is covered in spines.  It is nocturnal and feeds on insects.  It curls into a ball when startled and is found in temperate regions.,一种体型圆小、背部覆满尖刺的哺乳动物。牠在夜间活动，以昆虫为食。牠受惊时会蜷成一团，栖息于温带地区。,[REVIEWED:1]
A small salamander found in remote lakes.  It has the mysterious ability to regrow limbs.,一种栖息于偏远湖泊的小型蝾螈。牠具有使断肢再生的神秘能力。,[REVIEWED:1]
A small sea bird with great wings.  It soars through the sky and dives for food on the surface of the water.,一种长有巨大双翼的小型海鸟。牠在天空翱翔，俯冲捕捉水面上的食物。,[REVIEWED:1]
"A small semi-aquatic, egg laying mammal with a bill, flat tail and poison spurs.",一种半水生、会产卵的小型哺乳动物，长有喙、扁尾与毒距。,[REVIEWED:1]
A small slender legless amphibious person.,一名体形纤细、没有腿的小型两栖人。,[REVIEWED:1]
A small snake found in the trees.  It kills its prey by using its long body to constrict them.,一种栖息于树上的小型蛇。牠用修长的身体缠绕勒死猎物。,[REVIEWED:1]
A small spiny mammal with a long snout.  It eats ants and termites and reproduces by laying eggs.,一种长有长吻与尖刺的小型哺乳动物。牠吃蚂蚁与白蚁，以产卵方式繁殖。,[REVIEWED:1]
A small spotted fish found in tropical rivers and lakes.,一种栖息于热带河流与湖泊、带有斑点的小鱼。,[REVIEWED:1]
A small striped fish found in fresh water.,一种带有条纹的淡水小鱼。,[REVIEWED:1]
A small striped mammal person.,一名身有条纹的小型哺乳类人形生物。,[REVIEWED:1]
A small striped mammal predator that hunts a night.  It can open its jaws unusually wide.,一种带条纹、夜间狩猎的小型掠食哺乳动物。牠的嘴能张得异常宽大。,[REVIEWED:1]
A small tree-dwelling mammal with distinctive color.  It rears up on its hind legs when cornered.  It uses its front paws like hands.,一种体色独特的小型树栖哺乳动物。牠被逼入绝境时会用后腿站起，并像使用双手一样运用前掌。,[REVIEWED:1]
"A small underground monster that crawls across the cavern wall with its four clawed hands.  It has a single large eye which can shine with its own light, otherwise its stony skin blends in with the rock.  It has no mouth and is said to feed on evil alone.",一种以四只带爪的手沿洞壁爬行的小型地下怪物。牠有一只能自行发光的大眼睛；除此之外，石质皮肤能融入岩壁。牠没有嘴，据说只靠邪恶维生。,[REVIEWED:1]
A small venomous lizard.,一种有毒的小蜥蜴。,[REVIEWED:1]
A small water bird found in remote lakes.  It is known for its haunting call.,一种栖息于偏远湖泊的小型水鸟。牠以萦绕不散的叫声闻名。,[REVIEWED:1]
A small water bird.  It has a long neck and powerful legs meant for swimming and diving.,一种小型水鸟。牠有长颈与适合游泳、潜水的强健双腿。,[REVIEWED:1]
A small weasel-like creature that hunts rodents and preys on the nests of birds.,一种小型鼬形生物，会猎捕啮齿动物并掠食鸟巢中的猎物。,[REVIEWED:1]
A small whiskered fish found in inland waters.,一种栖息于内陆水域、长有须的小鱼。,[REVIEWED:1]
A small whiskered fish found in muddy inland waters.,一种栖息于混浊内陆水域、长有须的小鱼。,[REVIEWED:1]
A small whiskered fish found scavenging in inland waters.,一种在内陆水域食腐、长有须的小鱼。,[REVIEWED:1]
A small white bird that hunts in the coldest reaches of the world.,一种在世界最寒冷地区猎食的白色小鸟。,[REVIEWED:1]
A small winged fish found in shallow seas.,一种栖息于浅海、长有翼状鳍的小鱼。,[REVIEWED:1]
A small winged reptile person with a ferocious jaw.,一名长有翅膀、腭部强劲的小型爬虫人。,[REVIEWED:1]
A small winged reptile person with a long narrow mouth.,一名长有翅膀、嘴部狭长的小型爬虫人。,[REVIEWED:1]
A small winged reptile person with a round head.,一名长有翅膀、头部圆润的小型爬虫人。,[REVIEWED:1]
"A small wolf-like scavenger.  Normally found in pairs, jackals can form packs when they find a body.",一种形似狼的小型食腐动物。胡狼通常成对活动，但找到尸体时也会聚集成群。,[REVIEWED:1]
A small woolly insect that lives in hive colonies.  It has an annoying sting which it rarely uses.,一种在巢中群居、覆有绒毛的小昆虫。牠的螫刺令人难受，但很少使用。,[REVIEWED:1]
A small yellow and black bird.  They feed in the canopy of the forest.,一种黄黑相间的小鸟。牠们在森林树冠间觅食。,[REVIEWED:1]
"A small, brightly-colored snake.  It is known for eating other snakes and being mistaken for its venomous cousins.",一种体色鲜艳的小型蛇。牠以捕食其他蛇闻名，也常被误认为有毒的近亲。,[REVIEWED:1]
"A small, brown, flightless bird.  It eats insects and grubs and is known for its keen sense of smell.",一种棕色、不会飞的小鸟。牠吃昆虫与幼虫，以敏锐的嗅觉闻名。,[REVIEWED:1]
"A small, flightless, brightly-colored bird.",一种体色鲜艳、不会飞行的小鸟。,[REVIEWED:1]
"A small, foreboding black bird that feeds on carrion.  It is social, very intelligent, and knows how to use tools.",一种令人不安、以腐肉为食的黑色小鸟。牠喜欢群居，十分聪明，而且懂得使用工具。,[REVIEWED:1]
"A small, green, intelligent mountain parrot.",一种绿色、聪明的小型山地鹦鹉。,[REVIEWED:1]
"A small, grey, tree-dwelling creature.",一种灰色的树栖小型生物。,[REVIEWED:1]
"A small, intelligent vermin with a long naked tail.",一种聪明的小型害兽，长有裸露的长尾。,[REVIEWED:1]
"A small, jawless, filter-feeding fish found in brooks and streams.",一种栖息于小溪中的小型无腭滤食鱼类。,[REVIEWED:1]
"A small, long-armed ape.  It lives in trees and eats fruit.",一种长臂的小型猿类。牠生活在树上，以果实为食。,[REVIEWED:1]
"A small, long-nosed raccoon-like creature.",一种长鼻的小型浣熊形生物。,[REVIEWED:1]
"A small, muscular, weasel-like creature.  It is known for its ferocity.",一种体格强健、形似鼬的小型生物。牠以凶猛闻名。,[REVIEWED:1]
"A small, nocturnal bird of prey found in woodland regions.  Its hunger for rodents drives it to take residence in buildings.",一种栖息于林地、夜间活动的小型猛禽。牠对囓齿动物的食欲促使牠住进建筑物中。,[REVIEWED:1]
"A small, nocturnal bird of prey with large eyes and protruding feathers.",一种夜行性小型猛禽，长有大眼与突出的羽毛。,[REVIEWED:1]
"A small, nocturnal mammal.  It has a long tongue with which to eat insects.",一种夜间活动的小型哺乳动物。牠用长舌捕食昆虫。,[REVIEWED:1]
"A small, nocturnal, marine fish.  It can be found hunting in coral reefs.",一种夜间活动的小型海鱼。牠在珊瑚礁中猎食。,[REVIEWED:1]
"A small, nocturnal, tree-dwelling mammal.  It uses its long fingers to fish out grubs from the wood.",一种夜间活动的小型树栖哺乳动物。牠用长手指从木头中掏出幼虫。,[REVIEWED:1]
"A small, pale arthropod found in underground streams and ponds.",一种栖息于地下溪流与池塘、体色苍白的小型节肢动物。,[REVIEWED:1]
"A small, predatory, weasel-like mammal.  It is also semi-aquatic.",一种形似鼬的小型掠食哺乳动物。牠也过着半水生生活。,[REVIEWED:1]
"A small, round humanoid found wandering the caves deep underground.  Most of its body is taken up by a huge tusked mouth.",一种在地下深处洞穴游荡、体型圆小的人形生物。长有獠牙的巨口占据了牠身体的大部分。,[REVIEWED:1]
"A small, round, brightly-colored fish found in coral reefs.",一种栖息于珊瑚礁、身形圆润且体色鲜艳的小鱼。,[REVIEWED:1]
"A small, shark-like creature that lives in the ocean's muddy shallows.  Its skin sparkles and it has a venomous spine on its back.",一种生活在海洋泥泞浅水区、形似鲨鱼的小型生物。牠的皮肤闪闪发光，背上长有毒棘。,[REVIEWED:1]
"A small, slender gazelle-like creature.",一种身形纤细的小型瞪羚形生物。,[REVIEWED:1]
"A small, slow-moving mammal that lives in the trees.",一种生活在树上、行动缓慢的小型哺乳动物。,[REVIEWED:1]
"A small, spineless, eel-like fish that lives on the bottom of the ocean.  It can turn the water around its body into a cloud of slime to escape predators.",一种生活在海底、形似鳗鱼且没有脊椎的小鱼。牠能让身体周围的水变成一团黏液，以躲避掠食者。,[REVIEWED:1]
"A small, squat humanoid with large pointy ears and yellow glowing eyes.",一种矮胖的小型人形生物，长有大尖耳，眼睛闪着黄光。,[REVIEWED:1]
"A small, stocky mammal.  It is found from the mountains to the woodlands.",一种矮壮的小型哺乳动物。从山地到林地都能见到牠。,[REVIEWED:1]
A snake-like creature living deep underground.  Its head is covered in armor so that is resembles the head of a dragon.,一种生活在地下深处的蛇形生物。牠的头部覆有甲片，看起来像龙的头。,[REVIEWED:1]
A spiny person with the head of an echidna.,一名浑身带刺、具有针鼹头部的人形生物。,[REVIEWED:1]
A spotted person with the head and tail of a cheetah.,一名身有斑点、具有猎豹头部与尾巴的人形生物。,[REVIEWED:1]
A spotted person with the head and tail of a jaguar.,一名身有斑点、具有美洲豹头部与尾巴的人形生物。,[REVIEWED:1]
A spotted person with the head and tail of a leopard.,一名身有斑点、具有花豹头部与尾巴的人形生物。,[REVIEWED:1]
"A squat amphibian with leathery skin, found in relatively dry areas.",一种皮肤坚韧如革、身形矮胖的两栖动物，栖息于较干燥的地区。,[REVIEWED:1]
A strange crystalline creature the shape of a man.  It is found deep underground.,一种人形的奇异结晶生物。牠生活在地下深处。,[REVIEWED:1]
A strange shapeless life form with an orange leathery skin containing a liquid interior.  It can secrete its internal fluid.,一种没有固定形状的奇异生命体，橙色革质外皮包裹着液态的内部。牠能分泌体内的液体。,[REVIEWED:1]
A striped person with the head and tail of a chipmunk.,一名身有条纹、具有花栗鼠头部与尾巴的人形生物。,[REVIEWED:1]
A striped person with the head and tail of a skunk.,一名身有条纹、具有臭鼬头部与尾巴的人形生物。,[REVIEWED:1]
"A swift, long-eared rodent with long legs and a short fluffy tail.",一种动作敏捷的长耳囓齿动物，长有长腿与蓬松短尾。,[REVIEWED:1]
A tiny amphibian that lives in the trees.,一种生活在树上的微小两栖动物。,[REVIEWED:1]
A tiny amphibian with a long prehensile tail.  It lives in underground swamps and tower-cap forests on which it feeds.,一种长有可抓握长尾的微小两栖动物。牠生活在地下沼泽与高塔菌林中，并以高塔菌为食。,[REVIEWED:1]
"A tiny amphibian, found in underground streams.",一种栖息于地下溪流的微小两栖动物。,[REVIEWED:1]
A tiny amphibious limbless vertebrate that feeds on creatures as it slithers about.,一种微小的无肢两栖脊椎动物，一边蜿蜒爬行一边捕食其他生物。,[REVIEWED:1]
A tiny aquatic arthropod with a broad head and tapering body.,一种微小的水生节肢动物，头部宽阔，身体向尾端渐细。,[REVIEWED:1]
A tiny aquatic arthropod with pronounced eyes and two frontal grasping appendages.,一种微小的水生节肢动物，眼睛突出，前端长有一对抓握附肢。,[REVIEWED:1]
A tiny aquatic worm-like creature with ten pairs slender legs and seven pairs of protruding rigid spines along its body.,一种微小的水生蠕虫形生物，长有十对细腿，体侧伸出七对硬刺。,[REVIEWED:1]
A tiny arthropod person with the protective spines of a wiwaxia.,一名体型微小的节肢类、具有威瓦克虫防御棘刺的人形生物。,[REVIEWED:1]
A tiny arthropod that walks tilted upright on two large legs.  Six spined projections radiate outward from its head shield.,一种用两条大腿倾斜直立行走的微小节肢动物。六根带刺的突起从头甲向外放射伸出。,[REVIEWED:1]
A tiny bipedal dinosaur.  It runs along the ground and eats small prey.,一种微小的双足恐龙。牠在地面奔跑，捕食小型猎物。,[REVIEWED:1]
A tiny bird of prey.  It hovers above the ground and swoops down to snatch rodents and mice.,一种微小的猛禽。牠在地面上方悬停，再俯冲下去捕捉囓齿动物与老鼠。,[REVIEWED:1]
"A tiny bird with a large, brightly-colored bill.",一种长有鲜艳大喙的微小鸟类。,[REVIEWED:1]
A tiny black and white bird.  It is one of the most intelligent of the natural creatures.,一种黑白相间的微小鸟类。牠是天然生物中最聪明的物种之一。,[REVIEWED:1]
A tiny black bug that lacks a web but can leap short distances.,一种不会结网、却能短距离跳跃的微小黑色虫类。,[REVIEWED:1]
"A tiny blue-green oceanic fish, found only in temperate waters.",一种仅栖息于温带水域的微小蓝绿色海鱼。,[REVIEWED:1]
A tiny brown bird found in open woodlands.,一种栖息于开阔林地的微小棕色鸟类。,[REVIEWED:1]
A tiny brown bird given to singing complex songs.,一种善于唱出复杂歌声的微小棕色鸟类。,[REVIEWED:1]
A tiny brown bird that can be found in most temperate regions.,一种常见于大多数温带地区的微小棕色鸟类。,[REVIEWED:1]
A tiny brown bug known for its powerful poison.,一种以剧毒闻名的微小棕色虫类。,[REVIEWED:1]
"A tiny burrowing creature, found in moist soil.  It is legless, long and thin.",一种栖息于潮湿土壤、会钻洞的微小生物。牠没有腿，身体细长。,[REVIEWED:1]
A tiny colorful fish found in tropical lakes and rivers.,一种栖息于热带湖泊与河流、体色鲜艳的微小鱼类。,[REVIEWED:1]
A tiny creature made up of a series of crackling knobs set at strange angles.,一种微小生物，由一连串角度奇异、劈啪作响的节块组成。,[REVIEWED:1]
A tiny crested parrot.  They are prized as domestic companions.,一种微小的冠羽鹦鹉。牠们作为家庭伴侣备受珍视。,[REVIEWED:1]
A tiny diurnal monkey.  It spends its time in the trees searching for food.,一种白天活动的微小猴类。牠在树间度日，四处寻找食物。,[REVIEWED:1]
A tiny diving bird found living on seaside cliffs in the colder climates.,一种生活在寒冷地区海边峭壁上的微小潜水鸟类。,[REVIEWED:1]
A tiny feathered bipedal dinosaur with a single claw on each side of its upper body.,一种覆有羽毛的微小双足恐龙，上半身两侧各长有一只爪。,[REVIEWED:1]
A tiny feathered dinosaur with wings capable of flight.,一种覆有羽毛的微小恐龙，长有能够飞行的翅膀。,[REVIEWED:1]
A tiny five-eyed aquatic arthropod with a grasping proboscis.,一种微小的水生节肢动物，长有五只眼睛与用来抓握的长吻。,[REVIEWED:1]
A tiny flying insect found around rotting meat and garbage.  These bugs are widely considered to be a nuisance.,一种出没于腐肉与垃圾周围的微小飞虫。这些虫子普遍被视为恼人的害虫。,[REVIEWED:1]
A tiny flying insect that can be seen at night by its glowing tail.,一种尾部发光的微小飞虫，夜间可以看见牠的光芒。,[REVIEWED:1]
A tiny flying reptile with a small round head.,一种头部小而圆的微小飞行爬虫。,[REVIEWED:1]
A tiny four-eyed fish with a pronounced fin along its back.,一种长有四只眼睛与显眼背鳍的微小鱼类。,[REVIEWED:1]
A tiny furry rodent dwelling in the hollow cracks of rocks.  They can be found high in the mountains.,一种覆有毛皮、住在岩缝中的微小囓齿动物。牠们栖息于高山。,[REVIEWED:1]
"A tiny green insect.  It has long, distinctive forelimbs that it uses to catch its prey.",一种微小的绿色昆虫。牠用独特的修长前肢捕捉猎物。,[REVIEWED:1]
A tiny grey rodent that is only active at night.  It can sail between trees on wings stretching between its front and hind legs.,一种只在夜间活动的微小灰色囓齿动物。牠能利用前后腿之间展开的翼膜，在树木之间滑翔。,[REVIEWED:1]
A tiny hemispherical arthropod with protective spines.,一种身形呈半球状、长有防御棘刺的微小节肢动物。,[REVIEWED:1]
A tiny insect capable of destroying large wooden structures when in large numbers.,一种微小昆虫，聚集大量个体时足以摧毁大型木构建筑。,[REVIEWED:1]
A tiny insect that can be found almost anywhere outside.,一种几乎遍布所有户外地区的微小昆虫。,[REVIEWED:1]
A tiny insect which uses its powerful legs to leap and make noise.,一种用强劲后腿跳跃与发声的微小昆虫。,[REVIEWED:1]
"A tiny insect with a pulsating, lumpy body.  It is an evil bug that seeks blood.",一种身体凹凸不平、不断搏动的微小昆虫。牠是寻求鲜血的邪恶虫子。,[REVIEWED:1]
A tiny land mollusk with a large shell.,一种背负大壳的微小陆生软体动物。,[REVIEWED:1]
A tiny land mollusk.  It can be found under rotten logs and in gardens.,一种微小的陆生软体动物。牠栖息于腐木底下与花园中。,[REVIEWED:1]
A tiny larva which is prized for its milk.,一种因所产乳汁而受到珍视的微小幼虫。,[REVIEWED:1]
A tiny mammal with a slender body.  It hunts in mouse holes as well as barn yards.,一种身体纤细的微小哺乳动物。牠会在鼠洞与谷仓庭院中狩猎。,[REVIEWED:1]
A tiny marine fish found in vast schools.,一种聚集成庞大鱼群的微小海鱼。,[REVIEWED:1]
A tiny nocturnal insect.  It flies toward flames in the night.,一种夜间活动的微小昆虫。牠会在夜里飞向火焰。,[REVIEWED:1]
A tiny orange marine fish that lives inside the tentacles of a poisonous invertebrate.,一种微小的橙色海鱼，生活在有毒无脊椎动物的触手之间。,[REVIEWED:1]
A tiny orange-striped fish.  It lives in inland waters.,一种带橙色条纹的微小鱼类。牠生活在内陆水域。,[REVIEWED:1]
A tiny parasitic insect.  It feeds on skin and blood.,一种微小的寄生昆虫。牠以皮肤与血液为食。,[REVIEWED:1]
A tiny parrot found in flocks of many hundreds.  Exceptional birds can be taught to speak.,一种数百只聚集成群的微小鹦鹉。特别出色的个体能学会说话。,[REVIEWED:1]
A tiny pest insect.  It feeds on both crops and other bugs.,一种微小的害虫。牠既吃农作物，也吃其他虫子。,[REVIEWED:1]
A tiny pest insect.  It uses its long nose to suck blood from its host.,一种微小的害虫。牠用长长的口器吸取宿主的血液。,[REVIEWED:1]
A tiny predatory mollusk.  It is brightly colored.,一种微小的掠食软体动物。牠色彩鲜艳。,[REVIEWED:1]
A tiny reptile with a gliding membrane between its back legs.,一种后腿间长有滑翔膜的微小爬虫。,[REVIEWED:1]
A tiny reptile with a shell on its back.  It can be found in rivers and ponds.,一种背上有壳的微小爬行动物。牠栖息于河流与池塘。,[REVIEWED:1]
"A tiny reptile, running on two legs.  It has a horn on the end of its nose.",一种用两条腿奔跑的微小爬行动物。牠的鼻端长有一只角。,[REVIEWED:1]
A tiny rodent that burrows by day and scurries about at night.,一种白天掘穴、夜间四处奔窜的微小啮齿动物。,[REVIEWED:1]
A tiny scuttling arthropod with large compound eyes.,一种长有大型复眼、快速爬行的微小节肢动物。,[REVIEWED:1]
A tiny sea animal that lives in the sand just offshore.  It has a flat body with legs underneath.,一种生活在近岸沙地中的微小海洋动物。牠身体扁平，腿长在身体下方。,[REVIEWED:1]
"A tiny sea creature which dwells on the ocean floor, devoid of senses or motion.",一种栖息于海床的微小海洋生物，没有感官，也无法移动。,[REVIEWED:1]
A tiny sea mollusk.  It can change color and skin patterns for communication.,一种微小的海洋软体动物。牠能改变体色与皮肤花纹来沟通。,[REVIEWED:1]
A tiny sea vermin with eight arms and two tentacles.  It can spray ink to confuse predators.,一种长有八条腕足与两条触手的微小海洋生物。牠能喷出墨汁迷惑掠食者。,[REVIEWED:1]
A tiny shelled ocean creature with many long legs.  It has two large pincers on its front limbs.,一种有壳的微小海洋生物，长有许多长腿。牠的前肢上有两只大螯。,[REVIEWED:1]
A tiny shelled reptile that lives in the desert.,一种背负硬壳、生活在沙漠的微小爬虫。,[REVIEWED:1]
A tiny snake with ridged scales and a powerful venomous bite.,一种鳞片带有棱脊的微小蛇类，咬击含有强烈毒液。,[REVIEWED:1]
"A tiny soft-bodied aquatic creature with a grasping forward appendage, two eyestalks and a finned tail.",一种微小的软体水生生物，前端有抓握附肢，长有两根眼柄与带鳍的尾巴。,[REVIEWED:1]
A tiny spotted fish found in coastal rivers and temperate lakes.,一种栖息于沿海河流及温带湖泊、带有斑点的微小鱼类。,[REVIEWED:1]
A tiny striped rodent found scurrying through the bushes and trees of the temperate forest.,一种微小的条纹啮齿动物，在温带森林的灌木与树木间穿梭。,[REVIEWED:1]
"A tiny translucent creature, found in evil forests.",一种栖息于邪恶森林的微小半透明生物。,[REVIEWED:1]
"A tiny underground bug, sought after for its thread.",一种因所产丝线而受到追捧的微小地下虫类。,[REVIEWED:1]
A tiny underground creature made of a mass of appendages resembling human fingers.  It creeps across the ground like a starfish and eats with a mouth on the bottom of its body.,一种由大量形似人类手指的附肢构成的微小地下生物。牠像海星般在地上爬行，用身体底部的嘴进食。,[REVIEWED:1]
A tiny underground monster with large claws and horns.  It walks on two legs and is dangerous when encountered in large numbers.,一种长有大爪与角的微小地下怪物。牠用两条腿行走，大量出现时十分危险。,[REVIEWED:1]
A tiny venomous snake found in the woods and swamps.,一种栖息于林地与沼泽的微小毒蛇。,[REVIEWED:1]
A tiny venomous snake.  It is the longest of the pit vipers.,一种微小的毒蛇。牠是蝮蛇中身体最长的。,[REVIEWED:1]
A tiny winged creature that hunts at night and rests in caves during the day.,一种有翼的微小生物，夜间猎食，白天在洞穴休息。,[REVIEWED:1]
A tiny winged humanoid with shifting colors which performs intricate aerial dances in large groups.,一种有翼的微小人形生物，体色不断变幻，会成群在空中跳出复杂的舞蹈。,[REVIEWED:1]
"A tiny winged insect, though exceptionally large for a dragonfly.",一种微小的有翼昆虫，但以蜻蜓而言却格外庞大。,[REVIEWED:1]
A tiny yellow bug.  It has pincers and a stinging tail which can prove fatal.,一种微小的黄色虫子。牠长有钳子与带螫针的尾巴，螫刺可能致命。,[REVIEWED:1]
"A tiny, aquatic, worm-like creature that feeds on blood.",一种以血液为食的微小水生蠕虫形生物。,[REVIEWED:1]
"A tiny, blood-sucking bug found in wooded areas.",一种栖息于林地的微小吸血虫类。,[REVIEWED:1]
"A tiny, brightly colored parrot.  They are clever and learn many tricks.",一种色彩鲜艳的微小鹦鹉。牠们很聪明，能学会许多把戏。,[REVIEWED:1]
"A tiny, brightly-colored lizard.",一种体色鲜艳的微小蜥蜴。,[REVIEWED:1]
"A tiny, brightly-colored tree parrot.  It uses its tongue to feed on plants.",一种色彩鲜艳、栖息于树上的微小鹦鹉。牠用舌头摄食植物。,[REVIEWED:1]
"A tiny, colorful bird.  It can be trained to be a pleasant companion.",一种色彩缤纷的微小鸟类。牠能受训成为讨人喜爱的伴侣。,[REVIEWED:1]
"A tiny, colorful, long-bodied insect.",一种身体修长、色彩鲜艳的微小昆虫。,[REVIEWED:1]
"A tiny, curved and colorful fish found in coral reefs.",一种栖息于珊瑚礁、身躯弯曲且色彩鲜艳的微小鱼类。,[REVIEWED:1]
"A tiny, foul-tempered humanoid creature that dwells in the evil mountains.  They are known to enjoy drinking liquor and will take any unguarded supplies of booze.",一种居住在邪恶山地、脾气暴躁的微小人形生物。牠们喜欢喝酒，会拿走任何无人看管的酒。,[REVIEWED:1]
"A tiny, giggling humanoid with lacy wings.",一种长有蕾丝般翅膀、咯咯发笑的微小人形生物。,[REVIEWED:1]
"A tiny, jolly humanoid creature that dwells in the fair mountains.  They are known to enjoy drinking liquor and don't care whether it's theirs or not.",一种居住在美好山地、性情欢快的微小人形生物。牠们喜欢喝酒，而且不在乎酒是不是自己的。,[REVIEWED:1]
"A tiny, mollusk with a large shell and many tentacles.",一种长有大壳与众多触手的微小软体动物。,[REVIEWED:1]
A towering herbivorous quadrupedal dinosaur with a long neck.,一种高耸的四足草食恐龙，长有修长的颈部。,[REVIEWED:1]
A transparent and amorphous monster that lives underground.  It is small in size and is found crawling across the cavern floor.  Its organs appear to be floating inside of its body.,一种生活在地下、透明而没有固定形状的怪物。牠体型小，会沿洞穴地面爬行。牠的器官看起来像漂浮在体内。,[REVIEWED:1]
A venomous person with the head and tail of a gila monster.,一名带有毒液、具有毒蜥头部与尾巴的人形生物。,[REVIEWED:1]
A very large aquatic reptile with fish-like fins and an elongated snout.,一种非常大的水生爬虫，长有鱼鳍般的肢体与细长吻部。,[REVIEWED:1]
A very large aquatic reptile with four flippers and a long neck.,一种非常大的水生爬虫，长有四只鳍肢与长颈。,[REVIEWED:1]
A very large bipedal dinosaur with a giant biting jaw and a strong flexible neck.,一种非常大的双足恐龙，长有巨大的咬合腭部与强壮灵活的颈部。,[REVIEWED:1]
A very large carnivorous bipedal dinosaur with a horn and short arms.,一种非常大的双足肉食恐龙，长有一只角与短小前肢。,[REVIEWED:1]
A very large carnivorous bipedal dinosaur with two parallel head crests and short arms.,一种非常大的双足肉食恐龙，头上有两道平行冠饰，前肢短小。,[REVIEWED:1]
A very large cephalopod with a coiled shell.,一种背负螺旋外壳的非常大的头足动物。,[REVIEWED:1]
"A very large dinosaur person with a ferocious jaw, short arms, a sail and a horn.",一名体型硕大的恐龙人，腭部强劲、手臂短小，长有背帆与一只角。,[REVIEWED:1]
"A very large dinosaur person with a ferocious jaw, short arms, and a sail.",一名体型硕大的恐龙人，腭部强劲、手臂短小，长有背帆。,[REVIEWED:1]
A very large dinosaur person with a long neck.,一名长颈、体型硕大的恐龙人。,[REVIEWED:1]
A very large dinosaur person with a mighty jaw and very short arms with two fingers.,一名体型硕大的恐龙人，腭部强而有力，极短的手臂上各有两指。,[REVIEWED:1]
"A very large dinosaur person with a tail club, an armored carapace and four horns.",一名体型硕大的恐龙人，长有尾锤、坚硬甲壳与四只角。,[REVIEWED:1]
A very large dinosaur person with thumb spikes and a beaked mouth.,一名体型硕大的恐龙人，拇指呈尖刺状，嘴部呈喙状。,[REVIEWED:1]
A very large feathered bipedal dinosaur with a sharp scything claw on its second toe.,一种非常大的有羽双足恐龙，第二趾上长有锋利的镰刀状爪。,[REVIEWED:1]
A very large feathered dinosaur person with three giant claws on each hand.,一名体型硕大、覆有羽毛的恐龙人，每只手上长有三只巨爪。,[REVIEWED:1]
A very large hairless mammal person with a long neck and a small trunk,一名体型硕大的无毛哺乳类人形生物，长有长颈与短鼻。,[REVIEWED:1]
A very large hairless mammal person with a trunk and two backward-curving tusks.,一名体型硕大的无毛哺乳类人形生物，长有长鼻与两根向后弯曲的獠牙。,[REVIEWED:1]
A very large herbivorous bipedal dinosaur with a thick domed head.,一种非常大的双足草食恐龙，头部厚实且呈圆顶状。,[REVIEWED:1]
A very large herbivorous quadrupedal dinosaur with a long neck.,一种非常大的长颈四足草食恐龙。,[REVIEWED:1]
A very large legless person with a giant toothy mouth.,一名体型硕大、没有腿的人形生物，巨嘴中长满牙齿。,[REVIEWED:1]
A very large legless shark person.,一名体型硕大、没有腿的鲨鱼人。,[REVIEWED:1]
A very large lizard.,一种非常大的蜥蜴。,[REVIEWED:1]
A very large mammalian omnivore with a long head.,一种头部狭长、非常大的杂食性哺乳动物。,[REVIEWED:1]
A very large person with a bony head frill and three horns.,一名体型硕大的人形生物，长有骨质头盾与三只角。,[REVIEWED:1]
A very large person with a spiky head frill and three horns.,一名体型硕大的人形生物，长有带刺头盾与三只角。,[REVIEWED:1]
"A very large quadrupedal predator, well-suited to the hunt.  It has a tail and powerful jaws, and it is terrestrial.",一种非常大型、善于狩猎的四足掠食动物。牠长有尾巴与强健的腭部，在陆地上生活。,[REVIEWED:1]
A very large snake.  It is amphibious and constricts its prey.,一种非常大型的蛇。牠能在水陆活动，会缠绕勒住猎物。,[REVIEWED:1]
A very large woolly mammal person with two tusks.,一名体型硕大、覆有厚毛的哺乳类人形生物，长有两根獠牙。,[REVIEWED:1]
A very small amphibian with a wedge-shaped head and long tail.,一种非常小的两栖动物，头部呈楔形，尾巴修长。,[REVIEWED:1]
A very small aquatic arthropod with two antennae.  It has many legs underneath its flat segmented oval body.  They can curl into a ball to protect themselves.,一种长有两根触角、非常小的水生节肢动物。牠扁平、分节的椭圆身体下方长有许多腿。牠们能蜷成一团保护自己。,[REVIEWED:1]
A very small bipedal dinosaur with a long tail and short arms.  It is omnivorous.,一种非常小的双足恐龙，长有长尾与短臂。牠是杂食动物。,[REVIEWED:1]
A very small bipedal herbivorous dinosaur with a bony head crest.,一种非常小的双足草食恐龙，长有骨质头冠。,[REVIEWED:1]
A very small bipedal herbivorous dinosaur with a thick domed head.,一种非常小的双足草食恐龙，头部厚实且呈圆顶状。,[REVIEWED:1]
A very small feathered bipedal dinosaur with a sharp scything claw on its second toe.,一种非常小的有羽双足恐龙，第二趾上长有锋利的镰刀状爪。,[REVIEWED:1]
A very small feathered bipedal dinosaur with a single claw on each side of its upper body.,一种非常小的有羽双足恐龙，上半身两侧各长有一只爪。,[REVIEWED:1]
A very small feathered bipedal dinosaur with an opposable fifth finger.  It is a herbivore and has a beaked mouth.,一种覆有羽毛、非常小的双足恐龙，第五指能与其他手指相对抓握。牠以植物为食，嘴部呈喙状。,[REVIEWED:1]
A very small flying reptile with a long narrow mouth.,一种嘴部狭长、非常小的飞行爬虫。,[REVIEWED:1]
A very small flying reptile with long wings and a ferocious jaw.,一种非常小的飞行爬虫，长有长翼与强劲腭部。,[REVIEWED:1]
A very small flying reptile.,一种非常小的飞行爬虫。,[REVIEWED:1]
A very small mammal with short legs and a long tail.  It hunts small animals to eat.,一种腿短、尾巴长的极小哺乳动物。牠猎捕小动物为食。,[REVIEWED:1]
A very small reptile with a divided carapace.,一种覆有分瓣甲壳、非常小的爬虫。,[REVIEWED:1]
A very small reptile with a prehensile tail and giant claws on its second foredigits.,一种非常小的爬虫，尾巴能够抓握，前肢第二指上长有巨爪。,[REVIEWED:1]
A very small squat amphibian with a round tummy and long tail.,一种非常小而矮胖的两栖动物，长有圆肚与长尾。,[REVIEWED:1]
A worm-like creature with the torso of a man.,一种长有人类躯干的蠕虫状生物。,[REVIEWED:1]
An animal person with the head of the amphibious olm.  It lives underground near water.,一名长有两栖动物洞螈头部的人形生物。牠生活在地下的水边。,[REVIEWED:1]
An aquatic arthropod with a pronounced head structure and frontal appendages for filter feeding.  It is large for an arthropod.,一种水生节肢动物，有明显的头部构造与用于滤食的前方附肢。以节肢动物而言，牠的体型很大。,[REVIEWED:1]
An aquatic arthropod with a wide head and tapering body.,一种水生节肢动物，头部宽阔，身体向尾端渐细。,[REVIEWED:1]
An aquatic person in the shape of an orca with arms.,一名外形如虎鲸、长有手臂的水生人形生物。,[REVIEWED:1]
An arthropod person with the pronounced head shape of an aegirocassis.,一名节肢类、具有海神盔虾鲜明头形的人形生物。,[REVIEWED:1]
An elusive medium-sized fish found in coastal waters.,一种栖息于沿海水域、难以寻觅的中型鱼类。,[REVIEWED:1]
"An evil humanoid with a long tail, black spiky fur and a twitching nose.  It lives far underground.",一种邪恶的人形生物，长有长尾、黑色刺状毛皮与不断抽动的鼻子。牠生活在地下深处。,[REVIEWED:1]
An evil monster from the swamp.  It resembles a knot of waterlogged weeds but will strike the unaware victim.,一种来自沼泽的邪恶怪物。牠看起来像一团浸透水的杂草，却会袭击毫无防备的受害者。,[REVIEWED:1]
An insect many times the size of its peers.  It is known for its deafening buzz.,一种体型是同类许多倍大的昆虫。牠以震耳欲聋的嗡嗡声闻名。,[REVIEWED:1]
An insidious form of vermin.  It lives only to steal food from others.,一种阴险的小型害兽。牠活着只为偷取他人的食物。,[REVIEWED:1]
An invertebrate found off the coast.  It has a sting which can be severe.,一种栖息于近海的无脊椎动物。牠的螫刺可能造成严重伤害。,[REVIEWED:1]
An oceanic fish.,一种海洋鱼类。,[REVIEWED:1]
An orange person with the head and tail of a lion tamarin.,一名通体橙色、具有狮狨猴头部与尾巴的人形生物。,[REVIEWED:1]
An orange striped person with the head of a tiger.,一名身有橙色条纹、具有虎头部的人形生物。,[REVIEWED:1]
Fire in the shape of a human that can hurl fireballs.,呈人形、能投掷火球的火焰。,[REVIEWED:1]
Living gabbro in the shape of a man.  These strange creatures are found deep underground.,呈人形的活体辉长岩。这些奇异的生物生活在地下深处。,[REVIEWED:1]
Magma moving in the shape of a man.  It has a cracked black crust.,以人形移动的岩浆。牠覆有龟裂的黑色外壳。,[REVIEWED:1]
The bookkeeper keeps an accurate count of items in the fortress. They work in their office to improve the precision of the count.,簿记员负责精确清点要塞中的物品，并在办公室工作以提高清点结果的精度。,[REVIEWED:1]
The broker uses their appraisal skill to allow you to see the value of items in the fortress. They are also the default negotiator with visiting merchants.,经纪人运用估价技能，让你得知要塞内物品的价值。他们也是与来访商人交涉的预设人选。,[REVIEWED:1]
The chief medical dwarf allows you to see the overall health of dwarves in your fortress.,首席医疗矮人让你查看要塞中矮人的整体健康状况。,[REVIEWED:1]
The largest of the giant cats.  It can be found hunting alone in the most savage countryside.,巨型猫科动物中体型最大的一种。牠会在最蛮荒的野外独自狩猎。,[REVIEWED:1]
"The manager handles work orders. Once your fortress reaches a certain population, the manager must work in an office to validate work orders.",管理员负责处理工作订单。要塞达到一定人口后，管理员必须在办公室工作，才能核准工作订单。,[REVIEWED:1]
The most intelligent of birds.  It can be found in the rainforest.,鸟类中最聪明的一种。牠栖息于雨林。,[REVIEWED:1]
These creatures are shaped like men covered with rough scales.  They have the head and tail of a lizard and possess a dark and evil intelligence.  They are found deep under the earth.,这些生物形似覆有粗糙鳞片的人类。牠们长有蜥蜴的头与尾巴，拥有阴暗邪恶的智慧。牠们生活在地下深处。,[REVIEWED:1]
These evil creatures resemble walking frogs with arms and the intelligence to use them.  They live in the waters far under the earth.,这些邪恶的生物形似会走路的青蛙，长有双臂，也有运用双臂的智慧。牠们生活在地下深处的水域。,[REVIEWED:1]
"This is a medium-sized creature with legs and arms, but the long neck and head of an ostrich.",这是一种长有双腿与双臂的中型生物，却有鸵鸟般的长颈与头部。,[REVIEWED:1]
This tiny insect can be found in huge colonies in the dirt.  They overwhelm their enemies with swarms.  Some have poison bites.,这种微小的昆虫会在土中形成庞大的群落。牠们以蜂拥而上的数量压倒敌人。有些个体咬人带毒。,[REVIEWED:1]
DFL_LEGENDS_RACE:aardvark,土豚,[REVIEWED:1]
DFL_LEGENDS_RACE:aardvark man,土豚人,[REVIEWED:1]
DFL_LEGENDS_RACE:aardvark men,土豚人,[REVIEWED:1]
DFL_LEGENDS_RACE:aardvark woman,雌土豚人,[REVIEWED:1]
DFL_LEGENDS_RACE:aardvark women,雌土豚人,[REVIEWED:1]
DFL_LEGENDS_RACE:aardvarks,土豚,[REVIEWED:1]
DFL_LEGENDS_RACE:acorn flies,橡子蝇,[REVIEWED:1]
DFL_LEGENDS_RACE:acorn fly,橡子蝇,[REVIEWED:1]
DFL_LEGENDS_RACE:adder,蝰蛇,[REVIEWED:1]
DFL_LEGENDS_RACE:adder man,蝰蛇人,[REVIEWED:1]
DFL_LEGENDS_RACE:adder men,蝰蛇人,[REVIEWED:1]
DFL_LEGENDS_RACE:adder woman,女蝰蛇人,[REVIEWED:1]
DFL_LEGENDS_RACE:adder women,女蝰蛇人,[REVIEWED:1]
DFL_LEGENDS_RACE:adders,蝰蛇,[REVIEWED:1]
DFL_LEGENDS_RACE:aegirocassis,海神盔虾,[REVIEWED:1]
DFL_LEGENDS_RACE:aegirocassis man,海神盔虾人,[REVIEWED:1]
DFL_LEGENDS_RACE:aegirocassis men,海神盔虾人,[REVIEWED:1]
DFL_LEGENDS_RACE:aegirocassis woman,雌海神盔虾人,[REVIEWED:1]
DFL_LEGENDS_RACE:aegirocassis women,雌海神盔虾人,[REVIEWED:1]
DFL_LEGENDS_RACE:afrovenator,非洲猎龙,[REVIEWED:1]
DFL_LEGENDS_RACE:afrovenator man,非洲猎龙人,[REVIEWED:1]
DFL_LEGENDS_RACE:afrovenator men,非洲猎龙人,[REVIEWED:1]
DFL_LEGENDS_RACE:afrovenator woman,雌非洲猎龙人,[REVIEWED:1]
DFL_LEGENDS_RACE:afrovenator women,雌非洲猎龙人,[REVIEWED:1]
DFL_LEGENDS_RACE:albatross,信天翁,[REVIEWED:1]
DFL_LEGENDS_RACE:albatross man,信天翁人,[REVIEWED:1]
DFL_LEGENDS_RACE:albatross men,信天翁人,[REVIEWED:1]
DFL_LEGENDS_RACE:albatross woman,雌信天翁人,[REVIEWED:1]
DFL_LEGENDS_RACE:albatross women,雌信天翁人,[REVIEWED:1]
DFL_LEGENDS_RACE:albatrosses,信天翁,[REVIEWED:1]
DFL_LEGENDS_RACE:alligator,短吻鳄,[REVIEWED:1]
DFL_LEGENDS_RACE:alligator man,短吻鳄人,[REVIEWED:1]
DFL_LEGENDS_RACE:alligator men,短吻鳄人,[REVIEWED:1]
DFL_LEGENDS_RACE:alligator snapping turtle,大鳄龟,[REVIEWED:1]
DFL_LEGENDS_RACE:alligator snapping turtles,大鳄龟,[REVIEWED:1]
DFL_LEGENDS_RACE:alligator woman,女短吻鳄人,[REVIEWED:1]
DFL_LEGENDS_RACE:alligator women,女短吻鳄人,[REVIEWED:1]
DFL_LEGENDS_RACE:alligators,短吻鳄,[REVIEWED:1]
DFL_LEGENDS_RACE:allosaurus,异特龙,[REVIEWED:1]
DFL_LEGENDS_RACE:allosaurus man,异特龙人,[REVIEWED:1]
DFL_LEGENDS_RACE:allosaurus men,异特龙人,[REVIEWED:1]
DFL_LEGENDS_RACE:allosaurus woman,雌异特龙人,[REVIEWED:1]
DFL_LEGENDS_RACE:allosaurus women,雌异特龙人,[REVIEWED:1]
DFL_LEGENDS_RACE:alpaca,羊驼,[REVIEWED:1]
DFL_LEGENDS_RACE:alpacas,羊驼,[REVIEWED:1]
DFL_LEGENDS_RACE:amargasaurus,阿玛加龙,[REVIEWED:1]
DFL_LEGENDS_RACE:amargasaurus man,阿玛加龙人,[REVIEWED:1]
DFL_LEGENDS_RACE:amargasaurus men,阿玛加龙人,[REVIEWED:1]
DFL_LEGENDS_RACE:amargasaurus woman,雌阿玛加龙人,[REVIEWED:1]
DFL_LEGENDS_RACE:amargasaurus women,雌阿玛加龙人,[REVIEWED:1]
DFL_LEGENDS_RACE:amethyst man,紫水晶人,[REVIEWED:1]
DFL_LEGENDS_RACE:amethyst men,紫水晶人,[REVIEWED:1]
DFL_LEGENDS_RACE:ammonite,菊石,[REVIEWED:1]
DFL_LEGENDS_RACE:ammonite man,菊石人,[REVIEWED:1]
DFL_LEGENDS_RACE:ammonite men,菊石人,[REVIEWED:1]
DFL_LEGENDS_RACE:ammonite woman,雌菊石人,[REVIEWED:1]
DFL_LEGENDS_RACE:ammonite women,雌菊石人,[REVIEWED:1]
DFL_LEGENDS_RACE:amphibian man,两栖动物人,[REVIEWED:1]
DFL_LEGENDS_RACE:amphibian men,两栖动物人,[REVIEWED:1]
DFL_LEGENDS_RACE:amphibian woman,雌两栖动物人,[REVIEWED:1]
DFL_LEGENDS_RACE:amphibian women,雌两栖动物人,[REVIEWED:1]
DFL_LEGENDS_RACE:anaconda,水蟒,[REVIEWED:1]
DFL_LEGENDS_RACE:anaconda man,水蟒人,[REVIEWED:1]
DFL_LEGENDS_RACE:anaconda men,水蟒人,[REVIEWED:1]
DFL_LEGENDS_RACE:anaconda woman,雌水蟒人,[REVIEWED:1]
DFL_LEGENDS_RACE:anaconda women,雌水蟒人,[REVIEWED:1]
DFL_LEGENDS_RACE:anacondas,水蟒,[REVIEWED:1]
DFL_LEGENDS_RACE:anchovies,凤尾鱼,[REVIEWED:1]
DFL_LEGENDS_RACE:anchovy,凤尾鱼,[REVIEWED:1]
DFL_LEGENDS_RACE:andrewsarchus,安氏中兽,[REVIEWED:1]
DFL_LEGENDS_RACE:andrewsarchus man,安氏中兽人,[REVIEWED:1]
DFL_LEGENDS_RACE:andrewsarchus men,安氏中兽人,[REVIEWED:1]
DFL_LEGENDS_RACE:andrewsarchus woman,雌安氏中兽人,[REVIEWED:1]
DFL_LEGENDS_RACE:andrewsarchus women,雌安氏中兽人,[REVIEWED:1]
DFL_LEGENDS_RACE:angelshark,扁鲨,[REVIEWED:1]
DFL_LEGENDS_RACE:angelsharks,扁鲨,[REVIEWED:1]
DFL_LEGENDS_RACE:ankylosaurus,甲龙,[REVIEWED:1]
DFL_LEGENDS_RACE:ankylosaurus man,甲龙人,[REVIEWED:1]
DFL_LEGENDS_RACE:ankylosaurus men,甲龙人,[REVIEWED:1]
DFL_LEGENDS_RACE:ankylosaurus woman,雌甲龙人,[REVIEWED:1]
DFL_LEGENDS_RACE:ankylosaurus women,雌甲龙人,[REVIEWED:1]
DFL_LEGENDS_RACE:anole,安乐蜥,[REVIEWED:1]
DFL_LEGENDS_RACE:anole man,安乐蜥人,[REVIEWED:1]
DFL_LEGENDS_RACE:anole men,安乐蜥人,[REVIEWED:1]
DFL_LEGENDS_RACE:anole woman,女安乐蜥人,[REVIEWED:1]
DFL_LEGENDS_RACE:anole women,女安乐蜥人,[REVIEWED:1]
DFL_LEGENDS_RACE:anoles,安乐蜥,[REVIEWED:1]
DFL_LEGENDS_RACE:anomalocaris,奇虾,[REVIEWED:1]
DFL_LEGENDS_RACE:anomalocaris man,奇虾人,[REVIEWED:1]
DFL_LEGENDS_RACE:anomalocaris men,奇虾人,[REVIEWED:1]
DFL_LEGENDS_RACE:anomalocaris woman,雌奇虾人,[REVIEWED:1]
DFL_LEGENDS_RACE:anomalocaris women,雌奇虾人,[REVIEWED:1]
DFL_LEGENDS_RACE:ant,蚂蚁,[REVIEWED:1]
DFL_LEGENDS_RACE:anteosaurus,安蒂欧兽,[REVIEWED:1]
DFL_LEGENDS_RACE:anteosaurus man,安蒂欧兽人,[REVIEWED:1]
DFL_LEGENDS_RACE:anteosaurus men,安蒂欧兽人,[REVIEWED:1]
DFL_LEGENDS_RACE:anteosaurus woman,雌安蒂欧兽人,[REVIEWED:1]
DFL_LEGENDS_RACE:anteosaurus women,雌安蒂欧兽人,[REVIEWED:1]
DFL_LEGENDS_RACE:antman,蚂蚁人,[REVIEWED:1]
DFL_LEGENDS_RACE:antmen,蚂蚁人,[REVIEWED:1]
DFL_LEGENDS_RACE:ants,蚂蚁,[REVIEWED:1]
DFL_LEGENDS_RACE:archaeopteryx,始祖鸟,[REVIEWED:1]
DFL_LEGENDS_RACE:archaeopteryx man,始祖鸟人,[REVIEWED:1]
DFL_LEGENDS_RACE:archaeopteryx men,始祖鸟人,[REVIEWED:1]
DFL_LEGENDS_RACE:archaeopteryx woman,雌始祖鸟人,[REVIEWED:1]
DFL_LEGENDS_RACE:archaeopteryx women,雌始祖鸟人,[REVIEWED:1]
DFL_LEGENDS_RACE:archelon,古巨龟,[REVIEWED:1]
DFL_LEGENDS_RACE:archelon man,古巨龟人,[REVIEWED:1]
DFL_LEGENDS_RACE:archelon men,古巨龟人,[REVIEWED:1]
DFL_LEGENDS_RACE:archelon woman,雌古巨龟人,[REVIEWED:1]
DFL_LEGENDS_RACE:archelon women,雌古巨龟人,[REVIEWED:1]
DFL_LEGENDS_RACE:armadillo,犰狳,[REVIEWED:1]
DFL_LEGENDS_RACE:armadillo boar,雄犰狳,[REVIEWED:1]
DFL_LEGENDS_RACE:armadillo boars,雄犰狳,[REVIEWED:1]
DFL_LEGENDS_RACE:armadillo man,犰狳人,[REVIEWED:1]
DFL_LEGENDS_RACE:armadillo men,犰狳人,[REVIEWED:1]
DFL_LEGENDS_RACE:armadillo sow,雌犰狳,[REVIEWED:1]
DFL_LEGENDS_RACE:armadillo sows,雌犰狳,[REVIEWED:1]
DFL_LEGENDS_RACE:armadillo woman,女犰狳人,[REVIEWED:1]
DFL_LEGENDS_RACE:armadillo women,女犰狳人,[REVIEWED:1]
DFL_LEGENDS_RACE:armadillos,犰狳,[REVIEWED:1]
DFL_LEGENDS_RACE:arthropleura,古马陆,[REVIEWED:1]
DFL_LEGENDS_RACE:arthropleura man,古马陆人,[REVIEWED:1]
DFL_LEGENDS_RACE:arthropleura men,古马陆人,[REVIEWED:1]
DFL_LEGENDS_RACE:arthropleura woman,雌古马陆人,[REVIEWED:1]
DFL_LEGENDS_RACE:arthropleura women,雌古马陆人,[REVIEWED:1]
DFL_LEGENDS_RACE:axolotl,蝾螈,[REVIEWED:1]
DFL_LEGENDS_RACE:axolotl man,蝾螈人,[REVIEWED:1]
DFL_LEGENDS_RACE:axolotl men,蝾螈人,[REVIEWED:1]
DFL_LEGENDS_RACE:axolotl woman,女蝾螈人,[REVIEWED:1]
DFL_LEGENDS_RACE:axolotl women,女蝾螈人,[REVIEWED:1]
DFL_LEGENDS_RACE:axolotls,蝾螈,[REVIEWED:1]
DFL_LEGENDS_RACE:aye-aye,指猴,[REVIEWED:1]
DFL_LEGENDS_RACE:aye-aye man,指猴人,[REVIEWED:1]
DFL_LEGENDS_RACE:aye-aye men,指猴人,[REVIEWED:1]
DFL_LEGENDS_RACE:aye-aye woman,雌指猴人,[REVIEWED:1]
DFL_LEGENDS_RACE:aye-aye women,雌指猴人,[REVIEWED:1]
DFL_LEGENDS_RACE:aye-ayes,指猴,[REVIEWED:1]
DFL_LEGENDS_RACE:badger,鼬獾,[REVIEWED:1]
DFL_LEGENDS_RACE:badger boar,雄鼬獾,[REVIEWED:1]
DFL_LEGENDS_RACE:badger boars,雄鼬獾,[REVIEWED:1]
DFL_LEGENDS_RACE:badger man,鼬獾人,[REVIEWED:1]
DFL_LEGENDS_RACE:badger men,鼬獾人,[REVIEWED:1]
DFL_LEGENDS_RACE:badger sow,雌鼬獾,[REVIEWED:1]
DFL_LEGENDS_RACE:badger sows,雌鼬獾,[REVIEWED:1]
DFL_LEGENDS_RACE:badger woman,女鼬獾人,[REVIEWED:1]
DFL_LEGENDS_RACE:badger women,女鼬獾人,[REVIEWED:1]
DFL_LEGENDS_RACE:badgers,鼬獾,[REVIEWED:1]
DFL_LEGENDS_RACE:banded knifefish,带状刀鱼,[REVIEWED:1]
DFL_LEGENDS_RACE:bark scorpion,树皮蝎,[REVIEWED:1]
DFL_LEGENDS_RACE:bark scorpion man,树皮蝎人,[REVIEWED:1]
DFL_LEGENDS_RACE:bark scorpion men,树皮蝎人,[REVIEWED:1]
DFL_LEGENDS_RACE:bark scorpion woman,雌树皮蝎人,[REVIEWED:1]
DFL_LEGENDS_RACE:bark scorpion women,雌树皮蝎人,[REVIEWED:1]
DFL_LEGENDS_RACE:bark scorpions,树皮蝎,[REVIEWED:1]
DFL_LEGENDS_RACE:barn owl,仓鸮,[REVIEWED:1]
DFL_LEGENDS_RACE:barn owl man,仓鸮人,[REVIEWED:1]
DFL_LEGENDS_RACE:barn owl men,仓鸮人,[REVIEWED:1]
DFL_LEGENDS_RACE:barn owl woman,雌仓鸮人,[REVIEWED:1]
DFL_LEGENDS_RACE:barn owl women,雌仓鸮人,[REVIEWED:1]
DFL_LEGENDS_RACE:barn owls,仓鸮,[REVIEWED:1]
DFL_LEGENDS_RACE:basking shark,姥鲨,[REVIEWED:1]
DFL_LEGENDS_RACE:basking sharks,姥鲨,[REVIEWED:1]
DFL_LEGENDS_RACE:bat,蝙蝠,[REVIEWED:1]
DFL_LEGENDS_RACE:bat man,蝙蝠人,[REVIEWED:1]
DFL_LEGENDS_RACE:bat men,蝙蝠人,[REVIEWED:1]
DFL_LEGENDS_RACE:bat ray,蝠鲼,[REVIEWED:1]
DFL_LEGENDS_RACE:bat rays,蝠鲼,[REVIEWED:1]
DFL_LEGENDS_RACE:bat woman,雌蝙蝠人,[REVIEWED:1]
DFL_LEGENDS_RACE:bat women,雌蝙蝠人,[REVIEWED:1]
DFL_LEGENDS_RACE:bats,蝙蝠,[REVIEWED:1]
DFL_LEGENDS_RACE:beak dog,喙狗,[REVIEWED:1]
DFL_LEGENDS_RACE:beak dogs,喙狗,[REVIEWED:1]
DFL_LEGENDS_RACE:beaver,海狸,[REVIEWED:1]
DFL_LEGENDS_RACE:beaver man,海狸人,[REVIEWED:1]
DFL_LEGENDS_RACE:beaver men,海狸人,[REVIEWED:1]
DFL_LEGENDS_RACE:beaver woman,女海狸人,[REVIEWED:1]
DFL_LEGENDS_RACE:beaver women,女海狸人,[REVIEWED:1]
DFL_LEGENDS_RACE:beavers,海狸,[REVIEWED:1]
DFL_LEGENDS_RACE:beetle,甲虫,[REVIEWED:1]
DFL_LEGENDS_RACE:beetle man,甲虫人,[REVIEWED:1]
DFL_LEGENDS_RACE:beetle men,甲虫人,[REVIEWED:1]
DFL_LEGENDS_RACE:beetle woman,女甲虫人,[REVIEWED:1]
DFL_LEGENDS_RACE:beetle women,女甲虫人,[REVIEWED:1]
DFL_LEGENDS_RACE:beetles,甲虫,[REVIEWED:1]
DFL_LEGENDS_RACE:billy goat,公山羊,[REVIEWED:1]
DFL_LEGENDS_RACE:billy goats,公山羊,[REVIEWED:1]
DFL_LEGENDS_RACE:bilou,矮长臂猿,[REVIEWED:1]
DFL_LEGENDS_RACE:bilous,矮长臂猿,[REVIEWED:1]
DFL_LEGENDS_RACE:black bear,黑熊,[REVIEWED:1]
DFL_LEGENDS_RACE:black bear man,黑熊人,[REVIEWED:1]
DFL_LEGENDS_RACE:black bear men,黑熊人,[REVIEWED:1]
DFL_LEGENDS_RACE:black bear woman,女黑熊人,[REVIEWED:1]
DFL_LEGENDS_RACE:black bear women,女黑熊人,[REVIEWED:1]
DFL_LEGENDS_RACE:black bears,黑熊,[REVIEWED:1]
DFL_LEGENDS_RACE:black bullhead,黑鲇鱼,[REVIEWED:1]
DFL_LEGENDS_RACE:black bullheads,黑鲶鱼,[REVIEWED:1]
DFL_LEGENDS_RACE:black mamba,黑曼巴蛇,[REVIEWED:1]
DFL_LEGENDS_RACE:black mamba man,黑曼巴蛇人,[REVIEWED:1]
DFL_LEGENDS_RACE:black mamba men,黑曼巴蛇人,[REVIEWED:1]
DFL_LEGENDS_RACE:black mamba woman,雌黑曼巴蛇人,[REVIEWED:1]
DFL_LEGENDS_RACE:black mamba women,雌黑曼巴蛇人,[REVIEWED:1]
DFL_LEGENDS_RACE:black mambas,黑曼巴蛇,[REVIEWED:1]
DFL_LEGENDS_RACE:black-crested gibbon,黑冠长臂猿,[REVIEWED:1]
DFL_LEGENDS_RACE:black-crested gibbons,黑冠长臂猿,[REVIEWED:1]
DFL_LEGENDS_RACE:black-handed gibbon,黑掌长臂猿,[REVIEWED:1]
DFL_LEGENDS_RACE:black-handed gibbons,黑掌长臂猿,[REVIEWED:1]
DFL_LEGENDS_RACE:blacktip reef shark,黑鳍礁鲨,[REVIEWED:1]
DFL_LEGENDS_RACE:blacktip reef sharks,黑鳍礁鲨,[REVIEWED:1]
DFL_LEGENDS_RACE:blind cave bear,盲洞穴熊,[REVIEWED:1]
DFL_LEGENDS_RACE:blind cave bears,盲洞穴熊,[REVIEWED:1]
DFL_LEGENDS_RACE:blind cave ogre,盲洞穴食人魔,[REVIEWED:1]
DFL_LEGENDS_RACE:blind cave ogres,盲洞穴食人魔,[REVIEWED:1]
DFL_LEGENDS_RACE:blizzard man,暴风雪人,[REVIEWED:1]
DFL_LEGENDS_RACE:blizzard men,暴风雪人,[REVIEWED:1]
DFL_LEGENDS_RACE:blood gnat,血飞虫,[REVIEWED:1]
DFL_LEGENDS_RACE:blood gnats,血飞虫,[REVIEWED:1]
DFL_LEGENDS_RACE:blood man,血人,[REVIEWED:1]
DFL_LEGENDS_RACE:blood men,血人,[REVIEWED:1]
DFL_LEGENDS_RACE:blue jay,冠蓝鸦,[REVIEWED:1]
DFL_LEGENDS_RACE:blue jays,冠蓝鸦,[REVIEWED:1]
DFL_LEGENDS_RACE:blue peacock,蓝孔雀雄鸟,[REVIEWED:1]
DFL_LEGENDS_RACE:blue peacocks,蓝孔雀雄鸟,[REVIEWED:1]
DFL_LEGENDS_RACE:blue peafowl,蓝孔雀,[REVIEWED:1]
DFL_LEGENDS_RACE:blue peafowls,蓝孔雀,[REVIEWED:1]
DFL_LEGENDS_RACE:blue peahen,蓝孔雀雌鸟,[REVIEWED:1]
DFL_LEGENDS_RACE:blue peahens,蓝孔雀雌鸟,[REVIEWED:1]
DFL_LEGENDS_RACE:blue shark,大青鲨,[REVIEWED:1]
DFL_LEGENDS_RACE:blue sharks,大青鲨,[REVIEWED:1]
DFL_LEGENDS_RACE:bluefin tuna,蓝鳍金枪鱼,[REVIEWED:1]
DFL_LEGENDS_RACE:bluefish,扁鲹,[REVIEWED:1]
DFL_LEGENDS_RACE:bluejay man,冠蓝鸦人,[REVIEWED:1]
DFL_LEGENDS_RACE:bluejay men,冠蓝鸦人,[REVIEWED:1]
DFL_LEGENDS_RACE:bluejay woman,雌冠蓝鸦人,[REVIEWED:1]
DFL_LEGENDS_RACE:bluejay women,雌冠蓝鸦人,[REVIEWED:1]
DFL_LEGENDS_RACE:boar,公猪,[REVIEWED:1]
DFL_LEGENDS_RACE:boars,公猪,[REVIEWED:1]
DFL_LEGENDS_RACE:bobcat,短尾猫,[REVIEWED:1]
DFL_LEGENDS_RACE:bobcat man,短尾猫人,[REVIEWED:1]
DFL_LEGENDS_RACE:bobcat men,短尾猫人,[REVIEWED:1]
DFL_LEGENDS_RACE:bobcat woman,女短尾猫人,[REVIEWED:1]
DFL_LEGENDS_RACE:bobcat women,女短尾猫人,[REVIEWED:1]
DFL_LEGENDS_RACE:bobcats,短尾猫,[REVIEWED:1]
DFL_LEGENDS_RACE:bonobo,倭黑猩猩,[REVIEWED:1]
DFL_LEGENDS_RACE:bonobos,倭黑猩猩,[REVIEWED:1]
DFL_LEGENDS_RACE:brachiosaurus,腕龙,[REVIEWED:1]
DFL_LEGENDS_RACE:brachiosaurus man,腕龙人,[REVIEWED:1]
DFL_LEGENDS_RACE:brachiosaurus men,腕龙人,[REVIEWED:1]
DFL_LEGENDS_RACE:brachiosaurus woman,雌腕龙人,[REVIEWED:1]
DFL_LEGENDS_RACE:brachiosaurus women,雌腕龙人,[REVIEWED:1]
DFL_LEGENDS_RACE:brontosaurus,雷龙,[REVIEWED:1]
DFL_LEGENDS_RACE:brontosaurus man,雷龙人,[REVIEWED:1]
DFL_LEGENDS_RACE:brontosaurus men,雷龙人,[REVIEWED:1]
DFL_LEGENDS_RACE:brontosaurus woman,雌雷龙人,[REVIEWED:1]
DFL_LEGENDS_RACE:brontosaurus women,雌雷龙人,[REVIEWED:1]
DFL_LEGENDS_RACE:bronze colossus,青铜巨像,[REVIEWED:1]
DFL_LEGENDS_RACE:bronze colossuses,青铜巨像,[REVIEWED:1]
DFL_LEGENDS_RACE:brook lamprey,河七鳃鳗,[REVIEWED:1]
DFL_LEGENDS_RACE:brook lampreys,河七鳃鳗,[REVIEWED:1]
DFL_LEGENDS_RACE:brown bullhead,棕鲇鱼,[REVIEWED:1]
DFL_LEGENDS_RACE:brown bullheads,棕鲶鱼,[REVIEWED:1]
DFL_LEGENDS_RACE:brown recluse spider,棕色遁蛛,[REVIEWED:1]
DFL_LEGENDS_RACE:brown recluse spider man,棕色遁蛛人,[REVIEWED:1]
DFL_LEGENDS_RACE:brown recluse spider men,棕色遁蛛人,[REVIEWED:1]
DFL_LEGENDS_RACE:brown recluse spider woman,女棕色遁蛛人,[REVIEWED:1]
DFL_LEGENDS_RACE:brown recluse spider women,女棕色遁蛛人,[REVIEWED:1]
DFL_LEGENDS_RACE:brown recluse spiders,棕色遁蛛,[REVIEWED:1]
DFL_LEGENDS_RACE:buck hare,雄野兔,[REVIEWED:1]
DFL_LEGENDS_RACE:buck hares,雄野兔,[REVIEWED:1]
DFL_LEGENDS_RACE:buck rabbit,公家兔,[REVIEWED:1]
DFL_LEGENDS_RACE:buck rabbits,公家兔,[REVIEWED:1]
DFL_LEGENDS_RACE:bugbat,虫蝠,[REVIEWED:1]
DFL_LEGENDS_RACE:bugbats,虫蝠,[REVIEWED:1]
DFL_LEGENDS_RACE:buitreraptor,鹫龙,[REVIEWED:1]
DFL_LEGENDS_RACE:buitreraptor man,鹫龙人,[REVIEWED:1]
DFL_LEGENDS_RACE:buitreraptor men,鹫龙人,[REVIEWED:1]
DFL_LEGENDS_RACE:buitreraptor woman,雌鹫龙人,[REVIEWED:1]
DFL_LEGENDS_RACE:buitreraptor women,雌鹫龙人,[REVIEWED:1]
DFL_LEGENDS_RACE:bull,公牛,[REVIEWED:1]
DFL_LEGENDS_RACE:bull moose,雄驼鹿,[REVIEWED:1]
DFL_LEGENDS_RACE:bull shark,牛鲨,[REVIEWED:1]
DFL_LEGENDS_RACE:bull sharks,牛鲨,[REVIEWED:1]
DFL_LEGENDS_RACE:bulls,公牛,[REVIEWED:1]
DFL_LEGENDS_RACE:bumblebee,大黄蜂,[REVIEWED:1]
DFL_LEGENDS_RACE:bumblebee drone,大黄蜂雄蜂,[REVIEWED:1]
DFL_LEGENDS_RACE:bumblebee drones,大黄蜂雄蜂,[REVIEWED:1]
DFL_LEGENDS_RACE:bumblebee queen,大黄蜂蜂后,[REVIEWED:1]
DFL_LEGENDS_RACE:bumblebee queens,大黄蜂蜂后,[REVIEWED:1]
DFL_LEGENDS_RACE:bumblebee worker,大黄蜂工蜂,[REVIEWED:1]
DFL_LEGENDS_RACE:bumblebee workers,大黄蜂工蜂,[REVIEWED:1]
DFL_LEGENDS_RACE:bumblebees,大黄蜂,[REVIEWED:1]
DFL_LEGENDS_RACE:bushmaster,巨蝮,[REVIEWED:1]
DFL_LEGENDS_RACE:bushmaster man,巨蝮人,[REVIEWED:1]
DFL_LEGENDS_RACE:bushmaster men,巨蝮人,[REVIEWED:1]
DFL_LEGENDS_RACE:bushmaster woman,雌巨蝮人,[REVIEWED:1]
DFL_LEGENDS_RACE:bushmaster women,雌巨蝮人,[REVIEWED:1]
DFL_LEGENDS_RACE:bushmasters,巨蝮,[REVIEWED:1]
DFL_LEGENDS_RACE:bushtit,丛山雀,[REVIEWED:1]
DFL_LEGENDS_RACE:bushtit man,丛山雀人,[REVIEWED:1]
DFL_LEGENDS_RACE:bushtit men,丛山雀人,[REVIEWED:1]
DFL_LEGENDS_RACE:bushtit woman,雌丛山雀人,[REVIEWED:1]
DFL_LEGENDS_RACE:bushtit women,雌丛山雀人,[REVIEWED:1]
DFL_LEGENDS_RACE:bushtits,丛山雀,[REVIEWED:1]
DFL_LEGENDS_RACE:buzzard,秃鹰,[REVIEWED:1]
DFL_LEGENDS_RACE:buzzard man,秃鹰人,[REVIEWED:1]
DFL_LEGENDS_RACE:buzzard men,秃鹰人,[REVIEWED:1]
DFL_LEGENDS_RACE:buzzard woman,女秃鹰人,[REVIEWED:1]
DFL_LEGENDS_RACE:buzzard women,女秃鹰人,[REVIEWED:1]
DFL_LEGENDS_RACE:buzzards,秃鹰,[REVIEWED:1]
DFL_LEGENDS_RACE:cap hopper,菌盖跳虫,[REVIEWED:1]
DFL_LEGENDS_RACE:cap hoppers,菌盖跳虫,[REVIEWED:1]
DFL_LEGENDS_RACE:capuchin,卷尾猴,[REVIEWED:1]
DFL_LEGENDS_RACE:capuchin man,卷尾猴人,[REVIEWED:1]
DFL_LEGENDS_RACE:capuchin men,卷尾猴人,[REVIEWED:1]
DFL_LEGENDS_RACE:capuchin woman,雌卷尾猴人,[REVIEWED:1]
DFL_LEGENDS_RACE:capuchin women,雌卷尾猴人,[REVIEWED:1]
DFL_LEGENDS_RACE:capuchins,卷尾猴,[REVIEWED:1]
DFL_LEGENDS_RACE:capybara,水豚,[REVIEWED:1]
DFL_LEGENDS_RACE:capybara man,水豚人,[REVIEWED:1]
DFL_LEGENDS_RACE:capybara men,水豚人,[REVIEWED:1]
DFL_LEGENDS_RACE:capybara woman,女水豚人,[REVIEWED:1]
DFL_LEGENDS_RACE:capybara women,女水豚人,[REVIEWED:1]
DFL_LEGENDS_RACE:capybaras,水豚,[REVIEWED:1]
DFL_LEGENDS_RACE:cardinal,红衣凤头鸟,[REVIEWED:1]
DFL_LEGENDS_RACE:cardinal man,红衣凤头鸟人,[REVIEWED:1]
DFL_LEGENDS_RACE:cardinal men,红衣凤头鸟人,[REVIEWED:1]
DFL_LEGENDS_RACE:cardinal woman,雌红衣凤头鸟人,[REVIEWED:1]
DFL_LEGENDS_RACE:cardinal women,雌红衣凤头鸟人,[REVIEWED:1]
DFL_LEGENDS_RACE:cardinals,红衣凤头鸟,[REVIEWED:1]
DFL_LEGENDS_RACE:carnotaurus,食肉牛龙,[REVIEWED:1]
DFL_LEGENDS_RACE:carnotaurus man,食肉牛龙人,[REVIEWED:1]
DFL_LEGENDS_RACE:carnotaurus men,食肉牛龙人,[REVIEWED:1]
DFL_LEGENDS_RACE:carnotaurus woman,雌食肉牛龙人,[REVIEWED:1]
DFL_LEGENDS_RACE:carnotaurus women,雌食肉牛龙人,[REVIEWED:1]
DFL_LEGENDS_RACE:carp,鲤鱼,[REVIEWED:1]
DFL_LEGENDS_RACE:cassowaries,鹤鸵,[REVIEWED:1]
DFL_LEGENDS_RACE:cassowary,鹤鸵,[REVIEWED:1]
DFL_LEGENDS_RACE:cassowary man,鹤鸵人,[REVIEWED:1]
DFL_LEGENDS_RACE:cassowary men,鹤鸵人,[REVIEWED:1]
DFL_LEGENDS_RACE:cassowary woman,雌鹤鸵人,[REVIEWED:1]
DFL_LEGENDS_RACE:cassowary women,雌鹤鸵人,[REVIEWED:1]
DFL_LEGENDS_RACE:cat,家猫,[REVIEWED:1]
DFL_LEGENDS_RACE:cats,家猫,[REVIEWED:1]
DFL_LEGENDS_RACE:cave blob,洞穴滴团,[REVIEWED:1]
DFL_LEGENDS_RACE:cave blobs,洞穴滴团,[REVIEWED:1]
DFL_LEGENDS_RACE:cave crocodile,洞穴鳄鱼,[REVIEWED:1]
DFL_LEGENDS_RACE:cave crocodiles,洞穴鳄鱼,[REVIEWED:1]
DFL_LEGENDS_RACE:cave dragon,洞穴龙,[REVIEWED:1]
DFL_LEGENDS_RACE:cave dragons,洞穴龙,[REVIEWED:1]
DFL_LEGENDS_RACE:cave fish,洞穴鱼,[REVIEWED:1]
DFL_LEGENDS_RACE:cave fish man,洞穴鱼人,[REVIEWED:1]
DFL_LEGENDS_RACE:cave fish men,洞穴鱼人,[REVIEWED:1]
DFL_LEGENDS_RACE:cave fish woman,雌洞穴鱼人,[REVIEWED:1]
DFL_LEGENDS_RACE:cave fish women,雌洞穴鱼人,[REVIEWED:1]
DFL_LEGENDS_RACE:cave floater,洞穴飘浮者,[REVIEWED:1]
DFL_LEGENDS_RACE:cave floaters,洞穴飘浮者,[REVIEWED:1]
DFL_LEGENDS_RACE:cave lobster,洞穴龙虾,[REVIEWED:1]
DFL_LEGENDS_RACE:cave lobsters,洞穴龙虾,[REVIEWED:1]
DFL_LEGENDS_RACE:cave spider,洞穴蜘蛛,[REVIEWED:1]
DFL_LEGENDS_RACE:cave spiders,洞穴蜘蛛,[REVIEWED:1]
DFL_LEGENDS_RACE:cave swallow,洞穴燕,[REVIEWED:1]
DFL_LEGENDS_RACE:cave swallow man,洞穴燕人,[REVIEWED:1]
DFL_LEGENDS_RACE:cave swallow men,洞穴燕人,[REVIEWED:1]
DFL_LEGENDS_RACE:cave swallow woman,雌洞穴燕人,[REVIEWED:1]
DFL_LEGENDS_RACE:cave swallow women,雌洞穴燕人,[REVIEWED:1]
DFL_LEGENDS_RACE:cave swallows,洞穴燕,[REVIEWED:1]
DFL_LEGENDS_RACE:cavies,豚鼠,[REVIEWED:1]
DFL_LEGENDS_RACE:cavy,豚鼠,[REVIEWED:1]
DFL_LEGENDS_RACE:cavy boar,公豚鼠,[REVIEWED:1]
DFL_LEGENDS_RACE:cavy boars,公豚鼠,[REVIEWED:1]
DFL_LEGENDS_RACE:cavy sow,母豚鼠,[REVIEWED:1]
DFL_LEGENDS_RACE:cavy sows,母豚鼠,[REVIEWED:1]
DFL_LEGENDS_RACE:centaur,半人马,[REVIEWED:1]
DFL_LEGENDS_RACE:centauress,女性半人马,[REVIEWED:1]
DFL_LEGENDS_RACE:centauresses,女性半人马,[REVIEWED:1]
DFL_LEGENDS_RACE:centaurs,男性半人马,[REVIEWED:1]
DFL_LEGENDS_RACE:ceratosaurus,角鼻龙,[REVIEWED:1]
DFL_LEGENDS_RACE:ceratosaurus man,角鼻龙人,[REVIEWED:1]
DFL_LEGENDS_RACE:ceratosaurus men,角鼻龙人,[REVIEWED:1]
DFL_LEGENDS_RACE:ceratosaurus woman,雌角鼻龙人,[REVIEWED:1]
DFL_LEGENDS_RACE:ceratosaurus women,雌角鼻龙人,[REVIEWED:1]
DFL_LEGENDS_RACE:chameleon,变色蜥,[REVIEWED:1]
DFL_LEGENDS_RACE:chameleon man,变色蜥人,[REVIEWED:1]
DFL_LEGENDS_RACE:chameleon men,变色蜥人,[REVIEWED:1]
DFL_LEGENDS_RACE:chameleon woman,女变色蜥人,[REVIEWED:1]
DFL_LEGENDS_RACE:chameleon women,女变色蜥人,[REVIEWED:1]
DFL_LEGENDS_RACE:chameleons,变色蜥,[REVIEWED:1]
DFL_LEGENDS_RACE:char,红点鲑,[REVIEWED:1]
DFL_LEGENDS_RACE:cheetah,猎豹,[REVIEWED:1]
DFL_LEGENDS_RACE:cheetah man,猎豹人,[REVIEWED:1]
DFL_LEGENDS_RACE:cheetah men,猎豹人,[REVIEWED:1]
DFL_LEGENDS_RACE:cheetah woman,女猎豹人,[REVIEWED:1]
DFL_LEGENDS_RACE:cheetah women,女猎豹人,[REVIEWED:1]
DFL_LEGENDS_RACE:cheetahs,猎豹,[REVIEWED:1]
DFL_LEGENDS_RACE:chicken,家鸡,[REVIEWED:1]
DFL_LEGENDS_RACE:chickens,家鸡,[REVIEWED:1]
DFL_LEGENDS_RACE:chimera,奇美拉,[REVIEWED:1]
DFL_LEGENDS_RACE:chimeras,奇美拉,[REVIEWED:1]
DFL_LEGENDS_RACE:chimpanzee,黑猩猩,[REVIEWED:1]
DFL_LEGENDS_RACE:chimpanzees,黑猩猩,[REVIEWED:1]
DFL_LEGENDS_RACE:chinchilla,毛丝鼠,[REVIEWED:1]
DFL_LEGENDS_RACE:chinchilla man,毛丝鼠人,[REVIEWED:1]
DFL_LEGENDS_RACE:chinchilla men,毛丝鼠人,[REVIEWED:1]
DFL_LEGENDS_RACE:chinchilla woman,女毛丝鼠人,[REVIEWED:1]
DFL_LEGENDS_RACE:chinchilla women,女毛丝鼠人,[REVIEWED:1]
DFL_LEGENDS_RACE:chinchillas,毛丝鼠,[REVIEWED:1]
DFL_LEGENDS_RACE:chipmunk,花栗鼠,[REVIEWED:1]
DFL_LEGENDS_RACE:chipmunk man,花栗鼠人,[REVIEWED:1]
DFL_LEGENDS_RACE:chipmunk men,花栗鼠人,[REVIEWED:1]
DFL_LEGENDS_RACE:chipmunk woman,雌花栗鼠人,[REVIEWED:1]
DFL_LEGENDS_RACE:chipmunk women,雌花栗鼠人,[REVIEWED:1]
DFL_LEGENDS_RACE:chipmunks,花栗鼠,[REVIEWED:1]
DFL_LEGENDS_RACE:clown loach,丑鳅鱼,[REVIEWED:1]
DFL_LEGENDS_RACE:clown loaches,丑鳅鱼,[REVIEWED:1]
DFL_LEGENDS_RACE:clownfish,小丑鱼,[REVIEWED:1]
DFL_LEGENDS_RACE:coati,长鼻浣熊,[REVIEWED:1]
DFL_LEGENDS_RACE:coati man,长鼻浣熊人,[REVIEWED:1]
DFL_LEGENDS_RACE:coati men,长鼻浣熊人,[REVIEWED:1]
DFL_LEGENDS_RACE:coati woman,雌长鼻浣熊人,[REVIEWED:1]
DFL_LEGENDS_RACE:coati women,雌长鼻浣熊人,[REVIEWED:1]
DFL_LEGENDS_RACE:coatis,长鼻浣熊,[REVIEWED:1]
DFL_LEGENDS_RACE:cob swan,雄天鹅,[REVIEWED:1]
DFL_LEGENDS_RACE:cob swans,雄天鹅,[REVIEWED:1]
DFL_LEGENDS_RACE:cockatiel,玄凤鹦鹉,[REVIEWED:1]
DFL_LEGENDS_RACE:cockatiel man,玄凤鹦鹉人,[REVIEWED:1]
DFL_LEGENDS_RACE:cockatiel men,玄凤鹦鹉人,[REVIEWED:1]
DFL_LEGENDS_RACE:cockatiel woman,雌玄凤鹦鹉人,[REVIEWED:1]
DFL_LEGENDS_RACE:cockatiel women,雌玄凤鹦鹉人,[REVIEWED:1]
DFL_LEGENDS_RACE:cockatiels,玄凤鹦鹉,[REVIEWED:1]
DFL_LEGENDS_RACE:cod,鳕鱼,[REVIEWED:1]
DFL_LEGENDS_RACE:coelacanth,腔棘鱼,[REVIEWED:1]
DFL_LEGENDS_RACE:coelacanths,腔棘鱼,[REVIEWED:1]
DFL_LEGENDS_RACE:colepiocephale,结头龙,[REVIEWED:1]
DFL_LEGENDS_RACE:colepiocephale man,结头龙人,[REVIEWED:1]
DFL_LEGENDS_RACE:colepiocephale men,结头龙人,[REVIEWED:1]
DFL_LEGENDS_RACE:colepiocephale woman,雌结头龙人,[REVIEWED:1]
DFL_LEGENDS_RACE:colepiocephale women,雌结头龙人,[REVIEWED:1]
DFL_LEGENDS_RACE:common skate,鳐鱼,[REVIEWED:1]
DFL_LEGENDS_RACE:common skates,鳐鱼,[REVIEWED:1]
DFL_LEGENDS_RACE:common snapping turtle,鹰嘴龟,[REVIEWED:1]
DFL_LEGENDS_RACE:common snapping turtles,鹰嘴龟,[REVIEWED:1]
DFL_LEGENDS_RACE:conger eel,康吉鳗,[REVIEWED:1]
DFL_LEGENDS_RACE:conger eels,康吉鳗,[REVIEWED:1]
DFL_LEGENDS_RACE:copperhead snake,铜头蛇,[REVIEWED:1]
DFL_LEGENDS_RACE:copperhead snake man,铜头蛇人,[REVIEWED:1]
DFL_LEGENDS_RACE:copperhead snake men,铜头蛇人,[REVIEWED:1]
DFL_LEGENDS_RACE:copperhead snake woman,雌铜头蛇人,[REVIEWED:1]
DFL_LEGENDS_RACE:copperhead snake women,雌铜头蛇人,[REVIEWED:1]
DFL_LEGENDS_RACE:copperhead snakes,铜头蛇,[REVIEWED:1]
DFL_LEGENDS_RACE:cougar,美洲狮,[REVIEWED:1]
DFL_LEGENDS_RACE:cougar man,美洲狮人,[REVIEWED:1]
DFL_LEGENDS_RACE:cougar men,美洲狮人,[REVIEWED:1]
DFL_LEGENDS_RACE:cougar woman,女美洲狮人,[REVIEWED:1]
DFL_LEGENDS_RACE:cougar women,女美洲狮人,[REVIEWED:1]
DFL_LEGENDS_RACE:cougars,美洲狮,[REVIEWED:1]
DFL_LEGENDS_RACE:cow,奶牛,[REVIEWED:1]
DFL_LEGENDS_RACE:cow moose,雌驼鹿,[REVIEWED:1]
DFL_LEGENDS_RACE:cows,奶牛,[REVIEWED:1]
DFL_LEGENDS_RACE:coyote,郊狼,[REVIEWED:1]
DFL_LEGENDS_RACE:coyote man,郊狼人,[REVIEWED:1]
DFL_LEGENDS_RACE:coyote men,郊狼人,[REVIEWED:1]
DFL_LEGENDS_RACE:coyote woman,女郊狼人,[REVIEWED:1]
DFL_LEGENDS_RACE:coyote women,女郊狼人,[REVIEWED:1]
DFL_LEGENDS_RACE:coyotes,郊狼,[REVIEWED:1]
DFL_LEGENDS_RACE:crab,螃蟹,[REVIEWED:1]
DFL_LEGENDS_RACE:crab man,螃蟹人,[REVIEWED:1]
DFL_LEGENDS_RACE:crab men,螃蟹人,[REVIEWED:1]
DFL_LEGENDS_RACE:crab woman,女螃蟹人,[REVIEWED:1]
DFL_LEGENDS_RACE:crab women,女螃蟹人,[REVIEWED:1]
DFL_LEGENDS_RACE:crabs,螃蟹,[REVIEWED:1]
DFL_LEGENDS_RACE:creeping eye,爬行之眼,[REVIEWED:1]
DFL_LEGENDS_RACE:creeping eyes,爬行之眼,[REVIEWED:1]
DFL_LEGENDS_RACE:creepy crawler,恐怖爬行者,[REVIEWED:1]
DFL_LEGENDS_RACE:creepy crawlers,恐怖爬行者,[REVIEWED:1]
DFL_LEGENDS_RACE:crow,乌鸦,[REVIEWED:1]
DFL_LEGENDS_RACE:crow man,乌鸦人,[REVIEWED:1]
DFL_LEGENDS_RACE:crow men,乌鸦人,[REVIEWED:1]
DFL_LEGENDS_RACE:crow woman,雌乌鸦人,[REVIEWED:1]
DFL_LEGENDS_RACE:crow women,雌乌鸦人,[REVIEWED:1]
DFL_LEGENDS_RACE:crows,乌鸦,[REVIEWED:1]
DFL_LEGENDS_RACE:crundle,爪角怪,[REVIEWED:1]
DFL_LEGENDS_RACE:crundles,爪角怪,[REVIEWED:1]
DFL_LEGENDS_RACE:cuttlefish,墨鱼,[REVIEWED:1]
DFL_LEGENDS_RACE:cuttlefish man,墨鱼人,[REVIEWED:1]
DFL_LEGENDS_RACE:cuttlefish men,墨鱼人,[REVIEWED:1]
DFL_LEGENDS_RACE:cuttlefish woman,女墨鱼人,[REVIEWED:1]
DFL_LEGENDS_RACE:cuttlefish women,女墨鱼人,[REVIEWED:1]
DFL_LEGENDS_RACE:cyclopes,独眼巨人,[REVIEWED:1]
DFL_LEGENDS_RACE:cyclops,独眼巨人,[REVIEWED:1]
DFL_LEGENDS_RACE:damselflies,蓝蜻蛉,[REVIEWED:1]
DFL_LEGENDS_RACE:damselfly,蓝蜻蛉,[REVIEWED:1]
DFL_LEGENDS_RACE:damselfly man,蓝蜻蛉人,[REVIEWED:1]
DFL_LEGENDS_RACE:damselfly men,蓝蜻蛉人,[REVIEWED:1]
DFL_LEGENDS_RACE:damselfly woman,雌蓝蜻蛉人,[REVIEWED:1]
DFL_LEGENDS_RACE:damselfly women,雌蓝蜻蛉人,[REVIEWED:1]
DFL_LEGENDS_RACE:dark gnome,黑暗地精,[REVIEWED:1]
DFL_LEGENDS_RACE:dark gnomes,黑暗地精,[REVIEWED:1]
DFL_LEGENDS_RACE:deer,鹿,[REVIEWED:1]
DFL_LEGENDS_RACE:deer man,鹿人,[REVIEWED:1]
DFL_LEGENDS_RACE:deer men,鹿人,[REVIEWED:1]
DFL_LEGENDS_RACE:deer woman,女鹿人,[REVIEWED:1]
DFL_LEGENDS_RACE:deer women,女鹿人,[REVIEWED:1]
DFL_LEGENDS_RACE:deinonychus,恐爪龙,[REVIEWED:1]
DFL_LEGENDS_RACE:deinonychus man,恐爪龙人,[REVIEWED:1]
DFL_LEGENDS_RACE:deinonychus men,恐爪龙人,[REVIEWED:1]
DFL_LEGENDS_RACE:deinonychus woman,雌恐爪龙人,[REVIEWED:1]
DFL_LEGENDS_RACE:deinonychus women,雌恐爪龙人,[REVIEWED:1]
DFL_LEGENDS_RACE:deinotherium,恐象,[REVIEWED:1]
DFL_LEGENDS_RACE:deinotherium man,恐象人,[REVIEWED:1]
DFL_LEGENDS_RACE:deinotherium men,恐象人,[REVIEWED:1]
DFL_LEGENDS_RACE:deinotherium woman,雌恐象人,[REVIEWED:1]
DFL_LEGENDS_RACE:deinotherium women,雌恐象人,[REVIEWED:1]
DFL_LEGENDS_RACE:demon rat,恶魔老鼠,[REVIEWED:1]
DFL_LEGENDS_RACE:demon rats,恶魔老鼠,[REVIEWED:1]
DFL_LEGENDS_RACE:desert tortoise,沙漠陆龟,[REVIEWED:1]
DFL_LEGENDS_RACE:desert tortoise man,沙漠陆龟人,[REVIEWED:1]
DFL_LEGENDS_RACE:desert tortoise men,沙漠陆龟人,[REVIEWED:1]
DFL_LEGENDS_RACE:desert tortoise woman,女沙漠陆龟人,[REVIEWED:1]
DFL_LEGENDS_RACE:desert tortoise women,女沙漠陆龟人,[REVIEWED:1]
DFL_LEGENDS_RACE:desert tortoises,沙漠陆龟,[REVIEWED:1]
DFL_LEGENDS_RACE:diadectes,阔齿龙,[REVIEWED:1]
DFL_LEGENDS_RACE:diadectes man,阔齿龙人,[REVIEWED:1]
DFL_LEGENDS_RACE:diadectes men,阔齿龙人,[REVIEWED:1]
DFL_LEGENDS_RACE:diadectes woman,雌阔齿龙人,[REVIEWED:1]
DFL_LEGENDS_RACE:diadectes women,雌阔齿龙人,[REVIEWED:1]
DFL_LEGENDS_RACE:dilophosaurus,双脊龙,[REVIEWED:1]
DFL_LEGENDS_RACE:dilophosaurus man,双脊龙人,[REVIEWED:1]
DFL_LEGENDS_RACE:dilophosaurus men,双脊龙人,[REVIEWED:1]
DFL_LEGENDS_RACE:dilophosaurus woman,雌双脊龙人,[REVIEWED:1]
DFL_LEGENDS_RACE:dilophosaurus women,雌双脊龙人,[REVIEWED:1]
DFL_LEGENDS_RACE:dimetrodon,异齿龙,[REVIEWED:1]
DFL_LEGENDS_RACE:dimetrodon man,异齿龙人,[REVIEWED:1]
DFL_LEGENDS_RACE:dimetrodon men,异齿龙人,[REVIEWED:1]
DFL_LEGENDS_RACE:dimetrodon woman,雌异齿龙人,[REVIEWED:1]
DFL_LEGENDS_RACE:dimetrodon women,雌异齿龙人,[REVIEWED:1]
DFL_LEGENDS_RACE:dingo,野狗,[REVIEWED:1]
DFL_LEGENDS_RACE:dingo man,野狗人,[REVIEWED:1]
DFL_LEGENDS_RACE:dingo men,野狗人,[REVIEWED:1]
DFL_LEGENDS_RACE:dingo woman,雌野狗人,[REVIEWED:1]
DFL_LEGENDS_RACE:dingo women,雌野狗人,[REVIEWED:1]
DFL_LEGENDS_RACE:dingoes,野狗,[REVIEWED:1]
DFL_LEGENDS_RACE:diplocaulus,笠头螈,[REVIEWED:1]
DFL_LEGENDS_RACE:diplocaulus man,笠头螈人,[REVIEWED:1]
DFL_LEGENDS_RACE:diplocaulus men,笠头螈人,[REVIEWED:1]
DFL_LEGENDS_RACE:diplocaulus woman,雌笠头螈人,[REVIEWED:1]
DFL_LEGENDS_RACE:diplocaulus women,雌笠头螈人,[REVIEWED:1]
DFL_LEGENDS_RACE:diplodocus,梁龙,[REVIEWED:1]
DFL_LEGENDS_RACE:diplodocus man,梁龙人,[REVIEWED:1]
DFL_LEGENDS_RACE:diplodocus men,梁龙人,[REVIEWED:1]
DFL_LEGENDS_RACE:diplodocus woman,雌梁龙人,[REVIEWED:1]
DFL_LEGENDS_RACE:diplodocus women,雌梁龙人,[REVIEWED:1]
DFL_LEGENDS_RACE:dodo,渡渡鸟,[REVIEWED:1]
DFL_LEGENDS_RACE:dodo cock,雄渡渡鸟,[REVIEWED:1]
DFL_LEGENDS_RACE:dodo cocks,雄渡渡鸟,[REVIEWED:1]
DFL_LEGENDS_RACE:dodo hen,雌渡渡鸟,[REVIEWED:1]
DFL_LEGENDS_RACE:dodo hens,雌渡渡鸟,[REVIEWED:1]
DFL_LEGENDS_RACE:dodo man,渡渡鸟人,[REVIEWED:1]
DFL_LEGENDS_RACE:dodo men,渡渡鸟人,[REVIEWED:1]
DFL_LEGENDS_RACE:dodo woman,雌渡渡鸟人,[REVIEWED:1]
DFL_LEGENDS_RACE:dodo women,雌渡渡鸟人,[REVIEWED:1]
DFL_LEGENDS_RACE:doe hare,雌野兔,[REVIEWED:1]
DFL_LEGENDS_RACE:doe hares,雌野兔,[REVIEWED:1]
DFL_LEGENDS_RACE:doe rabbit,母家兔,[REVIEWED:1]
DFL_LEGENDS_RACE:doe rabbits,母家兔,[REVIEWED:1]
DFL_LEGENDS_RACE:dog,家犬,[REVIEWED:1]
DFL_LEGENDS_RACE:dogs,家犬,[REVIEWED:1]
DFL_LEGENDS_RACE:donkey,驴,[REVIEWED:1]
DFL_LEGENDS_RACE:donkeys,驴,[REVIEWED:1]
DFL_LEGENDS_RACE:dragon,巨龙,[REVIEWED:1]
DFL_LEGENDS_RACE:dragonflies,蜻蜓,[REVIEWED:1]
DFL_LEGENDS_RACE:dragonfly,蜻蜓,[REVIEWED:1]
DFL_LEGENDS_RACE:dragonfly man,蜻蜓人,[REVIEWED:1]
DFL_LEGENDS_RACE:dragonfly men,蜻蜓人,[REVIEWED:1]
DFL_LEGENDS_RACE:dragonfly woman,女蜻蜓人,[REVIEWED:1]
DFL_LEGENDS_RACE:dragonfly women,女蜻蜓人,[REVIEWED:1]
DFL_LEGENDS_RACE:dragons,巨龙,[REVIEWED:1]
DFL_LEGENDS_RACE:drake,公鸭,[REVIEWED:1]
DFL_LEGENDS_RACE:drakes,公鸭,[REVIEWED:1]
DFL_LEGENDS_RACE:draltha,食菇兽,[REVIEWED:1]
DFL_LEGENDS_RACE:dralthas,食菇兽,[REVIEWED:1]
DFL_LEGENDS_RACE:drepanopterus,镰翅兽,[REVIEWED:1]
DFL_LEGENDS_RACE:drepanopterus man,镰翅鲎人,[REVIEWED:1]
DFL_LEGENDS_RACE:drepanopterus men,镰翅鲎人,[REVIEWED:1]
DFL_LEGENDS_RACE:drepanopterus woman,雌镰翅鲎人,[REVIEWED:1]
DFL_LEGENDS_RACE:drepanopterus women,雌镰翅鲎人,[REVIEWED:1]
DFL_LEGENDS_RACE:drepanosaurus,镰龙,[REVIEWED:1]
DFL_LEGENDS_RACE:drepanosaurus man,镰龙人,[REVIEWED:1]
DFL_LEGENDS_RACE:drepanosaurus men,镰龙人,[REVIEWED:1]
DFL_LEGENDS_RACE:drepanosaurus woman,雌镰龙人,[REVIEWED:1]
DFL_LEGENDS_RACE:drepanosaurus women,雌镰龙人,[REVIEWED:1]
DFL_LEGENDS_RACE:drone ant,蚂蚁蚁王,[REVIEWED:1]
DFL_LEGENDS_RACE:drone ant man,雄蚁人,[REVIEWED:1]
DFL_LEGENDS_RACE:drone ant men,雄蚁人,[REVIEWED:1]
DFL_LEGENDS_RACE:drone ants,蚂蚁蚁王,[REVIEWED:1]
DFL_LEGENDS_RACE:drunian,德鲁尼安人,[REVIEWED:1]
DFL_LEGENDS_RACE:drunians,德鲁尼安人,[REVIEWED:1]
DFL_LEGENDS_RACE:duck,家鸭,[REVIEWED:1]
DFL_LEGENDS_RACE:ducks,母鸭,[REVIEWED:1]
DFL_LEGENDS_RACE:dunkleosteus,邓氏鱼,[REVIEWED:1]
DFL_LEGENDS_RACE:dunkleosteus man,邓氏鱼人,[REVIEWED:1]
DFL_LEGENDS_RACE:dunkleosteus men,邓氏鱼人,[REVIEWED:1]
DFL_LEGENDS_RACE:dunkleosteus woman,雌邓氏鱼人,[REVIEWED:1]
DFL_LEGENDS_RACE:dunkleosteus women,雌邓氏鱼人,[REVIEWED:1]
DFL_LEGENDS_RACE:dwarf,矮人,[REVIEWED:1]
DFL_LEGENDS_RACE:dwarves,矮人,[REVIEWED:1]
DFL_LEGENDS_RACE:eagle,鹰,[REVIEWED:1]
DFL_LEGENDS_RACE:eagle man,鹰人,[REVIEWED:1]
DFL_LEGENDS_RACE:eagle men,鹰人,[REVIEWED:1]
DFL_LEGENDS_RACE:eagle woman,雌鹰人,[REVIEWED:1]
DFL_LEGENDS_RACE:eagle women,雌鹰人,[REVIEWED:1]
DFL_LEGENDS_RACE:eagles,鹰,[REVIEWED:1]
DFL_LEGENDS_RACE:echidna,针鼹,[REVIEWED:1]
DFL_LEGENDS_RACE:echidna man,针鼹人,[REVIEWED:1]
DFL_LEGENDS_RACE:echidna men,针鼹人,[REVIEWED:1]
DFL_LEGENDS_RACE:echidna woman,女针鼹人,[REVIEWED:1]
DFL_LEGENDS_RACE:echidna women,女针鼹人,[REVIEWED:1]
DFL_LEGENDS_RACE:echidnas,针鼹,[REVIEWED:1]
DFL_LEGENDS_RACE:elephant,大象,[REVIEWED:1]
DFL_LEGENDS_RACE:elephant man,大象人,[REVIEWED:1]
DFL_LEGENDS_RACE:elephant men,大象人,[REVIEWED:1]
DFL_LEGENDS_RACE:elephant seal,象海豹,[REVIEWED:1]
DFL_LEGENDS_RACE:elephant seal man,象海豹人,[REVIEWED:1]
DFL_LEGENDS_RACE:elephant seal men,象海豹人,[REVIEWED:1]
DFL_LEGENDS_RACE:elephant seal woman,女象海豹人,[REVIEWED:1]
DFL_LEGENDS_RACE:elephant seal women,女象海豹人,[REVIEWED:1]
DFL_LEGENDS_RACE:elephant seals,象海豹,[REVIEWED:1]
DFL_LEGENDS_RACE:elephant woman,女大象人,[REVIEWED:1]
DFL_LEGENDS_RACE:elephant women,女大象人,[REVIEWED:1]
DFL_LEGENDS_RACE:elephants,大象,[REVIEWED:1]
DFL_LEGENDS_RACE:elf,精灵,[REVIEWED:1]
DFL_LEGENDS_RACE:elk,麋鹿,[REVIEWED:1]
DFL_LEGENDS_RACE:elk bird,麋鹿鸟,[REVIEWED:1]
DFL_LEGENDS_RACE:elk birds,麋鹿鸟,[REVIEWED:1]
DFL_LEGENDS_RACE:elk man,麋鹿人,[REVIEWED:1]
DFL_LEGENDS_RACE:elk men,麋鹿人,[REVIEWED:1]
DFL_LEGENDS_RACE:elk woman,女麋鹿人,[REVIEWED:1]
DFL_LEGENDS_RACE:elk women,女麋鹿人,[REVIEWED:1]
DFL_LEGENDS_RACE:elves,精灵,[REVIEWED:1]
DFL_LEGENDS_RACE:emperor penguin,帝企鹅,[REVIEWED:1]
DFL_LEGENDS_RACE:emperor penguins,帝企鹅,[REVIEWED:1]
DFL_LEGENDS_RACE:emu,鸸鹋,[REVIEWED:1]
DFL_LEGENDS_RACE:emu man,鸸鹋人,[REVIEWED:1]
DFL_LEGENDS_RACE:emu men,鸸鹋人,[REVIEWED:1]
DFL_LEGENDS_RACE:emu woman,雌鸸鹋人,[REVIEWED:1]
DFL_LEGENDS_RACE:emu women,雌鸸鹋人,[REVIEWED:1]
DFL_LEGENDS_RACE:emus,鸸鹋,[REVIEWED:1]
DFL_LEGENDS_RACE:entelodon,完齿兽,[REVIEWED:1]
DFL_LEGENDS_RACE:entelodon man,完齿兽人,[REVIEWED:1]
DFL_LEGENDS_RACE:entelodon men,完齿兽人,[REVIEWED:1]
DFL_LEGENDS_RACE:entelodon woman,雌完齿兽人,[REVIEWED:1]
DFL_LEGENDS_RACE:entelodon women,雌完齿兽人,[REVIEWED:1]
DFL_LEGENDS_RACE:eoraptor,始盗龙,[REVIEWED:1]
DFL_LEGENDS_RACE:eoraptor man,始盗龙人,[REVIEWED:1]
DFL_LEGENDS_RACE:eoraptor men,始盗龙人,[REVIEWED:1]
DFL_LEGENDS_RACE:eoraptor woman,雌始盗龙人,[REVIEWED:1]
DFL_LEGENDS_RACE:eoraptor women,雌始盗龙人,[REVIEWED:1]
DFL_LEGENDS_RACE:eryops,引螈,[REVIEWED:1]
DFL_LEGENDS_RACE:eryops man,引螈人,[REVIEWED:1]
DFL_LEGENDS_RACE:eryops men,引螈人,[REVIEWED:1]
DFL_LEGENDS_RACE:eryops woman,雌引螈人,[REVIEWED:1]
DFL_LEGENDS_RACE:eryops women,雌引螈人,[REVIEWED:1]
DFL_LEGENDS_RACE:ettin,双头巨人,[REVIEWED:1]
DFL_LEGENDS_RACE:ettins,双头巨人,[REVIEWED:1]
DFL_LEGENDS_RACE:europasaurus,欧罗巴龙,[REVIEWED:1]
DFL_LEGENDS_RACE:europasaurus man,欧罗巴龙人,[REVIEWED:1]
DFL_LEGENDS_RACE:europasaurus men,欧罗巴龙人,[REVIEWED:1]
DFL_LEGENDS_RACE:europasaurus woman,雌欧罗巴龙人,[REVIEWED:1]
DFL_LEGENDS_RACE:europasaurus women,雌欧罗巴龙人,[REVIEWED:1]
DFL_LEGENDS_RACE:ewe,母羊,[REVIEWED:1]
DFL_LEGENDS_RACE:ewes,母羊,[REVIEWED:1]
DFL_LEGENDS_RACE:fairies,小仙子,[REVIEWED:1]
DFL_LEGENDS_RACE:fairy,小仙子,[REVIEWED:1]
DFL_LEGENDS_RACE:fire imp,火焰小鬼,[REVIEWED:1]
DFL_LEGENDS_RACE:fire imps,火焰小鬼,[REVIEWED:1]
DFL_LEGENDS_RACE:fire man,火人,[REVIEWED:1]
DFL_LEGENDS_RACE:fire men,火人,[REVIEWED:1]
DFL_LEGENDS_RACE:fire snake,火蛇,[REVIEWED:1]
DFL_LEGENDS_RACE:fire snakes,火蛇,[REVIEWED:1]
DFL_LEGENDS_RACE:fireflies,萤火虫,[REVIEWED:1]
DFL_LEGENDS_RACE:firefly,萤火虫,[REVIEWED:1]
DFL_LEGENDS_RACE:firefly man,萤火虫人,[REVIEWED:1]
DFL_LEGENDS_RACE:firefly men,萤火虫人,[REVIEWED:1]
DFL_LEGENDS_RACE:firefly woman,女萤火虫人,[REVIEWED:1]
DFL_LEGENDS_RACE:firefly women,女萤火虫人,[REVIEWED:1]
DFL_LEGENDS_RACE:flesh ball,血肉之球,[REVIEWED:1]
DFL_LEGENDS_RACE:flesh balls,血肉之球,[REVIEWED:1]
DFL_LEGENDS_RACE:flies,苍蝇,[REVIEWED:1]
DFL_LEGENDS_RACE:floating guts,飘浮内脏,[REVIEWED:1]
DFL_LEGENDS_RACE:flounder,鲽鱼,[REVIEWED:1]
DFL_LEGENDS_RACE:flounders,鲽鱼,[REVIEWED:1]
DFL_LEGENDS_RACE:fluffy wambler,蓬松毛球,[REVIEWED:1]
DFL_LEGENDS_RACE:fluffy wamblers,蓬松毛球,[REVIEWED:1]
DFL_LEGENDS_RACE:fly,苍蝇,[REVIEWED:1]
DFL_LEGENDS_RACE:fly man,苍蝇人,[REVIEWED:1]
DFL_LEGENDS_RACE:fly men,苍蝇人,[REVIEWED:1]
DFL_LEGENDS_RACE:fly woman,女苍蝇人,[REVIEWED:1]
DFL_LEGENDS_RACE:fly women,女苍蝇人,[REVIEWED:1]
DFL_LEGENDS_RACE:flying squirrel,鼯鼠,[REVIEWED:1]
DFL_LEGENDS_RACE:flying squirrel man,鼯鼠人,[REVIEWED:1]
DFL_LEGENDS_RACE:flying squirrel men,鼯鼠人,[REVIEWED:1]
DFL_LEGENDS_RACE:flying squirrel woman,雌鼯鼠人,[REVIEWED:1]
DFL_LEGENDS_RACE:flying squirrel women,雌鼯鼠人,[REVIEWED:1]
DFL_LEGENDS_RACE:flying squirrels,鼯鼠,[REVIEWED:1]
DFL_LEGENDS_RACE:foul blendec,污邪杂种,[REVIEWED:1]
DFL_LEGENDS_RACE:foul blendecs,污邪杂种,[REVIEWED:1]
DFL_LEGENDS_RACE:fox,狐狸,[REVIEWED:1]
DFL_LEGENDS_RACE:fox man,狐狸人,[REVIEWED:1]
DFL_LEGENDS_RACE:fox men,狐狸人,[REVIEWED:1]
DFL_LEGENDS_RACE:fox squirrel,狐松鼠,[REVIEWED:1]
DFL_LEGENDS_RACE:fox squirrels,狐松鼠,[REVIEWED:1]
DFL_LEGENDS_RACE:fox woman,女狐狸人,[REVIEWED:1]
DFL_LEGENDS_RACE:fox women,女狐狸人,[REVIEWED:1]
DFL_LEGENDS_RACE:foxes,狐狸,[REVIEWED:1]
DFL_LEGENDS_RACE:frill shark,皱鳃鲨,[REVIEWED:1]
DFL_LEGENDS_RACE:frill sharks,皱鳃鲨,[REVIEWED:1]
DFL_LEGENDS_RACE:gabbro man,辉长岩人,[REVIEWED:1]
DFL_LEGENDS_RACE:gabbro men,辉长岩人,[REVIEWED:1]
DFL_LEGENDS_RACE:gander,公鹅,[REVIEWED:1]
DFL_LEGENDS_RACE:ganders,公鹅,[REVIEWED:1]
DFL_LEGENDS_RACE:gazelle,瞪羚,[REVIEWED:1]
DFL_LEGENDS_RACE:gazelle man,瞪羚人,[REVIEWED:1]
DFL_LEGENDS_RACE:gazelle men,瞪羚人,[REVIEWED:1]
DFL_LEGENDS_RACE:gazelle woman,女瞪羚人,[REVIEWED:1]
DFL_LEGENDS_RACE:gazelle women,女瞪羚人,[REVIEWED:1]
DFL_LEGENDS_RACE:gazelles,瞪羚,[REVIEWED:1]
DFL_LEGENDS_RACE:geese,母鹅,[REVIEWED:1]
DFL_LEGENDS_RACE:gerrothorax,胃螈,[REVIEWED:1]
DFL_LEGENDS_RACE:gerrothorax man,胃螈人,[REVIEWED:1]
DFL_LEGENDS_RACE:gerrothorax men,胃螈人,[REVIEWED:1]
DFL_LEGENDS_RACE:gerrothorax woman,雌胃螈人,[REVIEWED:1]
DFL_LEGENDS_RACE:gerrothorax women,雌胃螈人,[REVIEWED:1]
DFL_LEGENDS_RACE:giant,巨人,[REVIEWED:1]
DFL_LEGENDS_RACE:giant aardvark,巨型土豚,[REVIEWED:1]
DFL_LEGENDS_RACE:giant aardvarks,巨型土豚,[REVIEWED:1]
DFL_LEGENDS_RACE:giant adder,巨型蝰蛇,[REVIEWED:1]
DFL_LEGENDS_RACE:giant adders,巨型蝰蛇,[REVIEWED:1]
DFL_LEGENDS_RACE:giant albatross,巨型信天翁,[REVIEWED:1]
DFL_LEGENDS_RACE:giant albatrosses,巨型信天翁,[REVIEWED:1]
DFL_LEGENDS_RACE:giant alligator,巨型短吻鳄,[REVIEWED:1]
DFL_LEGENDS_RACE:giant alligators,巨型短吻鳄,[REVIEWED:1]
DFL_LEGENDS_RACE:giant anaconda,巨型水蟒,[REVIEWED:1]
DFL_LEGENDS_RACE:giant anacondas,巨型水蟒,[REVIEWED:1]
DFL_LEGENDS_RACE:giant anole,巨型安乐蜥,[REVIEWED:1]
DFL_LEGENDS_RACE:giant anoles,巨型安乐蜥,[REVIEWED:1]
DFL_LEGENDS_RACE:giant armadillo,巨型犰狳,[REVIEWED:1]
DFL_LEGENDS_RACE:giant armadillo boar,巨型雄犰狳,[REVIEWED:1]
DFL_LEGENDS_RACE:giant armadillo boars,巨型雄犰狳,[REVIEWED:1]
DFL_LEGENDS_RACE:giant armadillo sow,巨型雌犰狳,[REVIEWED:1]
DFL_LEGENDS_RACE:giant armadillo sows,巨型雌犰狳,[REVIEWED:1]
DFL_LEGENDS_RACE:giant armadillos,巨型犰狳,[REVIEWED:1]
DFL_LEGENDS_RACE:giant axolotl,巨型蝾螈,[REVIEWED:1]
DFL_LEGENDS_RACE:giant axolotls,巨型蝾螈,[REVIEWED:1]
DFL_LEGENDS_RACE:giant aye-aye,巨型指猴,[REVIEWED:1]
DFL_LEGENDS_RACE:giant aye-ayes,巨型指猴,[REVIEWED:1]
DFL_LEGENDS_RACE:giant badger,巨型鼬獾,[REVIEWED:1]
DFL_LEGENDS_RACE:giant badger boar,巨型雄鼬獾,[REVIEWED:1]
DFL_LEGENDS_RACE:giant badger boars,巨型雄鼬獾,[REVIEWED:1]
DFL_LEGENDS_RACE:giant badger sow,巨型雌鼬獾,[REVIEWED:1]
DFL_LEGENDS_RACE:giant badger sows,巨型雌鼬獾,[REVIEWED:1]
DFL_LEGENDS_RACE:giant badgers,巨型鼬獾,[REVIEWED:1]
DFL_LEGENDS_RACE:giant bark scorpion,巨型树皮蝎,[REVIEWED:1]
DFL_LEGENDS_RACE:giant bark scorpions,巨型树皮蝎,[REVIEWED:1]
DFL_LEGENDS_RACE:giant barn owl,巨型仓鸮,[REVIEWED:1]
DFL_LEGENDS_RACE:giant barn owls,巨型仓鸮,[REVIEWED:1]
DFL_LEGENDS_RACE:giant bat,蝙蝠,[REVIEWED:1]
DFL_LEGENDS_RACE:giant bats,蝙蝠,[REVIEWED:1]
DFL_LEGENDS_RACE:giant beaver,巨型海狸,[REVIEWED:1]
DFL_LEGENDS_RACE:giant beavers,巨型海狸,[REVIEWED:1]
DFL_LEGENDS_RACE:giant beetle,巨型甲虫,[REVIEWED:1]
DFL_LEGENDS_RACE:giant beetles,巨型甲虫,[REVIEWED:1]
DFL_LEGENDS_RACE:giant black bear,巨型黑熊,[REVIEWED:1]
DFL_LEGENDS_RACE:giant black bears,巨型黑熊,[REVIEWED:1]
DFL_LEGENDS_RACE:giant black mamba,巨型黑曼巴蛇,[REVIEWED:1]
DFL_LEGENDS_RACE:giant black mambas,巨型黑曼巴蛇,[REVIEWED:1]
DFL_LEGENDS_RACE:giant bluejay,巨型冠蓝鸦,[REVIEWED:1]
DFL_LEGENDS_RACE:giant bluejays,巨型冠蓝鸦,[REVIEWED:1]
DFL_LEGENDS_RACE:giant bobcat,巨型短尾猫,[REVIEWED:1]
DFL_LEGENDS_RACE:giant bobcats,巨型短尾猫,[REVIEWED:1]
DFL_LEGENDS_RACE:giant brown recluse spider,巨型棕色遁蛛,[REVIEWED:1]
DFL_LEGENDS_RACE:giant brown recluse spiders,巨型棕色遁蛛,[REVIEWED:1]
DFL_LEGENDS_RACE:giant bushmaster,巨型巨蝮,[REVIEWED:1]
DFL_LEGENDS_RACE:giant bushmasters,巨型巨蝮,[REVIEWED:1]
DFL_LEGENDS_RACE:giant bushtit,巨型丛山雀,[REVIEWED:1]
DFL_LEGENDS_RACE:giant bushtits,巨型丛山雀,[REVIEWED:1]
DFL_LEGENDS_RACE:giant buzzard,巨型秃鹰,[REVIEWED:1]
DFL_LEGENDS_RACE:giant buzzards,巨型秃鹰,[REVIEWED:1]
DFL_LEGENDS_RACE:giant capuchin,巨型卷尾猴,[REVIEWED:1]
DFL_LEGENDS_RACE:giant capuchins,巨型卷尾猴,[REVIEWED:1]
DFL_LEGENDS_RACE:giant capybara,巨型水豚,[REVIEWED:1]
DFL_LEGENDS_RACE:giant capybaras,巨型水豚,[REVIEWED:1]
DFL_LEGENDS_RACE:giant cardinal,巨型红衣凤头鸟,[REVIEWED:1]
DFL_LEGENDS_RACE:giant cardinals,巨型红衣凤头鸟,[REVIEWED:1]
DFL_LEGENDS_RACE:giant cassowaries,巨型鹤鸵,[REVIEWED:1]
DFL_LEGENDS_RACE:giant cassowary,巨型鹤鸵,[REVIEWED:1]
DFL_LEGENDS_RACE:giant cave spider,巨型洞穴蜘蛛,[REVIEWED:1]
DFL_LEGENDS_RACE:giant cave spiders,巨型洞穴蜘蛛,[REVIEWED:1]
DFL_LEGENDS_RACE:giant cave swallow,巨型洞穴燕,[REVIEWED:1]
DFL_LEGENDS_RACE:giant cave swallows,巨型洞穴燕,[REVIEWED:1]
DFL_LEGENDS_RACE:giant cave toad,巨型洞穴蟾蜍,[REVIEWED:1]
DFL_LEGENDS_RACE:giant cave toads,巨型洞穴蟾蜍,[REVIEWED:1]
DFL_LEGENDS_RACE:giant chameleon,巨型变色蜥,[REVIEWED:1]
DFL_LEGENDS_RACE:giant chameleons,巨型变色蜥,[REVIEWED:1]
DFL_LEGENDS_RACE:giant cheetah,巨型猎豹,[REVIEWED:1]
DFL_LEGENDS_RACE:giant cheetahs,巨型猎豹,[REVIEWED:1]
DFL_LEGENDS_RACE:giant chinchilla,巨型毛丝鼠,[REVIEWED:1]
DFL_LEGENDS_RACE:giant chinchillas,巨型毛丝鼠,[REVIEWED:1]
DFL_LEGENDS_RACE:giant chipmunk,巨型花栗鼠,[REVIEWED:1]
DFL_LEGENDS_RACE:giant chipmunks,巨型花栗鼠,[REVIEWED:1]
DFL_LEGENDS_RACE:giant coati,巨型长鼻浣熊,[REVIEWED:1]
DFL_LEGENDS_RACE:giant coatis,巨型长鼻浣熊,[REVIEWED:1]
DFL_LEGENDS_RACE:giant cockatiel,巨型玄凤鹦鹉,[REVIEWED:1]
DFL_LEGENDS_RACE:giant cockatiels,巨型玄凤鹦鹉,[REVIEWED:1]
DFL_LEGENDS_RACE:giant copperhead snake,巨型铜头蛇,[REVIEWED:1]
DFL_LEGENDS_RACE:giant copperhead snakes,巨型铜头蛇,[REVIEWED:1]
DFL_LEGENDS_RACE:giant cougar,巨型美洲狮,[REVIEWED:1]
DFL_LEGENDS_RACE:giant cougars,巨型美洲狮,[REVIEWED:1]
DFL_LEGENDS_RACE:giant coyote,巨型郊狼,[REVIEWED:1]
DFL_LEGENDS_RACE:giant coyotes,巨型郊狼,[REVIEWED:1]
DFL_LEGENDS_RACE:giant crab,巨型螃蟹,[REVIEWED:1]
DFL_LEGENDS_RACE:giant crabs,巨型螃蟹,[REVIEWED:1]
DFL_LEGENDS_RACE:giant crow,巨型乌鸦,[REVIEWED:1]
DFL_LEGENDS_RACE:giant crows,巨型乌鸦,[REVIEWED:1]
DFL_LEGENDS_RACE:giant cuttlefish,巨型墨鱼,[REVIEWED:1]
DFL_LEGENDS_RACE:giant damselflies,巨型蓝蜻蛉,[REVIEWED:1]
DFL_LEGENDS_RACE:giant damselfly,巨型蓝蜻蛉,[REVIEWED:1]
DFL_LEGENDS_RACE:giant deer,巨型鹿,[REVIEWED:1]
DFL_LEGENDS_RACE:giant desert tortoise,巨型沙漠陆龟,[REVIEWED:1]
DFL_LEGENDS_RACE:giant desert tortoises,巨型沙漠陆龟,[REVIEWED:1]
DFL_LEGENDS_RACE:giant dingo,巨型野狗,[REVIEWED:1]
DFL_LEGENDS_RACE:giant dingoes,巨型野狗,[REVIEWED:1]
DFL_LEGENDS_RACE:giant dragonflies,巨型蜻蜓,[REVIEWED:1]
DFL_LEGENDS_RACE:giant dragonfly,巨型蜻蜓,[REVIEWED:1]
DFL_LEGENDS_RACE:giant eagle,巨型鹰,[REVIEWED:1]
DFL_LEGENDS_RACE:giant eagles,巨型鹰,[REVIEWED:1]
DFL_LEGENDS_RACE:giant earthworm,巨型蚯蚓,[REVIEWED:1]
DFL_LEGENDS_RACE:giant earthworms,巨型蚯蚓,[REVIEWED:1]
DFL_LEGENDS_RACE:giant echidna,巨型针鼹,[REVIEWED:1]
DFL_LEGENDS_RACE:giant echidnas,巨型针鼹,[REVIEWED:1]
DFL_LEGENDS_RACE:giant elephant,巨型大象,[REVIEWED:1]
DFL_LEGENDS_RACE:giant elephant seal,巨型象海豹,[REVIEWED:1]
DFL_LEGENDS_RACE:giant elephant seals,巨型象海豹,[REVIEWED:1]
DFL_LEGENDS_RACE:giant elephants,巨型大象,[REVIEWED:1]
DFL_LEGENDS_RACE:giant elk,巨型麋鹿,[REVIEWED:1]
DFL_LEGENDS_RACE:giant emu,巨型鸸鹋,[REVIEWED:1]
DFL_LEGENDS_RACE:giant emus,巨型鸸鹋,[REVIEWED:1]
DFL_LEGENDS_RACE:giant fireflies,巨型萤火虫,[REVIEWED:1]
DFL_LEGENDS_RACE:giant firefly,巨型萤火虫,[REVIEWED:1]
DFL_LEGENDS_RACE:giant flies,巨型苍蝇,[REVIEWED:1]
DFL_LEGENDS_RACE:giant fly,巨型苍蝇,[REVIEWED:1]
DFL_LEGENDS_RACE:giant flying squirrel,巨型鼯鼠,[REVIEWED:1]
DFL_LEGENDS_RACE:giant flying squirrels,巨型鼯鼠,[REVIEWED:1]
DFL_LEGENDS_RACE:giant fox,巨型狐狸,[REVIEWED:1]
DFL_LEGENDS_RACE:giant foxes,巨型狐狸,[REVIEWED:1]
DFL_LEGENDS_RACE:giant gazelle,巨型瞪羚,[REVIEWED:1]
DFL_LEGENDS_RACE:giant gazelles,巨型瞪羚,[REVIEWED:1]
DFL_LEGENDS_RACE:giant gila monster,巨型毒蜥,[REVIEWED:1]
DFL_LEGENDS_RACE:giant gila monsters,巨型毒蜥,[REVIEWED:1]
DFL_LEGENDS_RACE:giant giraffe,巨型长颈鹿,[REVIEWED:1]
DFL_LEGENDS_RACE:giant giraffes,巨型长颈鹿,[REVIEWED:1]
DFL_LEGENDS_RACE:giant grackle,巨型黑羽椋鸟,[REVIEWED:1]
DFL_LEGENDS_RACE:giant grackles,巨型黑羽椋鸟,[REVIEWED:1]
DFL_LEGENDS_RACE:giant grasshopper,巨型蚱蜢,[REVIEWED:1]
DFL_LEGENDS_RACE:giant grasshoppers,巨型蚱蜢,[REVIEWED:1]
DFL_LEGENDS_RACE:giant gray langur,巨型灰叶猴,[REVIEWED:1]
DFL_LEGENDS_RACE:giant gray langurs,巨型灰叶猴,[REVIEWED:1]
DFL_LEGENDS_RACE:giant gray squirrel,巨型灰松鼠,[REVIEWED:1]
DFL_LEGENDS_RACE:giant gray squirrels,巨型灰松鼠,[REVIEWED:1]
DFL_LEGENDS_RACE:giant great horned owl,巨型大角鸮,[REVIEWED:1]
DFL_LEGENDS_RACE:giant great horned owls,巨型大角鸮,[REVIEWED:1]
DFL_LEGENDS_RACE:giant green tree frog,巨型绿树蛙,[REVIEWED:1]
DFL_LEGENDS_RACE:giant green tree frogs,巨型绿树蛙,[REVIEWED:1]
DFL_LEGENDS_RACE:giant grey parrot,巨型灰鹦鹉,[REVIEWED:1]
DFL_LEGENDS_RACE:giant grey parrots,巨型灰鹦鹉,[REVIEWED:1]
DFL_LEGENDS_RACE:giant grizzly bear,巨型灰熊,[REVIEWED:1]
DFL_LEGENDS_RACE:giant grizzly bears,巨型灰熊,[REVIEWED:1]
DFL_LEGENDS_RACE:giant groundhog,巨型土拨鼠,[REVIEWED:1]
DFL_LEGENDS_RACE:giant groundhogs,巨型土拨鼠,[REVIEWED:1]
DFL_LEGENDS_RACE:giant grouper,巨型石斑鱼,[REVIEWED:1]
DFL_LEGENDS_RACE:giant groupers,巨型石斑鱼,[REVIEWED:1]
DFL_LEGENDS_RACE:giant hamster,巨型仓鼠,[REVIEWED:1]
DFL_LEGENDS_RACE:giant hamsters,巨型仓鼠,[REVIEWED:1]
DFL_LEGENDS_RACE:giant hare,巨型野兔,[REVIEWED:1]
DFL_LEGENDS_RACE:giant hares,巨型野兔,[REVIEWED:1]
DFL_LEGENDS_RACE:giant harp seal,巨型竖琴海豹,[REVIEWED:1]
DFL_LEGENDS_RACE:giant harp seals,巨型竖琴海豹,[REVIEWED:1]
DFL_LEGENDS_RACE:giant hedgehog,巨型刺猬,[REVIEWED:1]
DFL_LEGENDS_RACE:giant hedgehogs,巨型刺猬,[REVIEWED:1]
DFL_LEGENDS_RACE:giant hippo,巨型河马,[REVIEWED:1]
DFL_LEGENDS_RACE:giant hippos,巨型河马,[REVIEWED:1]
DFL_LEGENDS_RACE:giant hoary marmot,巨型花白旱獭,[REVIEWED:1]
DFL_LEGENDS_RACE:giant hoary marmots,巨型花白旱獭,[REVIEWED:1]
DFL_LEGENDS_RACE:giant honey badger,巨型蜜獾,[REVIEWED:1]
DFL_LEGENDS_RACE:giant honey badgers,巨型蜜獾,[REVIEWED:1]
DFL_LEGENDS_RACE:giant hornbill,巨型犀鸟,[REVIEWED:1]
DFL_LEGENDS_RACE:giant hornbills,巨型犀鸟,[REVIEWED:1]
DFL_LEGENDS_RACE:giant horseshoe crab,巨型马蹄蟹,[REVIEWED:1]
DFL_LEGENDS_RACE:giant horseshoe crabs,巨型马蹄蟹,[REVIEWED:1]
DFL_LEGENDS_RACE:giant hyena,巨型鬣狗,[REVIEWED:1]
DFL_LEGENDS_RACE:giant hyenas,巨型鬣狗,[REVIEWED:1]
DFL_LEGENDS_RACE:giant ibex,巨型羱羊,[REVIEWED:1]
DFL_LEGENDS_RACE:giant ibexes,巨型羱羊,[REVIEWED:1]
DFL_LEGENDS_RACE:giant iguana,巨型鬣蜥,[REVIEWED:1]
DFL_LEGENDS_RACE:giant iguanas,巨型鬣蜥,[REVIEWED:1]
DFL_LEGENDS_RACE:giant impala,巨型高角羚,[REVIEWED:1]
DFL_LEGENDS_RACE:giant impalas,巨型高角羚,[REVIEWED:1]
DFL_LEGENDS_RACE:giant jackal,巨型豺,[REVIEWED:1]
DFL_LEGENDS_RACE:giant jackals,巨型豺,[REVIEWED:1]
DFL_LEGENDS_RACE:giant jaguar,巨型美洲豹,[REVIEWED:1]
DFL_LEGENDS_RACE:giant jaguars,巨型美洲豹,[REVIEWED:1]
DFL_LEGENDS_RACE:giant jumping spider,巨型跳蛛,[REVIEWED:1]
DFL_LEGENDS_RACE:giant jumping spiders,巨型跳蛛,[REVIEWED:1]
DFL_LEGENDS_RACE:giant kakapo,巨型鸮鹦鹉,[REVIEWED:1]
DFL_LEGENDS_RACE:giant kangaroo,巨型袋鼠,[REVIEWED:1]
DFL_LEGENDS_RACE:giant kangaroos,巨型袋鼠,[REVIEWED:1]
DFL_LEGENDS_RACE:giant kea,巨型啄羊鹦鹉,[REVIEWED:1]
DFL_LEGENDS_RACE:giant kestrel,巨型红隼,[REVIEWED:1]
DFL_LEGENDS_RACE:giant kestrels,巨型红隼,[REVIEWED:1]
DFL_LEGENDS_RACE:giant king cobra,巨型眼镜王蛇,[REVIEWED:1]
DFL_LEGENDS_RACE:giant king cobras,巨型眼镜王蛇,[REVIEWED:1]
DFL_LEGENDS_RACE:giant kingsnake,巨型皇帝蛇,[REVIEWED:1]
DFL_LEGENDS_RACE:giant kingsnakes,巨型皇帝蛇,[REVIEWED:1]
DFL_LEGENDS_RACE:giant kiwi,巨型鹬鸵,[REVIEWED:1]
DFL_LEGENDS_RACE:giant kiwi cock,巨型雄鹬鸵,[REVIEWED:1]
DFL_LEGENDS_RACE:giant kiwi cocks,巨型雄鹬鸵,[REVIEWED:1]
DFL_LEGENDS_RACE:giant kiwi hen,巨型雌鹬鸵,[REVIEWED:1]
DFL_LEGENDS_RACE:giant kiwi hens,巨型雌鹬鸵,[REVIEWED:1]
DFL_LEGENDS_RACE:giant kiwis,巨型鹬鸵,[REVIEWED:1]
DFL_LEGENDS_RACE:giant koala,巨型树袋熊,[REVIEWED:1]
DFL_LEGENDS_RACE:giant koalas,巨型树袋熊,[REVIEWED:1]
DFL_LEGENDS_RACE:giant leech,巨型水蛭,[REVIEWED:1]
DFL_LEGENDS_RACE:giant leeches,巨型水蛭,[REVIEWED:1]
DFL_LEGENDS_RACE:giant leopard,巨型花豹,[REVIEWED:1]
DFL_LEGENDS_RACE:giant leopard gecko,巨型豹纹壁虎,[REVIEWED:1]
DFL_LEGENDS_RACE:giant leopard geckos,巨型豹纹壁虎,[REVIEWED:1]
DFL_LEGENDS_RACE:giant leopard seal,巨型豹形海豹,[REVIEWED:1]
DFL_LEGENDS_RACE:giant leopard seals,巨型豹形海豹,[REVIEWED:1]
DFL_LEGENDS_RACE:giant leopards,巨型花豹,[REVIEWED:1]
DFL_LEGENDS_RACE:giant lice,巨型虱子,[REVIEWED:1]
DFL_LEGENDS_RACE:giant lion,巨型狮子,[REVIEWED:1]
DFL_LEGENDS_RACE:giant lion tamarin,巨型狮狨猴,[REVIEWED:1]
DFL_LEGENDS_RACE:giant lion tamarins,巨型狮狨猴,[REVIEWED:1]
DFL_LEGENDS_RACE:giant lions,巨型狮子,[REVIEWED:1]
DFL_LEGENDS_RACE:giant lizard,巨型蜥蜴,[REVIEWED:1]
DFL_LEGENDS_RACE:giant lizards,巨型蜥蜴,[REVIEWED:1]
DFL_LEGENDS_RACE:giant loon,巨型潜鸟,[REVIEWED:1]
DFL_LEGENDS_RACE:giant loons,巨型潜鸟,[REVIEWED:1]
DFL_LEGENDS_RACE:giant lorikeet,巨型吸蜜鹦鹉,[REVIEWED:1]
DFL_LEGENDS_RACE:giant lorikeets,巨型吸蜜鹦鹉,[REVIEWED:1]
DFL_LEGENDS_RACE:giant louse,巨型虱子,[REVIEWED:1]
DFL_LEGENDS_RACE:giant lynx,巨型猞猁,[REVIEWED:1]
DFL_LEGENDS_RACE:giant magpie,巨型喜鹊,[REVIEWED:1]
DFL_LEGENDS_RACE:giant magpies,巨型喜鹊,[REVIEWED:1]
DFL_LEGENDS_RACE:giant mandrill,巨型山魈,[REVIEWED:1]
DFL_LEGENDS_RACE:giant mandrills,巨型山魈,[REVIEWED:1]
DFL_LEGENDS_RACE:giant mantis,巨型螳螂,[REVIEWED:1]
DFL_LEGENDS_RACE:giant mantises,巨型螳螂,[REVIEWED:1]
DFL_LEGENDS_RACE:giant masked lovebird,巨型蒙面爱情鸟,[REVIEWED:1]
DFL_LEGENDS_RACE:giant masked lovebirds,巨型蒙面爱情鸟,[REVIEWED:1]
DFL_LEGENDS_RACE:giant mink,巨型水貂,[REVIEWED:1]
DFL_LEGENDS_RACE:giant minks,巨型水貂,[REVIEWED:1]
DFL_LEGENDS_RACE:giant mole,巨型鼹鼠,[REVIEWED:1]
DFL_LEGENDS_RACE:giant moles,巨型鼹鼠,[REVIEWED:1]
DFL_LEGENDS_RACE:giant monarch butterflies,巨型帝王蝶,[REVIEWED:1]
DFL_LEGENDS_RACE:giant monarch butterfly,巨型帝王蝶,[REVIEWED:1]
DFL_LEGENDS_RACE:giant mongoose,巨型獴,[REVIEWED:1]
DFL_LEGENDS_RACE:giant mongooses,巨型獴,[REVIEWED:1]
DFL_LEGENDS_RACE:giant monitor lizard,巨型巨蜥,[REVIEWED:1]
DFL_LEGENDS_RACE:giant monitor lizards,巨型巨蜥,[REVIEWED:1]
DFL_LEGENDS_RACE:giant moon snail,巨型月亮蜗牛,[REVIEWED:1]
DFL_LEGENDS_RACE:giant moon snails,巨型月亮蜗牛,[REVIEWED:1]
DFL_LEGENDS_RACE:giant moose,巨型驼鹿,[REVIEWED:1]
DFL_LEGENDS_RACE:giant moose bull,巨型雄驼鹿,[REVIEWED:1]
DFL_LEGENDS_RACE:giant moose bulls,巨型雄驼鹿,[REVIEWED:1]
DFL_LEGENDS_RACE:giant moose cow,巨型雌驼鹿,[REVIEWED:1]
DFL_LEGENDS_RACE:giant moose cows,巨型雌驼鹿,[REVIEWED:1]
DFL_LEGENDS_RACE:giant mosquito,巨型蚊子,[REVIEWED:1]
DFL_LEGENDS_RACE:giant mosquitos,巨型蚊子,[REVIEWED:1]
DFL_LEGENDS_RACE:giant moth,巨型飞蛾,[REVIEWED:1]
DFL_LEGENDS_RACE:giant moths,巨型飞蛾,[REVIEWED:1]
DFL_LEGENDS_RACE:giant mountain goat,巨型雪羊,[REVIEWED:1]
DFL_LEGENDS_RACE:giant mountain goats,巨型雪羊,[REVIEWED:1]
DFL_LEGENDS_RACE:giant muskox,巨型麝牛,[REVIEWED:1]
DFL_LEGENDS_RACE:giant muskoxen,巨型麝牛,[REVIEWED:1]
DFL_LEGENDS_RACE:giant narwhal,巨型独角鲸,[REVIEWED:1]
DFL_LEGENDS_RACE:giant narwhals,巨型独角鲸,[REVIEWED:1]
DFL_LEGENDS_RACE:giant nautilus,巨型鹦鹉螺,[REVIEWED:1]
DFL_LEGENDS_RACE:giant nautiluses,巨型鹦鹉螺,[REVIEWED:1]
DFL_LEGENDS_RACE:giant ocelot,巨型豹猫,[REVIEWED:1]
DFL_LEGENDS_RACE:giant ocelots,巨型豹猫,[REVIEWED:1]
DFL_LEGENDS_RACE:giant octopus,巨型章鱼,[REVIEWED:1]
DFL_LEGENDS_RACE:giant octopuses,巨型章鱼,[REVIEWED:1]
DFL_LEGENDS_RACE:giant olm,巨型洞螈,[REVIEWED:1]
DFL_LEGENDS_RACE:giant olms,巨型洞螈,[REVIEWED:1]
DFL_LEGENDS_RACE:giant one-humped camel,巨型单峰骆驼,[REVIEWED:1]
DFL_LEGENDS_RACE:giant one-humped camels,巨型单峰骆驼,[REVIEWED:1]
DFL_LEGENDS_RACE:giant opossum,巨型负鼠,[REVIEWED:1]
DFL_LEGENDS_RACE:giant opossums,巨型负鼠,[REVIEWED:1]
DFL_LEGENDS_RACE:giant orca,巨型逆戟鲸,[REVIEWED:1]
DFL_LEGENDS_RACE:giant orcas,巨型逆戟鲸,[REVIEWED:1]
DFL_LEGENDS_RACE:giant oriole,巨型黄鹂,[REVIEWED:1]
DFL_LEGENDS_RACE:giant orioles,巨型黄鹂,[REVIEWED:1]
DFL_LEGENDS_RACE:giant osprey,巨型鱼鹰,[REVIEWED:1]
DFL_LEGENDS_RACE:giant ospreys,巨型鱼鹰,[REVIEWED:1]
DFL_LEGENDS_RACE:giant ostrich,巨型鸵鸟,[REVIEWED:1]
DFL_LEGENDS_RACE:giant ostrich cock,巨型雄鸵鸟,[REVIEWED:1]
DFL_LEGENDS_RACE:giant ostrich cocks,巨型雄鸵鸟,[REVIEWED:1]
DFL_LEGENDS_RACE:giant ostrich hen,巨型雌鸵鸟,[REVIEWED:1]
DFL_LEGENDS_RACE:giant ostrich hens,巨型雌鸵鸟,[REVIEWED:1]
DFL_LEGENDS_RACE:giant ostriches,巨型鸵鸟,[REVIEWED:1]
DFL_LEGENDS_RACE:giant otter,巨型海獭,[REVIEWED:1]
DFL_LEGENDS_RACE:giant otters,巨型海獭,[REVIEWED:1]
DFL_LEGENDS_RACE:giant pangolin,巨型穿山甲,[REVIEWED:1]
DFL_LEGENDS_RACE:giant pangolins,巨型穿山甲,[REVIEWED:1]
DFL_LEGENDS_RACE:giant parakeet,巨型长尾鹦鹉,[REVIEWED:1]
DFL_LEGENDS_RACE:giant parakeets,巨型长尾鹦鹉,[REVIEWED:1]
DFL_LEGENDS_RACE:giant peach-faced lovebird,巨型桃面爱情鸟,[REVIEWED:1]
DFL_LEGENDS_RACE:giant peach-faced lovebirds,巨型桃面爱情鸟,[REVIEWED:1]
DFL_LEGENDS_RACE:giant penguin,巨型企鹅,[REVIEWED:1]
DFL_LEGENDS_RACE:giant penguins,巨型企鹅,[REVIEWED:1]
DFL_LEGENDS_RACE:giant peregrine falcon,巨型游隼,[REVIEWED:1]
DFL_LEGENDS_RACE:giant peregrine falcons,巨型游隼,[REVIEWED:1]
DFL_LEGENDS_RACE:giant platypus,巨型鸭嘴兽,[REVIEWED:1]
DFL_LEGENDS_RACE:giant platypuses,巨型鸭嘴兽,[REVIEWED:1]
DFL_LEGENDS_RACE:giant polar bear,巨型北极熊,[REVIEWED:1]
DFL_LEGENDS_RACE:giant polar bears,巨型北极熊,[REVIEWED:1]
DFL_LEGENDS_RACE:giant pond turtle,巨型池龟,[REVIEWED:1]
DFL_LEGENDS_RACE:giant pond turtles,巨型池龟,[REVIEWED:1]
DFL_LEGENDS_RACE:giant porcupine,巨型豪猪,[REVIEWED:1]
DFL_LEGENDS_RACE:giant porcupines,巨型豪猪,[REVIEWED:1]
DFL_LEGENDS_RACE:giant puffin,巨型海鹦,[REVIEWED:1]
DFL_LEGENDS_RACE:giant puffins,巨型海鹦,[REVIEWED:1]
DFL_LEGENDS_RACE:giant python,巨型巨蟒,[REVIEWED:1]
DFL_LEGENDS_RACE:giant pythons,巨型巨蟒,[REVIEWED:1]
DFL_LEGENDS_RACE:giant raccoon,巨型浣熊,[REVIEWED:1]
DFL_LEGENDS_RACE:giant raccoons,巨型浣熊,[REVIEWED:1]
DFL_LEGENDS_RACE:giant rat,巨型老鼠,[REVIEWED:1]
DFL_LEGENDS_RACE:giant rats,巨型老鼠,[REVIEWED:1]
DFL_LEGENDS_RACE:giant rattlesnake,巨型响尾蛇,[REVIEWED:1]
DFL_LEGENDS_RACE:giant rattlesnakes,巨型响尾蛇,[REVIEWED:1]
DFL_LEGENDS_RACE:giant raven,巨型渡鸦,[REVIEWED:1]
DFL_LEGENDS_RACE:giant ravens,巨型渡鸦,[REVIEWED:1]
DFL_LEGENDS_RACE:giant red panda,巨型红熊猫,[REVIEWED:1]
DFL_LEGENDS_RACE:giant red panda boar,巨型雄红熊猫,[REVIEWED:1]
DFL_LEGENDS_RACE:giant red panda boars,巨型雄红熊猫,[REVIEWED:1]
DFL_LEGENDS_RACE:giant red panda sow,巨型雌红熊猫,[REVIEWED:1]
DFL_LEGENDS_RACE:giant red panda sows,巨型雌红熊猫,[REVIEWED:1]
DFL_LEGENDS_RACE:giant red pandas,巨型红熊猫,[REVIEWED:1]
DFL_LEGENDS_RACE:giant red squirrel,巨型红松鼠,[REVIEWED:1]
DFL_LEGENDS_RACE:giant red squirrels,巨型红松鼠,[REVIEWED:1]
DFL_LEGENDS_RACE:giant red-winged blackbird,巨型红翅黑鹂,[REVIEWED:1]
DFL_LEGENDS_RACE:giant red-winged blackbirds,巨型红翅黑鹂,[REVIEWED:1]
DFL_LEGENDS_RACE:giant rhesus macaque,巨型猕猴,[REVIEWED:1]
DFL_LEGENDS_RACE:giant rhesus macaques,巨型猕猴,[REVIEWED:1]
DFL_LEGENDS_RACE:giant rhinoceros,巨型犀牛,[REVIEWED:1]
DFL_LEGENDS_RACE:giant rhinoceroses,巨型犀牛,[REVIEWED:1]
DFL_LEGENDS_RACE:giant roach,巨型蟑螂,[REVIEWED:1]
DFL_LEGENDS_RACE:giant roaches,巨型蟑螂,[REVIEWED:1]
DFL_LEGENDS_RACE:giant saltwater crocodile,巨型咸水鳄,[REVIEWED:1]
DFL_LEGENDS_RACE:giant saltwater crocodiles,巨型咸水鳄,[REVIEWED:1]
DFL_LEGENDS_RACE:giant skink,巨型彩舌蜥,[REVIEWED:1]
DFL_LEGENDS_RACE:giant skinks,巨型彩舌蜥,[REVIEWED:1]
DFL_LEGENDS_RACE:giant skunk,巨型臭鼬,[REVIEWED:1]
DFL_LEGENDS_RACE:giant skunks,巨型臭鼬,[REVIEWED:1]
DFL_LEGENDS_RACE:giant sloth,巨型树懒,[REVIEWED:1]
DFL_LEGENDS_RACE:giant sloth bear,巨型懒熊,[REVIEWED:1]
DFL_LEGENDS_RACE:giant sloth bears,巨型懒熊,[REVIEWED:1]
DFL_LEGENDS_RACE:giant sloths,巨型树懒,[REVIEWED:1]
DFL_LEGENDS_RACE:giant slug,巨型蛞蝓,[REVIEWED:1]
DFL_LEGENDS_RACE:giant slugs,巨型蛞蝓,[REVIEWED:1]
DFL_LEGENDS_RACE:giant snail,巨型蜗牛,[REVIEWED:1]
DFL_LEGENDS_RACE:giant snails,巨型蜗牛,[REVIEWED:1]
DFL_LEGENDS_RACE:giant snapping turtle,巨型大鳄龟,[REVIEWED:1]
DFL_LEGENDS_RACE:giant snapping turtles,巨型大鳄龟,[REVIEWED:1]
DFL_LEGENDS_RACE:giant snowy owl,巨型雪鸮,[REVIEWED:1]
DFL_LEGENDS_RACE:giant snowy owls,巨型雪鸮,[REVIEWED:1]
DFL_LEGENDS_RACE:giant sparrow,巨型麻雀,[REVIEWED:1]
DFL_LEGENDS_RACE:giant sparrows,巨型麻雀,[REVIEWED:1]
DFL_LEGENDS_RACE:giant sperm whale,巨型抹香鲸,[REVIEWED:1]
DFL_LEGENDS_RACE:giant sperm whales,巨型抹香鲸,[REVIEWED:1]
DFL_LEGENDS_RACE:giant spider monkey,巨型蜘蛛猴,[REVIEWED:1]
DFL_LEGENDS_RACE:giant spider monkeys,巨型蜘蛛猴,[REVIEWED:1]
DFL_LEGENDS_RACE:giant sponge,巨型海绵,[REVIEWED:1]
DFL_LEGENDS_RACE:giant sponges,巨型海绵,[REVIEWED:1]
DFL_LEGENDS_RACE:giant stoat,巨型白鼬,[REVIEWED:1]
DFL_LEGENDS_RACE:giant stoats,巨型白鼬,[REVIEWED:1]
DFL_LEGENDS_RACE:giant swan,巨型天鹅,[REVIEWED:1]
DFL_LEGENDS_RACE:giant swans,巨型天鹅,[REVIEWED:1]
DFL_LEGENDS_RACE:giant tapir,巨型貘,[REVIEWED:1]
DFL_LEGENDS_RACE:giant tapirs,巨型貘,[REVIEWED:1]
DFL_LEGENDS_RACE:giant thrips,巨型蓟马,[REVIEWED:1]
DFL_LEGENDS_RACE:giant tick,巨型蜱虫,[REVIEWED:1]
DFL_LEGENDS_RACE:giant ticks,巨型蜱虫,[REVIEWED:1]
DFL_LEGENDS_RACE:giant tiercel peregrine,巨型雄游隼,[REVIEWED:1]
DFL_LEGENDS_RACE:giant tiercel peregrines,巨型雄游隼,[REVIEWED:1]
DFL_LEGENDS_RACE:giant tiger,巨型虎,[REVIEWED:1]
DFL_LEGENDS_RACE:giant tigers,巨型虎,[REVIEWED:1]
DFL_LEGENDS_RACE:giant toad,巨型蟾蜍,[REVIEWED:1]
DFL_LEGENDS_RACE:giant toads,巨型蟾蜍,[REVIEWED:1]
DFL_LEGENDS_RACE:giant tortoise,巨型陆龟,[REVIEWED:1]
DFL_LEGENDS_RACE:giant tortoise man,巨型陆龟人,[REVIEWED:1]
DFL_LEGENDS_RACE:giant tortoise men,巨型陆龟人,[REVIEWED:1]
DFL_LEGENDS_RACE:giant tortoise woman,女巨型陆龟人,[REVIEWED:1]
DFL_LEGENDS_RACE:giant tortoise women,女巨型陆龟人,[REVIEWED:1]
DFL_LEGENDS_RACE:giant tortoises,巨型陆龟,[REVIEWED:1]
DFL_LEGENDS_RACE:giant two-humped camel,巨型双峰骆驼,[REVIEWED:1]
DFL_LEGENDS_RACE:giant two-humped camels,巨型双峰骆驼,[REVIEWED:1]
DFL_LEGENDS_RACE:giant vulture,巨型秃鹫,[REVIEWED:1]
DFL_LEGENDS_RACE:giant vultures,巨型秃鹫,[REVIEWED:1]
DFL_LEGENDS_RACE:giant walrus,巨型海象,[REVIEWED:1]
DFL_LEGENDS_RACE:giant walruss,巨型海象,[REVIEWED:1]
DFL_LEGENDS_RACE:giant warthog,巨型疣猪,[REVIEWED:1]
DFL_LEGENDS_RACE:giant warthogs,巨型疣猪,[REVIEWED:1]
DFL_LEGENDS_RACE:giant weasel,巨型黄鼬,[REVIEWED:1]
DFL_LEGENDS_RACE:giant weasels,巨型黄鼬,[REVIEWED:1]
DFL_LEGENDS_RACE:giant white stork,巨型白鹳,[REVIEWED:1]
DFL_LEGENDS_RACE:giant white storks,巨型白鹳,[REVIEWED:1]
DFL_LEGENDS_RACE:giant wild boar,巨型野猪,[REVIEWED:1]
DFL_LEGENDS_RACE:giant wild boars,巨型野猪,[REVIEWED:1]
DFL_LEGENDS_RACE:giant wolf,巨型狼,[REVIEWED:1]
DFL_LEGENDS_RACE:giant wolverine,巨型狼獾,[REVIEWED:1]
DFL_LEGENDS_RACE:giant wolverines,巨型狼獾,[REVIEWED:1]
DFL_LEGENDS_RACE:giant wolves,巨型狼,[REVIEWED:1]
DFL_LEGENDS_RACE:giant wombat,巨型袋熊,[REVIEWED:1]
DFL_LEGENDS_RACE:giant wombats,巨型袋熊,[REVIEWED:1]
DFL_LEGENDS_RACE:giant wren,巨型鹪鹩,[REVIEWED:1]
DFL_LEGENDS_RACE:giant wrens,巨型鹪鹩,[REVIEWED:1]
DFL_LEGENDS_RACE:giantess,雌巨人,[REVIEWED:1]
DFL_LEGENDS_RACE:giantesses,雌巨人,[REVIEWED:1]
DFL_LEGENDS_RACE:giants,雄巨人,[REVIEWED:1]
DFL_LEGENDS_RACE:gigantic panda,超巨型熊猫,[REVIEWED:1]
DFL_LEGENDS_RACE:gigantic pandas,超巨型熊猫,[REVIEWED:1]
DFL_LEGENDS_RACE:gigantic squid,超巨型鱿鱼,[REVIEWED:1]
DFL_LEGENDS_RACE:gigantic squids,超巨型鱿鱼,[REVIEWED:1]
DFL_LEGENDS_RACE:gigantic tortoise,超巨型陆龟,[REVIEWED:1]
DFL_LEGENDS_RACE:gigantic tortoises,超巨型陆龟,[REVIEWED:1]
DFL_LEGENDS_RACE:gila monster,毒蜥,[REVIEWED:1]
DFL_LEGENDS_RACE:gila monster man,毒蜥人,[REVIEWED:1]
DFL_LEGENDS_RACE:gila monster men,毒蜥人,[REVIEWED:1]
DFL_LEGENDS_RACE:gila monster woman,女毒蜥人,[REVIEWED:1]
DFL_LEGENDS_RACE:gila monster women,女毒蜥人,[REVIEWED:1]
DFL_LEGENDS_RACE:gila monsters,毒蜥,[REVIEWED:1]
DFL_LEGENDS_RACE:giraffe,长颈鹿,[REVIEWED:1]
DFL_LEGENDS_RACE:giraffe man,长颈鹿人,[REVIEWED:1]
DFL_LEGENDS_RACE:giraffe men,长颈鹿人,[REVIEWED:1]
DFL_LEGENDS_RACE:giraffe woman,女长颈鹿人,[REVIEWED:1]
DFL_LEGENDS_RACE:giraffe women,女长颈鹿人,[REVIEWED:1]
DFL_LEGENDS_RACE:giraffes,长颈鹿,[REVIEWED:1]
DFL_LEGENDS_RACE:glasseye,斑鳍大眼鲷,[REVIEWED:1]
DFL_LEGENDS_RACE:glyptodon,雕齿兽,[REVIEWED:1]
DFL_LEGENDS_RACE:glyptodon boar,雄雕齿兽,[REVIEWED:1]
DFL_LEGENDS_RACE:glyptodon boars,雄雕齿兽,[REVIEWED:1]
DFL_LEGENDS_RACE:glyptodon man,雕齿兽人,[REVIEWED:1]
DFL_LEGENDS_RACE:glyptodon men,雕齿兽人,[REVIEWED:1]
DFL_LEGENDS_RACE:glyptodon sow,雌雕齿兽,[REVIEWED:1]
DFL_LEGENDS_RACE:glyptodon sows,雌雕齿兽,[REVIEWED:1]
DFL_LEGENDS_RACE:glyptodon woman,雌雕齿兽人,[REVIEWED:1]
DFL_LEGENDS_RACE:glyptodon women,雌雕齿兽人,[REVIEWED:1]
DFL_LEGENDS_RACE:goat,山羊,[REVIEWED:1]
DFL_LEGENDS_RACE:goats,山羊,[REVIEWED:1]
DFL_LEGENDS_RACE:goblin,哥布林,[REVIEWED:1]
DFL_LEGENDS_RACE:goblins,哥布林,[REVIEWED:1]
DFL_LEGENDS_RACE:goose,家鹅,[REVIEWED:1]
DFL_LEGENDS_RACE:gorilla,大猩猩,[REVIEWED:1]
DFL_LEGENDS_RACE:gorillas,大猩猩,[REVIEWED:1]
DFL_LEGENDS_RACE:gorlak,獠牙怪,[REVIEWED:1]
DFL_LEGENDS_RACE:gorlaks,獠牙怪,[REVIEWED:1]
DFL_LEGENDS_RACE:grackle,黑羽椋鸟,[REVIEWED:1]
DFL_LEGENDS_RACE:grackle man,黑羽椋鸟人,[REVIEWED:1]
DFL_LEGENDS_RACE:grackle men,黑羽椋鸟人,[REVIEWED:1]
DFL_LEGENDS_RACE:grackle woman,雌黑羽椋鸟人,[REVIEWED:1]
DFL_LEGENDS_RACE:grackle women,雌黑羽椋鸟人,[REVIEWED:1]
DFL_LEGENDS_RACE:grackles,黑羽椋鸟,[REVIEWED:1]
DFL_LEGENDS_RACE:grasshopper,蚱蜢,[REVIEWED:1]
DFL_LEGENDS_RACE:grasshopper man,蚱蜢人,[REVIEWED:1]
DFL_LEGENDS_RACE:grasshopper men,蚱蜢人,[REVIEWED:1]
DFL_LEGENDS_RACE:grasshopper woman,雌蚱蜢人,[REVIEWED:1]
DFL_LEGENDS_RACE:grasshopper women,雌蚱蜢人,[REVIEWED:1]
DFL_LEGENDS_RACE:grasshoppers,蚱蜢,[REVIEWED:1]
DFL_LEGENDS_RACE:gray gibbon,灰长臂猿,[REVIEWED:1]
DFL_LEGENDS_RACE:gray gibbons,灰长臂猿,[REVIEWED:1]
DFL_LEGENDS_RACE:gray langur,灰叶猴,[REVIEWED:1]
DFL_LEGENDS_RACE:gray langur man,灰叶猴人,[REVIEWED:1]
DFL_LEGENDS_RACE:gray langur men,灰叶猴人,[REVIEWED:1]
DFL_LEGENDS_RACE:gray langur woman,女灰叶猴人,[REVIEWED:1]
DFL_LEGENDS_RACE:gray langur women,女灰叶猴人,[REVIEWED:1]
DFL_LEGENDS_RACE:gray langurs,灰叶猴,[REVIEWED:1]
DFL_LEGENDS_RACE:gray squirrel,灰松鼠,[REVIEWED:1]
DFL_LEGENDS_RACE:gray squirrel man,灰松鼠人,[REVIEWED:1]
DFL_LEGENDS_RACE:gray squirrel men,灰松鼠人,[REVIEWED:1]
DFL_LEGENDS_RACE:gray squirrel woman,雌灰松鼠人,[REVIEWED:1]
DFL_LEGENDS_RACE:gray squirrel women,雌灰松鼠人,[REVIEWED:1]
DFL_LEGENDS_RACE:gray squirrels,灰松鼠,[REVIEWED:1]
DFL_LEGENDS_RACE:great barracuda,大梭鱼,[REVIEWED:1]
DFL_LEGENDS_RACE:great barracudas,大梭鱼,[REVIEWED:1]
DFL_LEGENDS_RACE:great horned owl,大角鸮,[REVIEWED:1]
DFL_LEGENDS_RACE:great horned owl man,大角鸮人,[REVIEWED:1]
DFL_LEGENDS_RACE:great horned owl men,大角鸮人,[REVIEWED:1]
DFL_LEGENDS_RACE:great horned owl woman,雌大角鸮人,[REVIEWED:1]
DFL_LEGENDS_RACE:great horned owl women,雌大角鸮人,[REVIEWED:1]
DFL_LEGENDS_RACE:great horned owls,大角鸮,[REVIEWED:1]
DFL_LEGENDS_RACE:great white shark,大白鲨,[REVIEWED:1]
DFL_LEGENDS_RACE:great white sharks,大白鲨,[REVIEWED:1]
DFL_LEGENDS_RACE:green devourer,绿色吞噬者,[REVIEWED:1]
DFL_LEGENDS_RACE:green devourers,绿色吞噬者,[REVIEWED:1]
DFL_LEGENDS_RACE:green tree frog,绿树蛙,[REVIEWED:1]
DFL_LEGENDS_RACE:green tree frog man,绿树蛙人,[REVIEWED:1]
DFL_LEGENDS_RACE:green tree frog men,绿树蛙人,[REVIEWED:1]
DFL_LEGENDS_RACE:green tree frog woman,女绿树蛙人,[REVIEWED:1]
DFL_LEGENDS_RACE:green tree frog women,女绿树蛙人,[REVIEWED:1]
DFL_LEGENDS_RACE:green tree frogs,绿树蛙,[REVIEWED:1]
DFL_LEGENDS_RACE:gremlin,麻烦鬼,[REVIEWED:1]
DFL_LEGENDS_RACE:gremlins,麻烦鬼,[REVIEWED:1]
DFL_LEGENDS_RACE:grey parrot,灰鹦鹉,[REVIEWED:1]
DFL_LEGENDS_RACE:grey parrot man,灰鹦鹉人,[REVIEWED:1]
DFL_LEGENDS_RACE:grey parrot men,灰鹦鹉人,[REVIEWED:1]
DFL_LEGENDS_RACE:grey parrot woman,雌灰鹦鹉人,[REVIEWED:1]
DFL_LEGENDS_RACE:grey parrot women,雌灰鹦鹉人,[REVIEWED:1]
DFL_LEGENDS_RACE:grey parrots,灰鹦鹉,[REVIEWED:1]
DFL_LEGENDS_RACE:griffon,狮鹫,[REVIEWED:1]
DFL_LEGENDS_RACE:griffons,狮鹫,[REVIEWED:1]
DFL_LEGENDS_RACE:grimeling,水鬼,[REVIEWED:1]
DFL_LEGENDS_RACE:grimelings,水鬼,[REVIEWED:1]
DFL_LEGENDS_RACE:grizzly bear,灰熊,[REVIEWED:1]
DFL_LEGENDS_RACE:grizzly bear man,灰熊人,[REVIEWED:1]
DFL_LEGENDS_RACE:grizzly bear men,灰熊人,[REVIEWED:1]
DFL_LEGENDS_RACE:grizzly bear woman,女灰熊人,[REVIEWED:1]
DFL_LEGENDS_RACE:grizzly bear women,女灰熊人,[REVIEWED:1]
DFL_LEGENDS_RACE:grizzly bears,灰熊,[REVIEWED:1]
DFL_LEGENDS_RACE:groundhog,土拨鼠,[REVIEWED:1]
DFL_LEGENDS_RACE:groundhog man,土拨鼠人,[REVIEWED:1]
DFL_LEGENDS_RACE:groundhog men,土拨鼠人,[REVIEWED:1]
DFL_LEGENDS_RACE:groundhog woman,女土拨鼠人,[REVIEWED:1]
DFL_LEGENDS_RACE:groundhog women,女土拨鼠人,[REVIEWED:1]
DFL_LEGENDS_RACE:groundhogs,土拨鼠,[REVIEWED:1]
DFL_LEGENDS_RACE:guineacock,公珍珠鸡,[REVIEWED:1]
DFL_LEGENDS_RACE:guineacocks,公珍珠鸡,[REVIEWED:1]
DFL_LEGENDS_RACE:guineafowl,珍珠鸡,[REVIEWED:1]
DFL_LEGENDS_RACE:guineafowls,珍珠鸡,[REVIEWED:1]
DFL_LEGENDS_RACE:guineahen,母珍珠鸡,[REVIEWED:1]
DFL_LEGENDS_RACE:guineahens,母珍珠鸡,[REVIEWED:1]
DFL_LEGENDS_RACE:guppies,虹鳉,[REVIEWED:1]
DFL_LEGENDS_RACE:guppy,虹鳉,[REVIEWED:1]
DFL_LEGENDS_RACE:hagfish,盲鳗,[REVIEWED:1]
DFL_LEGENDS_RACE:haikouichthys,海口鱼,[REVIEWED:1]
DFL_LEGENDS_RACE:haikouichthys man,海口鱼人,[REVIEWED:1]
DFL_LEGENDS_RACE:haikouichthys men,海口鱼人,[REVIEWED:1]
DFL_LEGENDS_RACE:haikouichthys woman,雌海口鱼人,[REVIEWED:1]
DFL_LEGENDS_RACE:haikouichthys women,雌海口鱼人,[REVIEWED:1]
DFL_LEGENDS_RACE:hake,无须鳕,[REVIEWED:1]
DFL_LEGENDS_RACE:halibut,大比目鱼,[REVIEWED:1]
DFL_LEGENDS_RACE:hallucigenia,怪诞虫,[REVIEWED:1]
DFL_LEGENDS_RACE:hallucigenia man,怪诞虫人,[REVIEWED:1]
DFL_LEGENDS_RACE:hallucigenia men,怪诞虫人,[REVIEWED:1]
DFL_LEGENDS_RACE:hallucigenia woman,雌怪诞虫人,[REVIEWED:1]
DFL_LEGENDS_RACE:hallucigenia women,雌怪诞虫人,[REVIEWED:1]
DFL_LEGENDS_RACE:hammerhead shark,锤头鲨,[REVIEWED:1]
DFL_LEGENDS_RACE:hammerhead sharks,锤头鲨,[REVIEWED:1]
DFL_LEGENDS_RACE:hamster,仓鼠,[REVIEWED:1]
DFL_LEGENDS_RACE:hamster man,仓鼠人,[REVIEWED:1]
DFL_LEGENDS_RACE:hamster men,仓鼠人,[REVIEWED:1]
DFL_LEGENDS_RACE:hamster woman,雌仓鼠人,[REVIEWED:1]
DFL_LEGENDS_RACE:hamster women,雌仓鼠人,[REVIEWED:1]
DFL_LEGENDS_RACE:hamsters,仓鼠,[REVIEWED:1]
DFL_LEGENDS_RACE:hare,野兔,[REVIEWED:1]
DFL_LEGENDS_RACE:hare man,野兔人,[REVIEWED:1]
DFL_LEGENDS_RACE:hare men,野兔人,[REVIEWED:1]
DFL_LEGENDS_RACE:hare woman,女野兔人,[REVIEWED:1]
DFL_LEGENDS_RACE:hare women,女野兔人,[REVIEWED:1]
DFL_LEGENDS_RACE:hares,野兔,[REVIEWED:1]
DFL_LEGENDS_RACE:harp seal,竖琴海豹,[REVIEWED:1]
DFL_LEGENDS_RACE:harp seal man,竖琴海豹人,[REVIEWED:1]
DFL_LEGENDS_RACE:harp seal men,竖琴海豹人,[REVIEWED:1]
DFL_LEGENDS_RACE:harp seal woman,女竖琴海豹人,[REVIEWED:1]
DFL_LEGENDS_RACE:harp seal women,女竖琴海豹人,[REVIEWED:1]
DFL_LEGENDS_RACE:harp seals,竖琴海豹,[REVIEWED:1]
DFL_LEGENDS_RACE:harpies,鹰身女妖,[REVIEWED:1]
DFL_LEGENDS_RACE:harpy,鹰身女妖,[REVIEWED:1]
DFL_LEGENDS_RACE:hedgehog,刺猬,[REVIEWED:1]
DFL_LEGENDS_RACE:hedgehog man,刺猬人,[REVIEWED:1]
DFL_LEGENDS_RACE:hedgehog men,刺猬人,[REVIEWED:1]
DFL_LEGENDS_RACE:hedgehog woman,雌刺猬人,[REVIEWED:1]
DFL_LEGENDS_RACE:hedgehog women,雌刺猬人,[REVIEWED:1]
DFL_LEGENDS_RACE:hedgehogs,刺猬,[REVIEWED:1]
DFL_LEGENDS_RACE:helicoprion,旋齿鲨,[REVIEWED:1]
DFL_LEGENDS_RACE:helicoprion man,旋齿鲨人,[REVIEWED:1]
DFL_LEGENDS_RACE:helicoprion men,旋齿鲨人,[REVIEWED:1]
DFL_LEGENDS_RACE:helicoprion woman,雌旋齿鲨人,[REVIEWED:1]
DFL_LEGENDS_RACE:helicoprion women,雌旋齿鲨人,[REVIEWED:1]
DFL_LEGENDS_RACE:helmet snake,头盔蛇,[REVIEWED:1]
DFL_LEGENDS_RACE:helmet snakes,头盔蛇,[REVIEWED:1]
DFL_LEGENDS_RACE:hen,母鸡,[REVIEWED:1]
DFL_LEGENDS_RACE:hens,母鸡,[REVIEWED:1]
DFL_LEGENDS_RACE:herring,鲱鱼,[REVIEWED:1]
DFL_LEGENDS_RACE:herrings,鲱鱼,[REVIEWED:1]
DFL_LEGENDS_RACE:hibbertopterus peachi,希氏广翅鲎·皮氏亚种,[REVIEWED:1]
DFL_LEGENDS_RACE:hibbertopterus peachi man,希氏广翅鲎·皮氏亚种人,[REVIEWED:1]
DFL_LEGENDS_RACE:hibbertopterus peachi men,希氏广翅鲎·皮氏亚种人,[REVIEWED:1]
DFL_LEGENDS_RACE:hibbertopterus peachi woman,雌希氏广翅鲎·皮氏亚种人,[REVIEWED:1]
DFL_LEGENDS_RACE:hibbertopterus peachi women,雌希氏广翅鲎·皮氏亚种人,[REVIEWED:1]
DFL_LEGENDS_RACE:hibbertopterus scouleri,希氏广翅鲎·斯氏亚种,[REVIEWED:1]
DFL_LEGENDS_RACE:hibbertopterus scouleri man,希氏广翅鲎·斯氏亚种人,[REVIEWED:1]
DFL_LEGENDS_RACE:hibbertopterus scouleri men,希氏广翅鲎·斯氏亚种人,[REVIEWED:1]
DFL_LEGENDS_RACE:hibbertopterus scouleri woman,雌希氏广翅鲎·斯氏亚种人,[REVIEWED:1]
DFL_LEGENDS_RACE:hibbertopterus scouleri women,雌希氏广翅鲎·斯氏亚种人,[REVIEWED:1]
DFL_LEGENDS_RACE:hippo,河马,[REVIEWED:1]
DFL_LEGENDS_RACE:hippo man,河马人,[REVIEWED:1]
DFL_LEGENDS_RACE:hippo men,河马人,[REVIEWED:1]
DFL_LEGENDS_RACE:hippo woman,女河马人,[REVIEWED:1]
DFL_LEGENDS_RACE:hippo women,女河马人,[REVIEWED:1]
DFL_LEGENDS_RACE:hippos,河马,[REVIEWED:1]
DFL_LEGENDS_RACE:hoary marmot,花白旱獭,[REVIEWED:1]
DFL_LEGENDS_RACE:hoary marmot man,花白旱獭人,[REVIEWED:1]
DFL_LEGENDS_RACE:hoary marmot men,花白旱獭人,[REVIEWED:1]
DFL_LEGENDS_RACE:hoary marmot woman,女花白旱獭人,[REVIEWED:1]
DFL_LEGENDS_RACE:hoary marmot women,女花白旱獭人,[REVIEWED:1]
DFL_LEGENDS_RACE:hoary marmots,花白旱獭,[REVIEWED:1]
DFL_LEGENDS_RACE:honey badger,蜜獾,[REVIEWED:1]
DFL_LEGENDS_RACE:honey badger man,蜜獾人,[REVIEWED:1]
DFL_LEGENDS_RACE:honey badger men,蜜獾人,[REVIEWED:1]
DFL_LEGENDS_RACE:honey badger woman,女蜜獾人,[REVIEWED:1]
DFL_LEGENDS_RACE:honey badger women,女蜜獾人,[REVIEWED:1]
DFL_LEGENDS_RACE:honey badgers,蜜獾,[REVIEWED:1]
DFL_LEGENDS_RACE:honey bee,蜜蜂,[REVIEWED:1]
DFL_LEGENDS_RACE:honey bee drone,蜜蜂雄蜂,[REVIEWED:1]
DFL_LEGENDS_RACE:honey bee drones,蜜蜂雄蜂,[REVIEWED:1]
DFL_LEGENDS_RACE:honey bee queen,蜜蜂蜂后,[REVIEWED:1]
DFL_LEGENDS_RACE:honey bee queens,蜜蜂蜂后,[REVIEWED:1]
DFL_LEGENDS_RACE:honey bee worker,蜜蜂工蜂,[REVIEWED:1]
DFL_LEGENDS_RACE:honey bee workers,蜜蜂工蜂,[REVIEWED:1]
DFL_LEGENDS_RACE:honey bees,蜜蜂,[REVIEWED:1]
DFL_LEGENDS_RACE:hornbill,犀鸟,[REVIEWED:1]
DFL_LEGENDS_RACE:hornbill man,犀鸟人,[REVIEWED:1]
DFL_LEGENDS_RACE:hornbill men,犀鸟人,[REVIEWED:1]
DFL_LEGENDS_RACE:hornbill woman,雌犀鸟人,[REVIEWED:1]
DFL_LEGENDS_RACE:hornbill women,雌犀鸟人,[REVIEWED:1]
DFL_LEGENDS_RACE:hornbills,犀鸟,[REVIEWED:1]
DFL_LEGENDS_RACE:horse,马,[REVIEWED:1]
DFL_LEGENDS_RACE:horses,马,[REVIEWED:1]
DFL_LEGENDS_RACE:horseshoe crab,马蹄蟹,[REVIEWED:1]
DFL_LEGENDS_RACE:horseshoe crab man,马蹄蟹人,[REVIEWED:1]
DFL_LEGENDS_RACE:horseshoe crab men,马蹄蟹人,[REVIEWED:1]
DFL_LEGENDS_RACE:horseshoe crab woman,女马蹄蟹人,[REVIEWED:1]
DFL_LEGENDS_RACE:horseshoe crab women,女马蹄蟹人,[REVIEWED:1]
DFL_LEGENDS_RACE:horseshoe crabs,马蹄蟹,[REVIEWED:1]
DFL_LEGENDS_RACE:human,人类,[REVIEWED:1]
DFL_LEGENDS_RACE:humans,人类,[REVIEWED:1]
DFL_LEGENDS_RACE:hungry head,饥饿之颅,[REVIEWED:1]
DFL_LEGENDS_RACE:hungry heads,饥饿之颅,[REVIEWED:1]
DFL_LEGENDS_RACE:hydra,七头蛇,[REVIEWED:1]
DFL_LEGENDS_RACE:hydras,七头蛇,[REVIEWED:1]
DFL_LEGENDS_RACE:hyena,鬣狗,[REVIEWED:1]
DFL_LEGENDS_RACE:hyena man,鬣狗人,[REVIEWED:1]
DFL_LEGENDS_RACE:hyena men,鬣狗人,[REVIEWED:1]
DFL_LEGENDS_RACE:hyena woman,雌鬣狗人,[REVIEWED:1]
DFL_LEGENDS_RACE:hyena women,雌鬣狗人,[REVIEWED:1]
DFL_LEGENDS_RACE:hyenas,鬣狗,[REVIEWED:1]
DFL_LEGENDS_RACE:hypsilophodon,棱齿龙,[REVIEWED:1]
DFL_LEGENDS_RACE:hypsilophodon man,棱齿龙人,[REVIEWED:1]
DFL_LEGENDS_RACE:hypsilophodon men,棱齿龙人,[REVIEWED:1]
DFL_LEGENDS_RACE:hypsilophodon woman,雌棱齿龙人,[REVIEWED:1]
DFL_LEGENDS_RACE:hypsilophodon women,雌棱齿龙人,[REVIEWED:1]
DFL_LEGENDS_RACE:ibex,羱羊,[REVIEWED:1]
DFL_LEGENDS_RACE:ibex man,羱羊人,[REVIEWED:1]
DFL_LEGENDS_RACE:ibex men,羱羊人,[REVIEWED:1]
DFL_LEGENDS_RACE:ibex woman,雌羱羊人,[REVIEWED:1]
DFL_LEGENDS_RACE:ibex women,雌羱羊人,[REVIEWED:1]
DFL_LEGENDS_RACE:ibexes,羱羊,[REVIEWED:1]
DFL_LEGENDS_RACE:ice wolf,冰原狼,[REVIEWED:1]
DFL_LEGENDS_RACE:ice wolves,冰原狼,[REVIEWED:1]
DFL_LEGENDS_RACE:ichthyosaurus,鱼龙,[REVIEWED:1]
DFL_LEGENDS_RACE:ichthyosaurus man,鱼龙人,[REVIEWED:1]
DFL_LEGENDS_RACE:ichthyosaurus men,鱼龙人,[REVIEWED:1]
DFL_LEGENDS_RACE:ichthyosaurus woman,雌鱼龙人,[REVIEWED:1]
DFL_LEGENDS_RACE:ichthyosaurus women,雌鱼龙人,[REVIEWED:1]
DFL_LEGENDS_RACE:iguana,鬣蜥,[REVIEWED:1]
DFL_LEGENDS_RACE:iguana man,鬣蜥人,[REVIEWED:1]
DFL_LEGENDS_RACE:iguana men,鬣蜥人,[REVIEWED:1]
DFL_LEGENDS_RACE:iguana woman,女鬣蜥人,[REVIEWED:1]
DFL_LEGENDS_RACE:iguana women,女鬣蜥人,[REVIEWED:1]
DFL_LEGENDS_RACE:iguanas,鬣蜥,[REVIEWED:1]
DFL_LEGENDS_RACE:iguanodon,禽龙,[REVIEWED:1]
DFL_LEGENDS_RACE:iguanodon man,禽龙人,[REVIEWED:1]
DFL_LEGENDS_RACE:iguanodon men,禽龙人,[REVIEWED:1]
DFL_LEGENDS_RACE:iguanodon woman,雌禽龙人,[REVIEWED:1]
DFL_LEGENDS_RACE:iguanodon women,雌禽龙人,[REVIEWED:1]
DFL_LEGENDS_RACE:impala,高角羚,[REVIEWED:1]
DFL_LEGENDS_RACE:impala man,高角羚人,[REVIEWED:1]
DFL_LEGENDS_RACE:impala men,高角羚人,[REVIEWED:1]
DFL_LEGENDS_RACE:impala woman,雌高角羚人,[REVIEWED:1]
DFL_LEGENDS_RACE:impala women,雌高角羚人,[REVIEWED:1]
DFL_LEGENDS_RACE:impalas,高角羚,[REVIEWED:1]
DFL_LEGENDS_RACE:iron man,铁人,[REVIEWED:1]
DFL_LEGENDS_RACE:iron men,铁人,[REVIEWED:1]
DFL_LEGENDS_RACE:jabberer,宽喙巨兽,[REVIEWED:1]
DFL_LEGENDS_RACE:jabberers,宽喙巨兽,[REVIEWED:1]
DFL_LEGENDS_RACE:jackal,豺,[REVIEWED:1]
DFL_LEGENDS_RACE:jackal man,豺人,[REVIEWED:1]
DFL_LEGENDS_RACE:jackal men,豺人,[REVIEWED:1]
DFL_LEGENDS_RACE:jackal woman,雌豺人,[REVIEWED:1]
DFL_LEGENDS_RACE:jackal women,雌豺人,[REVIEWED:1]
DFL_LEGENDS_RACE:jackals,豺,[REVIEWED:1]
DFL_LEGENDS_RACE:jaekelopterus,耶克尔翼鲎,[REVIEWED:1]
DFL_LEGENDS_RACE:jaekelopterus man,耶克尔翼鲎人,[REVIEWED:1]
DFL_LEGENDS_RACE:jaekelopterus men,耶克尔翼鲎人,[REVIEWED:1]
DFL_LEGENDS_RACE:jaekelopterus woman,雌耶克尔翼鲎人,[REVIEWED:1]
DFL_LEGENDS_RACE:jaekelopterus women,雌耶克尔翼鲎人,[REVIEWED:1]
DFL_LEGENDS_RACE:jaguar,美洲豹,[REVIEWED:1]
DFL_LEGENDS_RACE:jaguar man,美洲豹人,[REVIEWED:1]
DFL_LEGENDS_RACE:jaguar men,美洲豹人,[REVIEWED:1]
DFL_LEGENDS_RACE:jaguar woman,女美洲豹人,[REVIEWED:1]
DFL_LEGENDS_RACE:jaguar women,女美洲豹人,[REVIEWED:1]
DFL_LEGENDS_RACE:jaguars,美洲豹,[REVIEWED:1]
DFL_LEGENDS_RACE:jeholopterus,热河翼龙,[REVIEWED:1]
DFL_LEGENDS_RACE:jeholopterus man,热河翼龙人,[REVIEWED:1]
DFL_LEGENDS_RACE:jeholopterus men,热河翼龙人,[REVIEWED:1]
DFL_LEGENDS_RACE:jeholopterus woman,雌热河翼龙人,[REVIEWED:1]
DFL_LEGENDS_RACE:jeholopterus women,雌热河翼龙人,[REVIEWED:1]
DFL_LEGENDS_RACE:jumping spider,跳蛛,[REVIEWED:1]
DFL_LEGENDS_RACE:jumping spider man,跳蛛人,[REVIEWED:1]
DFL_LEGENDS_RACE:jumping spider men,跳蛛人,[REVIEWED:1]
DFL_LEGENDS_RACE:jumping spider woman,女跳蛛人,[REVIEWED:1]
DFL_LEGENDS_RACE:jumping spider women,女跳蛛人,[REVIEWED:1]
DFL_LEGENDS_RACE:jumping spiders,跳蛛,[REVIEWED:1]
DFL_LEGENDS_RACE:kakapo,鸮鹦鹉,[REVIEWED:1]
DFL_LEGENDS_RACE:kakapo man,鸮鹦鹉人,[REVIEWED:1]
DFL_LEGENDS_RACE:kakapo men,鸮鹦鹉人,[REVIEWED:1]
DFL_LEGENDS_RACE:kakapo woman,雌鸮鹦鹉人,[REVIEWED:1]
DFL_LEGENDS_RACE:kakapo women,雌鸮鹦鹉人,[REVIEWED:1]
DFL_LEGENDS_RACE:kangaroo,袋鼠,[REVIEWED:1]
DFL_LEGENDS_RACE:kangaroo buck,雄袋鼠,[REVIEWED:1]
DFL_LEGENDS_RACE:kangaroo bucks,雄袋鼠,[REVIEWED:1]
DFL_LEGENDS_RACE:kangaroo doe,雌袋鼠,[REVIEWED:1]
DFL_LEGENDS_RACE:kangaroo does,雌袋鼠,[REVIEWED:1]
DFL_LEGENDS_RACE:kangaroo man,袋鼠人,[REVIEWED:1]
DFL_LEGENDS_RACE:kangaroo men,袋鼠人,[REVIEWED:1]
DFL_LEGENDS_RACE:kangaroo woman,女袋鼠人,[REVIEWED:1]
DFL_LEGENDS_RACE:kangaroo women,女袋鼠人,[REVIEWED:1]
DFL_LEGENDS_RACE:kangaroos,袋鼠,[REVIEWED:1]
DFL_LEGENDS_RACE:kea,啄羊鹦鹉,[REVIEWED:1]
DFL_LEGENDS_RACE:kea man,啄羊鹦鹉人,[REVIEWED:1]
DFL_LEGENDS_RACE:kea men,啄羊鹦鹉人,[REVIEWED:1]
DFL_LEGENDS_RACE:kea woman,雌啄羊鹦鹉人,[REVIEWED:1]
DFL_LEGENDS_RACE:kea women,雌啄羊鹦鹉人,[REVIEWED:1]
DFL_LEGENDS_RACE:kelenken,凯伦肯,[REVIEWED:1]
DFL_LEGENDS_RACE:kelenken cock,雄凯伦肯,[REVIEWED:1]
DFL_LEGENDS_RACE:kelenken cocks,雄凯伦肯,[REVIEWED:1]
DFL_LEGENDS_RACE:kelenken hen,雌凯伦肯,[REVIEWED:1]
DFL_LEGENDS_RACE:kelenken hens,雌凯伦肯,[REVIEWED:1]
DFL_LEGENDS_RACE:kelenken man,凯伦肯人,[REVIEWED:1]
DFL_LEGENDS_RACE:kelenken men,凯伦肯人,[REVIEWED:1]
DFL_LEGENDS_RACE:kelenken woman,雌凯伦肯人,[REVIEWED:1]
DFL_LEGENDS_RACE:kelenken women,雌凯伦肯人,[REVIEWED:1]
DFL_LEGENDS_RACE:kentrosaurus,钉状龙,[REVIEWED:1]
DFL_LEGENDS_RACE:kentrosaurus man,钉状龙人,[REVIEWED:1]
DFL_LEGENDS_RACE:kentrosaurus men,钉状龙人,[REVIEWED:1]
DFL_LEGENDS_RACE:kentrosaurus woman,雌钉状龙人,[REVIEWED:1]
DFL_LEGENDS_RACE:kentrosaurus women,雌钉状龙人,[REVIEWED:1]
DFL_LEGENDS_RACE:kestrel,红隼,[REVIEWED:1]
DFL_LEGENDS_RACE:kestrel man,红隼人,[REVIEWED:1]
DFL_LEGENDS_RACE:kestrel men,红隼人,[REVIEWED:1]
DFL_LEGENDS_RACE:kestrel woman,雌红隼人,[REVIEWED:1]
DFL_LEGENDS_RACE:kestrel women,雌红隼人,[REVIEWED:1]
DFL_LEGENDS_RACE:kestrels,红隼,[REVIEWED:1]
DFL_LEGENDS_RACE:king cobra,眼镜王蛇,[REVIEWED:1]
DFL_LEGENDS_RACE:king cobra man,眼镜王蛇人,[REVIEWED:1]
DFL_LEGENDS_RACE:king cobra men,眼镜王蛇人,[REVIEWED:1]
DFL_LEGENDS_RACE:king cobra woman,雌眼镜王蛇人,[REVIEWED:1]
DFL_LEGENDS_RACE:king cobra women,雌眼镜王蛇人,[REVIEWED:1]
DFL_LEGENDS_RACE:king cobras,眼镜王蛇,[REVIEWED:1]
DFL_LEGENDS_RACE:king termite,白蚁蚁王,[REVIEWED:1]
DFL_LEGENDS_RACE:king termites,白蚁蚁王,[REVIEWED:1]
DFL_LEGENDS_RACE:kingsnake,皇帝蛇,[REVIEWED:1]
DFL_LEGENDS_RACE:kingsnake man,皇帝蛇人,[REVIEWED:1]
DFL_LEGENDS_RACE:kingsnake men,皇帝蛇人,[REVIEWED:1]
DFL_LEGENDS_RACE:kingsnake woman,女皇帝蛇人,[REVIEWED:1]
DFL_LEGENDS_RACE:kingsnake women,女皇帝蛇人,[REVIEWED:1]
DFL_LEGENDS_RACE:kingsnakes,皇帝蛇,[REVIEWED:1]
DFL_LEGENDS_RACE:kiwi,鹬鸵,[REVIEWED:1]
DFL_LEGENDS_RACE:kiwi cock,雄鹬鸵,[REVIEWED:1]
DFL_LEGENDS_RACE:kiwi cocks,雄鹬鸵,[REVIEWED:1]
DFL_LEGENDS_RACE:kiwi hen,雌鹬鸵,[REVIEWED:1]
DFL_LEGENDS_RACE:kiwi hens,雌鹬鸵,[REVIEWED:1]
DFL_LEGENDS_RACE:kiwi man,鹬鸵人,[REVIEWED:1]
DFL_LEGENDS_RACE:kiwi men,鹬鸵人,[REVIEWED:1]
DFL_LEGENDS_RACE:kiwi woman,雌鹬鸵人,[REVIEWED:1]
DFL_LEGENDS_RACE:kiwi women,雌鹬鸵人,[REVIEWED:1]
DFL_LEGENDS_RACE:kiwis,鹬鸵,[REVIEWED:1]
DFL_LEGENDS_RACE:knuckle worm,关节蠕虫,[REVIEWED:1]
DFL_LEGENDS_RACE:knuckle worms,关节蠕虫,[REVIEWED:1]
DFL_LEGENDS_RACE:koala,树袋熊,[REVIEWED:1]
DFL_LEGENDS_RACE:koala man,树袋熊人,[REVIEWED:1]
DFL_LEGENDS_RACE:koala men,树袋熊人,[REVIEWED:1]
DFL_LEGENDS_RACE:koala woman,女树袋熊人,[REVIEWED:1]
DFL_LEGENDS_RACE:koala women,女树袋熊人,[REVIEWED:1]
DFL_LEGENDS_RACE:koalas,树袋熊,[REVIEWED:1]
DFL_LEGENDS_RACE:kobold,狗头人,[REVIEWED:1]
DFL_LEGENDS_RACE:kobolds,狗头人,[REVIEWED:1]
DFL_LEGENDS_RACE:kosmoceratops,华丽角龙,[REVIEWED:1]
DFL_LEGENDS_RACE:kosmoceratops man,华丽角龙人,[REVIEWED:1]
DFL_LEGENDS_RACE:kosmoceratops men,华丽角龙人,[REVIEWED:1]
DFL_LEGENDS_RACE:kosmoceratops woman,雌华丽角龙人,[REVIEWED:1]
DFL_LEGENDS_RACE:kosmoceratops women,雌华丽角龙人,[REVIEWED:1]
DFL_LEGENDS_RACE:large rat,硕鼠,[REVIEWED:1]
DFL_LEGENDS_RACE:large rats,硕鼠,[REVIEWED:1]
DFL_LEGENDS_RACE:large roach,大蟑螂,[REVIEWED:1]
DFL_LEGENDS_RACE:large roaches,大蟑螂,[REVIEWED:1]
DFL_LEGENDS_RACE:leech,水蛭,[REVIEWED:1]
DFL_LEGENDS_RACE:leech man,水蛭人,[REVIEWED:1]
DFL_LEGENDS_RACE:leech men,水蛭人,[REVIEWED:1]
DFL_LEGENDS_RACE:leeches,水蛭,[REVIEWED:1]
DFL_LEGENDS_RACE:leopard,花豹,[REVIEWED:1]
DFL_LEGENDS_RACE:leopard gecko,豹纹壁虎,[REVIEWED:1]
DFL_LEGENDS_RACE:leopard gecko man,豹纹壁虎人,[REVIEWED:1]
DFL_LEGENDS_RACE:leopard gecko men,豹纹壁虎人,[REVIEWED:1]
DFL_LEGENDS_RACE:leopard gecko woman,女豹纹壁虎人,[REVIEWED:1]
DFL_LEGENDS_RACE:leopard gecko women,女豹纹壁虎人,[REVIEWED:1]
DFL_LEGENDS_RACE:leopard geckos,豹纹壁虎,[REVIEWED:1]
DFL_LEGENDS_RACE:leopard man,花豹人,[REVIEWED:1]
DFL_LEGENDS_RACE:leopard men,花豹人,[REVIEWED:1]
DFL_LEGENDS_RACE:leopard seal,豹形海豹,[REVIEWED:1]
DFL_LEGENDS_RACE:leopard seal man,豹形海豹人,[REVIEWED:1]
DFL_LEGENDS_RACE:leopard seal men,豹形海豹人,[REVIEWED:1]
DFL_LEGENDS_RACE:leopard seal woman,女豹形海豹人,[REVIEWED:1]
DFL_LEGENDS_RACE:leopard seal women,女豹形海豹人,[REVIEWED:1]
DFL_LEGENDS_RACE:leopard seals,豹形海豹,[REVIEWED:1]
DFL_LEGENDS_RACE:leopard woman,女花豹人,[REVIEWED:1]
DFL_LEGENDS_RACE:leopard women,女花豹人,[REVIEWED:1]
DFL_LEGENDS_RACE:leopards,花豹,[REVIEWED:1]
DFL_LEGENDS_RACE:lice,虱子,[REVIEWED:1]
DFL_LEGENDS_RACE:linhenykus,临河爪龙,[REVIEWED:1]
DFL_LEGENDS_RACE:linhenykus man,临河爪龙人,[REVIEWED:1]
DFL_LEGENDS_RACE:linhenykus men,临河爪龙人,[REVIEWED:1]
DFL_LEGENDS_RACE:linhenykus woman,雌临河爪龙人,[REVIEWED:1]
DFL_LEGENDS_RACE:linhenykus women,雌临河爪龙人,[REVIEWED:1]
DFL_LEGENDS_RACE:lion,狮子,[REVIEWED:1]
DFL_LEGENDS_RACE:lion man,狮子人,[REVIEWED:1]
DFL_LEGENDS_RACE:lion men,狮子人,[REVIEWED:1]
DFL_LEGENDS_RACE:lion tamarin,狮狨猴,[REVIEWED:1]
DFL_LEGENDS_RACE:lion tamarin man,狮狨猴人,[REVIEWED:1]
DFL_LEGENDS_RACE:lion tamarin men,狮狨猴人,[REVIEWED:1]
DFL_LEGENDS_RACE:lion tamarin woman,雌狮狨猴人,[REVIEWED:1]
DFL_LEGENDS_RACE:lion tamarin women,雌狮狨猴人,[REVIEWED:1]
DFL_LEGENDS_RACE:lion tamarins,狮狨猴,[REVIEWED:1]
DFL_LEGENDS_RACE:lion woman,女狮子人,[REVIEWED:1]
DFL_LEGENDS_RACE:lion women,女狮子人,[REVIEWED:1]
DFL_LEGENDS_RACE:lions,狮子,[REVIEWED:1]
DFL_LEGENDS_RACE:little penguin,小企鹅,[REVIEWED:1]
DFL_LEGENDS_RACE:little penguins,小企鹅,[REVIEWED:1]
DFL_LEGENDS_RACE:lizard,蜥蜴,[REVIEWED:1]
DFL_LEGENDS_RACE:lizard man,蜥蜴人,[REVIEWED:1]
DFL_LEGENDS_RACE:lizard men,蜥蜴人,[REVIEWED:1]
DFL_LEGENDS_RACE:lizard woman,女蜥蜴人,[REVIEWED:1]
DFL_LEGENDS_RACE:lizard women,女蜥蜴人,[REVIEWED:1]
DFL_LEGENDS_RACE:lizards,蜥蜴,[REVIEWED:1]
DFL_LEGENDS_RACE:llama,无峰驼,[REVIEWED:1]
DFL_LEGENDS_RACE:llamas,无峰驼,[REVIEWED:1]
DFL_LEGENDS_RACE:longfin mako shark,长鳍鲭鲨,[REVIEWED:1]
DFL_LEGENDS_RACE:longfin mako sharks,长鳍鲭鲨,[REVIEWED:1]
DFL_LEGENDS_RACE:longnose gar,长鼻雀鳝,[REVIEWED:1]
DFL_LEGENDS_RACE:longnose gars,长鼻雀鳝,[REVIEWED:1]
DFL_LEGENDS_RACE:loon,潜鸟,[REVIEWED:1]
DFL_LEGENDS_RACE:loon man,潜鸟人,[REVIEWED:1]
DFL_LEGENDS_RACE:loon men,潜鸟人,[REVIEWED:1]
DFL_LEGENDS_RACE:loon woman,雌潜鸟人,[REVIEWED:1]
DFL_LEGENDS_RACE:loon women,雌潜鸟人,[REVIEWED:1]
DFL_LEGENDS_RACE:loons,潜鸟,[REVIEWED:1]
DFL_LEGENDS_RACE:lorikeet,吸蜜鹦鹉,[REVIEWED:1]
DFL_LEGENDS_RACE:lorikeet man,吸蜜鹦鹉人,[REVIEWED:1]
DFL_LEGENDS_RACE:lorikeet men,吸蜜鹦鹉人,[REVIEWED:1]
DFL_LEGENDS_RACE:lorikeet woman,雌吸蜜鹦鹉人,[REVIEWED:1]
DFL_LEGENDS_RACE:lorikeet women,雌吸蜜鹦鹉人,[REVIEWED:1]
DFL_LEGENDS_RACE:lorikeets,吸蜜鹦鹉,[REVIEWED:1]
DFL_LEGENDS_RACE:louse,虱子,[REVIEWED:1]
DFL_LEGENDS_RACE:louse man,虱子人,[REVIEWED:1]
DFL_LEGENDS_RACE:louse men,虱子人,[REVIEWED:1]
DFL_LEGENDS_RACE:louse woman,女虱子人,[REVIEWED:1]
DFL_LEGENDS_RACE:louse women,女虱子人,[REVIEWED:1]
DFL_LEGENDS_RACE:lungfish,肺鱼,[REVIEWED:1]
DFL_LEGENDS_RACE:lynx,猞猁,[REVIEWED:1]
DFL_LEGENDS_RACE:lynx man,猞猁人,[REVIEWED:1]
DFL_LEGENDS_RACE:lynx men,猞猁人,[REVIEWED:1]
DFL_LEGENDS_RACE:lynx woman,雌猞猁人,[REVIEWED:1]
DFL_LEGENDS_RACE:lynx women,雌猞猁人,[REVIEWED:1]
DFL_LEGENDS_RACE:lystrosaurus,水龙兽,[REVIEWED:1]
DFL_LEGENDS_RACE:lystrosaurus man,水龙兽人,[REVIEWED:1]
DFL_LEGENDS_RACE:lystrosaurus men,水龙兽人,[REVIEWED:1]
DFL_LEGENDS_RACE:lystrosaurus woman,雌水龙兽人,[REVIEWED:1]
DFL_LEGENDS_RACE:lystrosaurus women,雌水龙兽人,[REVIEWED:1]
DFL_LEGENDS_RACE:mackerel,鲭鱼,[REVIEWED:1]
DFL_LEGENDS_RACE:magma crab,熔岩螃蟹,[REVIEWED:1]
DFL_LEGENDS_RACE:magma crabs,熔岩螃蟹,[REVIEWED:1]
DFL_LEGENDS_RACE:magma man,岩浆人,[REVIEWED:1]
DFL_LEGENDS_RACE:magma men,岩浆人,[REVIEWED:1]
DFL_LEGENDS_RACE:magpie,喜鹊,[REVIEWED:1]
DFL_LEGENDS_RACE:magpie man,喜鹊人,[REVIEWED:1]
DFL_LEGENDS_RACE:magpie men,喜鹊人,[REVIEWED:1]
DFL_LEGENDS_RACE:magpie woman,雌喜鹊人,[REVIEWED:1]
DFL_LEGENDS_RACE:magpie women,雌喜鹊人,[REVIEWED:1]
DFL_LEGENDS_RACE:magpies,喜鹊,[REVIEWED:1]
DFL_LEGENDS_RACE:mandrill,山魈,[REVIEWED:1]
DFL_LEGENDS_RACE:mandrill man,山魈人,[REVIEWED:1]
DFL_LEGENDS_RACE:mandrill men,山魈人,[REVIEWED:1]
DFL_LEGENDS_RACE:mandrill woman,女山魈人,[REVIEWED:1]
DFL_LEGENDS_RACE:mandrill women,女山魈人,[REVIEWED:1]
DFL_LEGENDS_RACE:mandrills,山魈,[REVIEWED:1]
DFL_LEGENDS_RACE:manera,倒吊鲨齿怪,[REVIEWED:1]
DFL_LEGENDS_RACE:maneras,倒吊鲨齿怪,[REVIEWED:1]
DFL_LEGENDS_RACE:manta ray,蝠鲼,[REVIEWED:1]
DFL_LEGENDS_RACE:manta rays,蝠鲼,[REVIEWED:1]
DFL_LEGENDS_RACE:mantis,螳螂,[REVIEWED:1]
DFL_LEGENDS_RACE:mantis man,螳螂人,[REVIEWED:1]
DFL_LEGENDS_RACE:mantis men,螳螂人,[REVIEWED:1]
DFL_LEGENDS_RACE:mantis woman,女螳螂人,[REVIEWED:1]
DFL_LEGENDS_RACE:mantis women,女螳螂人,[REVIEWED:1]
DFL_LEGENDS_RACE:mantises,螳螂,[REVIEWED:1]
DFL_LEGENDS_RACE:marlin,枪鱼,[REVIEWED:1]
DFL_LEGENDS_RACE:marlins,枪鱼,[REVIEWED:1]
DFL_LEGENDS_RACE:masked lovebird,蒙面爱情鸟,[REVIEWED:1]
DFL_LEGENDS_RACE:masked lovebird man,蒙面爱情鸟人,[REVIEWED:1]
DFL_LEGENDS_RACE:masked lovebird men,蒙面爱情鸟人,[REVIEWED:1]
DFL_LEGENDS_RACE:masked lovebird woman,雌蒙面爱情鸟人,[REVIEWED:1]
DFL_LEGENDS_RACE:masked lovebird women,雌蒙面爱情鸟人,[REVIEWED:1]
DFL_LEGENDS_RACE:masked lovebirds,蒙面爱情鸟,[REVIEWED:1]
DFL_LEGENDS_RACE:megacerops,巨角犀,[REVIEWED:1]
DFL_LEGENDS_RACE:megacerops man,巨角犀人,[REVIEWED:1]
DFL_LEGENDS_RACE:megacerops men,巨角犀人,[REVIEWED:1]
DFL_LEGENDS_RACE:megacerops woman,雌巨角犀人,[REVIEWED:1]
DFL_LEGENDS_RACE:megacerops women,雌巨角犀人,[REVIEWED:1]
DFL_LEGENDS_RACE:megalania,巨蜥,[REVIEWED:1]
DFL_LEGENDS_RACE:megalania man,巨蜥人,[REVIEWED:1]
DFL_LEGENDS_RACE:megalania men,巨蜥人,[REVIEWED:1]
DFL_LEGENDS_RACE:megalania woman,雌巨蜥人,[REVIEWED:1]
DFL_LEGENDS_RACE:megalania women,雌巨蜥人,[REVIEWED:1]
DFL_LEGENDS_RACE:megalodon,巨齿鲨,[REVIEWED:1]
DFL_LEGENDS_RACE:megalodon man,巨齿鲨人,[REVIEWED:1]
DFL_LEGENDS_RACE:megalodon men,巨齿鲨人,[REVIEWED:1]
DFL_LEGENDS_RACE:megalodon woman,雌巨齿鲨人,[REVIEWED:1]
DFL_LEGENDS_RACE:megalodon women,雌巨齿鲨人,[REVIEWED:1]
DFL_LEGENDS_RACE:meganeura,巨脉蜻蜓,[REVIEWED:1]
DFL_LEGENDS_RACE:meganeura man,巨脉蜻蜓人,[REVIEWED:1]
DFL_LEGENDS_RACE:meganeura men,巨脉蜻蜓人,[REVIEWED:1]
DFL_LEGENDS_RACE:meganeura woman,雌巨脉蜻蜓人,[REVIEWED:1]
DFL_LEGENDS_RACE:meganeura women,雌巨脉蜻蜓人,[REVIEWED:1]
DFL_LEGENDS_RACE:megatherium,大地懒,[REVIEWED:1]
DFL_LEGENDS_RACE:megatherium man,大地懒人,[REVIEWED:1]
DFL_LEGENDS_RACE:megatherium men,大地懒人,[REVIEWED:1]
DFL_LEGENDS_RACE:megatherium woman,雌大地懒人,[REVIEWED:1]
DFL_LEGENDS_RACE:megatherium women,雌大地懒人,[REVIEWED:1]
DFL_LEGENDS_RACE:mermaid,雌人鱼,[REVIEWED:1]
DFL_LEGENDS_RACE:mermaids,雌人鱼,[REVIEWED:1]
DFL_LEGENDS_RACE:merman,雄人鱼,[REVIEWED:1]
DFL_LEGENDS_RACE:mermen,雄人鱼,[REVIEWED:1]
DFL_LEGENDS_RACE:merpeople,人鱼,[REVIEWED:1]
DFL_LEGENDS_RACE:merperson,人鱼,[REVIEWED:1]
DFL_LEGENDS_RACE:microceratus,微角龙,[REVIEWED:1]
DFL_LEGENDS_RACE:microceratus man,微角龙人,[REVIEWED:1]
DFL_LEGENDS_RACE:microceratus men,微角龙人,[REVIEWED:1]
DFL_LEGENDS_RACE:microceratus woman,雌微角龙人,[REVIEWED:1]
DFL_LEGENDS_RACE:microceratus women,雌微角龙人,[REVIEWED:1]
DFL_LEGENDS_RACE:milkfish,遮目鱼,[REVIEWED:1]
DFL_LEGENDS_RACE:mimetaster,仿星虫,[REVIEWED:1]
DFL_LEGENDS_RACE:mimetaster man,仿星虫人,[REVIEWED:1]
DFL_LEGENDS_RACE:mimetaster men,仿星虫人,[REVIEWED:1]
DFL_LEGENDS_RACE:mimetaster woman,雌仿星虫人,[REVIEWED:1]
DFL_LEGENDS_RACE:mimetaster women,雌仿星虫人,[REVIEWED:1]
DFL_LEGENDS_RACE:mink,水貂,[REVIEWED:1]
DFL_LEGENDS_RACE:mink man,水貂人,[REVIEWED:1]
DFL_LEGENDS_RACE:mink men,水貂人,[REVIEWED:1]
DFL_LEGENDS_RACE:mink woman,女水貂人,[REVIEWED:1]
DFL_LEGENDS_RACE:mink women,女水貂人,[REVIEWED:1]
DFL_LEGENDS_RACE:minks,水貂,[REVIEWED:1]
DFL_LEGENDS_RACE:minotaur,牛头人,[REVIEWED:1]
DFL_LEGENDS_RACE:minotaurs,牛头人,[REVIEWED:1]
DFL_LEGENDS_RACE:miohippus,渐新马,[REVIEWED:1]
DFL_LEGENDS_RACE:miohippus man,渐新马人,[REVIEWED:1]
DFL_LEGENDS_RACE:miohippus men,渐新马人,[REVIEWED:1]
DFL_LEGENDS_RACE:miohippus woman,雌渐新马人,[REVIEWED:1]
DFL_LEGENDS_RACE:miohippus women,雌渐新马人,[REVIEWED:1]
DFL_LEGENDS_RACE:moa,恐鸟,[REVIEWED:1]
DFL_LEGENDS_RACE:moa cock,雄恐鸟,[REVIEWED:1]
DFL_LEGENDS_RACE:moa cocks,雄恐鸟,[REVIEWED:1]
DFL_LEGENDS_RACE:moa hen,雌恐鸟,[REVIEWED:1]
DFL_LEGENDS_RACE:moa hens,雌恐鸟,[REVIEWED:1]
DFL_LEGENDS_RACE:moa man,恐鸟人,[REVIEWED:1]
DFL_LEGENDS_RACE:moa men,恐鸟人,[REVIEWED:1]
DFL_LEGENDS_RACE:moa woman,雌恐鸟人,[REVIEWED:1]
DFL_LEGENDS_RACE:moa women,雌恐鸟人,[REVIEWED:1]
DFL_LEGENDS_RACE:moghopper,泥跳虫,[REVIEWED:1]
DFL_LEGENDS_RACE:moghoppers,泥跳虫,[REVIEWED:1]
DFL_LEGENDS_RACE:molemarian,半身鼹鼠兽,[REVIEWED:1]
DFL_LEGENDS_RACE:molemarians,半身鼹鼠兽,[REVIEWED:1]
DFL_LEGENDS_RACE:monarch butterflies,帝王蝶,[REVIEWED:1]
DFL_LEGENDS_RACE:monarch butterfly,帝王蝶,[REVIEWED:1]
DFL_LEGENDS_RACE:monarch butterfly man,帝王蝶人,[REVIEWED:1]
DFL_LEGENDS_RACE:monarch butterfly men,帝王蝶人,[REVIEWED:1]
DFL_LEGENDS_RACE:monarch butterfly woman,女帝王蝶人,[REVIEWED:1]
DFL_LEGENDS_RACE:monarch butterfly women,女帝王蝶人,[REVIEWED:1]
DFL_LEGENDS_RACE:mongoose,獴,[REVIEWED:1]
DFL_LEGENDS_RACE:mongoose man,獴人,[REVIEWED:1]
DFL_LEGENDS_RACE:mongoose men,獴人,[REVIEWED:1]
DFL_LEGENDS_RACE:mongoose woman,雌獴人,[REVIEWED:1]
DFL_LEGENDS_RACE:mongoose women,雌獴人,[REVIEWED:1]
DFL_LEGENDS_RACE:mongooses,獴,[REVIEWED:1]
DFL_LEGENDS_RACE:monitor lizard,巨蜥,[REVIEWED:1]
DFL_LEGENDS_RACE:monitor lizard man,巨蜥人,[REVIEWED:1]
DFL_LEGENDS_RACE:monitor lizard men,巨蜥人,[REVIEWED:1]
DFL_LEGENDS_RACE:monitor lizard woman,雌巨蜥人,[REVIEWED:1]
DFL_LEGENDS_RACE:monitor lizard women,雌巨蜥人,[REVIEWED:1]
DFL_LEGENDS_RACE:monitor lizards,巨蜥,[REVIEWED:1]
DFL_LEGENDS_RACE:mononykus,单爪龙,[REVIEWED:1]
DFL_LEGENDS_RACE:mononykus man,单爪龙人,[REVIEWED:1]
DFL_LEGENDS_RACE:mononykus men,单爪龙人,[REVIEWED:1]
DFL_LEGENDS_RACE:mononykus woman,雌单爪龙人,[REVIEWED:1]
DFL_LEGENDS_RACE:mononykus women,雌单爪龙人,[REVIEWED:1]
DFL_LEGENDS_RACE:moon snail,月亮蜗牛,[REVIEWED:1]
DFL_LEGENDS_RACE:moon snail man,月亮蜗牛人,[REVIEWED:1]
DFL_LEGENDS_RACE:moon snail men,月亮蜗牛人,[REVIEWED:1]
DFL_LEGENDS_RACE:moon snail woman,女月亮蜗牛人,[REVIEWED:1]
DFL_LEGENDS_RACE:moon snail women,女月亮蜗牛人,[REVIEWED:1]
DFL_LEGENDS_RACE:moon snails,月亮蜗牛,[REVIEWED:1]
DFL_LEGENDS_RACE:moose,驼鹿,[REVIEWED:1]
DFL_LEGENDS_RACE:moose man,驼鹿人,[REVIEWED:1]
DFL_LEGENDS_RACE:moose men,驼鹿人,[REVIEWED:1]
DFL_LEGENDS_RACE:moose woman,女驼鹿人,[REVIEWED:1]
DFL_LEGENDS_RACE:moose women,女驼鹿人,[REVIEWED:1]
DFL_LEGENDS_RACE:mosasaurus,沧龙,[REVIEWED:1]
DFL_LEGENDS_RACE:mosasaurus man,沧龙人,[REVIEWED:1]
DFL_LEGENDS_RACE:mosasaurus men,沧龙人,[REVIEWED:1]
DFL_LEGENDS_RACE:mosasaurus woman,雌沧龙人,[REVIEWED:1]
DFL_LEGENDS_RACE:mosasaurus women,雌沧龙人,[REVIEWED:1]
DFL_LEGENDS_RACE:mosquito,蚊子,[REVIEWED:1]
DFL_LEGENDS_RACE:mosquito man,蚊子人,[REVIEWED:1]
DFL_LEGENDS_RACE:mosquito men,蚊子人,[REVIEWED:1]
DFL_LEGENDS_RACE:mosquito woman,女蚊子人,[REVIEWED:1]
DFL_LEGENDS_RACE:mosquito women,女蚊子人,[REVIEWED:1]
DFL_LEGENDS_RACE:mosquitos,蚊子,[REVIEWED:1]
DFL_LEGENDS_RACE:moth,飞蛾,[REVIEWED:1]
DFL_LEGENDS_RACE:moth man,飞蛾人,[REVIEWED:1]
DFL_LEGENDS_RACE:moth men,飞蛾人,[REVIEWED:1]
DFL_LEGENDS_RACE:moth woman,雌飞蛾人,[REVIEWED:1]
DFL_LEGENDS_RACE:moth women,雌飞蛾人,[REVIEWED:1]
DFL_LEGENDS_RACE:moths,飞蛾,[REVIEWED:1]
DFL_LEGENDS_RACE:mountain gnome,山岭地精,[REVIEWED:1]
DFL_LEGENDS_RACE:mountain gnomes,山岭地精,[REVIEWED:1]
DFL_LEGENDS_RACE:mountain goat,雪羊,[REVIEWED:1]
DFL_LEGENDS_RACE:mountain goat man,雪羊人,[REVIEWED:1]
DFL_LEGENDS_RACE:mountain goat men,雪羊人,[REVIEWED:1]
DFL_LEGENDS_RACE:mountain goat woman,女雪羊人,[REVIEWED:1]
DFL_LEGENDS_RACE:mountain goat women,女雪羊人,[REVIEWED:1]
DFL_LEGENDS_RACE:mountain goats,雪羊,[REVIEWED:1]
DFL_LEGENDS_RACE:mud man,泥人,[REVIEWED:1]
DFL_LEGENDS_RACE:mud men,泥人,[REVIEWED:1]
DFL_LEGENDS_RACE:mule,骡子,[REVIEWED:1]
DFL_LEGENDS_RACE:mules,骡子,[REVIEWED:1]
DFL_LEGENDS_RACE:muskox,麝牛,[REVIEWED:1]
DFL_LEGENDS_RACE:muskox man,麝牛人,[REVIEWED:1]
DFL_LEGENDS_RACE:muskox men,麝牛人,[REVIEWED:1]
DFL_LEGENDS_RACE:muskox woman,女麝牛人,[REVIEWED:1]
DFL_LEGENDS_RACE:muskox women,女麝牛人,[REVIEWED:1]
DFL_LEGENDS_RACE:muskoxen,麝牛,[REVIEWED:1]
DFL_LEGENDS_RACE:mussel,贻贝,[REVIEWED:1]
DFL_LEGENDS_RACE:mussels,贻贝,[REVIEWED:1]
DFL_LEGENDS_RACE:naked mole dog,裸鼹鼠狗,[REVIEWED:1]
DFL_LEGENDS_RACE:naked mole dogs,裸鼹鼠狗,[REVIEWED:1]
DFL_LEGENDS_RACE:nanny goat,母山羊,[REVIEWED:1]
DFL_LEGENDS_RACE:nanny goats,母山羊,[REVIEWED:1]
DFL_LEGENDS_RACE:narwhal,独角鲸,[REVIEWED:1]
DFL_LEGENDS_RACE:narwhal man,独角鲸人,[REVIEWED:1]
DFL_LEGENDS_RACE:narwhal men,独角鲸人,[REVIEWED:1]
DFL_LEGENDS_RACE:narwhal woman,女独角鲸人,[REVIEWED:1]
DFL_LEGENDS_RACE:narwhal women,女独角鲸人,[REVIEWED:1]
DFL_LEGENDS_RACE:narwhals,独角鲸,[REVIEWED:1]
DFL_LEGENDS_RACE:nautilus,鹦鹉螺,[REVIEWED:1]
DFL_LEGENDS_RACE:nautilus man,鹦鹉螺人,[REVIEWED:1]
DFL_LEGENDS_RACE:nautilus men,鹦鹉螺人,[REVIEWED:1]
DFL_LEGENDS_RACE:nautilus woman,女鹦鹉螺人,[REVIEWED:1]
DFL_LEGENDS_RACE:nautilus women,女鹦鹉螺人,[REVIEWED:1]
DFL_LEGENDS_RACE:nautiluses,鹦鹉螺,[REVIEWED:1]
DFL_LEGENDS_RACE:nightwing,夜翼,[REVIEWED:1]
DFL_LEGENDS_RACE:nightwings,夜翼,[REVIEWED:1]
DFL_LEGENDS_RACE:nodosaurus,结节龙,[REVIEWED:1]
DFL_LEGENDS_RACE:nodosaurus man,结节龙人,[REVIEWED:1]
DFL_LEGENDS_RACE:nodosaurus men,结节龙人,[REVIEWED:1]
DFL_LEGENDS_RACE:nodosaurus woman,雌结节龙人,[REVIEWED:1]
DFL_LEGENDS_RACE:nodosaurus women,雌结节龙人,[REVIEWED:1]
DFL_LEGENDS_RACE:nothronychus,懒爪龙,[REVIEWED:1]
DFL_LEGENDS_RACE:nothronychus man,懒爪龙人,[REVIEWED:1]
DFL_LEGENDS_RACE:nothronychus men,懒爪龙人,[REVIEWED:1]
DFL_LEGENDS_RACE:nothronychus woman,雌懒爪龙人,[REVIEWED:1]
DFL_LEGENDS_RACE:nothronychus women,雌懒爪龙人,[REVIEWED:1]
DFL_LEGENDS_RACE:nurse shark,铰口鲨,[REVIEWED:1]
DFL_LEGENDS_RACE:nurse sharks,铰口鲨,[REVIEWED:1]
DFL_LEGENDS_RACE:ocean sunfish,翻车鲀,[REVIEWED:1]
DFL_LEGENDS_RACE:ocelot,豹猫,[REVIEWED:1]
DFL_LEGENDS_RACE:ocelot man,豹猫人,[REVIEWED:1]
DFL_LEGENDS_RACE:ocelot men,豹猫人,[REVIEWED:1]
DFL_LEGENDS_RACE:ocelot woman,雌豹猫人,[REVIEWED:1]
DFL_LEGENDS_RACE:ocelot women,雌豹猫人,[REVIEWED:1]
DFL_LEGENDS_RACE:ocelots,豹猫,[REVIEWED:1]
DFL_LEGENDS_RACE:octopus,章鱼,[REVIEWED:1]
DFL_LEGENDS_RACE:octopus man,章鱼人,[REVIEWED:1]
DFL_LEGENDS_RACE:octopus men,章鱼人,[REVIEWED:1]
DFL_LEGENDS_RACE:octopus woman,女章鱼人,[REVIEWED:1]
DFL_LEGENDS_RACE:octopus women,女章鱼人,[REVIEWED:1]
DFL_LEGENDS_RACE:octopuses,章鱼,[REVIEWED:1]
DFL_LEGENDS_RACE:oestocephalus,欧斯托头螈,[REVIEWED:1]
DFL_LEGENDS_RACE:oestocephalus man,骨首螈人,[REVIEWED:1]
DFL_LEGENDS_RACE:oestocephalus men,骨首螈人,[REVIEWED:1]
DFL_LEGENDS_RACE:oestocephalus woman,雌骨首螈人,[REVIEWED:1]
DFL_LEGENDS_RACE:oestocephalus women,雌骨首螈人,[REVIEWED:1]
DFL_LEGENDS_RACE:ogre,食人魔,[REVIEWED:1]
DFL_LEGENDS_RACE:ogres,雄食人魔,[REVIEWED:1]
DFL_LEGENDS_RACE:ogress,雌食人魔,[REVIEWED:1]
DFL_LEGENDS_RACE:ogresses,雌食人魔,[REVIEWED:1]
DFL_LEGENDS_RACE:olm,洞螈,[REVIEWED:1]
DFL_LEGENDS_RACE:olm man,洞螈人,[REVIEWED:1]
DFL_LEGENDS_RACE:olm men,洞螈人,[REVIEWED:1]
DFL_LEGENDS_RACE:olm woman,雌洞螈人,[REVIEWED:1]
DFL_LEGENDS_RACE:olm women,雌洞螈人,[REVIEWED:1]
DFL_LEGENDS_RACE:olms,洞螈,[REVIEWED:1]
DFL_LEGENDS_RACE:one-humped camel,单峰骆驼,[REVIEWED:1]
DFL_LEGENDS_RACE:one-humped camel man,单峰骆驼人,[REVIEWED:1]
DFL_LEGENDS_RACE:one-humped camel men,单峰骆驼人,[REVIEWED:1]
DFL_LEGENDS_RACE:one-humped camel woman,女单峰骆驼人,[REVIEWED:1]
DFL_LEGENDS_RACE:one-humped camel women,女单峰骆驼人,[REVIEWED:1]
DFL_LEGENDS_RACE:one-humped camels,单峰骆驼,[REVIEWED:1]
DFL_LEGENDS_RACE:opabinia,欧巴宾海蝎,[REVIEWED:1]
DFL_LEGENDS_RACE:opabinia man,欧巴宾海蝎人,[REVIEWED:1]
DFL_LEGENDS_RACE:opabinia men,欧巴宾海蝎人,[REVIEWED:1]
DFL_LEGENDS_RACE:opabinia woman,雌欧巴宾海蝎人,[REVIEWED:1]
DFL_LEGENDS_RACE:opabinia women,雌欧巴宾海蝎人,[REVIEWED:1]
DFL_LEGENDS_RACE:opah,圆月鱼,[REVIEWED:1]
DFL_LEGENDS_RACE:opossum,负鼠,[REVIEWED:1]
DFL_LEGENDS_RACE:opossum man,负鼠人,[REVIEWED:1]
DFL_LEGENDS_RACE:opossum men,负鼠人,[REVIEWED:1]
DFL_LEGENDS_RACE:opossum woman,雌负鼠人,[REVIEWED:1]
DFL_LEGENDS_RACE:opossum women,雌负鼠人,[REVIEWED:1]
DFL_LEGENDS_RACE:opossums,负鼠,[REVIEWED:1]
DFL_LEGENDS_RACE:orangutan,红毛猩猩,[REVIEWED:1]
DFL_LEGENDS_RACE:orangutans,红毛猩猩,[REVIEWED:1]
DFL_LEGENDS_RACE:orca,逆戟鲸,[REVIEWED:1]
DFL_LEGENDS_RACE:orca man,逆戟鲸人,[REVIEWED:1]
DFL_LEGENDS_RACE:orca men,逆戟鲸人,[REVIEWED:1]
DFL_LEGENDS_RACE:orca woman,女逆戟鲸人,[REVIEWED:1]
DFL_LEGENDS_RACE:orca women,女逆戟鲸人,[REVIEWED:1]
DFL_LEGENDS_RACE:orcas,逆戟鲸,[REVIEWED:1]
DFL_LEGENDS_RACE:oriole,黄鹂,[REVIEWED:1]
DFL_LEGENDS_RACE:oriole man,黄鹂人,[REVIEWED:1]
DFL_LEGENDS_RACE:oriole men,黄鹂人,[REVIEWED:1]
DFL_LEGENDS_RACE:oriole woman,雌黄鹂人,[REVIEWED:1]
DFL_LEGENDS_RACE:oriole women,雌黄鹂人,[REVIEWED:1]
DFL_LEGENDS_RACE:orioles,黄鹂,[REVIEWED:1]
DFL_LEGENDS_RACE:osprey,鱼鹰,[REVIEWED:1]
DFL_LEGENDS_RACE:osprey man,鱼鹰人,[REVIEWED:1]
DFL_LEGENDS_RACE:osprey men,鱼鹰人,[REVIEWED:1]
DFL_LEGENDS_RACE:osprey woman,雌鱼鹰人,[REVIEWED:1]
DFL_LEGENDS_RACE:osprey women,雌鱼鹰人,[REVIEWED:1]
DFL_LEGENDS_RACE:ospreys,鱼鹰,[REVIEWED:1]
DFL_LEGENDS_RACE:ostenocaris,东方虾,[REVIEWED:1]
DFL_LEGENDS_RACE:ostenocaris man,奥斯坦虫人,[REVIEWED:1]
DFL_LEGENDS_RACE:ostenocaris men,奥斯坦虫人,[REVIEWED:1]
DFL_LEGENDS_RACE:ostenocaris woman,雌奥斯坦虫人,[REVIEWED:1]
DFL_LEGENDS_RACE:ostenocaris women,雌奥斯坦虫人,[REVIEWED:1]
DFL_LEGENDS_RACE:ostrich,鸵鸟,[REVIEWED:1]
DFL_LEGENDS_RACE:ostrich cock,雄鸵鸟,[REVIEWED:1]
DFL_LEGENDS_RACE:ostrich cocks,雄鸵鸟,[REVIEWED:1]
DFL_LEGENDS_RACE:ostrich hen,雌鸵鸟,[REVIEWED:1]
DFL_LEGENDS_RACE:ostrich hens,雌鸵鸟,[REVIEWED:1]
DFL_LEGENDS_RACE:ostrich man,鸵鸟人,[REVIEWED:1]
DFL_LEGENDS_RACE:ostrich men,鸵鸟人,[REVIEWED:1]
DFL_LEGENDS_RACE:ostrich woman,雌鸵鸟人,[REVIEWED:1]
DFL_LEGENDS_RACE:ostrich women,雌鸵鸟人,[REVIEWED:1]
DFL_LEGENDS_RACE:ostriches,鸵鸟,[REVIEWED:1]
DFL_LEGENDS_RACE:otter man,海獭人,[REVIEWED:1]
DFL_LEGENDS_RACE:otter men,海獭人,[REVIEWED:1]
DFL_LEGENDS_RACE:otter woman,女海獭人,[REVIEWED:1]
DFL_LEGENDS_RACE:otter women,女海獭人,[REVIEWED:1]
DFL_LEGENDS_RACE:oviraptor,窃蛋龙,[REVIEWED:1]
DFL_LEGENDS_RACE:oviraptor man,窃蛋龙人,[REVIEWED:1]
DFL_LEGENDS_RACE:oviraptor men,窃蛋龙人,[REVIEWED:1]
DFL_LEGENDS_RACE:oviraptor woman,雌窃蛋龙人,[REVIEWED:1]
DFL_LEGENDS_RACE:oviraptor women,雌窃蛋龙人,[REVIEWED:1]
DFL_LEGENDS_RACE:oyster,牡蛎,[REVIEWED:1]
DFL_LEGENDS_RACE:oysters,牡蛎,[REVIEWED:1]
DFL_LEGENDS_RACE:pachycephalosaurus,肿头龙,[REVIEWED:1]
DFL_LEGENDS_RACE:pachycephalosaurus man,肿头龙人,[REVIEWED:1]
DFL_LEGENDS_RACE:pachycephalosaurus men,肿头龙人,[REVIEWED:1]
DFL_LEGENDS_RACE:pachycephalosaurus woman,雌肿头龙人,[REVIEWED:1]
DFL_LEGENDS_RACE:pachycephalosaurus women,雌肿头龙人,[REVIEWED:1]
DFL_LEGENDS_RACE:panda,熊猫,[REVIEWED:1]
DFL_LEGENDS_RACE:panda man,熊猫人,[REVIEWED:1]
DFL_LEGENDS_RACE:panda men,熊猫人,[REVIEWED:1]
DFL_LEGENDS_RACE:panda woman,女熊猫人,[REVIEWED:1]
DFL_LEGENDS_RACE:panda women,女熊猫人,[REVIEWED:1]
DFL_LEGENDS_RACE:pandas,熊猫,[REVIEWED:1]
DFL_LEGENDS_RACE:pangolin,穿山甲,[REVIEWED:1]
DFL_LEGENDS_RACE:pangolin man,穿山甲人,[REVIEWED:1]
DFL_LEGENDS_RACE:pangolin men,穿山甲人,[REVIEWED:1]
DFL_LEGENDS_RACE:pangolin woman,雌穿山甲人,[REVIEWED:1]
DFL_LEGENDS_RACE:pangolin women,雌穿山甲人,[REVIEWED:1]
DFL_LEGENDS_RACE:pangolins,穿山甲,[REVIEWED:1]
DFL_LEGENDS_RACE:paraceratherium,巨犀,[REVIEWED:1]
DFL_LEGENDS_RACE:paraceratherium man,巨犀人,[REVIEWED:1]
DFL_LEGENDS_RACE:paraceratherium men,巨犀人,[REVIEWED:1]
DFL_LEGENDS_RACE:paraceratherium woman,雌巨犀人,[REVIEWED:1]
DFL_LEGENDS_RACE:paraceratherium women,雌巨犀人,[REVIEWED:1]
DFL_LEGENDS_RACE:parakeet,长尾鹦鹉,[REVIEWED:1]
DFL_LEGENDS_RACE:parakeet man,长尾鹦鹉人,[REVIEWED:1]
DFL_LEGENDS_RACE:parakeet men,长尾鹦鹉人,[REVIEWED:1]
DFL_LEGENDS_RACE:parakeet woman,雌长尾鹦鹉人,[REVIEWED:1]
DFL_LEGENDS_RACE:parakeet women,雌长尾鹦鹉人,[REVIEWED:1]
DFL_LEGENDS_RACE:parakeets,长尾鹦鹉,[REVIEWED:1]
DFL_LEGENDS_RACE:parasaurolophus,副栉龙,[REVIEWED:1]
DFL_LEGENDS_RACE:parasaurolophus man,副栉龙人,[REVIEWED:1]
DFL_LEGENDS_RACE:parasaurolophus men,副栉龙人,[REVIEWED:1]
DFL_LEGENDS_RACE:parasaurolophus woman,雌副栉龙人,[REVIEWED:1]
DFL_LEGENDS_RACE:parasaurolophus women,雌副栉龙人,[REVIEWED:1]
DFL_LEGENDS_RACE:peach-faced lovebird,桃面爱情鸟,[REVIEWED:1]
DFL_LEGENDS_RACE:peach-faced lovebird man,桃面爱情鸟人,[REVIEWED:1]
DFL_LEGENDS_RACE:peach-faced lovebird men,桃面爱情鸟人,[REVIEWED:1]
DFL_LEGENDS_RACE:peach-faced lovebird woman,雌桃面爱情鸟人,[REVIEWED:1]
DFL_LEGENDS_RACE:peach-faced lovebird women,雌桃面爱情鸟人,[REVIEWED:1]
DFL_LEGENDS_RACE:peach-faced lovebirds,桃面爱情鸟,[REVIEWED:1]
DFL_LEGENDS_RACE:pen swan,雌天鹅,[REVIEWED:1]
DFL_LEGENDS_RACE:pen swans,雌天鹅,[REVIEWED:1]
DFL_LEGENDS_RACE:penguin,企鹅,[REVIEWED:1]
DFL_LEGENDS_RACE:penguin man,企鹅人,[REVIEWED:1]
DFL_LEGENDS_RACE:penguin men,企鹅人,[REVIEWED:1]
DFL_LEGENDS_RACE:penguin woman,雌企鹅人,[REVIEWED:1]
DFL_LEGENDS_RACE:penguin women,雌企鹅人,[REVIEWED:1]
DFL_LEGENDS_RACE:penguins,企鹅,[REVIEWED:1]
DFL_LEGENDS_RACE:perch,鲈鱼,[REVIEWED:1]
DFL_LEGENDS_RACE:peregrine falcon,游隼,[REVIEWED:1]
DFL_LEGENDS_RACE:peregrine falcon man,游隼人,[REVIEWED:1]
DFL_LEGENDS_RACE:peregrine falcon men,游隼人,[REVIEWED:1]
DFL_LEGENDS_RACE:peregrine falcon woman,雌游隼人,[REVIEWED:1]
DFL_LEGENDS_RACE:peregrine falcon women,雌游隼人,[REVIEWED:1]
DFL_LEGENDS_RACE:peregrine falcons,游隼,[REVIEWED:1]
DFL_LEGENDS_RACE:phantom spider,幻影蜘蛛,[REVIEWED:1]
DFL_LEGENDS_RACE:phantom spiders,幻影蜘蛛,[REVIEWED:1]
DFL_LEGENDS_RACE:pig,家猪,[REVIEWED:1]
DFL_LEGENDS_RACE:pigs,家猪,[REVIEWED:1]
DFL_LEGENDS_RACE:pike,海狼鱼,[REVIEWED:1]
DFL_LEGENDS_RACE:pileated gibbon,羽冠长臂猿,[REVIEWED:1]
DFL_LEGENDS_RACE:pileated gibbons,羽冠长臂猿,[REVIEWED:1]
DFL_LEGENDS_RACE:pixie,小精灵,[REVIEWED:1]
DFL_LEGENDS_RACE:pixies,小精灵,[REVIEWED:1]
DFL_LEGENDS_RACE:platybelodon,铲齿象,[REVIEWED:1]
DFL_LEGENDS_RACE:platybelodon man,铲齿象人,[REVIEWED:1]
DFL_LEGENDS_RACE:platybelodon men,铲齿象人,[REVIEWED:1]
DFL_LEGENDS_RACE:platybelodon woman,雌铲齿象人,[REVIEWED:1]
DFL_LEGENDS_RACE:platybelodon women,雌铲齿象人,[REVIEWED:1]
DFL_LEGENDS_RACE:platypus,鸭嘴兽,[REVIEWED:1]
DFL_LEGENDS_RACE:platypus man,鸭嘴兽人,[REVIEWED:1]
DFL_LEGENDS_RACE:platypus men,鸭嘴兽人,[REVIEWED:1]
DFL_LEGENDS_RACE:platypus woman,女鸭嘴兽人,[REVIEWED:1]
DFL_LEGENDS_RACE:platypus women,女鸭嘴兽人,[REVIEWED:1]
DFL_LEGENDS_RACE:platypuses,鸭嘴兽,[REVIEWED:1]
DFL_LEGENDS_RACE:plesiosaurus,蛇颈龙,[REVIEWED:1]
DFL_LEGENDS_RACE:plesiosaurus man,蛇颈龙人,[REVIEWED:1]
DFL_LEGENDS_RACE:plesiosaurus men,蛇颈龙人,[REVIEWED:1]
DFL_LEGENDS_RACE:plesiosaurus woman,雌蛇颈龙人,[REVIEWED:1]
DFL_LEGENDS_RACE:plesiosaurus women,雌蛇颈龙人,[REVIEWED:1]
DFL_LEGENDS_RACE:plump helmet man,洞穴飘浮者人,[REVIEWED:1]
DFL_LEGENDS_RACE:plump helmet men,洞穴飘浮者人,[REVIEWED:1]
DFL_LEGENDS_RACE:polar bear,北极熊,[REVIEWED:1]
DFL_LEGENDS_RACE:polar bear man,北极熊人,[REVIEWED:1]
DFL_LEGENDS_RACE:polar bear men,北极熊人,[REVIEWED:1]
DFL_LEGENDS_RACE:polar bear woman,女北极熊人,[REVIEWED:1]
DFL_LEGENDS_RACE:polar bear women,女北极熊人,[REVIEWED:1]
DFL_LEGENDS_RACE:polar bears,北极熊,[REVIEWED:1]
DFL_LEGENDS_RACE:pond grabber,池塘掠取者,[REVIEWED:1]
DFL_LEGENDS_RACE:pond grabbers,池塘掠取者,[REVIEWED:1]
DFL_LEGENDS_RACE:pond turtle,池龟,[REVIEWED:1]
DFL_LEGENDS_RACE:pond turtle man,池龟人,[REVIEWED:1]
DFL_LEGENDS_RACE:pond turtle men,池龟人,[REVIEWED:1]
DFL_LEGENDS_RACE:pond turtle woman,女池龟人,[REVIEWED:1]
DFL_LEGENDS_RACE:pond turtle women,女池龟人,[REVIEWED:1]
DFL_LEGENDS_RACE:pond turtles,池龟,[REVIEWED:1]
DFL_LEGENDS_RACE:porcupine,豪猪,[REVIEWED:1]
DFL_LEGENDS_RACE:porcupine man,豪猪人,[REVIEWED:1]
DFL_LEGENDS_RACE:porcupine men,豪猪人,[REVIEWED:1]
DFL_LEGENDS_RACE:porcupine woman,女豪猪人,[REVIEWED:1]
DFL_LEGENDS_RACE:porcupine women,女豪猪人,[REVIEWED:1]
DFL_LEGENDS_RACE:porcupines,豪猪,[REVIEWED:1]
DFL_LEGENDS_RACE:procompsognathus,原美颌龙,[REVIEWED:1]
DFL_LEGENDS_RACE:procompsognathus man,原美颌龙人,[REVIEWED:1]
DFL_LEGENDS_RACE:procompsognathus men,原美颌龙人,[REVIEWED:1]
DFL_LEGENDS_RACE:procompsognathus woman,雌原美颌龙人,[REVIEWED:1]
DFL_LEGENDS_RACE:procompsognathus women,雌原美颌龙人,[REVIEWED:1]
DFL_LEGENDS_RACE:psephoderma,砾甲龙,[REVIEWED:1]
DFL_LEGENDS_RACE:psephoderma man,砾甲龙人,[REVIEWED:1]
DFL_LEGENDS_RACE:psephoderma men,砾甲龙人,[REVIEWED:1]
DFL_LEGENDS_RACE:psephoderma woman,雌砾甲龙人,[REVIEWED:1]
DFL_LEGENDS_RACE:psephoderma women,雌砾甲龙人,[REVIEWED:1]
DFL_LEGENDS_RACE:pterodactylus,翼手龙,[REVIEWED:1]
DFL_LEGENDS_RACE:pterodactylus man,翼手龙人,[REVIEWED:1]
DFL_LEGENDS_RACE:pterodactylus men,翼手龙人,[REVIEWED:1]
DFL_LEGENDS_RACE:pterodactylus woman,雌翼手龙人,[REVIEWED:1]
DFL_LEGENDS_RACE:pterodactylus women,雌翼手龙人,[REVIEWED:1]
DFL_LEGENDS_RACE:puffin,海鹦,[REVIEWED:1]
DFL_LEGENDS_RACE:puffin man,海鹦人,[REVIEWED:1]
DFL_LEGENDS_RACE:puffin men,海鹦人,[REVIEWED:1]
DFL_LEGENDS_RACE:puffin woman,雌海鹦人,[REVIEWED:1]
DFL_LEGENDS_RACE:puffin women,雌海鹦人,[REVIEWED:1]
DFL_LEGENDS_RACE:puffins,海鹦,[REVIEWED:1]
DFL_LEGENDS_RACE:purring maggot,呼噜蛆,[REVIEWED:1]
DFL_LEGENDS_RACE:purring maggots,呼噜蛆,[REVIEWED:1]
DFL_LEGENDS_RACE:pygmy mammoth,侏儒猛犸,[REVIEWED:1]
DFL_LEGENDS_RACE:pygmy mammoth man,侏儒猛犸人,[REVIEWED:1]
DFL_LEGENDS_RACE:pygmy mammoth men,侏儒猛犸人,[REVIEWED:1]
DFL_LEGENDS_RACE:pygmy mammoth woman,雌侏儒猛犸人,[REVIEWED:1]
DFL_LEGENDS_RACE:pygmy mammoth women,雌侏儒猛犸人,[REVIEWED:1]
DFL_LEGENDS_RACE:python,巨蟒,[REVIEWED:1]
DFL_LEGENDS_RACE:python man,巨蟒人,[REVIEWED:1]
DFL_LEGENDS_RACE:python men,巨蟒人,[REVIEWED:1]
DFL_LEGENDS_RACE:python woman,雌巨蟒人,[REVIEWED:1]
DFL_LEGENDS_RACE:python women,雌巨蟒人,[REVIEWED:1]
DFL_LEGENDS_RACE:pythons,巨蟒,[REVIEWED:1]
DFL_LEGENDS_RACE:queen ant,蚂蚁蚁后,[REVIEWED:1]
DFL_LEGENDS_RACE:queen ant woman,蚁后人,[REVIEWED:1]
DFL_LEGENDS_RACE:queen ant women,蚁后人,[REVIEWED:1]
DFL_LEGENDS_RACE:queen ants,蚂蚁蚁后,[REVIEWED:1]
DFL_LEGENDS_RACE:queen termite,白蚁蚁后,[REVIEWED:1]
DFL_LEGENDS_RACE:queen termites,白蚁蚁后,[REVIEWED:1]
DFL_LEGENDS_RACE:quetzalcoatlus,风神翼龙,[REVIEWED:1]
DFL_LEGENDS_RACE:quetzalcoatlus man,风神翼龙人,[REVIEWED:1]
DFL_LEGENDS_RACE:quetzalcoatlus men,风神翼龙人,[REVIEWED:1]
DFL_LEGENDS_RACE:quetzalcoatlus woman,雌风神翼龙人,[REVIEWED:1]
DFL_LEGENDS_RACE:quetzalcoatlus women,雌风神翼龙人,[REVIEWED:1]
DFL_LEGENDS_RACE:rabbit,家兔,[REVIEWED:1]
DFL_LEGENDS_RACE:rabbits,家兔,[REVIEWED:1]
DFL_LEGENDS_RACE:raccoon,浣熊,[REVIEWED:1]
DFL_LEGENDS_RACE:raccoon man,浣熊人,[REVIEWED:1]
DFL_LEGENDS_RACE:raccoon men,浣熊人,[REVIEWED:1]
DFL_LEGENDS_RACE:raccoon woman,女浣熊人,[REVIEWED:1]
DFL_LEGENDS_RACE:raccoon women,女浣熊人,[REVIEWED:1]
DFL_LEGENDS_RACE:raccoons,浣熊,[REVIEWED:1]
DFL_LEGENDS_RACE:rainbow trout,虹鳟,[REVIEWED:1]
DFL_LEGENDS_RACE:ram,公羊,[REVIEWED:1]
DFL_LEGENDS_RACE:rams,公羊,[REVIEWED:1]
DFL_LEGENDS_RACE:rat,老鼠,[REVIEWED:1]
DFL_LEGENDS_RACE:rat man,老鼠人,[REVIEWED:1]
DFL_LEGENDS_RACE:rat men,老鼠人,[REVIEWED:1]
DFL_LEGENDS_RACE:rat woman,雌老鼠人,[REVIEWED:1]
DFL_LEGENDS_RACE:rat women,雌老鼠人,[REVIEWED:1]
DFL_LEGENDS_RACE:rats,老鼠,[REVIEWED:1]
DFL_LEGENDS_RACE:rattlesnake,响尾蛇,[REVIEWED:1]
DFL_LEGENDS_RACE:rattlesnake man,响尾蛇人,[REVIEWED:1]
DFL_LEGENDS_RACE:rattlesnake men,响尾蛇人,[REVIEWED:1]
DFL_LEGENDS_RACE:rattlesnake woman,女响尾蛇人,[REVIEWED:1]
DFL_LEGENDS_RACE:rattlesnake women,女响尾蛇人,[REVIEWED:1]
DFL_LEGENDS_RACE:rattlesnakes,响尾蛇,[REVIEWED:1]
DFL_LEGENDS_RACE:raven,渡鸦,[REVIEWED:1]
DFL_LEGENDS_RACE:raven man,渡鸦人,[REVIEWED:1]
DFL_LEGENDS_RACE:raven men,渡鸦人,[REVIEWED:1]
DFL_LEGENDS_RACE:raven woman,雌渡鸦人,[REVIEWED:1]
DFL_LEGENDS_RACE:raven women,雌渡鸦人,[REVIEWED:1]
DFL_LEGENDS_RACE:ravens,渡鸦,[REVIEWED:1]
DFL_LEGENDS_RACE:reacher,诱抵者,[REVIEWED:1]
DFL_LEGENDS_RACE:reachers,诱抵者,[REVIEWED:1]
DFL_LEGENDS_RACE:red panda,红熊猫,[REVIEWED:1]
DFL_LEGENDS_RACE:red panda boar,雄红熊猫,[REVIEWED:1]
DFL_LEGENDS_RACE:red panda boars,雄红熊猫,[REVIEWED:1]
DFL_LEGENDS_RACE:red panda man,红熊猫人,[REVIEWED:1]
DFL_LEGENDS_RACE:red panda men,红熊猫人,[REVIEWED:1]
DFL_LEGENDS_RACE:red panda sow,雌红熊猫,[REVIEWED:1]
DFL_LEGENDS_RACE:red panda sows,雌红熊猫,[REVIEWED:1]
DFL_LEGENDS_RACE:red panda woman,女红熊猫人,[REVIEWED:1]
DFL_LEGENDS_RACE:red panda women,女红熊猫人,[REVIEWED:1]
DFL_LEGENDS_RACE:red pandas,红熊猫,[REVIEWED:1]
DFL_LEGENDS_RACE:red squirrel,红松鼠,[REVIEWED:1]
DFL_LEGENDS_RACE:red squirrel man,红松鼠人,[REVIEWED:1]
DFL_LEGENDS_RACE:red squirrel men,红松鼠人,[REVIEWED:1]
DFL_LEGENDS_RACE:red squirrel woman,雌红松鼠人,[REVIEWED:1]
DFL_LEGENDS_RACE:red squirrel women,雌红松鼠人,[REVIEWED:1]
DFL_LEGENDS_RACE:red squirrels,红松鼠,[REVIEWED:1]
DFL_LEGENDS_RACE:red-winged blackbird,红翅黑鹂,[REVIEWED:1]
DFL_LEGENDS_RACE:red-winged blackbird man,红翅黑鹂人,[REVIEWED:1]
DFL_LEGENDS_RACE:red-winged blackbird men,红翅黑鹂人,[REVIEWED:1]
DFL_LEGENDS_RACE:red-winged blackbird woman,雌红翅黑鹂人,[REVIEWED:1]
DFL_LEGENDS_RACE:red-winged blackbird women,雌红翅黑鹂人,[REVIEWED:1]
DFL_LEGENDS_RACE:red-winged blackbirds,红翅黑鹂,[REVIEWED:1]
DFL_LEGENDS_RACE:reindeer,驯鹿,[REVIEWED:1]
DFL_LEGENDS_RACE:reindeer bull,公驯鹿,[REVIEWED:1]
DFL_LEGENDS_RACE:reindeer bulls,公驯鹿,[REVIEWED:1]
DFL_LEGENDS_RACE:reindeer cow,母驯鹿,[REVIEWED:1]
DFL_LEGENDS_RACE:reindeer cows,母驯鹿,[REVIEWED:1]
DFL_LEGENDS_RACE:reptile man,爬行动物人,[REVIEWED:1]
DFL_LEGENDS_RACE:reptile men,爬行动物人,[REVIEWED:1]
DFL_LEGENDS_RACE:reptile woman,女爬行动物人,[REVIEWED:1]
DFL_LEGENDS_RACE:reptile women,女爬行动物人,[REVIEWED:1]
DFL_LEGENDS_RACE:rhamphorhynchus,喙嘴翼龙,[REVIEWED:1]
DFL_LEGENDS_RACE:rhamphorhynchus man,喙嘴翼龙人,[REVIEWED:1]
DFL_LEGENDS_RACE:rhamphorhynchus men,喙嘴翼龙人,[REVIEWED:1]
DFL_LEGENDS_RACE:rhamphorhynchus woman,雌喙嘴翼龙人,[REVIEWED:1]
DFL_LEGENDS_RACE:rhamphorhynchus women,雌喙嘴翼龙人,[REVIEWED:1]
DFL_LEGENDS_RACE:rhesus macaque,猕猴,[REVIEWED:1]
DFL_LEGENDS_RACE:rhesus macaque man,猕猴人,[REVIEWED:1]
DFL_LEGENDS_RACE:rhesus macaque men,猕猴人,[REVIEWED:1]
DFL_LEGENDS_RACE:rhesus macaque woman,女猕猴人,[REVIEWED:1]
DFL_LEGENDS_RACE:rhesus macaque women,女猕猴人,[REVIEWED:1]
DFL_LEGENDS_RACE:rhesus macaques,猕猴,[REVIEWED:1]
DFL_LEGENDS_RACE:rhinoceros,犀牛,[REVIEWED:1]
DFL_LEGENDS_RACE:rhinoceros man,犀牛人,[REVIEWED:1]
DFL_LEGENDS_RACE:rhinoceros men,犀牛人,[REVIEWED:1]
DFL_LEGENDS_RACE:rhinoceros woman,女犀牛人,[REVIEWED:1]
DFL_LEGENDS_RACE:rhinoceros women,女犀牛人,[REVIEWED:1]
DFL_LEGENDS_RACE:rhinoceroses,犀牛,[REVIEWED:1]
DFL_LEGENDS_RACE:river otter,河獭,[REVIEWED:1]
DFL_LEGENDS_RACE:river otters,河獭,[REVIEWED:1]
DFL_LEGENDS_RACE:roach man,蟑螂人,[REVIEWED:1]
DFL_LEGENDS_RACE:roach men,蟑螂人,[REVIEWED:1]
DFL_LEGENDS_RACE:roach woman,女蟑螂人,[REVIEWED:1]
DFL_LEGENDS_RACE:roach women,女蟑螂人,[REVIEWED:1]
DFL_LEGENDS_RACE:roc,大鹏鸟,[REVIEWED:1]
DFL_LEGENDS_RACE:rocs,大鹏鸟,[REVIEWED:1]
DFL_LEGENDS_RACE:rodent man,啮齿动物人,[REVIEWED:1]
DFL_LEGENDS_RACE:rodent men,啮齿动物人,[REVIEWED:1]
DFL_LEGENDS_RACE:rodent woman,女啮齿动物人,[REVIEWED:1]
DFL_LEGENDS_RACE:rodent women,女啮齿动物人,[REVIEWED:1]
DFL_LEGENDS_RACE:rooster,公鸡,[REVIEWED:1]
DFL_LEGENDS_RACE:roosters,公鸡,[REVIEWED:1]
DFL_LEGENDS_RACE:rutherer,厚毛巨尾兽,[REVIEWED:1]
DFL_LEGENDS_RACE:rutherers,厚毛巨尾兽,[REVIEWED:1]
DFL_LEGENDS_RACE:sailfin mollies,帆鳍花鳉,[REVIEWED:1]
DFL_LEGENDS_RACE:sailfin molly,帆鳍花鳉,[REVIEWED:1]
DFL_LEGENDS_RACE:salmon,鲑鱼,[REVIEWED:1]
DFL_LEGENDS_RACE:saltwater crocodile,咸水鳄,[REVIEWED:1]
DFL_LEGENDS_RACE:saltwater crocodile man,咸水鳄人,[REVIEWED:1]
DFL_LEGENDS_RACE:saltwater crocodile men,咸水鳄人,[REVIEWED:1]
DFL_LEGENDS_RACE:saltwater crocodile woman,女咸水鳄人,[REVIEWED:1]
DFL_LEGENDS_RACE:saltwater crocodile women,女咸水鳄人,[REVIEWED:1]
DFL_LEGENDS_RACE:saltwater crocodiles,咸水鳄,[REVIEWED:1]
DFL_LEGENDS_RACE:sasquatch,野人,[REVIEWED:1]
DFL_LEGENDS_RACE:sasquatches,野人,[REVIEWED:1]
DFL_LEGENDS_RACE:satyr,萨堤尔,[REVIEWED:1]
DFL_LEGENDS_RACE:satyrs,萨堤尔,[REVIEWED:1]
DFL_LEGENDS_RACE:sea lamprey,海七鳃鳗,[REVIEWED:1]
DFL_LEGENDS_RACE:sea lampreys,海七鳃鳗,[REVIEWED:1]
DFL_LEGENDS_RACE:sea monster,海怪,[REVIEWED:1]
DFL_LEGENDS_RACE:sea monsters,海怪,[REVIEWED:1]
DFL_LEGENDS_RACE:sea nettle jellyfish,海荨麻水母,[REVIEWED:1]
DFL_LEGENDS_RACE:sea otter,海獭,[REVIEWED:1]
DFL_LEGENDS_RACE:sea otters,海獭,[REVIEWED:1]
DFL_LEGENDS_RACE:sea serpent,海蛇,[REVIEWED:1]
DFL_LEGENDS_RACE:sea serpents,海蛇,[REVIEWED:1]
DFL_LEGENDS_RACE:seahorse,海马,[REVIEWED:1]
DFL_LEGENDS_RACE:seahorses,海马,[REVIEWED:1]
DFL_LEGENDS_RACE:serpent man,毒蛇人,[REVIEWED:1]
DFL_LEGENDS_RACE:serpent men,毒蛇人,[REVIEWED:1]
DFL_LEGENDS_RACE:serpent woman,女毒蛇人,[REVIEWED:1]
DFL_LEGENDS_RACE:serpent women,女毒蛇人,[REVIEWED:1]
DFL_LEGENDS_RACE:shad,河鲱,[REVIEWED:1]
DFL_LEGENDS_RACE:shads,河鲱,[REVIEWED:1]
DFL_LEGENDS_RACE:sharovipteryx,沙罗翼龙,[REVIEWED:1]
DFL_LEGENDS_RACE:sharovipteryx man,沙罗翼龙人,[REVIEWED:1]
DFL_LEGENDS_RACE:sharovipteryx men,沙罗翼龙人,[REVIEWED:1]
DFL_LEGENDS_RACE:sharovipteryx woman,雌沙罗翼龙人,[REVIEWED:1]
DFL_LEGENDS_RACE:sharovipteryx women,雌沙罗翼龙人,[REVIEWED:1]
DFL_LEGENDS_RACE:sheep,绵羊,[REVIEWED:1]
DFL_LEGENDS_RACE:shortfin mako shark,短鳍鲭鲨,[REVIEWED:1]
DFL_LEGENDS_RACE:shortfin mako sharks,短鳍鲭鲨,[REVIEWED:1]
DFL_LEGENDS_RACE:siamang,合趾猿,[REVIEWED:1]
DFL_LEGENDS_RACE:siamangs,合趾猿,[REVIEWED:1]
DFL_LEGENDS_RACE:silvery gibbon,银白长臂猿,[REVIEWED:1]
DFL_LEGENDS_RACE:silvery gibbons,银白长臂猿,[REVIEWED:1]
DFL_LEGENDS_RACE:sinopterus,华夏翼龙,[REVIEWED:1]
DFL_LEGENDS_RACE:sinopterus man,华夏翼龙人,[REVIEWED:1]
DFL_LEGENDS_RACE:sinopterus men,华夏翼龙人,[REVIEWED:1]
DFL_LEGENDS_RACE:sinopterus woman,雌华夏翼龙人,[REVIEWED:1]
DFL_LEGENDS_RACE:sinopterus women,雌华夏翼龙人,[REVIEWED:1]
DFL_LEGENDS_RACE:skink,彩舌蜥,[REVIEWED:1]
DFL_LEGENDS_RACE:skink man,彩舌蜥人,[REVIEWED:1]
DFL_LEGENDS_RACE:skink men,彩舌蜥人,[REVIEWED:1]
DFL_LEGENDS_RACE:skink woman,女彩舌蜥人,[REVIEWED:1]
DFL_LEGENDS_RACE:skink women,女彩舌蜥人,[REVIEWED:1]
DFL_LEGENDS_RACE:skinks,彩舌蜥,[REVIEWED:1]
DFL_LEGENDS_RACE:skunk,臭鼬,[REVIEWED:1]
DFL_LEGENDS_RACE:skunk man,臭鼬人,[REVIEWED:1]
DFL_LEGENDS_RACE:skunk men,臭鼬人,[REVIEWED:1]
DFL_LEGENDS_RACE:skunk woman,女臭鼬人,[REVIEWED:1]
DFL_LEGENDS_RACE:skunk women,女臭鼬人,[REVIEWED:1]
DFL_LEGENDS_RACE:skunks,臭鼬,[REVIEWED:1]
DFL_LEGENDS_RACE:sloth,树懒,[REVIEWED:1]
DFL_LEGENDS_RACE:sloth bear,懒熊,[REVIEWED:1]
DFL_LEGENDS_RACE:sloth bear man,懒熊人,[REVIEWED:1]
DFL_LEGENDS_RACE:sloth bear men,懒熊人,[REVIEWED:1]
DFL_LEGENDS_RACE:sloth bear woman,雌懒熊人,[REVIEWED:1]
DFL_LEGENDS_RACE:sloth bear women,雌懒熊人,[REVIEWED:1]
DFL_LEGENDS_RACE:sloth bears,懒熊,[REVIEWED:1]
DFL_LEGENDS_RACE:sloth man,树懒人,[REVIEWED:1]
DFL_LEGENDS_RACE:sloth men,树懒人,[REVIEWED:1]
DFL_LEGENDS_RACE:sloth woman,雌树懒人,[REVIEWED:1]
DFL_LEGENDS_RACE:sloth women,雌树懒人,[REVIEWED:1]
DFL_LEGENDS_RACE:sloths,树懒,[REVIEWED:1]
DFL_LEGENDS_RACE:slug,蛞蝓,[REVIEWED:1]
DFL_LEGENDS_RACE:slug man,蛞蝓人,[REVIEWED:1]
DFL_LEGENDS_RACE:slug men,蛞蝓人,[REVIEWED:1]
DFL_LEGENDS_RACE:slugs,蛞蝓,[REVIEWED:1]
DFL_LEGENDS_RACE:smilodon,剑齿虎,[REVIEWED:1]
DFL_LEGENDS_RACE:smilodon man,剑齿虎人,[REVIEWED:1]
DFL_LEGENDS_RACE:smilodon men,剑齿虎人,[REVIEWED:1]
DFL_LEGENDS_RACE:smilodon woman,雌剑齿虎人,[REVIEWED:1]
DFL_LEGENDS_RACE:smilodon women,雌剑齿虎人,[REVIEWED:1]
DFL_LEGENDS_RACE:snail,蜗牛,[REVIEWED:1]
DFL_LEGENDS_RACE:snail man,蜗牛人,[REVIEWED:1]
DFL_LEGENDS_RACE:snail men,蜗牛人,[REVIEWED:1]
DFL_LEGENDS_RACE:snails,蜗牛,[REVIEWED:1]
DFL_LEGENDS_RACE:snapping turtle man,大鳄龟人,[REVIEWED:1]
DFL_LEGENDS_RACE:snapping turtle men,大鳄龟人,[REVIEWED:1]
DFL_LEGENDS_RACE:snapping turtle woman,女大鳄龟人,[REVIEWED:1]
DFL_LEGENDS_RACE:snapping turtle women,女大鳄龟人,[REVIEWED:1]
DFL_LEGENDS_RACE:snowy owl,雪鸮,[REVIEWED:1]
DFL_LEGENDS_RACE:snowy owl man,雪鸮人,[REVIEWED:1]
DFL_LEGENDS_RACE:snowy owl men,雪鸮人,[REVIEWED:1]
DFL_LEGENDS_RACE:snowy owl woman,雌雪鸮人,[REVIEWED:1]
DFL_LEGENDS_RACE:snowy owl women,雌雪鸮人,[REVIEWED:1]
DFL_LEGENDS_RACE:snowy owls,雪鸮,[REVIEWED:1]
DFL_LEGENDS_RACE:soldier ant,蚂蚁兵蚁,[REVIEWED:1]
DFL_LEGENDS_RACE:soldier ant woman,雌兵蚁人,[REVIEWED:1]
DFL_LEGENDS_RACE:soldier ant women,雌兵蚁人,[REVIEWED:1]
DFL_LEGENDS_RACE:soldier ants,蚂蚁兵蚁,[REVIEWED:1]
DFL_LEGENDS_RACE:soldier termite,白蚁兵蚁,[REVIEWED:1]
DFL_LEGENDS_RACE:soldier termites,白蚁兵蚁,[REVIEWED:1]
DFL_LEGENDS_RACE:sole,鳎鱼,[REVIEWED:1]
DFL_LEGENDS_RACE:sow,母猪,[REVIEWED:1]
DFL_LEGENDS_RACE:sows,母猪,[REVIEWED:1]
DFL_LEGENDS_RACE:sparrow,麻雀,[REVIEWED:1]
DFL_LEGENDS_RACE:sparrow man,麻雀人,[REVIEWED:1]
DFL_LEGENDS_RACE:sparrow men,麻雀人,[REVIEWED:1]
DFL_LEGENDS_RACE:sparrow woman,雌麻雀人,[REVIEWED:1]
DFL_LEGENDS_RACE:sparrow women,雌麻雀人,[REVIEWED:1]
DFL_LEGENDS_RACE:sparrows,麻雀,[REVIEWED:1]
DFL_LEGENDS_RACE:sperm whale,抹香鲸,[REVIEWED:1]
DFL_LEGENDS_RACE:sperm whale man,抹香鲸人,[REVIEWED:1]
DFL_LEGENDS_RACE:sperm whale men,抹香鲸人,[REVIEWED:1]
DFL_LEGENDS_RACE:sperm whale woman,女抹香鲸人,[REVIEWED:1]
DFL_LEGENDS_RACE:sperm whale women,女抹香鲸人,[REVIEWED:1]
DFL_LEGENDS_RACE:sperm whales,抹香鲸,[REVIEWED:1]
DFL_LEGENDS_RACE:spider monkey,蜘蛛猴,[REVIEWED:1]
DFL_LEGENDS_RACE:spider monkey man,蜘蛛猴人,[REVIEWED:1]
DFL_LEGENDS_RACE:spider monkey men,蜘蛛猴人,[REVIEWED:1]
DFL_LEGENDS_RACE:spider monkey woman,雌蜘蛛猴人,[REVIEWED:1]
DFL_LEGENDS_RACE:spider monkey women,雌蜘蛛猴人,[REVIEWED:1]
DFL_LEGENDS_RACE:spider monkeys,蜘蛛猴,[REVIEWED:1]
DFL_LEGENDS_RACE:spinosaurus aegyptiacus,埃及棘龙,[REVIEWED:1]
DFL_LEGENDS_RACE:spinosaurus aegyptiacus man,埃及棘龙人,[REVIEWED:1]
DFL_LEGENDS_RACE:spinosaurus aegyptiacus men,埃及棘龙人,[REVIEWED:1]
DFL_LEGENDS_RACE:spinosaurus aegyptiacus woman,雌埃及棘龙人,[REVIEWED:1]
DFL_LEGENDS_RACE:spinosaurus aegyptiacus women,雌埃及棘龙人,[REVIEWED:1]
DFL_LEGENDS_RACE:spinosaurus mirabilis,奇异棘龙,[REVIEWED:1]
DFL_LEGENDS_RACE:spinosaurus mirabilis man,奇异棘龙人,[REVIEWED:1]
DFL_LEGENDS_RACE:spinosaurus mirabilis men,奇异棘龙人,[REVIEWED:1]
DFL_LEGENDS_RACE:spinosaurus mirabilis woman,雌奇异棘龙人,[REVIEWED:1]
DFL_LEGENDS_RACE:spinosaurus mirabilis women,雌奇异棘龙人,[REVIEWED:1]
DFL_LEGENDS_RACE:spiny dogfish,白斑角鲨,[REVIEWED:1]
DFL_LEGENDS_RACE:sponge,海绵,[REVIEWED:1]
DFL_LEGENDS_RACE:sponge man,海绵人,[REVIEWED:1]
DFL_LEGENDS_RACE:sponge men,海绵人,[REVIEWED:1]
DFL_LEGENDS_RACE:sponges,海绵,[REVIEWED:1]
DFL_LEGENDS_RACE:spotted ratfish,斑点鼠鱼,[REVIEWED:1]
DFL_LEGENDS_RACE:spotted wobbegong,斑纹须鲨,[REVIEWED:1]
DFL_LEGENDS_RACE:spotted wobbegongs,斑纹须鲨,[REVIEWED:1]
DFL_LEGENDS_RACE:squid,鱿鱼,[REVIEWED:1]
DFL_LEGENDS_RACE:squid man,鱿鱼人,[REVIEWED:1]
DFL_LEGENDS_RACE:squid men,鱿鱼人,[REVIEWED:1]
DFL_LEGENDS_RACE:squid woman,雌鱿鱼人,[REVIEWED:1]
DFL_LEGENDS_RACE:squid women,雌鱿鱼人,[REVIEWED:1]
DFL_LEGENDS_RACE:squids,鱿鱼,[REVIEWED:1]
DFL_LEGENDS_RACE:steelhead trout,硬头鳟,[REVIEWED:1]
DFL_LEGENDS_RACE:stegosaurus,剑龙,[REVIEWED:1]
DFL_LEGENDS_RACE:stegosaurus man,剑龙人,[REVIEWED:1]
DFL_LEGENDS_RACE:stegosaurus men,剑龙人,[REVIEWED:1]
DFL_LEGENDS_RACE:stegosaurus woman,雌剑龙人,[REVIEWED:1]
DFL_LEGENDS_RACE:stegosaurus women,雌剑龙人,[REVIEWED:1]
DFL_LEGENDS_RACE:stingray,刺𫚉,[REVIEWED:1]
DFL_LEGENDS_RACE:stingrays,刺魟,[REVIEWED:1]
DFL_LEGENDS_RACE:stoat,白鼬,[REVIEWED:1]
DFL_LEGENDS_RACE:stoat jack,雄鼬鼠,[REVIEWED:1]
DFL_LEGENDS_RACE:stoat jacks,雄鼬鼠,[REVIEWED:1]
DFL_LEGENDS_RACE:stoat jill,雌鼬鼠,[REVIEWED:1]
DFL_LEGENDS_RACE:stoat jills,雌鼬鼠,[REVIEWED:1]
DFL_LEGENDS_RACE:stoat man,白鼬人,[REVIEWED:1]
DFL_LEGENDS_RACE:stoat men,白鼬人,[REVIEWED:1]
DFL_LEGENDS_RACE:stoat woman,雌白鼬人,[REVIEWED:1]
DFL_LEGENDS_RACE:stoat women,雌白鼬人,[REVIEWED:1]
DFL_LEGENDS_RACE:stoats,白鼬,[REVIEWED:1]
DFL_LEGENDS_RACE:strangler,绞杀者,[REVIEWED:1]
DFL_LEGENDS_RACE:stranglers,绞杀者,[REVIEWED:1]
DFL_LEGENDS_RACE:sturgeon,鲟鱼,[REVIEWED:1]
DFL_LEGENDS_RACE:sturgeons,鲟鱼,[REVIEWED:1]
DFL_LEGENDS_RACE:suzhousaurus,肃州龙,[REVIEWED:1]
DFL_LEGENDS_RACE:suzhousaurus man,肃州龙人,[REVIEWED:1]
DFL_LEGENDS_RACE:suzhousaurus men,肃州龙人,[REVIEWED:1]
DFL_LEGENDS_RACE:suzhousaurus woman,雌肃州龙人,[REVIEWED:1]
DFL_LEGENDS_RACE:suzhousaurus women,雌肃州龙人,[REVIEWED:1]
DFL_LEGENDS_RACE:swan,天鹅,[REVIEWED:1]
DFL_LEGENDS_RACE:swan man,天鹅人,[REVIEWED:1]
DFL_LEGENDS_RACE:swan men,天鹅人,[REVIEWED:1]
DFL_LEGENDS_RACE:swan woman,雌天鹅人,[REVIEWED:1]
DFL_LEGENDS_RACE:swan women,雌天鹅人,[REVIEWED:1]
DFL_LEGENDS_RACE:swans,天鹅,[REVIEWED:1]
DFL_LEGENDS_RACE:swordfish,剑鱼,[REVIEWED:1]
DFL_LEGENDS_RACE:tapir,貘,[REVIEWED:1]
DFL_LEGENDS_RACE:tapir man,貘人,[REVIEWED:1]
DFL_LEGENDS_RACE:tapir men,貘人,[REVIEWED:1]
DFL_LEGENDS_RACE:tapir woman,雌貘人,[REVIEWED:1]
DFL_LEGENDS_RACE:tapir women,雌貘人,[REVIEWED:1]
DFL_LEGENDS_RACE:tapirs,貘,[REVIEWED:1]
DFL_LEGENDS_RACE:termite,白蚁,[REVIEWED:1]
DFL_LEGENDS_RACE:termites,白蚁,[REVIEWED:1]
DFL_LEGENDS_RACE:therizinosaurus,镰刀龙,[REVIEWED:1]
DFL_LEGENDS_RACE:therizinosaurus man,镰刀龙人,[REVIEWED:1]
DFL_LEGENDS_RACE:therizinosaurus men,镰刀龙人,[REVIEWED:1]
DFL_LEGENDS_RACE:therizinosaurus woman,雌镰刀龙人,[REVIEWED:1]
DFL_LEGENDS_RACE:therizinosaurus women,雌镰刀龙人,[REVIEWED:1]
DFL_LEGENDS_RACE:thornback ray,刺鳐,[REVIEWED:1]
DFL_LEGENDS_RACE:thornback rays,刺鳐,[REVIEWED:1]
DFL_LEGENDS_RACE:thrips,蓟马,[REVIEWED:1]
DFL_LEGENDS_RACE:thrips man,蓟马人,[REVIEWED:1]
DFL_LEGENDS_RACE:thrips men,蓟马人,[REVIEWED:1]
DFL_LEGENDS_RACE:thrips woman,女蓟马人,[REVIEWED:1]
DFL_LEGENDS_RACE:thrips women,女蓟马人,[REVIEWED:1]
DFL_LEGENDS_RACE:thylacine,袋狼,[REVIEWED:1]
DFL_LEGENDS_RACE:thylacine man,袋狼人,[REVIEWED:1]
DFL_LEGENDS_RACE:thylacine men,袋狼人,[REVIEWED:1]
DFL_LEGENDS_RACE:thylacine woman,雌袋狼人,[REVIEWED:1]
DFL_LEGENDS_RACE:thylacine women,雌袋狼人,[REVIEWED:1]
DFL_LEGENDS_RACE:tick,蜱虫,[REVIEWED:1]
DFL_LEGENDS_RACE:tick man,蜱虫人,[REVIEWED:1]
DFL_LEGENDS_RACE:tick men,蜱虫人,[REVIEWED:1]
DFL_LEGENDS_RACE:tick woman,女蜱虫人,[REVIEWED:1]
DFL_LEGENDS_RACE:tick women,女蜱虫人,[REVIEWED:1]
DFL_LEGENDS_RACE:ticks,蜱虫,[REVIEWED:1]
DFL_LEGENDS_RACE:tiercel peregrine,雄游隼,[REVIEWED:1]
DFL_LEGENDS_RACE:tiercel peregrines,雄游隼,[REVIEWED:1]
DFL_LEGENDS_RACE:tiger,虎,[REVIEWED:1]
DFL_LEGENDS_RACE:tiger man,虎人,[REVIEWED:1]
DFL_LEGENDS_RACE:tiger men,虎人,[REVIEWED:1]
DFL_LEGENDS_RACE:tiger shark,虎鲨,[REVIEWED:1]
DFL_LEGENDS_RACE:tiger sharks,虎鲨,[REVIEWED:1]
DFL_LEGENDS_RACE:tiger woman,女虎人,[REVIEWED:1]
DFL_LEGENDS_RACE:tiger women,女虎人,[REVIEWED:1]
DFL_LEGENDS_RACE:tigerfish,虎鱼,[REVIEWED:1]
DFL_LEGENDS_RACE:tigers,虎,[REVIEWED:1]
DFL_LEGENDS_RACE:tiktaalik,提塔利克鱼,[REVIEWED:1]
DFL_LEGENDS_RACE:tiktaalik man,提塔利克鱼人,[REVIEWED:1]
DFL_LEGENDS_RACE:tiktaalik men,提塔利克鱼人,[REVIEWED:1]
DFL_LEGENDS_RACE:tiktaalik woman,雌提塔利克鱼人,[REVIEWED:1]
DFL_LEGENDS_RACE:tiktaalik women,雌提塔利克鱼人,[REVIEWED:1]
DFL_LEGENDS_RACE:titanoboa,泰坦巨蟒,[REVIEWED:1]
DFL_LEGENDS_RACE:titanoboa man,泰坦巨蟒人,[REVIEWED:1]
DFL_LEGENDS_RACE:titanoboa men,泰坦巨蟒人,[REVIEWED:1]
DFL_LEGENDS_RACE:titanoboa woman,雌泰坦巨蟒人,[REVIEWED:1]
DFL_LEGENDS_RACE:titanoboa women,雌泰坦巨蟒人,[REVIEWED:1]
DFL_LEGENDS_RACE:toad,蟾蜍,[REVIEWED:1]
DFL_LEGENDS_RACE:toad man,蟾蜍人,[REVIEWED:1]
DFL_LEGENDS_RACE:toad men,蟾蜍人,[REVIEWED:1]
DFL_LEGENDS_RACE:toad woman,雌蟾蜍人,[REVIEWED:1]
DFL_LEGENDS_RACE:toad women,雌蟾蜍人,[REVIEWED:1]
DFL_LEGENDS_RACE:toads,蟾蜍,[REVIEWED:1]
DFL_LEGENDS_RACE:torvosaurus,蛮龙,[REVIEWED:1]
DFL_LEGENDS_RACE:torvosaurus man,蛮龙人,[REVIEWED:1]
DFL_LEGENDS_RACE:torvosaurus men,蛮龙人,[REVIEWED:1]
DFL_LEGENDS_RACE:torvosaurus woman,雌蛮龙人,[REVIEWED:1]
DFL_LEGENDS_RACE:torvosaurus women,雌蛮龙人,[REVIEWED:1]
DFL_LEGENDS_RACE:triceratops,三角龙,[REVIEWED:1]
DFL_LEGENDS_RACE:triceratops man,三角龙人,[REVIEWED:1]
DFL_LEGENDS_RACE:triceratops men,三角龙人,[REVIEWED:1]
DFL_LEGENDS_RACE:triceratops woman,雌三角龙人,[REVIEWED:1]
DFL_LEGENDS_RACE:triceratops women,雌三角龙人,[REVIEWED:1]
DFL_LEGENDS_RACE:trilobite,三叶虫,[REVIEWED:1]
DFL_LEGENDS_RACE:trilobite man,三叶虫人,[REVIEWED:1]
DFL_LEGENDS_RACE:trilobite men,三叶虫人,[REVIEWED:1]
DFL_LEGENDS_RACE:trilobite woman,雌三叶虫人,[REVIEWED:1]
DFL_LEGENDS_RACE:trilobite women,雌三叶虫人,[REVIEWED:1]
DFL_LEGENDS_RACE:troglodyte,穴居人,[REVIEWED:1]
DFL_LEGENDS_RACE:troglodytes,穴居人,[REVIEWED:1]
DFL_LEGENDS_RACE:troll,巨魔,[REVIEWED:1]
DFL_LEGENDS_RACE:trolls,巨魔,[REVIEWED:1]
DFL_LEGENDS_RACE:tsintaosaurus,青岛龙,[REVIEWED:1]
DFL_LEGENDS_RACE:tsintaosaurus man,青岛龙人,[REVIEWED:1]
DFL_LEGENDS_RACE:tsintaosaurus men,青岛龙人,[REVIEWED:1]
DFL_LEGENDS_RACE:tsintaosaurus woman,雌青岛龙人,[REVIEWED:1]
DFL_LEGENDS_RACE:tsintaosaurus women,雌青岛龙人,[REVIEWED:1]
DFL_LEGENDS_RACE:tullimonstrum,塔利怪物,[REVIEWED:1]
DFL_LEGENDS_RACE:tullimonstrum man,塔利怪物人,[REVIEWED:1]
DFL_LEGENDS_RACE:tullimonstrum men,塔利怪物人,[REVIEWED:1]
DFL_LEGENDS_RACE:tullimonstrum woman,雌塔利怪物人,[REVIEWED:1]
DFL_LEGENDS_RACE:tullimonstrum women,雌塔利怪物人,[REVIEWED:1]
DFL_LEGENDS_RACE:turkey,火鸡,[REVIEWED:1]
DFL_LEGENDS_RACE:turkey gobbler,公火鸡,[REVIEWED:1]
DFL_LEGENDS_RACE:turkey gobblers,公火鸡,[REVIEWED:1]
DFL_LEGENDS_RACE:turkey hen,母火鸡,[REVIEWED:1]
DFL_LEGENDS_RACE:turkey hens,母火鸡,[REVIEWED:1]
DFL_LEGENDS_RACE:turkeys,火鸡,[REVIEWED:1]
DFL_LEGENDS_RACE:two-humped camel,双峰骆驼,[REVIEWED:1]
DFL_LEGENDS_RACE:two-humped camel man,双峰骆驼人,[REVIEWED:1]
DFL_LEGENDS_RACE:two-humped camel men,双峰骆驼人,[REVIEWED:1]
DFL_LEGENDS_RACE:two-humped camel woman,女双峰骆驼人,[REVIEWED:1]
DFL_LEGENDS_RACE:two-humped camel women,女双峰骆驼人,[REVIEWED:1]
DFL_LEGENDS_RACE:two-humped camels,双峰骆驼,[REVIEWED:1]
DFL_LEGENDS_RACE:two-legged rhino lizard,双足犀蜥蜴,[REVIEWED:1]
DFL_LEGENDS_RACE:two-legged rhino lizards,双足犀蜥蜴,[REVIEWED:1]
DFL_LEGENDS_RACE:tyrannosaurus,霸王龙,[REVIEWED:1]
DFL_LEGENDS_RACE:tyrannosaurus man,霸王龙人,[REVIEWED:1]
DFL_LEGENDS_RACE:tyrannosaurus men,霸王龙人,[REVIEWED:1]
DFL_LEGENDS_RACE:tyrannosaurus woman,雌霸王龙人,[REVIEWED:1]
DFL_LEGENDS_RACE:tyrannosaurus women,雌霸王龙人,[REVIEWED:1]
DFL_LEGENDS_RACE:unicorn,独角兽,[REVIEWED:1]
DFL_LEGENDS_RACE:unicorns,独角兽,[REVIEWED:1]
DFL_LEGENDS_RACE:utahraptor,犹他盗龙,[REVIEWED:1]
DFL_LEGENDS_RACE:utahraptor man,犹他盗龙人,[REVIEWED:1]
DFL_LEGENDS_RACE:utahraptor men,犹他盗龙人,[REVIEWED:1]
DFL_LEGENDS_RACE:utahraptor woman,雌犹他盗龙人,[REVIEWED:1]
DFL_LEGENDS_RACE:utahraptor women,雌犹他盗龙人,[REVIEWED:1]
DFL_LEGENDS_RACE:velociraptor,伶盗龙,[REVIEWED:1]
DFL_LEGENDS_RACE:velociraptor man,伶盗龙人,[REVIEWED:1]
DFL_LEGENDS_RACE:velociraptor men,伶盗龙人,[REVIEWED:1]
DFL_LEGENDS_RACE:velociraptor woman,雌伶盗龙人,[REVIEWED:1]
DFL_LEGENDS_RACE:velociraptor women,雌伶盗龙人,[REVIEWED:1]
DFL_LEGENDS_RACE:voracious cave crawler,贪婪的洞穴爬虫,[REVIEWED:1]
DFL_LEGENDS_RACE:voracious cave crawlers,贪婪的洞穴爬虫,[REVIEWED:1]
DFL_LEGENDS_RACE:vulture,秃鹫,[REVIEWED:1]
DFL_LEGENDS_RACE:vulture man,秃鹫人,[REVIEWED:1]
DFL_LEGENDS_RACE:vulture men,秃鹫人,[REVIEWED:1]
DFL_LEGENDS_RACE:vulture woman,女秃鹫人,[REVIEWED:1]
DFL_LEGENDS_RACE:vulture women,女秃鹫人,[REVIEWED:1]
DFL_LEGENDS_RACE:vultures,秃鹫,[REVIEWED:1]
DFL_LEGENDS_RACE:wagon,货车,[REVIEWED:1]
DFL_LEGENDS_RACE:wagons,货车,[REVIEWED:1]
DFL_LEGENDS_RACE:walrus,海象,[REVIEWED:1]
DFL_LEGENDS_RACE:walrus man,海象人,[REVIEWED:1]
DFL_LEGENDS_RACE:walrus men,海象人,[REVIEWED:1]
DFL_LEGENDS_RACE:walrus woman,女海象人,[REVIEWED:1]
DFL_LEGENDS_RACE:walrus women,女海象人,[REVIEWED:1]
DFL_LEGENDS_RACE:walruses,海象,[REVIEWED:1]
DFL_LEGENDS_RACE:warthog,疣猪,[REVIEWED:1]
DFL_LEGENDS_RACE:warthog man,疣猪人,[REVIEWED:1]
DFL_LEGENDS_RACE:warthog men,疣猪人,[REVIEWED:1]
DFL_LEGENDS_RACE:warthog woman,女疣猪人,[REVIEWED:1]
DFL_LEGENDS_RACE:warthog women,女疣猪人,[REVIEWED:1]
DFL_LEGENDS_RACE:warthogs,疣猪,[REVIEWED:1]
DFL_LEGENDS_RACE:water buffalo,水牛,[REVIEWED:1]
DFL_LEGENDS_RACE:water buffalo bull,公水牛,[REVIEWED:1]
DFL_LEGENDS_RACE:water buffalo bulls,公水牛,[REVIEWED:1]
DFL_LEGENDS_RACE:water buffalo cow,母水牛,[REVIEWED:1]
DFL_LEGENDS_RACE:water buffalo cows,母水牛,[REVIEWED:1]
DFL_LEGENDS_RACE:water buffalos,水牛,[REVIEWED:1]
DFL_LEGENDS_RACE:weasel,黄鼬,[REVIEWED:1]
DFL_LEGENDS_RACE:weasel man,黄鼬人,[REVIEWED:1]
DFL_LEGENDS_RACE:weasel men,黄鼬人,[REVIEWED:1]
DFL_LEGENDS_RACE:weasel woman,雌黄鼬人,[REVIEWED:1]
DFL_LEGENDS_RACE:weasel women,雌黄鼬人,[REVIEWED:1]
DFL_LEGENDS_RACE:weasels,黄鼬,[REVIEWED:1]
DFL_LEGENDS_RACE:whale shark,鲸鲨,[REVIEWED:1]
DFL_LEGENDS_RACE:whale sharks,鲸鲨,[REVIEWED:1]
DFL_LEGENDS_RACE:white stork,白鹳,[REVIEWED:1]
DFL_LEGENDS_RACE:white stork man,白鹳人,[REVIEWED:1]
DFL_LEGENDS_RACE:white stork men,白鹳人,[REVIEWED:1]
DFL_LEGENDS_RACE:white stork woman,雌白鹳人,[REVIEWED:1]
DFL_LEGENDS_RACE:white stork women,雌白鹳人,[REVIEWED:1]
DFL_LEGENDS_RACE:white storks,白鹳,[REVIEWED:1]
DFL_LEGENDS_RACE:white-browed gibbon,白眉长臂猿,[REVIEWED:1]
DFL_LEGENDS_RACE:white-browed gibbons,白眉长臂猿,[REVIEWED:1]
DFL_LEGENDS_RACE:white-handed gibbon,白掌长臂猿,[REVIEWED:1]
DFL_LEGENDS_RACE:white-handed gibbons,白掌长臂猿,[REVIEWED:1]
DFL_LEGENDS_RACE:white-spotted puffer,白斑河豚,[REVIEWED:1]
DFL_LEGENDS_RACE:white-spotted puffers,白斑河豚,[REVIEWED:1]
DFL_LEGENDS_RACE:whitetip reef shark,白鳍礁鲨,[REVIEWED:1]
DFL_LEGENDS_RACE:whitetip reef sharks,白鳍礁鲨,[REVIEWED:1]
DFL_LEGENDS_RACE:wild boar,野猪,[REVIEWED:1]
DFL_LEGENDS_RACE:wild boar man,野猪人,[REVIEWED:1]
DFL_LEGENDS_RACE:wild boar men,野猪人,[REVIEWED:1]
DFL_LEGENDS_RACE:wild boar sow,雌野猪,[REVIEWED:1]
DFL_LEGENDS_RACE:wild boar sows,雌野猪,[REVIEWED:1]
DFL_LEGENDS_RACE:wild boar woman,女野猪人,[REVIEWED:1]
DFL_LEGENDS_RACE:wild boar women,女野猪人,[REVIEWED:1]
DFL_LEGENDS_RACE:wild boars,雄野猪,[REVIEWED:1]
DFL_LEGENDS_RACE:wiwaxia,威瓦克虫,[REVIEWED:1]
DFL_LEGENDS_RACE:wiwaxia man,威瓦西虫人,[REVIEWED:1]
DFL_LEGENDS_RACE:wiwaxia men,威瓦西虫人,[REVIEWED:1]
DFL_LEGENDS_RACE:wiwaxia woman,雌威瓦西虫人,[REVIEWED:1]
DFL_LEGENDS_RACE:wiwaxia women,雌威瓦西虫人,[REVIEWED:1]
DFL_LEGENDS_RACE:wolf,狼,[REVIEWED:1]
DFL_LEGENDS_RACE:wolf man,狼人,[REVIEWED:1]
DFL_LEGENDS_RACE:wolf men,狼人,[REVIEWED:1]
DFL_LEGENDS_RACE:wolf woman,女狼人,[REVIEWED:1]
DFL_LEGENDS_RACE:wolf women,女狼人,[REVIEWED:1]
DFL_LEGENDS_RACE:wolverine,狼獾,[REVIEWED:1]
DFL_LEGENDS_RACE:wolverine man,狼獾人,[REVIEWED:1]
DFL_LEGENDS_RACE:wolverine men,狼獾人,[REVIEWED:1]
DFL_LEGENDS_RACE:wolverine woman,女狼獾人,[REVIEWED:1]
DFL_LEGENDS_RACE:wolverine women,女狼獾人,[REVIEWED:1]
DFL_LEGENDS_RACE:wolverines,狼獾,[REVIEWED:1]
DFL_LEGENDS_RACE:wolves,狼,[REVIEWED:1]
DFL_LEGENDS_RACE:wombat,袋熊,[REVIEWED:1]
DFL_LEGENDS_RACE:wombat man,袋熊人,[REVIEWED:1]
DFL_LEGENDS_RACE:wombat men,袋熊人,[REVIEWED:1]
DFL_LEGENDS_RACE:wombat woman,雌袋熊人,[REVIEWED:1]
DFL_LEGENDS_RACE:wombat women,雌袋熊人,[REVIEWED:1]
DFL_LEGENDS_RACE:wombats,袋熊,[REVIEWED:1]
DFL_LEGENDS_RACE:woolly mammoth,猛犸象,[REVIEWED:1]
DFL_LEGENDS_RACE:woolly mammoth man,猛犸象人,[REVIEWED:1]
DFL_LEGENDS_RACE:woolly mammoth men,猛犸象人,[REVIEWED:1]
DFL_LEGENDS_RACE:woolly mammoth woman,雌猛犸象人,[REVIEWED:1]
DFL_LEGENDS_RACE:woolly mammoth women,雌猛犸象人,[REVIEWED:1]
DFL_LEGENDS_RACE:woolly rhinoceros,披毛犀,[REVIEWED:1]
DFL_LEGENDS_RACE:woolly rhinoceros man,披毛犀人,[REVIEWED:1]
DFL_LEGENDS_RACE:woolly rhinoceros men,披毛犀人,[REVIEWED:1]
DFL_LEGENDS_RACE:woolly rhinoceros woman,雌披毛犀人,[REVIEWED:1]
DFL_LEGENDS_RACE:woolly rhinoceros women,雌披毛犀人,[REVIEWED:1]
DFL_LEGENDS_RACE:worker ant,蚂蚁工蚁,[REVIEWED:1]
DFL_LEGENDS_RACE:worker ant woman,雌工蚁人,[REVIEWED:1]
DFL_LEGENDS_RACE:worker ant women,雌工蚁人,[REVIEWED:1]
DFL_LEGENDS_RACE:worker ants,蚂蚁工蚁,[REVIEWED:1]
DFL_LEGENDS_RACE:worker termite,白蚁工蚁,[REVIEWED:1]
DFL_LEGENDS_RACE:worker termites,白蚁工蚁,[REVIEWED:1]
DFL_LEGENDS_RACE:worm,蠕虫,[REVIEWED:1]
DFL_LEGENDS_RACE:worm man,蠕虫人,[REVIEWED:1]
DFL_LEGENDS_RACE:worm men,蠕虫人,[REVIEWED:1]
DFL_LEGENDS_RACE:worms,蠕虫,[REVIEWED:1]
DFL_LEGENDS_RACE:wren,鹪鹩,[REVIEWED:1]
DFL_LEGENDS_RACE:wren man,鹪鹩人,[REVIEWED:1]
DFL_LEGENDS_RACE:wren men,鹪鹩人,[REVIEWED:1]
DFL_LEGENDS_RACE:wren woman,雌鹪鹩人,[REVIEWED:1]
DFL_LEGENDS_RACE:wren women,雌鹪鹩人,[REVIEWED:1]
DFL_LEGENDS_RACE:wrens,鹪鹩,[REVIEWED:1]
DFL_LEGENDS_RACE:yak,牦牛,[REVIEWED:1]
DFL_LEGENDS_RACE:yak bull,公牦牛,[REVIEWED:1]
DFL_LEGENDS_RACE:yak bulls,公牦牛,[REVIEWED:1]
DFL_LEGENDS_RACE:yak cow,母牦牛,[REVIEWED:1]
DFL_LEGENDS_RACE:yak cows,母牦牛,[REVIEWED:1]
DFL_LEGENDS_RACE:yaks,牦牛,[REVIEWED:1]
DFL_LEGENDS_RACE:yellow bullhead,黄鲇鱼,[REVIEWED:1]
DFL_LEGENDS_RACE:yellow bullheads,黄鲶鱼,[REVIEWED:1]
DFL_LEGENDS_RACE:yeti,雪怪,[REVIEWED:1]
DFL_LEGENDS_RACE:yetis,雪怪,[REVIEWED:1]
