text,translation,tags
 Desired grid height for scaling (default = 64),网格缩放所需高度（默认=64）,
 Desired grid width for scaling (default = 170),网格缩放所需宽度（默认=170）,
 Drainage Weighted Range (0-20),排水加权范围 (0–20),
 Drainage Weighted Range (20-40),排水加权范围 (20–40),
 Drainage Weighted Range (40-60),排水加权范围 (40–60),
 Drainage Weighted Range (60-80),降雨加权范围 (60–80),
 Drainage Weighted Range (80-100),排水加权范围 (80–100),
 Elevation Weighted Range (0-20),海拔加权范围 (0–20),
 Elevation Weighted Range (20-40),海拔加权范围 (20–40),
 Elevation Weighted Range (40-60),海拔加权范围 (40–60),
 Elevation Weighted Range (60-80),海拔加权范围 (60–80),
 Elevation Weighted Range (80-100),海拔加权范围 (80–100),
 Interface scaling percentage if not fitting width,界面缩放百分比（如果宽度不适配）,
 Rain Weighted Range (0-20),降雨加权范围 (0–20),
 Rain Weighted Range (20-40),降雨加权范围 (20–40),
 Rain Weighted Range (40-60),降雨加权范围 (40–60),
 Rain Weighted Range (60-80),排水加权范围 (60–80),
 Rain Weighted Range (80-100),降雨加权范围 (80–100),
 Savagery Weighted Range (0-20),野蛮加权范围 (0–20),
 Savagery Weighted Range (20-40),野蛮加权范围 (20–40),
 Savagery Weighted Range (40-60),野蛮加权范围 (40–60),
 Savagery Weighted Range (60-80),野蛮加权范围 (60–80),
 Savagery Weighted Range (80-100),野蛮加权范围 (80–100),
 Seed,种子,
 Temperature Weighted Range (0-20),温度加权范围 (0–20),
 Temperature Weighted Range (20-40),温度加权范围 (20–40),
 Temperature Weighted Range (40-60),温度加权范围 (40–60),
 Temperature Weighted Range (60-80),温度加权范围 (60–80),
 Temperature Weighted Range (80-100),温度加权范围 (80–100),
 Volcanism Weighted Range (0-20),火山活动加权范围 (0–20),
 Volcanism Weighted Range (20-40),火山活动加权范围 (20–40),
 Volcanism Weighted Range (40-60),火山活动加权范围 (40–60),
 Volcanism Weighted Range (60-80),火山活动加权范围 (60–80),
 Volcanism Weighted Range (80-100),火山活动加权范围 (80–100),
(Active),（当前）,
(Adventure) Awaken,（冒险）醒来,
(Adventure) Sleep interrupted,（冒险）睡眠被打断,
(Charge) (A) Bounced back,（冲锋）反震弹回（主动）,
(Charge) (A) Tumble,（冲锋）顺势翻滚（主动）,
(Charge) (D) Knocked over,（冲锋）掀翻在地（被动）,
(Charge) (D) Tumble,（冲锋）弹飞摔倒（被动）,
(Charge) Collision,（冲锋）撞击,
(Charge) Tangle,（冲锋）陷入缠斗,
(Charge) Tangle/tumble,（冲锋）缠斗翻滚,
(Combat) Attack stuck in,（战斗）攻击被卡住,
(Combat) Natural attack latched,（战斗）自然攻击缠住目标,
(Custom),（自定义）,
(Strange mood) Building claimed,（奇怪情绪）建筑被占用,
(Wrestle) Chokehold,（缠斗）锁喉扼制,
(Wrestle) Joint lock,（缠斗）关节技锁敌,
(Wrestle) Takedown,（摔跤）擒倒,
(Wrestle) Throw,（摔跤）投掷,
(Wrestling) Break grip,（摔跤）破坏抓握,
1st,第1,
2nd,第2,
3rd,第3,
A ballista fires a ballista arrow in a fixed direction. The operator can adjust the aim freely within a cone.,弩炮向固定方向发射弩炮大箭。操作员可以在一个锥形范围内自由调整瞄准。,
A bolt thrower fires a regular bolts rapidly. The operator swivels the machine from any available adjacent tiles.,弩箭投射器能快速发射常规弩矢。操作员从任意相邻可用地块旋转机器。,
A catapult fires a boulder in a fixed direction. The operator can adjust the aim freely within a cone.,投石机向固定方向发射岩块。操作员可以在一个锥形范围内自由调整瞄准。,
A chain can be placed for use in the justice system or for the restraint of an animal.,可以放置链条用于司法系统或束缚动物。,
A gigantic snail composed of grime and filth.  It has wings and it has a gaunt appearance.  Beware its deadly spittle!,一种由污垢和秽物构成的巨大蜗牛。它长有翅膀，外表憔悴。当心其致命的唾沫！,
A great feathered humanoid.  It has a pair of long antennae.  Its black feathers are fluffed-out.  This night creature was first created by the dwarven dark stalker Momuz Rawnesscastle of Shockcrafts after horrible experiments on multitudes in Cavernroads in the year 1887.,一种巨大的有羽毛人形生物。它有一对长长的触角。它的黑色羽毛蓬松张开。这种夜行生物最初由矮人黑暗追踪者——惊骇工艺的莫穆兹·罗内斯堡在1887年于洞窟之路对众人进行恐怖实验后创造。,
"A great one-eyed tick.  It has two long, spiral horns and it moves deliberately.  Its rose taupe exoskeleton is leathery.  Beware its fire!",一只巨大的独眼蜱虫。它长有两个长长的螺旋状角，行动从容不迫。它的玫瑰灰褐色的外骨骼坚韧如皮革。当心它的火焰！,
a lack of abstract thinking,没机会动脑思考,
a lack of decent meals,缺少像样的饭菜,
a lack of introspection,缺乏自省,
a lack of trouble-making,没有制造麻烦,
A large humanoid with lidless eyes. It has a short tail and its joints are backward. Its gray skin is waxy. Now you will know why you fear the night.,一种没有眼睑的大型人形生物。它有一条短尾，关节向后弯曲。它的灰色皮肤像蜡一样。现在你将明白为何惧怕黑夜。,
A large skink twisted into humanoid form. It is crazed for blood and flesh. Its eyes glow blue. Its charcoal scales are blocky and close-set. Now you will know why you fear the night.,一只被扭曲成人形的大型石龙子。它嗜血嗜肉，疯狂不已。它的眼睛发着蓝光。它的炭黑色鳞片呈块状且紧密排列。现在你将明白为何惧怕黑夜。,
A small skinless humanoid.  It has a curling trunk and it hurls vicious insults constantly.  Now you will know why you fear the night.,一种小型无皮人形生物。它长有卷曲的鼻子，并不断发出恶毒的辱骂。现在你将明白为何惧怕黑夜。,
A towering slug composed of salt.  It has wings and it has a gaunt appearance.,一种由盐构成的巨大蛞蝓。它长有翅膀，外表憔悴。,
A useful workshop for pressing liquids from various sources. Some plants might need to be milled first before they can be used. Empty jugs are required to store the liquid products.,一个实用的工坊，用于从各种原料中压榨液体。有些植物可能需要先研磨才能使用。需要空壶来储存液体产品。,
A very large feathered humanoid.  It has a pair of squat antennae and with singular purpose it seeks to destroy the living.  Its slate gray feathers are fluffed-out.  Now you will know why you fear the night.,一种非常大型的有羽毛人形生物。它有一对短粗的触角，怀着唯一的目标——寻求毁灭生者。它的石板灰色羽毛蓬松张开。现在你将明白为何惧怕黑夜。,
A wide variety of food-and-drink-related workshops can be found in this category.,此类别包含多种与食品和酒水相关的工坊。,
aardvark men,雄土豚人,
aardvark women,雌土豚人,
aardvarks,土豚,
Abated,减轻的,
Abatement,消减,
Abbey,修道院,
Ablish,埃布利,
Äbor,埃博尔,
about not having a tomb after gaining another year,关于获得另一个生日后没有陵墓,
Above average,高于平均,
Absolute,绝对的,
ABSTRACT INCLINED,抽象思维,
Abysmal,极差的,
Abyss,深渊,
Abyssal,深海的,
Acceptance,接受,
accepting,接纳,
Accident,事故,
Accidental,偶然的,
Accommodations,住宿,
Accuse listener of being a night creature,指责对方是夜行生物,
Ace,王牌,
Ache,疼痛,
Aching,疼痛的,
acorn flies,橡子蝇,
Acquiescing,顺从,
acquiring something,得到想要的东西,
Acrid,辛辣的,
Act,行动,
Action,举措,
ACTIVITY LEVEL,活跃度,
Adag,埃达格,
adamantine-cloth-wear (global),精金布穿戴检测（全局）,
Adas,埃达斯,
Add,新增,
"Add a ""Make bed"" task",添加一个“制作床”的任务,
adder men,男蝰蛇人,
adder women,女蝰蛇人,
adders,蝰蛇,
Addor,埃多尔,
Adesh,埃德石,
admiration,钦佩,
Admiration,钦佩,
Admired,受钦佩的,
Admirer,仰慕者,
admiring art,欣赏艺术,
Adorable,可爱的,
adoration,崇拜,
Adoration,崇拜,
Adulation,奉承,
Adv,冒险,
Adventure,冒险,
Adventurer,冒险,
Adventurous,冒险的,
Aegirocassis,海神盔虾,
Aegirocassis man,雄海神盔虾人,
Aegirocassis men,雄海神盔虾人,
Aegirocassis woman,雌海神盔虾人,
Aegirocassis women,雌海神盔虾人,
Aegirocassises,海神盔虾,
Afen,埃芬,
affection,喜爱,
Affection,喜爱,
Afflicted,受苦的,
Affliction,痛苦,
afraid,害怕,
Afrovenator,非洲猎龙,
Afrovenator man,雄非洲猎龙人,
Afrovenator men,雄非洲猎龙人,
Afrovenator woman,雌非洲猎龙人,
Afrovenator women,雌非洲猎龙人,
Afrovenators,非洲猎龙,
after a bath,洗完澡后,
after a long-dead corpse was convicted of a crime,一具久远的尸体被判定有罪后,
after a soapy bath,洗完肥皂澡后,
after a sparring session,比武练习结束后,
after adopting a new pet,收养新宠物后,
after an animal was convicted of a crime,动物被判定有罪后,
after beating somebody with a hammer,用锤子殴打某人后,
after becoming a parent,成为父母后,
after being able to rest and recuperate,被能够休息和恢复后,
after being attacked,被攻击后,
after being attacked by the dead,被死者攻击后,
after being beaten,被殴打后,
after being beaten with a hammer,被锤子殴打后,
after being confined,被监禁后,
after being disturbed during sleep by loud noises,在睡眠中被巨大的噪音干扰后,
after being forced to eat a beloved creature to survive,被迫食用心爱的生物以求生后,
after being forced to eat a treasured pet to survive,被迫食用珍贵的宠物以求生后,
after being forced to eat vermin to survive,被迫捕食害虫以求生后,
after being forced to endure the decay of a animal training partner.,被迫忍受动物训练伙伴的腐烂尸体后,
after being forced to endure the decay of a annoying acquaintance.,被迫忍受令人讨厌的熟人的腐烂尸体后,
after being forced to endure the decay of a child.,被迫忍受孩子的腐烂尸体后,
after being forced to endure the decay of a father.,被迫忍受父亲的腐烂尸体后,
after being forced to endure the decay of a friend.,被迫忍受朋友的腐烂尸体后,
after being forced to endure the decay of a lover.,被迫忍受情人的腐烂尸体后,
after being forced to endure the decay of a mother.,被迫忍受母亲的腐烂尸体后,
after being forced to endure the decay of a pet.,被迫忍受宠物的腐烂尸体后,
after being forced to endure the decay of a sibling.,被迫忍受兄弟姐妹的腐烂尸体后,
after being forced to endure the decay of a spouse.,被迫忍受配偶的腐烂尸体后,
after being knocked out during a cave-in,在塌方中被击昏后,
after being nauseated by the sun,被阳光弄得反胃后,
after being released from confinement,从监禁中获释后,
after being rescued,被救援后,
after being tormented in nightmares by a dead animal training partner,被已死的动物训练伙伴在噩梦中折磨后,
after being tormented in nightmares by a dead child,被已死的孩子在噩梦中折磨后,
after being tormented in nightmares by a dead father,被已死的父亲在噩梦中折磨后,
after being tormented in nightmares by a dead friend,被已死的朋友在噩梦中折磨后,
after being tormented in nightmares by a dead lover,被已死的情人在噩梦中折磨后,
after being tormented in nightmares by a dead mother,被已死的母亲在噩梦中折磨后,
after being tormented in nightmares by a dead pet,被已死的宠物在噩梦中折磨后,
after being tormented in nightmares by a dead sibling,被已死的兄弟姐妹在噩梦中折磨后,
after being tormented in nightmares by a dead spouse,被已死的配偶在噩梦中折磨后,
after being tormented in nightmares by a dead still annoying acquaintance,被已死的仍然令人讨厌的熟人在噩梦中折磨后,
after being unable to find a hammer,找不到锤子后,
after bringing somebody to rest in bed,将某人带到床上休息后,
after choking on dust underground,在地下被灰尘呛到后,
after choking on smoke underground,在地下被烟雾呛到后,
after creating an artifact,制作神器后,
after eating a fine dish,享用了一顿精美的菜肴后,
after eating a legendary meal,享用了一顿传奇的饭菜后,
after eating a pretty decent meal,享用了一顿相当不错的饭菜后,
after eating a truly decadent dish,享用了一顿真正的奢华菜肴后,
after eating a wonderful dish,享用了一顿奇妙的菜肴后,
after entering the nobility,进入贵族身份后,
after felling a tree,砍倒一棵树后,
after forming a bond with an animal training partner,与动物训练伙伴建立情谊后,
after forming a grudge,产生怨恨后,
after gaining a sibling,获得兄弟姐妹后,
after gaining siblings,获得多个兄弟姐妹后,
after getting into an argument,发生争吵后,
after giving somebody food,给某人食物后,
after giving somebody water,给某人水后,
after having a fine drink,享用了一杯精美的饮品后,
after having a legendary drink,享用了一杯传奇的饮品后,
after having a pretty decent drink,享用了一杯相当不错的饮品后,
after having a truly decadent drink,享用了一杯真正的奢华的饮品后,
after having a wonderful drink,享用了一杯奇妙的饮品后,
after loud noises made it impossible to sleep,在嘈杂的声音使其无法入睡后,
after making a friend,交到新朋友后,
after producing a masterwork,制作杰作后,
after punishing somebody with a beating,以殴打惩罚某人后,
after putting a piece on display,展示一件物品后,
after receiving a higher rank of nobility,获得更高爵位的贵族身份后,
after receiving food,接受食物后,
after receiving water,接受水后,
after retching on a miasma,在臭气中干呕后,
after sleeping in a awful bedroom,在一间糟糕的卧室入睡后,
after sleeping in a bedroom like a personal palace,在一间个人宫殿般的卧室里入睡后,
after sleeping in a fantastic bedroom,在一间奇妙的卧室里入睡后,
after sleeping in a good bedroom,在一间好的卧室里入睡后,
after sleeping in a great bedroom,在一间绝妙的卧室里入睡后,
after sleeping in a horrible bedroom,在一间可怕的卧室入睡后,
after sleeping in a horribly substandard bedroom,在一间严重不合标准的卧室入睡后,
after sleeping in a poor bedroom,在一间差的卧室入睡后,
after sleeping in a very good bedroom,在一间非常好的卧室里入睡后,
after sleeping in a very poor bedroom,在一间非常差的卧室入睡后,
after sleeping uneasily due to noise,因噪音而睡不安稳后,
after sleeping without a proper room,在没有适当房间的情况下入睡后,
after smashing up a building,破坏建筑后,
after starting a fist fight,开始打架后,
after suffering a major injury,遭受重伤后,
after suffering a minor injury,遭受轻伤后,
after suffering the travesty of art defacement,遭受艺术品破坏的悲剧后,
after talking to a pillar of society,与社会栋梁交谈后,
after the bizarre conviction against all reason of the victim of a crime,犯罪受害者被不合理地判定有罪后,
after the delayed punishment of a criminal,罪犯的惩罚被推迟后,
after throwing something,扔东西后,
after toppling something over,推倒东西后,
after watching a performance,观看表演后,
Age,年龄,
Ageless,永恒的,
Âgez,埃格兹,
aggravated,恼火,
Aggravation,恼火,
Agile,敏捷性,
agility,敏捷,
agitated,焦躁,
Agitation,焦躁,
Agony,极度痛苦,
Air,空气,
Äkig,埃基格,
Akmam,埃玛姆,
Akrel,埃克雷,
Akuth,埃库斯,
Alarm,惊慌,
alarmed,惊慌,
albatross men,雄信天翁人,
albatross women,雌信天翁人,
albatrosses,信天翁,
Alchemical,炼金术的,
Alchemy,炼金术,
Ale,麦芽酒,
Alert,警告,
Alienation,被疏离,
alignment,阵营,
All,所有,
Allegiance,忠诚,
Alliance,联盟,
Allied,同盟的,
alligator men,男短吻鳄人,
alligator snapping turtles,大鳄龟,
alligator women,女短吻鳄人,
alligators,短吻鳄,
Allosaurus,异特龙,
Allosaurus man,雄异特龙人,
Allosaurus men,雄异特龙人,
Allosaurus woman,雌异特龙人,
Allosaurus women,雌异特龙人,
Allosauruses,异特龙,
Allow Demonic Experiments,允许恶魔进行实验,
Allow Divination,允许占卜,
Allow floor/wall cleaning,允许楼板/墙体的清洁工作,
Allow Init Embark Options to Show Tunnels,允许在出征选项中显示地道,
Allow Mythical Healing,允许神话治愈,
Allow Necromancer Experiments,允许死灵法师进行实验,
Allow Necromancer Ghouls,允许死灵食尸鬼,
Allow Necromancer Lieutenants,允许死灵法师副官,
Allow Necromancer Summons,允许死灵召唤物,
Allow trap cleaning,允许陷阱的清洁工作,
Allow trap rearming,允许重新布置陷阱,
Ally,盟友,
alpacas,羊驼,
ALTRUISM,利他主义,
Altruistic,利他,
Aluminum-bearing items,含铝物品,
Always,总是,
Am,埃姆,
Amargasaurus,阿玛加龙,
Amargasaurus man,雄阿玛加龙人,
Amargasaurus men,雄阿玛加龙人,
Amargasaurus woman,雌阿玛加龙人,
Amargasaurus women,雌阿玛加龙人,
Amargasauruses,阿玛加龙,
Amazement,惊奇,
Amazing,惊人的,
Amber,琥珀,
Ambiguity,歧义,
Ambiguous,模糊的,
AMBITION,野心,
Ambitious,雄心勃勃,
Ambivalence,矛盾,
ambivalent,矛盾,
Ambush (resident),伏击（居民）,
"Ambush (thief, nature)",伏击（盗贼，自然）,
"Ambush (thief, other)",伏击（盗贼，其他）,
Amenities,便利设施,
Amethyst,紫水晶,
amethyst men,紫水晶人,
Âmid,埃米德,
Amluth,埃姆鲁,
Ammo items,弹药类物品,
Ammonite,菊石,
Ammonite man,雄菊石人,
Ammonite men,雄菊石人,
Ammonite woman,雌菊石人,
Ammonite women,雌菊石人,
Ammonites,菊石,
amphibian men,雄两栖动物人,
amphibian women,雌两栖动物人,
amused,好笑,
Amusing,有趣的,
anaconda men,雄水蟒人,
anaconda women,雌水蟒人,
anacondas,水蟒,
analytical ability,分析能力,
Anban,埃恩班,
anchovies,凤尾鱼,
Ancient,古代,
Andrewsarchus,安氏中兽,
Andrewsarchus man,雄安氏中兽人,
Andrewsarchus men,雄安氏中兽人,
Andrewsarchus woman,雌安氏中兽人,
Andrewsarchus women,雌安氏中兽人,
Andrewsarchuses,安氏中兽,
Angel,天使,
Angelic,天使般的,
angelsharks,扁鲨,
Angen,安根,
Anger,愤怒,
ANGER PROPENSITY,易怒倾向,
Anger-prone,易怒,
Angst,焦虑不安,
Anguished,痛苦的,
Animal,动物,
Animal birth,动物出生,
Animal Hauling,搬运动物,
Animal trap robbed,动物陷阱被洗劫,
Animal trapped,动物被捕获,
"Animal traps can be placed in the wild and baited with meat, plants, or gems, in order to catch small creatures.",动物陷阱可以放置在野外，并用肉、植物或宝石作为诱饵，以捕捉小型生物。,
Ankle,脚踝,
Ankylosaurus,甲龙,
Ankylosaurus man,雄甲龙人,
Ankylosaurus men,雄甲龙人,
Ankylosaurus woman,雌甲龙人,
Ankylosaurus women,雌甲龙人,
Ankylosauruses,甲龙,
Announce all job cancellations,提示所有任务取消,
Announce most job cancellations,提示大部分任务取消,
Announce no job cancellations,不提示任务取消,
Announce some job cancellations,提示部分任务取消,
Announcements,通知,
Annoyance,烦恼,
annoyed,烦恼,
anole men,男安乐蜥人,
anole women,女安乐蜥人,
anoles,安乐蜥,
Anomalocaris man,男奇虾人,
Anomalocaris men,男奇虾人,
Anomalocaris woman,女奇虾人,
Anomalocaris women,女奇虾人,
Anteosaurus,安蒂欧兽,
Anteosaurus man,雄安蒂欧兽人,
Anteosaurus men,雄安蒂欧兽人,
Anteosaurus woman,雌安蒂欧兽人,
Anteosaurus women,雌安蒂欧兽人,
Anteosauruses,安蒂欧兽,
Anûz,埃努兹,
Anvil,铁砧,
Anxiety,焦虑,
ANXIETY PROPENSITY,焦虑倾向,
anxious,焦虑,
Anxious,焦虑,
Apathy,冷漠,
Ape,猿,
Apex,顶点,
Apogee,远地点,
Appearance,外观,
Apple,苹果,
Apply saved settings for new embarks:,新开据点应用已保存的设置：,
Aqua,水色的,
Aquamarine,海蓝宝石,
Arch,拱门,
Archaeopteryx man,男始祖鸟人,
Archaeopteryx men,男始祖鸟人,
Archaeopteryx woman,女始祖鸟人,
Archaeopteryx women,女始祖鸟人,
Archelon,古巨龟,
Archelon man,雄古巨龟人,
Archelon men,雄古巨龟人,
Archelon woman,雌古巨龟人,
Archelon women,雌古巨龟人,
Archelons,古巨龟,
Archery targets are used in archery range zones for training archers.,箭靶用于射箭场区域训练射手。,
"Archery targets, siege weapons, and some ornamental display items can be found in this category.",箭靶、攻城武器和一些装饰性展示物品可以在此类别中找到。,
Architecture:,建筑：,
Ardent,热情的,
Arena,竞技场,
arguing,争辩,
Arin,埃林,
Arm,手臂,
armadillo boars,雄犰狳,
armadillo men,男犰狳人,
armadillo sows,雌犰狳,
armadillo women,女犰狳人,
Armor,盔甲,
Armor and Garb:,盔甲与服装：,
Armored,装甲的,
Armory,军械库,
Arom,埃罗姆,
Arösh,埃罗石,
Arousal,兴奋,
aroused,兴奋,
Arrow,羽箭,
Arrug,埃鲁格,
ART INCLINED,艺术倾向,
Artery torn,动脉破裂,
Arthropleura,古马陆,
Arthropleura man,雄古马陆人,
Arthropleura men,雄古马陆人,
Arthropleura woman,雌古马陆人,
Arthropleura women,雌古马陆人,
Arthropleuras,古马陆,
Artifact,神器,
Artifact construction begun,神器建造开始,
Artifact made,神器制作完成,
Artifice,诡计,
Artificial,人造的,
Artistically inclined,倾向艺术思维,
Artwork,艺术,
Asdos,埃斯多,
Asdûg,埃杜格,
Asen,埃森,
Ash,灰烬,
Ashen,灰白的,
"Ask about available services, drinks, rooms, etc.",询问可提供的服务、酒水和房间等,
Ask about listener's family,询问对方的家庭,
Ask about somebody (new menu),打听某人（新目录）,
Ask about the listener's master or boss,询问听者的主人或上司,
Ask about the listener's schemes and plots,询问听者的计谋和计划,
Ask about the local ruler,询问当地统治者的情况,
Ask about the structure you are in,打听你所在这座建筑的情况,
Ask about the surrounding area,询问周围地区的情况,
Ask about this site's neighbors and trade partners,询问此地的邻居和贸易伙伴,
"Ask favor, place request, make demand or issue order (new menu)",请求帮忙、提出请求、发出要求或下达命令（新目录）,
Ask for a cease to hostilities,请求停止敌对行为,
Ask for directions (new menu),问路（新目录）,
Ask for permission to stay for a day,请求在此留宿一日,
Ask how listener is feeling,询问听者的感受,
Ask listener to guide you to a location,请求听者带你去某个地方,
Ask listener to join you (new menu),邀请听者加入你（新目录）,
Ask listener to join you as entertainer,邀请听者作为艺人加入,
Ask listener to join you on adventures,邀请听者一起冒险,
Ask listener to wait here,请听者在此等候,
Ask to become a hearthperson,请求成为家臣,
Äsrath,埃斯拉,
Assault,攻击,
Assaulted,受攻击的,
Assembly,集会,
ASSERTIVENESS,果断,
Asteb,埃斯泰,
Asterisk,星号键,
astonished,惊讶,
Astonishment,惊讶,
at being out in the sunshine again,再次沐浴在阳光下,
at being separated from a loved one,与挚爱分离,
at being separated from loved ones,与挚爱们分离,
at the lack of chairs,没有椅子可用,
at the lack of dining tables,没有餐桌可用,
at work,在工作中,
Atêk,埃特克,
Atot,埃托特,
Attachment to item,对物品产生依附,
Attack,攻击,
Attack caught,攻击被接住,
Attack interrupted,攻击被中断,
Attic,阁楼,
Auburn,赤褐色的,
Audio,声音,
Aunt,阿姨,
Aura,光环,
Austere,朴素,
Author,作者,
Authority,权威,
Automate kitchen,厨房自动处理脂肪,
Automate tannery,制革坊自动将生皮鞣制成皮革,
Automated workshops,工坊自动化,
Automatic,自动,
Automatically butcher carcasses,自动屠宰附近的尸体,
Automatically butcher excess livestock.,自动屠宰多余牲畜,
Automatically clean fish,自动处理生鱼,
Automatically collect webs,织工自动收集蛛网,
Automatically weave all thread,自动将所有纱线纺织成布料,
Automatically weave dyed thread,自动将所有染色纱线纺织成布料,
Automation,自动化,
Autonomous,自治的,
Autonomy,自治,
Autosave frequency,自动保存频率,
Autosave the game after embark,开局后自动保存游戏,
Autostart,自动启动,
Autumn,秋天,
Autumnal,秋天的,
Avalanche,雪崩,
Avéd,埃维德,
Average,一般,
Aversion,厌恶,
Avog,埃沃格,
Avoid fights,回避争斗,
Avoids excitement,回避刺激,
awe,敬畏,
Awe,敬畏,
Awe-Inspiring,令人惊叹的,
Axe,斧头,
axolotl men,男蝾螈人,
axolotl women,女蝾螈人,
axolotls,蝾螈,
aye-aye men,雄指猴人,
aye-aye women,雌指猴人,
aye-ayes,指猴,
Azure,天蓝色的,
Azuz,埃祖兹,
Azzin,埃金,
Baby,婴儿,
Baby+child cap,婴儿+儿童人口上限,
Baby+child cap (percentage of total),婴儿+儿童人口上限（占要塞百分比）,
Back,背部,
Back to main menu,返回主界面,
Back to title menu,返回标题界面,
Bad,坏的,
Bad with words,差语言能力,
badger boars,雄鼬獾,
badger men,男鼬獾人,
badger sows,雌鼬獾,
badger women,女鼬獾人,
Badlands,荒地,
Bag-processable items,可装袋加工的物品,
Bait,诱饵,
"Bake clay objects here, as well as a few other useful materials. Clay can also be collected here if you have a clay collection zone. All tasks require fuel aside from clay collection.",在此烘烤黏土制品以及其他一些有用材料。如果你有黏土收集区，也可在此收集黏土。除收集黏土外，所有任务都需要燃料。,
"Bake clay objects here, as well as a few other useful materials. Clay can also be collected here if you have a clay collection zone. Magma below the kiln will power tasks. You are responsible for placing the kiln above the magma, but no other fuel is required.",在此烘烤黏土制品以及其他一些有用材料。如果你有黏土收集区，也可在此收集黏土。窑炉下方的岩浆将为任务提供动力。你需要负责将窑炉放置在岩浆上方，除此之外无需其他燃料。,
Baker,面包师,
Baktus,巴克图,
Balance,平衡,
Balanced,平衡的,
Bald,秃顶的,
Baldness,秃头,
Ball,球,
Band,带,
Banded,有条纹的,
banded knifefish,带状刀鱼,
Bandit,强盗,
Bane,祸根,
Bank,银行,
Banner,旗帜,
Bar,酒吧,
Barb,倒钩,
Barbarian,野蛮人,
Barbarity,野蛮,
Barbarous,野蛮的,
bark scorpion men,雄树皮蝎人,
bark scorpion women,雌树皮蝎人,
bark scorpions,树皮蝎,
barn owl men,雄仓鸮人,
barn owl women,雌仓鸮人,
barn owls,仓鸮,
Barrels reserved for use,预留酒桶数量,
Barricade,路障,
Barricaded,设路障的,
Basement,地下室,
Bashful,害羞,
BASHFUL,害羞,
Basic,基本的,
Basic options,基本选项,
Basin,盆,
Basis,基础,
basking sharks,姥鲨,
Bastion,堡垒,
bat men,雄蝙蝠人,
bat rays,蝠鲼,
bat women,雌蝙蝠人,
Bath,浴室,
bats,蝙蝠,
Battle,战斗,
Bavast,巴瓦特,
Beach,海滩,
Beak,鸟喙,
beak dogs,喙狗,
Bean,豆子,
Bear,熊,
Beard,胡须,
Bearded,有胡须的,
Beast,野兽,
Beautiful,美丽的,
Beauty,美丽,
beaver men,男海狸人,
beaver women,女海狸人,
beavers,海狸,
Bed,床,
Bee,蜜蜂,
Beer,啤酒,
Beetle,甲虫,
beetle men,男甲虫人,
beetle women,女甲虫人,
beetles,甲虫,
Beginning,开始,
Beguiler,骗子,
Beige,米色的,
being away from animals,见不到动物,
being away from family,远离家人,
being away from friends,远离朋友,
being away from great beasts,见不到巨兽,
being away from people,远离人群,
being away from traditions,无法遵守传统,
being extravagant,奢侈挥霍,
being kept from alcohol,无法喝酒,
being near to a conflict,靠近冲突,
being near to a waterfall,靠近瀑布后,
being unable to acquire something,无法得到想要的东西,
being unable to admire art,无法欣赏艺术,
being unable to argue,无法争辩,
being unable to be extravagant,无法奢侈挥霍,
being unable to fight,无法动武,
being unable to hear eloquent speech,听不到雄辩之词,
being unable to help anybody,无法帮助任何人,
being unable to make merry,无法尽情欢乐,
being unable to make romance,无法谈情说爱,
being unable to practice a craft,无法从事手艺,
being unable to practice a martial art,无法练习武艺,
being unable to practice a skill,无法锻炼技能,
being unable to take it easy,无法放松身心,
being unable to wander,无法四处闲逛,
being unoccupied,无事可做,
being with family,和家人在一起,
being with friends,和朋友在一起,
Bejeweled,饰以珠宝的,
Belch,打嗝,
Bell,钟,
Belly,腹部,
Beloved,心爱的,
Below average,低于平均,
Belt,腰带,
Belted,束带的,
Bend,弯曲,
Bêngeng,本根,
benign,温顺,
Bent,弯曲的,
Berry,浆果,
Berserk,狂暴,
Betrayal,背叛,
Bewildering,令人困惑的,
Bewilderment,困惑,
Bewitched,被施魔法的,
Bibar,比巴尔,
Bidnoz,比诺兹,
Big,大的,
Bile,胆汁,
billy goats,公山羊,
bilous,矮长臂猿,
Bimmon,比蒙,
Bin,箱子,
Bird,鸟,
Birth,出生,
Bismuth-bearing items,含铋物品,
Bistök,比托克,
Bite,咬,
Bithit,比西斯,
Bitterness,苦涩,
Black,黑色的,
black bear men,男黑熊人,
black bear women,女黑熊人,
black bears,黑熊,
black bullheads,黑鲶鱼,
black mamba men,雄黑曼巴蛇人,
black mamba women,雌黑曼巴蛇人,
black mambas,黑曼巴蛇,
black-crested gibbons,黑冠长臂猿,
black-handed gibbons,黑掌长臂猿,
Blackness,黑暗,
blacktip reef sharks,黑鳍礁鲨,
Blade,刃,
Blame,责备,
Blameless,无可指责的,
Blanket,毯子,
Blanketed,覆盖的,
Blaze,火焰,
Bleeding,出血,
Blight,枯萎,
Blighted,枯萎的,
Blind,盲的,
blind cave bears,盲洞穴熊,
blind cave ogres,盲洞穴食人魔,
Blindness,失明,
Bliss,极度幸福,
blissful,极度幸福,
Blister,水泡,
Blizzard,暴风雪,
blizzard men,暴风雪人,
Bloat,肿胀,
Bloated,肿胀的,
Blockade,封锁,
Blockaded,被封锁的,
Blocks creatures but allows the passage of fluids and items. Can be built on any floor. Bars unlike grates do not have a quality and so do not enhance the value of rooms significantly. Bars can be connected to levers.,阻挡生物但允许流体和物品通过。可建造在任何地板上。与格栅不同，栏杆没有品质等级，因此无法显著提升房间价值。栏杆可以连接到拉杆。,
Blocks creatures but allows the passage of fluids and items. Can be built on any floor. Grates unlike bars have a quality and enhance the value of rooms. Grates can be connected to levers.,阻挡生物但允许流体和物品通过。可建造在任何地板上。与栏杆不同，格栅有品质等级并能提升房间价值。格栅可以连接到拉杆。,
"Blocks creatures but allows the passage of fluids and items. Can be built over empty spaces, stairs, ramps, or above liquids. Bars unlike grates do not have a quality and so do not enhance the value of rooms significantly. Bars can be connected to levers.",阻挡生物但允许流体和物品通过。可建造在空旷空间、楼梯、斜坡上方或液体上方。与格栅不同，栏杆没有品质等级，因此无法显著提升房间价值。栏杆可以连接到拉杆。,
"Blocks creatures but allows the passage of fluids and items. Can be built over empty spaces, stairs, ramps, or above liquids. Grates unlike bars have a quality and enhance the value of rooms. Grates can be connected to levers.",阻挡生物但允许流体和物品通过。可建造在空旷空间、楼梯、斜坡上方或液体上方。与栏杆不同，格栅有品质等级并能提升房间价值。格栅可以连接到拉杆。,
Blood,血液,
blood gnats,血飞虫,
blood men,血人,
Bloodiness,血腥,
Bloody,血腥的,
Blossom,花朵,
Blot,污点,
Blotch,斑点,
Blotted,有污点的,
Blowing,吹风的,
Blue,蓝色的,
blue jays,冠蓝鸦,
blue peacocks,蓝孔雀雄鸟,
blue peahens,蓝孔雀雌鸟,
blue sharks,大青鲨,
bluefin tuna,蓝鳍金枪鱼,
bluefish,扁鲹,
bluejay men,雄冠蓝鸦人,
bluejay women,雌冠蓝鸦人,
Blueness,蓝色,
Blunt,钝的,
Blunt items,钝器类物品,
Blush,脸红,
Boar,野猪,
Board,木板,
boars,公猪,
Boat,船,
bobcat men,男短尾猫人,
bobcat women,女短尾猫人,
bobcats,短尾猫,
Bodice,胸衣,
Body,身体,
Bog,沼泽,
Boil,煮沸,
Boket,博凯特,
Bold,大胆的,
Boldness,大胆,
Bolt,螺栓,
Bomel,博梅尔,
Bone,骨头,
Bone items,骨制品,
bonoboes,倭黑猩猩,
Book,书,
Bookcase items,书柜物品,
Boot,靴子,
bored,无聊,
Boredom,无聊,
Boring,无聊的,
Born,出生的,
Borush,博鲁石,
Bottle,瓶子,
Bottom,底部,
Bottom Layer (Forces Magma),最底层（强制含岩浆）,
Boulder,巨石,
Bow,弓,
Bowel,肠,
Bowl,碗,
Boy,男孩,
Boyish,男孩气的,
Brachiosaurus,腕龙,
Brachiosaurus man,雄腕龙人,
Brachiosaurus men,雄腕龙人,
Brachiosaurus woman,雌腕龙人,
Brachiosaurus women,雌腕龙人,
Brachiosauruses,腕龙,
Brag about your past violent acts,吹嘘你过去的暴力行为,
Braid,辫子,
Braided,编辫的,
Brain,大脑,
Brand,品牌,
Branded,打上烙印的,
Brash,急躁的,
Brass,黄铜,
Brave,勇敢的,
Bravery,勇敢,
BRAVERY,勇敢,
Brawler,斗殴者,
Brazen,黄铜制的,
Breach,破坏,
Bread,面包,
Breaker,破坏者,
Breakfast,早餐,
Breath,呼吸,
Breeches,马裤,
Breed,品种,
Brew,酿造,
"Brew alcohol from plants, fruit, or honey.",用植物、水果或蜂蜜酿酒。,
Bride,新娘,
Bridge,桥,
Bridges can be used to span open spaces or placed above water or magma. Bridges can be connected to levers and raised to block access.,桥梁可用于跨越开阔空间或放置在水体或岩浆上方。桥梁可以连接到拉杆并升起以阻挡通行。,
Bridle,马勒,
Bridled,受约束的,
Brigand,强盗,
Bright,明亮的,
Brightness,亮度,
Brilliance,光辉,
Brilliant,灿烂的,
Brim,边缘,
Bring up specific incident or rumor (new menu),提及具体事件或传闻（新目录）,
Bring up the journey together,提起一起旅行的事,
Bristle,刚毛,
Brontosaurus,雷龙,
Brontosaurus man,雄雷龙人,
Brontosaurus men,雄雷龙人,
Brontosaurus woman,雌雷龙人,
Brontosaurus women,雌雷龙人,
Brontosauruses,雷龙,
Bronze,青铜,
bronze colossuses,青铜巨像,
brook lampreys,河七鳃鳗,
Brook: ,溪流：,
Brother,兄弟,
Brown,棕色的,
brown bullheads,棕鲶鱼,
brown recluse spider men,男棕色遁蛛人,
brown recluse spider women,女棕色遁蛛人,
brown recluse spiders,棕色遁蛛,
Brunch,早午餐,
Brush,刷子,
Brushed,刷过的,
Brutal,残忍的,
Brute,野兽,
Bubnus,布布努,
Buck,雄鹿,
buck hares,雄野兔,
buck rabbits,公家兔,
Buckle,扣子,
Bud,芽,
Buff,浅黄色的,
Bug,虫子,
Bug Fixes,漏洞修复,
bugbats,虫蝠,
Building,建筑,
Building material items,建筑材料,
Buitreraptor,鹫龙,
Buitreraptor man,雄鹫龙人,
Buitreraptor men,雄鹫龙人,
Buitreraptor woman,雌鹫龙人,
Buitreraptor women,雌鹫龙人,
Buitreraptors,鹫龙,
Bukog,布科格,
Bulb,灯泡,
Bulbous,球茎状的,
bull moose,雄驼鹿,
bull sharks,牛鲨,
bulls,公牛,
Bulwark,壁垒,
bumblebee drones,大黄蜂雄蜂,
bumblebee queens,大黄蜂蜂后,
bumblebee workers,大黄蜂工蜂,
Bunch,束,
Bûnem,布奈姆,
Bunion,拇囊炎,
Bunny,兔子,
Bunsoth,本索斯,
Burden,负担,
Burial,埋葬,
Burn,燃烧,
Bush,灌木,
Bushel,蒲式耳,
bushmaster men,雄巨蝮人,
bushmaster women,雌巨蝮人,
bushmasters,巨蝮,
bushtit men,雄丛山雀人,
bushtit women,雌丛山雀人,
bushtits,丛山雀,
Business,商业,
Bust,半身像,
Buster,破坏者,
Busy,忙碌的,
Butcher,屠夫,
Butcherable items,可屠宰物品,
Butter,黄油,
Butterfly,蝴蝶,
Buttery,黄油状的,
Button,按钮,
Buzzard,秃鹰,
buzzard men,男秃鹰人,
buzzard women,女秃鹰人,
buzzards,秃鹰,
by a lesser's pretentious burial arrangements,因低等贵族的葬礼安排而感到不满,
by a lesser's pretentious dining arrangements,因低等贵族的餐饮安排而感到不满,
by a lesser's pretentious office arrangements,因低等贵族的办公室安排而感到不满,
by a lesser's pretentious sleeping arrangements,因低等贵族的睡眠安排而感到不满,
Bypass greeting (new menu),跳过问候（新目录）,
Cabinets are used in personal bedrooms for storing clothing objects. A cabinet object must be made before it can be placed.,柜子用于个人卧室存放服饰物品。柜子物品必须先制作才能放置。,
Cactus,仙人掌,
Cad,无赖,
Cage,笼子,
Cage traps capture intruders in cages. Must be loaded with a cage.,笼子陷阱将入侵者捕获在笼子中。必须装载一个笼子。,
"Cages can be used to contain an animal, and metal cages can be used by the justice system. Glass cages can be filled with water and used as aquariums.",笼子可用于关养动物，金属笼子可用于司法系统。玻璃笼子可以装满水用作水族箱。,
"Cages, ropes, and animal traps are found here. Cages can be used in cage traps or to transport large animals. Metal cages and chains are also used by the justice system.",笼子、绳索和动物陷阱在这里。笼子可用于笼陷阱或运输大型动物。金属笼子和链条也用于司法系统。,
Cagith,卡吉斯,
Cake,蛋糕,
Calamitous,灾难性的,
Calamity,灾难,
Calcite/limestone/chalk/marble items,方解石/石灰石/白垩/大理石材物品,
Call,呼叫,
Callus,老茧,
calm,平静,
Camp,营地,
Cancer,癌症,
Candle,蜡烛,
Candy,糖果,
Canker,溃疡,
Cannot breathe,无法呼吸,
Canyon,峡谷,
cap hoppers,菌盖跳虫,
Capital,首都,
Capture and train small animals here. Requires animal traps.,在此捕获和训练小动物。需要动物陷阱。,
capuchin men,雄卷尾猴人,
capuchin women,雌卷尾猴人,
capuchins,卷尾猴,
capybara men,男水豚人,
capybara women,女水豚人,
capybaras,水豚,
Caravan,商队,
Cardinal,深红色的,
cardinal men,雄红衣凤头鸟人,
cardinal women,雌红衣凤头鸟人,
cardinals,红衣凤头鸟,
caring,关心,
Caring,关心,
Carmine,胭脂红色的,
Carnage,大屠杀,
Carnal,肉欲的,
Carnality,肉欲,
Carnotaurus,食肉牛龙,
Carnotaurus man,雄食肉牛龙人,
Carnotaurus men,雄食肉牛龙人,
Carnotaurus woman,雌食肉牛龙人,
Carnotaurus women,雌食肉牛龙人,
Carnotauruses,食肉牛龙,
carp,鲤鱼,
Carve a gap in a smooth wall to allow your archers to fire upon invaders.,在光滑的墙面上凿一个缺口，让你的弓箭手向敌人射箭。,
Carve a track in a stone floor. Tracks are used by minecarts with routes set in the hauling menu.,在石制地板上刻划一条轨道，用于装载已设置路线的矿车。,
Casket,小棺材,
cassowaries,鹤鸵,
cassowary men,雄鹤鸵人,
cassowary women,雌鹤鸵人,
Castle,城堡,
Cat,猫,
Catch,捕捉,
Cathedral,大教堂,
cats,家猫,
causing trouble,制造麻烦,
Cave,洞穴,
cave blobs,洞穴滴团,
cave crocodiles,洞穴鳄鱼,
cave dragons,洞穴龙,
cave fish,洞穴鱼,
cave fish men,雄洞穴鱼人,
cave fish women,雌洞穴鱼人,
cave floaters,洞穴飘浮者,
cave lobsters,洞穴龙虾,
cave spiders,洞穴蜘蛛,
cave swallow men,雄洞穴燕人,
cave swallow women,雌洞穴燕人,
cave swallows,洞穴燕,
Cave-in,塌方,
Cavern,洞穴,
Cavern dweller maximum attackers,洞穴生物最大攻击者数量,
Cavern dweller scale (increase per attack),洞穴生物规模（每次攻击后的增长量）,
Cavern Layer Number,洞穴层数,
Cavern Layer Openness Max,洞穴层开放度最大值,
Cavern Layer Openness Min,洞穴层开放度最小值,
Cavern Layer Passage Density Max,洞穴层通道密度最大值,
Cavern Layer Passage Density Min,洞穴层通道密度最小值,
Cavern Layer Water Max,洞穴层水量最大值,
Cavern Layer Water Min,洞穴层水量最小值,
Cavernous,多洞穴的,
Cavity,空洞,
Cavor,卡沃尔,
cavy boars,公豚鼠,
cavy sows,母豚鼠,
Cegol,塞高尔,
Ceiling,天花板,
Celebrated,著名的,
Celebration,庆祝,
Cell,细胞,
centauresses,女性半人马,
centaurs,男性半人马,
Centralize,居中显示,
Ceratosaurus,角鼻龙,
Ceratosaurus man,雄角鼻龙人,
Ceratosaurus men,雄角鼻龙人,
Ceratosaurus woman,雌角鼻龙人,
Ceratosaurus women,雌角鼻龙人,
Ceratosauruses,角鼻龙,
Certain,确定的,
Certain injuries such as overlapping fractures require advanced medical contraptions like the traction bench for treatment. A traction bench object must be made before it can be placed.,某些伤害（如重叠式骨折）需要牵引台等高级医疗装置进行治疗。牵引台物品必须先制作才能放置。,
Certainty,确定性,
Cerulean,天蓝色的,
Chain,链条,
"Chairs are required for offices to function, and a chair next to a table is the preferred dining arrangement. A chair/throne object must be made before it can be placed.",椅子是办公室运作所必需的，而桌子旁的椅子是首选的用餐布局。椅子/王座物品必须先制作才能放置。,
Chamber,房间,
chameleon men,男变色蜥人,
chameleon women,女变色蜥人,
chameleons,变色蜥,
Champion,冠军,
Chance,机会,
Change tab or highlight selection,切换选项卡或高亮选区,
"Change tab or highlight selection, secondary",切换选项卡或高亮选区，次要选择,
Change the subject (new menu),换个话题（新目录）,
Channel,通道,
Chant,圣歌,
Chaos,混乱,
Chapel,小教堂,
char,红点鲑,
Charcoal,木炭,
Charge,冲锋,
Charity,慈善,
Charm,魅力,
Chartreuse,黄绿色的,
Chasm,深渊,
Chaste,贞洁的,
Chastity,贞洁,
Check smells,检查气味,
Check weather,检查天气,
CHEER PROPENSITY,开朗倾向,
Cheerless,阴郁,
Cheese,奶酪,
cheetah men,男猎豹人,
cheetah women,女猎豹人,
cheetahs,猎豹,
Chestnut,栗子,
"Chests and coffers are used in personal bedrooms for storing non-clothing objects. They are also used in some zone-based locations like taverns, hospitals, and libraries for storing useful materials. A box object must be made before it can be placed.",箱子和保险箱用于个人卧室存放非服饰物品。它们也用于一些基于区域的场所（如酒馆、医院和图书馆）存放有用材料。箱盒类物品必须先制作才能放置。,
Child,孩子,
Children do chores,儿童参与杂务,
Children don't do chores,儿童不做杂务,
Chill,寒冷,
chimpanzees,黑猩猩,
chinchilla men,男毛丝鼠人,
chinchilla women,女毛丝鼠人,
chinchillas,毛丝鼠,
Chip,碎片,
chipmunk men,雄花栗鼠人,
chipmunk women,雌花栗鼠人,
chipmunks,花栗鼠,
Chocolate,巧克力,
Choose or create a parameter set to make a custom world.,选择或创建参数集以自定义世界,
Choose origin civilization,选择起源文明,
Chop down tree,砍倒那颗树,
Chores,杂务,
Chunk,大块,
Chunky,厚实的,
Church,教堂,
Cinder,煤渣,
Cinnamon,肉桂,
Circle,圆圈,
Circular,圆形的,
Circumstance,情况,
Circumstantial,依情况而定的,
Citadel,城堡,
Citizen birth,公民出生,
Citizen death,公民死亡,
Citizen missing,公民失踪,
Citizen/resident dig speed (more = faster),市民/居民挖掘速度（数值越大，越快）,
Citizens that cannot be buried properly can still be memorialized on slabs. Slabs are created and engraved at the stoneworker's shop.,无法被妥善安葬的居民仍可从石碑上纪念。石碑在石匠铺制作和雕刻。,
City,城市,
Civilizations can attack,其他文明可以发动攻击,
Claim a forbidden item or building so it will be used by your citizens.,认领一个被禁用的物品或建筑，以便你的居民能够使用它。,
Claim cages from sprung traps,认领已触发陷阱中的笼子,
Claim other dead,认领他方死者遗体,
Claim other death items,认领其他死者遗物,
Claim this site for yourself (group naming menu),将此地点据为己有（团体命名目录）,
Claim toppled building items,认领被建筑破坏者拆除的建筑掉落的物品,
Claim used ammunition,认领用过的发射物,
Claim your dead,认领己方死者遗体,
Claim your death items,认领己方死者遗物,
Clam,蛤蜊,
Clan,氏族,
Clarity,清晰,
Clash,冲突,
Clasp,扣子,
Classic varied ground tiles,经典风格的多样化地面图块,
Claw,爪子,
Clay items,黏土类物品,
Clean,干净的,
Cleaning,清洁,
Clear,清澈的,
Clear output,清除输出,
Clearing,空地,
Cleft,裂缝,
Click workshop,点击工坊,
Climactic,高潮的,
climate,气候,
Climate,气候,
Climax,高潮,
Clinch,紧抓,
Cloak,斗篷,
Clock,时钟,
Clod,土块,
Cloister,修道院,
Close mega announcement,关闭重要通知,
Closed,关闭的,
CLOSEMINDED,固执己见,
Closet,壁橱,
Clothing,衣服,
Cloud,云,
Cloudy,多云的,
Clout,影响力,
clown loaches,丑鳅鱼,
clownfish,小丑鱼,
Club,俱乐部,
Clumsy,笨拙,
Cluster,簇,
Clutch,紧握,
Clutter,杂乱,
Coal,煤,
Coalition,联盟,
Coast,海岸,
Coastal,沿海的,
coati men,雄长鼻浣熊人,
coati women,雌长鼻浣熊人,
coatis,长鼻浣熊,
cob swans,雄天鹅,
Cobalt,钴,
Cobra,眼镜蛇,
cockatiel men,雄玄凤鹦鹉人,
cockatiel women,雌玄凤鹦鹉人,
cockatiels,玄凤鹦鹉,
cod,鳕鱼,
Codices and scrolls in your library can be stored in bookcases. A bookcase object must be made before it can be placed.,你图书馆中的抄本和卷轴可以存放在书架中。书架物品必须先制作才能放置。,
coelacanths,腔棘鱼,
Coil,线圈,
Coincidence,巧合,
Coincidental,巧合的,
cold,寒冷,
Coldness,寒冷,
Colepiocephale,结头龙,
Colepiocephale man,雄结头龙人,
Colepiocephale men,雄结头龙人,
Colepiocephale woman,雌结头龙人,
Colepiocephale women,雌结头龙人,
Colepiocephales,结头龙,
Collected items,已收集物品,
Color,颜色,
Color amber items,琥珀色物品,
Color amethyst items,紫水晶色物品,
Color aqua items,水绿色物品,
Color aquamarine items,海蓝色物品,
Color ash gray items,灰烬灰色物品,
Color auburn items,赤褐色物品,
Color azure items,天蓝色物品,
Color beige items,米色物品,
Color black items,黑色物品,
Color blue items,蓝色物品,
Color blue-gray items,蓝灰色物品,
Color brass items,黄铜色物品,
Color bronze items,青铜色物品,
Color brown items,棕色物品,
Color buff items,浅黄色物品,
Color burnt sienna items,赭褐色物品,
Color burnt umber items,熟褐色物品,
Color cardinal items,鲜红色物品,
Color carmine items,胭脂红色物品,
Color cerulean items,蔚蓝色物品,
Color charcoal items,炭灰色物品,
Color chartreuse items,黄绿色物品,
Color chestnut items,栗色物品,
Color chocolate items,巧克力色物品,
Color cinnamon items,肉桂色物品,
Color clear items,透明物品,
Color cobalt items,钴蓝色物品,
Color copper items,铜色物品,
Color cream items,奶油色物品,
Color crimson items,深红色物品,
Color dark blue items,深蓝色物品,
Color dark brown items,深棕色物品,
Color dark chestnut items,深栗色物品,
Color dark green items,深绿色物品,
Color dark indigo items,深靛蓝色物品,
Color dark olive items,深橄榄色物品,
Color dark peach items,深桃色物品,
Color dark pink items,深粉色物品,
Color dark scarlet items,深猩红色物品,
Color dark tan items,深棕褐色物品,
Color dark taupe items,深灰褐色物品,
Color dark violet items,深紫色物品,
Color ecru items,淡褐色物品,
Color eggplant items,茄紫色物品,
Color emerald items,翡翠绿色物品,
Color fern green items,蕨绿色物品,
Color flax items,亚麻色物品,
Color fuchsia items,紫红色物品,
Color gold items,金色物品,
Color golden yellow items,金黄色物品,
Color goldenrod items,金麒麟黄色物品,
Color gray items,灰色物品,
Color green items,绿色物品,
Color green-yellow items,黄绿色物品,
Color heliotrope items,紫罗兰色物品,
Color indigo items,靛蓝色物品,
Color ivory items,象牙色物品,
Color jade items,玉绿色物品,
Color lavender blush items,淡紫红晕色物品,
Color lavender items,淡紫色物品,
Color lemon items,柠檬色物品,
Color light blue items,浅蓝色物品,
Color light brown items,浅棕色物品,
Color lilac items,丁香紫色物品,
Color lime items,酸橙色物品,
Color mahogany items,桃花心木色物品,
Color maroon items,褐红色物品,
Color mauve items,淡紫色物品,
Color mauve taupe items,淡紫褐色物品,
Color midnight blue items,午夜蓝色物品,
Color mint green items,薄荷绿色物品,
Color moss green items,苔藓绿色物品,
Color ochre items,赭石色物品,
Color olive items,橄榄色物品,
Color orange items,橙色物品,
Color pale blue items,淡蓝色物品,
Color pale brown items,淡棕色物品,
Color pale chestnut items,浅栗色物品,
Color pale pink items,淡粉色物品,
Color pale taupe items,浅灰褐色物品,
Color peach items,桃色物品,
Color pearl items,珍珠色物品,
Color periwinkle items,长春花色物品,
Color pine green items,松绿色物品,
Color pink items,粉色物品,
Color plum items,梅子色物品,
Color puce items,暗红色物品,
Color pumpkin items,南瓜色物品,
Color purple items,紫色物品,
Color purple taupe items,紫灰褐色物品,
Color raw umber items,生褐色物品,
Color red items,红色物品,
Color red-purple items,红紫色物品,
Color rose items,玫瑰色物品,
Color rose taupe items,玫瑰灰褐色物品,
Color russet items,赤褐色物品,
Color rust items,铁锈色物品,
Color saffron items,藏红花色物品,
Color sandy taupe items,沙褐色物品,
Color scarlet items,猩红色物品,
Color sea green items,海绿色物品,
Color sepia items,乌贼墨色物品,
Color silver items,银色物品,
Color sky blue items,天蓝色物品,
Color slate gray items,石板灰色物品,
Color spring green items,春绿色物品,
Color tan items,棕褐色物品,
Color taupe gray items,灰褐色物品,
Color taupe items,灰褐色物品,
Color teal items,凫蓝色物品,
Color turquoise items,绿松石色物品,
Color vermilion items,朱红色物品,
Color violet items,紫罗兰色物品,
Color white items,白色物品,
Color yellow items,黄色物品,
Color yellow-green items,黄绿色物品,
Colorless,无色的,
Column,柱子,
Combat,战斗,
Combination,组合,
Combined,结合的,
Comedic,喜剧的,
Comedy,喜剧,
Comet,彗星,
Command repeat prefix-key,命令重复前缀按键,
Comment on natural surroundings,评论自然环境,
Comment on weather,评论天气,
Commerce,商贸,
Common,普通的,
common skates,鳐鱼,
common snapping turtles,鹰嘴龟,
Communion,共享,
Company,公司,
Compassion,同情,
Competition,竞争,
Competitive,竞争性的,
Complex,复杂的,
Complexity,复杂性,
Composition complete,乐曲创作完成,
Composition failed,乐曲创作失败,
Compound Fracture,开放性骨折,
Compressed saves (recommended!),压缩存档（推荐！）,
Confederacy,邦联,
Confederation,联邦,
Confidence,信心,
Confident,自信的,
Confinement,监禁,
Confining,限制的,
Confirmation window for all embarks,所有开局的配置窗口,
Conflagration,大火,
Conflict,冲突,
confused,困惑,
Confusing,令人困惑的,
conger eels,康吉鳗,
Conjunction,结合,
Conjurer,巫师,
Connected,连接的,
Connection,连接,
Conqueror,征服者,
Considerate,体贴的,
Consideration,考虑,
considering the scarcity of cages and chains,考虑到笼子和链条的稀缺性,
considering the state of demands,考虑需求的状态,
Construct,建造物,
Construct workshop,建设工坊,
Constructive,建设性的,
Contained,被容纳的,
Container,容器,
Contemptible,可鄙的,
contemptuous,轻蔑,
content,满足,
Contentment,满足,
Contest,竞赛,
Contested,有争议的,
Continent,大陆,
Contingency,偶然性,
Contingent,分遣队,
Control,控制,
Control panel,控制面板,
Controller,控制器,
Convenience,便利,
Convenient,方便的,
Convent,女修道院,
Cook,厨师,
Cook meals here. You can also render fat into tallow.,在这里烹饪餐食，也可以把脂肪炼成兽脂。,
Cookable items,可烹煮物品,
Cooperation,合作,
Cooperative,合作的,
Copper,铜,
Copper-bearing items,含铜物品,
copperhead snake men,雄铜头蛇人,
copperhead snake women,雌铜头蛇人,
copperhead snakes,铜头蛇,
Copy,复制,
Copy output to clipboard,复制输出到剪贴板,
Corridor,走廊,
Corrupt,腐败的,
Corruption,腐败,
Cosmos,宇宙,
Cottage,村舍,
Cotton,棉花,
cougar men,男美洲狮人,
cougar women,女美洲狮人,
cougars,美洲狮,
Council,议会,
Counsellor,顾问,
Counterstrike,反击,
Couple,夫妇,
Courage,勇气,
Courageous,勇敢的,
Courteous,有礼貌的,
Courtesy,礼貌,
Coven,女巫团,
Cover,覆盖物,
cow moose,雌驼鹿,
cows,奶牛,
coyote men,男郊狼人,
coyote women,女郊狼人,
coyotes,郊狼,
Crab,螃蟹,
crab men,男螃蟹人,
crab women,女螃蟹人,
crabs,螃蟹,
Crack,裂缝,
Cracked,破裂的,
Cradle,摇篮,
Cradled,被怀抱的,
Craft,工艺,
Craftsmanship,工艺,
Craftwork,工艺品,
Crater,火山口,
Craterous,多坑的,
Craze,狂热,
Crazed,狂热的,
Craziness,疯狂,
Crazy,疯狂的,
Cream,奶油,
Creamy,奶油状的,
Create world,创建世界,
Created Wealth:,创造的价值：,
Creation,创造,
creativity,创造力,
Creature,生物,
Creature stolen object,生物偷走了物品,
Creed,信条,
Creek,小溪,
Creep,爬行,
Creepiness,毛骨悚然,
creeping eyes,爬行之眼,
Creepy,令人毛骨悚然的,
creepy crawlers,恐怖爬行者,
Cremated,火化的,
Cremation,火化,
Crescent,新月,
Crest,顶峰,
Crested,有顶饰的,
Crevice,裂缝,
Crew,船员,
Crewed,有船员的,
Crimson,深红色的,
Critter,小生物,
Cross,十字架,
Crow,乌鸦,
crow men,雄乌鸦人,
crow women,雌乌鸦人,
Crowd,人群,
Crowded,拥挤的,
Crown,王冠,
crows,乌鸦,
Crucifixion,钉十字架,
Cruelty,残忍,
CRUELTY,残忍,
crundles,爪角怪,
Crusher,粉碎者,
Crux,关键,
Crypt,地穴,
Crystal,水晶,
Crystalline,水晶般的,
Cudgel,短棍,
Cudïst,库迪斯,
Cugshil,库格希,
Cull dead units at,死亡单位数量达到……时开始清理,
Cull Unimportant Historical Figures,删除不重要的历史人物,
Culmination,顶点,
Cult,邪教,
Cup,杯子,
Curiosity,好奇心,
Curious wilderness creatures can come to cause trouble,好奇的荒野生物会前来捣乱,
Curl,卷发,
Curled,卷曲的,
Curse,诅咒,
Cusp,尖点,
Custom settings,自定义设置,
Custom world name,自定义世界名称,
Custom:,自定义:,
Cut,切割,
"Cut rough gems here to increase their value, and improve the value of other objects by encrusting them with cut gems.",在此切割粗糙宝石以提高其价值，并通过镶嵌切割好的宝石来提升其他物品的价值。,
cuttlefish,墨鱼,
cuttlefish men,男墨鱼人,
cuttlefish women,女墨鱼人,
Cyclone,旋风,
Cyclopean,巨大的,
cyclopes,独眼巨人,
Cyst,囊肿,
Dabbler,涉猎者,
Dabbling,涉猎的,
Dagger,匕首,
Dakäl,达卡尔,
Dale,山谷,
Dalkam,达凯姆,
Dallith,达利斯,
damselflies,蓝蜻蛉,
damselfly men,雄蓝蜻蛉人,
damselfly women,雌蓝蜻蛉人,
Dance,舞蹈,
Danger,危险,
Dangerous,危险的,
Dank,阴湿的,
Dankness,阴湿,
Dark,黑暗的,
dark gnomes,黑暗地精,
Darkness,黑暗,
Dast,达斯特,
Date (activity),日,
Date (fruit),椰枣,
Daub,涂抹,
Dawn,黎明,
Day,白天,
Dead,死者,
Dear,亲爱的,
Dearth,匮乏,
Death,死亡,
Debben,德本,
Decay,腐烂,
Deceiver,欺骗者,
Decency,正派,
Decent,得体的,
Decision,决定,
Decisive,决定性的,
Decline,衰落,
Declining,衰退的,
Decorum,礼仪,
Decrease FPS limit,降低帧率限制,
Deep,深处,
Deep material items,深层材料物品,
deer,鹿,
Deer,鹿,
deer men,男鹿人,
deer women,女鹿人,
Default embark height,默认开局高度,
Default embark width,默认开局地图宽度,
Default high traffic path cost,默认高通行优先级路径代价,
Default low traffic path cost,默认低通行优先级路径代价,
Default normal traffic path cost,默认普通通行优先级路径代价,
Default restricted traffic path cost,默认禁止通行优先级路径代价,
Defeat,失败感,
Defect,缺陷,
Defective,有缺陷的,
Defended,被防御的,
Defender,防御者,
Defense,防御,
Defensive,防御性的,
Deference,遵从,
Deferent,恭敬的,
Dehydrated,脱水,
Deification,神化,
Deified,神化的,
Deinonychus,恐爪龙,
Deinonychus man,雄恐爪龙人,
Deinonychus men,雄恐爪龙人,
Deinonychus woman,雌恐爪龙人,
Deinonychus women,雌恐爪龙人,
Deinonychuses,恐爪龙,
Deinotherium,恐象,
Deinotherium man,雄恐象人,
Deinotherium men,雄恐象人,
Deinotherium woman,雌恐象人,
Deinotherium women,雌恐象人,
Deinotheriums,恐象,
Deity,神祇,
dejected,沮丧,
Dejection,沮丧,
Delayed repeat,慢速重复按键,
Delete,删除,
delighted,欣喜,
Delightful,令人愉快的,
Dell,小山谷,
Demand an item (barter screen),索要物品（交易界面）,
Demand period (more = fewer),需求持续时间（数值越大，越少发布）,
Demand that the listener yield,要求听者投降,
Demon,恶魔,
demon rats,恶魔老鼠,
Den,兽穴,
Dëngstam,登斯塔,
Denomination,教派,
Dent,凹痕,
Dented,有凹痕的,
Depressed,抑郁的,
Depression,洼地,
DEPRESSION PROPENSITY,抑郁倾向,
Depression-prone,易抑郁,
Depth,深度,
Deselect,取消选择,
Desert,沙漠,
desert tortoise men,男沙漠陆龟人,
desert tortoise women,女沙漠陆龟人,
desert tortoises,沙漠陆龟,
Deshlir,德利尔,
Designate an item for dumping in a dumping zone.,指定物品在倾倒区进行倾倒。,
Designate an item for melting at any smelter.,指定物品在任意熔炉进行熔炼。,
Designate tree,标记树木,
Desired Evil Square Count in Large Subregions,大型子区域期望邪恶格子数,
Desired Evil Square Count in Medium Subregions,中型子区域期望邪恶格子数,
Desired Evil Square Count in Small Subregions,小型子区域期望邪恶格子数,
Desired Good Square Count in Large Subregions,大型子区域期望善良格子数,
Desired Good Square Count in Medium Subregions,中型子区域期望善良格子数,
Desired Good Square Count in Small Subregions,小型子区域期望善良格子数,
Desired River Start Locations (Post-Erosion),侵蚀后期望河流起点数量,
Desk,书桌,
Desor,德索尔,
despair,绝望,
Despair,绝望,
Dessert,甜点,
Destined,注定的,
Destiny,命运,
Destroyer,毁灭者,
Destruction,毁灭,
Detailed mode,详细模式,
Detect,检测,
Deteriorated,恶化的,
Deterioration,恶化,
Developed,发达的,
Deviance,偏差,
Deviant,偏离正道的,
Devil,魔鬼,
Devious,狡诈的,
Devourer,吞噬者,
Dezrem,德雷姆,
DFHack Launcher,DFHack启动器,
DFHack searches full text,DFHack 全文搜索,
DFHack tools autopause game,DFHack 工具自动暂停游戏,
Diadectes,阔齿龙,
Diadectes man,雄阔齿龙人,
Diadectes men,雄阔齿龙人,
Diadectes woman,雌阔齿龙人,
Diadectes women,雌阔齿龙人,
Diadecteses,阔齿龙,
Diagnosis request,需要诊断,
Diamond,钻石,
Dib,迪布,
Difficulty,难度,
Dig canceled (warm),挖掘取消（温热）,
Dig canceled (wet),挖掘取消（潮湿）,
Dignified,威严的,
Dignity,尊严,
Dike,堤坝,
Dilophosaurus,双脊龙,
Dilophosaurus man,雄双脊龙人,
Dilophosaurus men,雄双脊龙人,
Dilophosaurus woman,雌双脊龙人,
Dilophosaurus women,雌双脊龙人,
Dilophosauruses,双脊龙,
Dim,暗淡的,
Dimension,维度,
Dimetrodon,异齿龙,
Dimetrodon man,雄异齿龙人,
Dimetrodon men,雄异齿龙人,
Dimetrodon woman,雌异齿龙人,
Dimetrodon women,雌异齿龙人,
Dimetrodons,异齿龙,
Diminished,减小的,
Diminishment,减小,
Dimol,迪莫尔,
Dimple,酒窝,
Dimpled,有酒窝的,
dingo men,雄野狗人,
dingo women,雌野狗人,
dingoes,野狗,
dining in a awful dining room,在一间糟糕的餐厅就餐,
dining in a fantastic dining room,在一间奇妙的餐厅就餐,
dining in a good dining room,在一间好的餐厅就餐,
dining in a great dining room,在一间绝妙的餐厅就餐,
dining in a horrible dining room,在一间可怕的餐厅就餐,
dining in a horribly substandard dining room,在一间严重不合标准的餐厅就餐,
dining in a legendary dining room,在一间传奇的餐厅就餐,
dining in a poor dining room,在一间差的餐厅就餐,
dining in a very good dining room,在一间非常好的餐厅就餐,
dining in a very poor dining room,在一间非常差的餐厅就餐,
Dinner,晚餐,
Dip,蘸,
Diplocaulus,笠头螈,
Diplocaulus man,雄笠头螈人,
Diplocaulus men,雄笠头螈人,
Diplocaulus woman,雌笠头螈人,
Diplocaulus women,雌笠头螈人,
Diplocauluses,笠头螈,
Diplodocus,梁龙,
Diplodocus man,雄梁龙人,
Diplodocus men,雄梁龙人,
Diplodocus woman,雌梁龙人,
Diplodocus women,雌梁龙人,
Diplodocuses,梁龙,
Diplomacy tree-fell count,外交伐木数,
Diplomacy tree-fell count (untamed wilds),外交伐木数（未驯服的荒野）,
Dipped,蘸酱的,
Direction,方向,
Directly control a single individual or party. ,直接控制单个角色或整支队伍。,
Dirge,挽歌,
Dirt,泥土,
"Dirt roads do not require materials, but the dirt road may quickly be overgrown by plants.",土路不需要材料，但土路可能很快就会被植物覆盖。,
Disabled,禁用,
Disappearance,消失,
disappointed,失望,
Disappointment,失望,
DISCORD,不和倾向,
Discovered site,发现地点,
Discovery,发现,
discussing a child's problems,讨论孩子的问题,
discussing a friend's problems,讨论朋友的问题,
discussing a lover's problems,讨论爱人的问题,
discussing a sibling's problems,讨论兄弟姐妹的问题,
discussing an acquaintance's problems,讨论熟人的问题,
discussing father's problems,讨论父亲的问题,
discussing mother's problems,讨论母亲的问题,
discussing somebody's problems,讨论某人的问题,
discussing the spouse's problems,讨论配偶的问题,
DISDAIN ADVICE,藐视建议,
Disdains,鄙弃,
Disdains advice,不屑受劝,
disease resistance,抗病能力,
Disemboweled,被剖腹的,
Disemboweler,剖腹者,
Disembowelment,剖腹,
Disgust,厌恶,
disgusted,厌恶,
Disgusting,令人厌恶的,
Dish,盘子,
Dishonest,不诚实的,
disillusioned,幻灭,
Disillusionment,幻灭,
dislike,不喜欢,
Dislike,不喜欢,
Disloyal,不忠的,
Disloyalty,不忠,
Dismal,凄凉的,
Dismay,沮丧,
Dispersal,分散,
Dispersed,分散的,
Display object items,展示品物品,
Display worn clothing dyes (adv mode),显示已穿衣物的染色（冒险模式）,
Display worn clothing dyes (fort mode),显示已穿衣物的染色（堡垒模式）,
Displayed:,正在被展示：,
Displays an indicator on fertile eggs.,在可受精的蛋上显示标识。,
Displeasure,不满,
Distance,距离,
Distant,遥远的,
Distat,迪斯塔,
Distinct,独特的,
Distinction,区别,
Distracting,分心的,
Distraction,消遣,
Distress,苦恼,
distressed,痛苦,
Distrust,不信任,
Distrustful,不信任,
Ditch,沟渠,
Dithbish,迪斯比,
Dive,潜水,
Diversion,消遣,
Divination items,占卜用品,
Divine,神圣的,
Dizzy,眩晕,
Do not automate kitchen,厨房不处理脂肪,
Do not automate tannery,制革坊不自动鞣制生皮,
Do not mix similar food in barrels,不在木桶中混放类似食物,
Do Orographic Precipitation and Rain Shadows,计算地形抬升降水与雨影效应,
Doctrine,教条,
Dodge,闪避,
Dodo cock,雌渡渡鸟,
Dodo cocks,雌渡渡鸟,
Dodo hen,雄渡渡鸟,
Dodo hens,雄渡渡鸟,
Dodo man,雄渡渡鸟人,
Dodo men,雄渡渡鸟人,
Dodo woman,雌渡渡鸟,
Dodo women,雌渡渡鸟,
doe hares,雌野兔,
doe rabbits,母家兔,
Dog,狗,
dogs,家犬,
doing nothing creative,没有做任何有创意的事,
doing something creative,做了些有创意的事情,
doing something exciting,做了些刺激的事情,
Dolush,多卢石,
Domain,领域,
Domestic,家庭的,
Domicile,住所,
Dominant,统治的,
Domination,支配,
Dominion,统治权,
Don't repeat,不重复按键,
Don't show tools that give you god-like powers wherever DFHack tools are listed.,在所有 DFHack 工具列表中，隐藏拥有神级权限的工具。,
Done,完成,
Donkey,驴,
donkeys,驴,
Doom,厄运,
Doomed,注定的,
Door,门,
"Doors can be used along with walls to enclose rooms, which is especially important when placing multiple zones at once. Doors can also be forbidden or attached to levers to control movement in the fort.",门可与墙壁结合使用以封闭房间，这在同时放置多个功能区时尤为重要。门也可被禁用或连接到拉杆上，以控制要塞内的通行。,
Dot,点,
Doubt,怀疑,
Dour,阴郁的,
Dourness,阴郁,
Doused,被泼湿的,
Drab,土褐色的,
Dragon,龙,
dragonflies,蜻蜓,
dragonfly men,男蜻蜓人,
dragonfly women,女蜻蜓人,
dragons,巨龙,
Drain,排水,
Drainage Mesh Size,排水网格尺寸,
drakes,公鸭,
dralthas,食菇兽,
Drawl,拖沓音,
Dread,恐惧,
Dreadful,可怕的,
Dream,梦,
Dreamy,梦幻的,
Dreg,渣滓,
Drenched,湿透的,
Drepanopterus men,男镰翅鲎人,
Drepanopterus woman,女镰翅鲎人,
Drepanopterus women,女镰翅鲎人,
Drepanosaurus,镰龙,
Drepanosaurus men,男镰龙人,
Drepanosaurus women,女镰龙人,
Drepanosauruses,镰龙,
Dress,衣裙,
Dressing request,需要包扎,
Drill,钻,
Drink,饮料,
Drink water only from designed zones,只在指定区域取水饮用,
Drinker,饮酒者,
drinking,喝酒,
drinking nasty water,饮用难喝的水,
drinking the same old booze,反复饮用同一种酒,
Drip,滴,
drone ant men,雄蚁人,
drone ants,蚂蚁蚁王,
Drool,口水,
Droopiness,下垂,
Droopy,下垂的,
Drop item,丢弃物品,
Droplet,小滴,
Drowning,溺水,
Drowsy,困倦,
Drum,鼓,
drunians,德鲁尼安人,
Dubmen,杜布蒙,
ducks,母鸭,
Dugud,杜古德,
Dull,钝的,
Dump,垃圾堆,
Dumpling,饺子,
Dunan,杜南,
Dune,沙丘,
Dung,粪便,
Dungeon,地牢,
Dunkleosteus,邓氏鱼,
Dunkleosteus men,男邓氏鱼人,
Dunkleosteus women,女邓氏鱼人,
Dunkleosteuses,邓氏鱼,
during long patrol duty,长时间巡逻期间,
Dusk,黄昏,
Dust,灰尘,
DUTIFULNESS,尽责,
Duty,责任,
dwarves,矮人,
Dweller,居住者,
Dwelling,住所,
Dwindling,逐渐减少的,
Dye,染料,
Dye items,染料类物品,
Dyeable items,可染色物品,
Dyed items,已染色物品,
eager,渴望,
Eagerness,渴望,
Eagle,鹰,
eagle men,雄鹰人,
eagle women,雌鹰人,
eagles,鹰,
Ear,耳朵,
Early,早的,
Earth,地球,
Earthen,土制的,
Easily stressed,易紧张,
East,东方的,
Eater,食者,
eating a good meal,吃上一顿好饭,
eating at a crowded table,在拥挤的桌子旁进食,
eating the same old food,反复食用同一种食物,
Ebbus,埃布斯,
echidna men,男针鼹人,
echidna women,女针鼹人,
echidnas,针鼹,
Echo,回声,
Economy population trigger 1,经济人口阈值 1,
Economy population trigger 2,经济人口阈值 2,
Economy population trigger 3,经济人口阈值 3,
Economy population trigger 4,经济人口阈值 4,
Economy population trigger 5,经济人口阈值 5,
Economy production trigger 1,经济产量阈值 1,
Economy production trigger 2,经济产量阈值 2,
Economy production trigger 3,经济产量阈值 3,
Economy production trigger 4,经济产量阈值 4,
Economy production trigger 5,经济产量阈值 5,
Economy trade trigger 1,经济贸易阈值 1,
Economy trade trigger 2,经济贸易阈值 2,
Economy trade trigger 3,经济贸易阈值 3,
Economy trade trigger 4,经济贸易阈值 4,
Economy trade trigger 5,经济贸易阈值 5,
Economy:,经济：,
Ecosh,埃科石,
Ecru,淡褐色的,
Ecut,埃库特,
Ed,伊德,
Edan,埃丹,
Eddud,埃德德,
Edged items,刃器类物品,
Ednàd,埃纳德,
Eel,鳗鱼,
Eerie,怪异的,
Eerieness,怪异,
Egar,埃加尔,
Egast,埃格斯,
Egg,蛋,
eggs-fertile (global),受精蛋标记（全局）,
Ekzong,埃克宗,
elated,兴高采烈,
Elation,狂喜,
Êlbem,埃贝姆,
Elbow,肘部,
Elder,长者,
elephant men,男大象人,
elephant seal men,男象海豹人,
elephant seal women,女象海豹人,
elephant seals,象海豹,
elephant women,女大象人,
elephants,大象,
Elevated,升高的,
Elevation,海拔,
Elevation Mesh Size,海拔网格尺寸,
Elik,埃利克,
Elis,埃利斯,
elk,麋鹿,
elk birds,麋鹿鸟,
elk men,男麋鹿人,
elk women,女麋鹿人,
Élmeth,埃梅斯,
Elol,埃洛尔,
Eloquence,口才,
elves,精灵,
Em,埃姆,
Emad,埃玛德,
Emancipated,被解放的,
Emancipation,解放,
Embark Points,出征点数 / 开局点数,
Embark with a group to start a settlement. ,召集人手，开始建立定居点。,
embarrassed,尴尬,
Embarrassment,尴尬,
Embrace,拥抱,
Embraced,被拥抱的,
Emdush,埃姆杜,
Emerald,翡翠,
Emet,埃梅特,
emotion,心情,
Emotional obsessive,情感执念,
Emotionally distant,情感疏离,
EMOTIONALLY OBSESSIVE,情感执念,
emperor penguins,帝企鹅,
Empire,帝国,
Emptiness,空虚,
Empty a container,清空容器,
Empty items,空容器,
emu men,雄鸸鹋人,
emu women,雌鸸鹋人,
emus,鸸鹋,
Enable,启用,
Enable artifact moods,开启奇异心境,
Enable caveins,开启塌方,
Enable multithreading,开启多线程模式,
Enable temperature,开启温度,
Enable testing arena (on next title),启用测试竞技场（下次标题时生效）,
Enable weather,开启天气,
Enabled,已启用,
Enal,埃纳尔,
Enchanted,被施魔法的,
Enchanter,巫师,
Enchantment,巫术,
End,结束,
End stairway,楼梯结束格,
End Year,终止年份,
Endgame event 1,终局事件 1,
Endgame event 1B,终局事件 1B,
Endgame event 2,终局事件 2,
endurance,耐力,
Enemies:,敌对势力：,
Enemy moved out of range,敌人移出范围,
Enemy population trigger 1,敌对人口阈值 1,
Enemy population trigger 2,敌对人口阈值 2,
Enemy population trigger 3,敌对人口阈值 3,
Enemy population trigger 4,敌对人口阈值 4,
Enemy population trigger 5,敌对人口阈值 5,
Enemy production trigger 1,敌对产量阈值 1,
Enemy production trigger 2,敌对产量阈值 2,
Enemy production trigger 3,敌对产量阈值 3,
Enemy production trigger 4,敌对产量阈值 4,
Enemy production trigger 5,敌对产量阈值 5,
Enemy trade trigger 1,敌对贸易阈值 1,
Enemy trade trigger 2,敌对贸易阈值 2,
Enemy trade trigger 3,敌对贸易阈值 3,
Enemy trade trigger 4,敌对贸易阈值 4,
Enemy trade trigger 5,敌对贸易阈值 5,
Engrave artwork into a smooth wall.,将艺术作品雕刻在平滑的墙面上。,
Engraving melted,雕刻被熔化,
Engravings start obscured,雕刻初始为遮挡状态,
Enjoyable,愉快的,
Enoz,埃诺兹,
enraptured,陶醉,
Entangled,纠缠的,
Entangled in hidden web,被隐藏的蛛网缠住,
Entanglement,纠缠,
Entelodon,完齿兽,
Entelodon man,雄完齿兽人,
Entelodon men,雄完齿兽人,
Entelodon woman,雌完齿兽人,
Entelodon women,雌完齿兽人,
Entelodons,完齿兽,
Enter,回车,
Enthusiasm,热情,
Entrails,内脏,
Entrance,入口,
Entrancing,迷人的,
Entry,进入,
Envious,嫉妒,
ENVY PROPENSITY,嫉妒倾向,
Eoraptor,始盗龙,
Eoraptor man,雄始盗龙人,
Eoraptor men,雄始盗龙人,
Eoraptor woman,雌始盗龙人,
Eoraptor women,雌始盗龙人,
Eoraptors,始盗龙,
Epidemic,流行病,
Equal,平等的,
Equality,平等,
Equity,公平,
Equivalence,等价,
Equivalent,相等的,
Êr,埃尔,
Erase a portion of this stockpile.,擦除此储物处的一部分。,
Erased,被擦除的,
Erasure,擦除,
Erlin,埃尔林,
Erosion Cycle Count,侵蚀循环次数,
Eryops,引螈,
Eryops man,雄引螈人,
Eryops men,雄引螈人,
Eryops woman,雌引螈人,
Eryops women,雌引螈人,
Eryopses,引螈,
Es,埃斯,
Escort,护送,
Escorted,被护送的,
Esdor,埃斯多,
Esesh,埃塞石,
Eshik,埃锡克,
Esis,埃锡斯,
Esmul,埃穆尔,
Est,埃斯特,
Esteem,尊重,
Esteemed,受尊敬的,
Estil,埃斯蒂,
Estun,埃斯登,
Et,埃特,
Etäg,埃塔格,
Etas,埃塔斯,
Etath,伊塔斯,
Eternal,永恒的,
Etes,埃特斯,
Éth,埃斯,
Ethab,埃萨布,
Ethbesh,埃斯贝,
Éthes,埃塞斯,
Ethzuth,埃索斯,
ettins,双头巨人,
Ëtul,埃托,
Europasaurus,欧罗巴龙,
Europasaurus man,雄欧罗巴龙人,
Europasaurus men,雄欧罗巴龙人,
Europasaurus woman,雌欧罗巴龙人,
Europasaurus women,雌欧罗巴龙人,
Europasauruses,欧罗巴龙,
Evaporated,蒸发的,
Evaporation,蒸发,
Even,平坦的,
Evenness,平坦,
Events in other modes are incorporated here.,在其他模式中发生的事件也会被记录于此。,
Everlasting,永久的,
Everseeing,全视的,
Everybody harvests,允许所有人收割作物,
Everywhere,随处可见,
evil,邪恶,
Eviscerated,被剖腹的,
Evisceration,剖腹,
Eviscerator,剖腹者,
ewes,母羊,
Exaltation,颂扬,
Exalted,崇高的,
exasperated,恼怒,
Exasperation,懊恼,
Excavated,被挖掘的,
Excavation,挖掘,
Exceptional,非凡,
"Exchange, give, take or show personal items",交换、给予、拿走或展示个人物品,
excited,兴奋,
Excitement,兴奋,
EXCITEMENT SEEKING,追求刺激,
Execution,处决,
Executioner,行刑者,
exhilarated,振奋,
Exhilaration,欢腾,
existential crisis,陷入存在危机,
Exit,出口,
Expectancy,期待,
expectant,期待,
Explore and investigate the history of the world as it stands. ,探索并追溯这个世界至今为止的历史。,
Exported Wealth:,出口财富：,
Express your emotions (new menu),表达你的情感（新目录）,
Extract-bearing fish items,含提取物鱼类物品,
Extract-bearing plant items,含提取物植物类物品,
Extract-bearing small creature items,含提取物小型生物物品,
Extravagant,铺张浪费,
Extreme pain,极度疼痛,
Extrication,解脱,
Eye,眼睛,
Fabulous,极好的,
Face,脸,
Fact-oriented,注重事实,
Faction,派系,
Factional,派系的,
Faded,褪色的,
Failed,失败的,
Failed to eat/drink,进食/饮水失败,
Failure,失败,
Fair (color),白皙的,
Fair (even),公平的,
fairies,小仙子,
Fairness,公正,
Faith,信仰,
Faithful,忠诚的,
Fall,坠落,
Fall over,跌倒,
Falsehood,虚假,
Fame,名声,
Familial,家庭的,
Family,家庭,
Famine,饥荒,
Famous,著名的,
Fanciness,华丽,
Fancy,华丽的,
Fang,尖牙,
Farm,农场,
Fash,法石,
Fast repeat,快速重复按键,
fast-heat (global),快速升温（全局）,
Fat items,脂肪物品,
Fatal,致命的,
Fate,命运,
Fated,命中注定的,
Father,父亲,
Fatty items,多脂物品,
Fealty,效忠,
Fear,恐惧,
Fearful,胆怯,
Fearless,无所畏惧,
Feast,盛宴,
Fed,被喂养的,
Feed,饲料,
Feed Patients/Prisoners,喂病患/囚犯,
Fell,兽皮,
Fellowship,团体,
Felsite,霏细岩月,
Fence,栅栏,
Fenced,被围住的,
Fenok,费诺克,
Feral,野生的,
Fermentable items,可发酵物品,
Fern,蕨草,
Ferocious,凶猛的,
Ferry,渡口,
Festival,节日,
Festive,节日的,
Fetid,恶臭的,
fever,发烧,
Fever,发烧,
Feverish,狂热的,
Field,田野,
Fiend,恶魔,
Fierce,凶猛的,
Fierceness,凶猛,
Fiery,如火般的,
fifth toe,小趾,
Fight,战斗,
fighting,动武,
Figure,图形,
Filth,污秽,
Fin,鳍,
Find embark location,寻找开局地点,
Finder,发现者,
Finger,手指,
Finish establishing burrows.,结束划定活动区。,
Finish mining,结束挖掘,
Finish placing stockpiles.,结束放置储物处。,
Finish placing structures.,结束放置建筑结构指令。,
Finish placing zones.,结束放置功能区。,
Finish removing mining etc. orders.,结束清除挖掘等指令。,
Finish setting hauling routes.,结束设置运输路线。,
Finish setting item/building designations.,结束设置物品/建筑指定。,
Finish setting plant gathering orders.,结束设置植物采集任务,
Finish setting traffic areas.,结束设置交通区域。,
Finish setting tree chopping orders.,结束设置树木砍伐任务,
Finish setting wall orders.,结束设置墙壁指令,
Finished good items,制成品,
Fire,火,
fire imps,火焰小鬼,
fire men,火人,
fire snakes,火蛇,
Fire-safe items,耐火物品,
fireflies,萤火虫,
firefly men,男萤火虫人,
firefly women,女萤火虫人,
First,第一的,
first finger,食指,
first toe,大脚趾,
Fish,鱼,
Fish only in designated zones,只在指定区域钓鱼,
Fisher,渔夫,
Fissure,裂缝,
Fist,拳头,
Flag,旗帜,
Flame,火焰,
Flank,侧腹,
Flare,闪光,
Flash,闪烁,
flask-contents (global),水袋内容物显示（全局）,
Flatterer,谄媚者,
Flax,亚麻,
Flaxen,亚麻色的,
Flayed,被剥皮的,
Flayer,剥皮者,
Flea,跳蚤,
Fleck,斑点,
Flecked,有斑点的,
Flesh,肉,
flesh balls,血肉之球,
Fleshy,多肉的,
Flicker,闪烁,
Flickering,闪烁的,
Flier,飞行者,
flies,苍蝇,
Flight,飞行,
Flights of fancy,异想天开,
Flighty,轻浮的,
Flimsiness,脆弱,
Flimsy,脆弱的,
floating gutses,飘浮内脏,
Flood,洪水,
Floor,地板,
flounders,鲽鱼,
Flower,花,
Flowery,多花的,
fluffy wamblers,蓬松毛球,
Fluke,侥幸,
Flute,长笛,
Flux items,助熔剂类物品,
Fly,苍蝇,
fly men,男苍蝇人,
fly women,女苍蝇人,
flying squirrel men,雄鼯鼠人,
flying squirrel women,雌鼯鼠人,
flying squirrels,鼯鼠,
Focus,焦点,
Fog,雾,
Foggy,有雾的,
Fôker,福克尔,
Fold,折叠,
Folded,折叠的,
Folded sheet protector items,书籍装订用品,
Folder,文件夹,
Folder: ,文件夹：,
Fondled,被爱抚的,
fondness,喜欢,
Fondness,喜欢,
Food Hauling,搬运食物,
Food storage items,食物储存容器,
Fool,傻瓜,
Foolish,愚蠢的,
Foot,脚,
Forbid cages from sprung traps,禁止搬运已触发陷阱中的笼子,
Forbid cages from sprung traps during sieges,围攻期间禁止搬走已触发陷阱中的笼子,
Forbid floor/wall cleaning,禁止楼板/墙体的清洁工作,
Forbid floor/wall cleaning during sieges,围攻期间禁止清理地面和墙面,
Forbid other death items,禁用他方死者遗物,
Forbid other death items during sieges,围攻期间禁止搬运死者遗物,
Forbid other non-hunted dead,禁止搬运其他非打猎产生的尸体,
Forbid other non-hunted dead during sieges,围攻期间禁止搬运其他非打猎产生的尸体,
Forbid toppled building items,禁止搬运被建筑破坏者拆除的建筑掉落的物品,
Forbid toppled building items during sieges,围攻期间禁止拾取被建筑破坏者拆除的建筑掉落的物品,
Forbid trap cleaning,禁止陷阱的清洁工作,
Forbid trap cleaning during sieges,围攻期间禁止清理陷阱,
Forbid trap rearming,禁止重新布置陷阱,
Forbid trap rearming during sieges,围攻期间禁止重新布置陷阱,
Forbid used ammunition,禁用用过的弹药,
Forbid used ammunition during sieges,围攻期间禁止搬运用过的发射物,
Forbid your citizens from using an item or building.,禁止你的居民使用某个物品或建筑。,
Forbid your dead,禁止搬运己方死者遗体,
Forbid your dead during sieges,围攻期间禁止搬运己方死者,
Forbid your death items,禁止搬运己方死者遗物,
Forbid your death items during sieges,围攻期间禁止搬运己方死者遗物,
Forbidding of death objects occurs at time of death.,死亡相关物品在死亡瞬间即被禁用。,
Ford,浅滩,
Forest,森林,
Forever,永远,
"Forge weapons and armor here, as well as most other metal objects from furniture to trap components. Magma below the forge will power tasks. You are responsible for placing the forge above the magma, but no other fuel is required.",在此锻造武器和盔甲，以及大多数其他金属制品（从家具到陷阱部件）。锻炉下方的岩浆将为任务提供动力。你需要负责将锻炉放置在岩浆上方，除此之外无需其他燃料。,
"Forge weapons and armor here, as well as most other metal objects from furniture to trap components. These tasks require fuel.",在此锻造武器和盔甲，以及大多数其他金属制品（从家具到陷阱部件）。这些任务需要燃料。,
Forgotten beast irritation minimum (less = sooner),遗忘巨兽烦躁度下限（数值越小，越早发动）,
Forgotten beast sensitivity (less = sooner),遗忘巨兽敏感度（数值越小，越早出现）,
Forgotten beast wealth divisor (more = safer),遗忘巨兽财富除数（数值越大，越安全）,
Fork,叉子,
Fort,要塞,
Fortification,防御工事,
"Fortifications block creature movement but allow projectiles through. Soldiers near fortifications are reasonably safe from incoming projectiles. Requires boulder, block, or wood.",城垛能阻挡生物移动但允许抛射物通过。城垛附近的士兵相对不易受到来袭抛射物的攻击。需要岩石、方块或木材。,
Fortuitous,偶然的,
Fortunate,幸运的,
Fortune,命运,
foul blendecs,污邪杂种,
Found a feature,发现一处特征,
Fountain,喷泉,
fourth finger,小指,
fourth toe,第四脚趾,
fox men,男狐狸人,
fox squirrels,狐松鼠,
fox women,女狐狸人,
foxes,狐狸,
Fragile,易碎的,
Fragment,碎片,
Fragrance,香气,
Fragrant,芳香的,
Frail,体弱,
Frame,框架,
Freckle,雀斑,
freezing,极寒,
Frenetic,狂躁,
Frenzy,狂热,
Frequent,常见,
Fresh,新鲜的,
Friend,朋友,
FRIENDLINESS,友善,
Friendly,友好的,
Friendship,友谊,
frightened,惊恐,
Frightful,可怕的,
Frigid,寒冷的,
Frigidity,寒冷,
Frill,褶边,
frill sharks,皱鳃鲨,
Frilly,有褶边的,
Frog,青蛙,
Frost,霜,
Frosty,霜冻的,
Froth,泡沫,
Frothy,多泡沫的,
Fruit,水果,
Fruity,果味的,
frustrated,挫败,
Frustration,挫败,
Fûbeg,富贝格,
Fuchsia,紫红色的,
Full,满的,
Full reversion,完全复原,
Fullscreen,全屏,
Funeral,葬礼,
Fungus,真菌,
Fur,皮毛,
Furious,狂怒的,
Furnace,熔炉,
"Furnaces are used for smelting, glassmaking, pottery, ashmaking, or to make fuel from wood or raw coal. Furnaces require fuel to function, or they can be set above magma.",熔炉用于冶炼、玻璃制造、陶器制作、制灰，或从木材或原煤制造燃料。熔炉需要燃料才能运作，有些则需要设置在岩浆上方以代替燃料。,
Furniture Hauling,搬运家具,
Furniture items,家具物品,
Furniture:,家具：,
Fury,狂怒,
Fushur,富舒尔,
Future,未来,
gabbro men,辉长岩人,
Gabet,加贝特,
gaiety,欢快,
Gaiety,欢快,
Gåkïz,加基兹,
Gale,大风,
Galena,方铅矿月,
Gall,胆汁,
Gallery,画廊,
Galley,厨房,
Gallows,绞刑架,
Galthor,盖索尔,
Game,游戏,
Gameplay,游戏性,
Games of chance items,博彩用品,
Ganad,甘纳德,
ganders,公鹅,
Gang,帮派,
Gansit,甘锡特,
Garish,花哨的,
Garlic,大蒜,
Garnish,装饰,
Gatal,盖塔尔,
Gate,大门,
Gathil,盖希尔,
Gatiz,凯蒂兹,
Gaunt,憔悴的,
Gaze,凝视,
gazelle men,男瞪羚人,
gazelle women,女瞪羚人,
gazelles,瞪羚,
Gear,齿轮,
Geared,有齿轮的,
Gébar,格巴尔,
geese,母鹅,
Geget,格格特,
Gekur,格库尔,
Gem,宝石,
Gemis,盖米斯,
General,将军,
General Mood: ,总体情绪：,
Generate Divine Materials,生成神圣材料,
Generate Mythical Materials,生成神话材料,
Genius,天才,
Gerbil,沙鼠,
Gerrothorax,胃螈,
Gerrothorax man,雄胃螈人,
Gerrothorax men,雄胃螈人,
Gerrothorax woman,雌胃螈人,
Gerrothorax women,雌胃螈人,
Gerrothoraxes,胃螈,
Gesul,格索尔,
Ghost,幽灵,
Ghoul,食尸鬼,
giant aardvarks,巨型土豚,
giant adders,巨型蝰蛇,
giant albatrosses,巨型信天翁,
giant alligators,巨型短吻鳄,
giant anacondas,巨型水蟒,
giant anoles,巨型安乐蜥,
giant armadillo boars,巨型雄犰狳,
giant armadillo sows,巨型雌犰狳,
giant axolotls,巨型蝾螈,
giant aye-ayes,巨型指猴,
giant badger boars,巨型雄鼬獾,
giant badger sows,巨型雌鼬獾,
giant bark scorpions,巨型树皮蝎,
giant barn owls,巨型仓鸮,
giant bats,蝙蝠,
giant beavers,巨型海狸,
giant beetles,巨型甲虫,
giant black bears,巨型黑熊,
giant black mambas,巨型黑曼巴蛇,
giant bluejays,巨型冠蓝鸦,
giant bobcats,巨型短尾猫,
giant brown recluse spiders,巨型棕色遁蛛,
giant bushmasters,巨型巨蝮,
giant bushtits,巨型丛山雀,
giant buzzards,巨型秃鹰,
giant capuchins,巨型卷尾猴,
giant capybaras,巨型水豚,
giant cardinals,巨型红衣凤头鸟,
giant cassowaries,巨型鹤鸵,
giant cave spiders,巨型洞穴蜘蛛,
giant cave swallows,巨型洞穴燕,
giant cave toads,巨型洞穴蟾蜍,
giant chameleons,巨型变色蜥,
giant cheetahs,巨型猎豹,
giant chinchillas,巨型毛丝鼠,
giant chipmunks,巨型花栗鼠,
giant coatis,巨型长鼻浣熊,
giant cockatiels,巨型玄凤鹦鹉,
giant copperhead snakes,巨型铜头蛇,
giant cougars,巨型美洲狮,
giant coyotes,巨型郊狼,
giant crabs,巨型螃蟹,
giant crows,巨型乌鸦,
giant cuttlefish,巨型墨鱼,
giant damselflies,巨型蓝蜻蛉,
giant deer,巨型鹿,
giant desert tortoises,巨型沙漠陆龟,
giant dingoes,巨型野狗,
giant dragonflies,巨型蜻蜓,
giant eagles,巨型鹰,
giant earthworms,巨型蚯蚓,
giant echidnas,巨型针鼹,
giant elephant seals,巨型象海豹,
giant elephants,巨型大象,
giant elk,巨型麋鹿,
giant emus,巨型鸸鹋,
giant fireflies,巨型萤火虫,
giant flies,巨型苍蝇,
giant flying squirrels,巨型鼯鼠,
giant foxes,巨型狐狸,
giant gazelles,巨型瞪羚,
giant gila monsters,巨型毒蜥,
giant girafves,巨型长颈鹿,
giant grackles,巨型黑羽椋鸟,
giant grasshoppers,巨型蚱蜢,
giant gray langurs,巨型灰叶猴,
giant gray squirrels,巨型灰松鼠,
giant great horned owls,巨型大角鸮,
giant green tree frogs,巨型绿树蛙,
giant grey parrots,巨型灰鹦鹉,
giant grizzly bears,巨型灰熊,
giant groundhogs,巨型土拨鼠,
giant groupers,巨型石斑鱼,
giant hamsters,巨型仓鼠,
giant hares,巨型野兔,
giant harp seals,巨型竖琴海豹,
giant hedgehogs,巨型刺猬,
giant hippos,巨型河马,
giant hoary marmots,巨型花白旱獭,
giant honey badgers,巨型蜜獾,
giant hornbills,巨型犀鸟,
giant horseshoe crabs,巨型马蹄蟹,
giant hyenas,巨型鬣狗,
giant ibexes,巨型羱羊,
giant iguanas,巨型鬣蜥,
giant impalas,巨型高角羚,
giant jackals,巨型豺,
giant jaguars,巨型美洲豹,
giant jumping spiders,巨型跳蛛,
giant kakapo,巨型鸮鹦鹉,
giant kangaroos,巨型袋鼠,
giant kea,巨型啄羊鹦鹉,
giant kestrels,巨型红隼,
giant king cobras,巨型眼镜王蛇,
giant kingsnakes,巨型皇帝蛇,
giant kiwi cocks,巨型雄鹬鸵,
giant kiwi hens,巨型雌鹬鸵,
giant koalas,巨型树袋熊,
giant leeches,巨型水蛭,
giant leopard geckoes,巨型豹纹壁虎,
giant leopard seals,巨型豹形海豹,
giant leopards,巨型花豹,
giant lice,巨型虱子,
giant lion tamarins,巨型狮狨猴,
giant lions,巨型狮子,
giant lizards,巨型蜥蜴,
giant loons,巨型潜鸟,
giant lorikeets,巨型吸蜜鹦鹉,
giant lynx,巨型猞猁,
giant magpies,巨型喜鹊,
giant mandrills,巨型山魈,
giant mantises,巨型螳螂,
giant masked lovebirds,巨型蒙面爱情鸟,
giant minks,巨型水貂,
giant moles,巨型鼹鼠,
giant monarch butterflies,巨型帝王蝶,
giant mongooses,巨型獴,
giant monitor lizards,巨型巨蜥,
giant moon snails,巨型月亮蜗牛,
giant moose bulls,巨型雄驼鹿,
giant moose cows,巨型雌驼鹿,
giant mosquitoes,巨型蚊子,
giant moths,巨型飞蛾,
giant mountain goats,巨型雪羊,
giant muskoxen,巨型麝牛,
giant narwhals,巨型独角鲸,
giant nautiluses,巨型鹦鹉螺,
giant ocelots,巨型豹猫,
giant octopuses,巨型章鱼,
giant olms,巨型洞螈,
giant one-humped camels,巨型单峰骆驼,
giant opossums,巨型负鼠,
giant orcas,巨型逆戟鲸,
giant orioles,巨型黄鹂,
giant ospreys,巨型鱼鹰,
giant ostrich cocks,巨型雄鸵鸟,
giant ostrich hens,巨型雌鸵鸟,
giant otters,巨型海獭,
giant pangolins,巨型穿山甲,
giant parakeets,巨型长尾鹦鹉,
giant peach-faced lovebirds,巨型桃面爱情鸟,
giant penguins,巨型企鹅,
giant peregrine falcons,巨型游隼,
giant platypuses,巨型鸭嘴兽,
giant polar bears,巨型北极熊,
giant pond turtles,巨型池龟,
giant porcupines,巨型豪猪,
giant puffins,巨型海鹦,
giant pythons,巨型巨蟒,
giant raccoons,巨型浣熊,
giant rats,巨型老鼠,
giant rattlesnakes,巨型响尾蛇,
giant ravens,巨型渡鸦,
giant red panda boars,巨型雄红熊猫,
giant red panda sows,巨型雌红熊猫,
giant red squirrels,巨型红松鼠,
giant red-winged blackbirds,巨型红翅黑鹂,
giant rhesus macaques,巨型猕猴,
giant rhinoceroses,巨型犀牛,
giant roaches,巨型蟑螂,
giant saltwater crocodiles,巨型咸水鳄,
giant skinks,巨型彩舌蜥,
giant skunks,巨型臭鼬,
giant sloth bears,巨型懒熊,
giant sloths,巨型树懒,
giant slugs,巨型蛞蝓,
giant snails,巨型蜗牛,
giant snapping turtles,巨型大鳄龟,
giant snowy owls,巨型雪鸮,
giant sparrows,巨型麻雀,
giant sperm whales,巨型抹香鲸,
giant spider monkeys,巨型蜘蛛猴,
giant sponges,巨型海绵,
giant stoats,巨型白鼬,
giant swans,巨型天鹅,
giant tapirs,巨型貘,
giant thrips,巨型蓟马,
giant ticks,巨型蜱虫,
giant tiercel peregrines,巨型雄游隼,
giant tigers,巨型虎,
giant toads,巨型蟾蜍,
giant tortoise men,男巨型陆龟人,
giant tortoise women,女巨型陆龟人,
giant tortoises,巨型陆龟,
giant two-humped camels,巨型双峰骆驼,
giant vultures,巨型秃鹫,
giant walruses,巨型海象,
giant warthogs,巨型疣猪,
giant weasels,巨型黄鼬,
giant white storks,巨型白鹳,
giant wild boars,巨型野猪,
giant wolverines,巨型狼獾,
giant wolves,巨型狼,
giant wombats,巨型袋熊,
giant wrens,巨型鹪鹩,
giantesses,雌巨人,
giants,雄巨人,
Gift,礼物,
Gift a (large) pet or mount (new menu),赠送一只（大型）宠物或坐骑（新目录）,
gigantic pandas,超巨型熊猫,
gigantic squids,超巨型鱿鱼,
gigantic tortoises,超巨型陆龟,
gila monster men,男毒蜥人,
gila monster women,女毒蜥人,
gila monsters,毒蜥,
Gilded,镀金的,
Gill,鳃,
Ging,金戈,
Gïnon,金农,
giraffe men,男长颈鹿人,
giraffe women,女长颈鹿人,
girafves,长颈鹿,
Girder,梁,
Girdle,腰带,
Girdled,束腰的,
Girl,女孩,
Girlish,女孩气的,
Girust,吉鲁特,
Gishdist,吉迪斯,
Gïsstir,吉蒂尔,
Gitnuk,吉努克,
Give into pain,屈服于痛苦,
Glacial,冰川的,
Glacier,冰川,
Glad,高兴的,
Glade,林间空地,
Gladness,高兴,
Gland,腺体,
Glass items,玻璃制品,
Glass-making items,玻璃制造原料,
glasseye,斑鳍大眼鲷,
Glazable items,可上釉物品,
Glaze,釉料,
Glaze items,釉料物品,
Gleam,微光,
Gleeful,欢快的,
Glen,幽谷,
Glimmer,闪烁,
Glitter,闪光,
Glittery,闪亮的,
Glorious,光荣的,
Glory,荣耀,
Gloss,光泽,
Glove,手套,
Gloved,戴手套的,
Glow,光辉,
Glowing,发光的,
Glutton,贪食,
Glyptodon boar,雌雕齿兽,
Glyptodon boars,雌雕齿兽,
Glyptodon man,雄雕齿兽人,
Glyptodon men,雄雕齿兽人,
Glyptodon sow,雄雕齿兽,
Glyptodon sows,雄雕齿兽,
Glyptodon woman,雌雕齿兽人,
Glyptodon women,雌雕齿兽人,
Gnarled,多节瘤的,
Goad,刺激,
Goal,目标,
Goat,山羊,
goblins,哥布林,
God,神,
God-Forsaken,被神遗弃的,
Godly,神圣的,
Golast,格拉斯,
Gold,黄金,
Gold-bearing items,含金物品,
Golden,金色的,
Goldenrod,菊黄色的,
Gommuk,古穆克,
Goo,粘稠物,
Good with language,好语言能力,
Goose,鹅,
Gore,血块,
Gorge,峡谷,
gorillas,大猩猩,
gorlaks,獠牙怪,
Gory,血淋淋的,
Gòstang,戈斯坦,
Goster,高斯特,
Govûl,高沃尔,
Gracious,宽厚,
grackle men,雄黑羽椋鸟人,
grackle women,雌黑羽椋鸟人,
grackles,黑羽椋鸟,
Grain,谷物,
Grand,宏伟的,
Grand guild unit count,大型工会成员人数,
Grape,葡萄,
Graphical FPS cap (default 50),图形帧率上限（默认50）,
Grasp,抓住,
Grasping,贪婪的,
Grass,草,
grasshopper men,雄蚱蜢人,
grasshopper women,雌蚱蜢人,
grasshoppers,蚱蜢,
Grave,坟墓,
Gravel,砾石,
Gray,灰色的,
gray gibbons,灰长臂猿,
gray langur men,男灰叶猴人,
gray langur women,女灰叶猴人,
gray langurs,灰叶猴,
gray squirrel men,雄灰松鼠人,
gray squirrel women,雌灰松鼠人,
gray squirrels,灰松鼠,
Grayness,灰色,
Grazing coefficient (higher = less grass),放牧系数（数值越高＝草消耗越少）,
Grease,油脂,
great barracudas,大梭鱼,
great horned owl men,雄大角鸮人,
great horned owl women,雌大角鸮人,
great horned owls,大角鸮,
great white sharks,大白鲨,
Greater,更大的,
Greatest,最大的,
Greatness,伟大,
Greed,贪婪,
GREED,贪婪,
Greedy,贪婪,
Green,绿色的,
green devourers,绿色吞噬者,
green tree frog men,男绿树蛙人,
green tree frog women,女绿树蛙人,
green tree frogs,绿树蛙,
Greenness,绿色,
Greet listener,问候听者,
Gregarious,合群,
GREGARIOUSNESS,合群,
Gremlin opened cage,麻烦鬼打开了笼子,
Gremlin pulled lever,麻烦鬼拉动了拉杆,
Gremlin triggered plate,麻烦鬼触发了压力板,
Gremlin unshackled something,麻烦鬼解除了某物的镣铐,
gremlins,麻烦鬼,
grey parrot men,雄灰鹦鹉人,
grey parrot women,雌灰鹦鹉人,
grey parrots,灰鹦鹉,
Grief,悲伤,
grieved,悲痛,
Grieving,悲伤的,
Griffon,狮鹫,
griffons,狮鹫,
Grim,严峻的,
grimelings,水鬼,
Grip,紧握,
Gristle,软骨,
Gristly,软骨的,
Grizzle,灰色,
Grizzly,灰白色的,
grizzly bear men,男灰熊人,
grizzly bear women,女灰熊人,
grizzly bears,灰熊,
Groove,凹槽,
Grooved,有凹槽的,
Gross,粗俗的,
Grotto,洞穴,
Grouchiness,暴躁,
grouchy,脾气暴躁,
groundhog men,男土拨鼠人,
groundhog women,女土拨鼠人,
groundhogs,土拨鼠,
Group,团体,
Grove,小树林,
Grower,种植者,
Growl,咆哮,
Growth,生长,
Grub,蛆虫,
Grumpiness,暴躁,
Guard,守卫,
Gubel,古贝尔,
Gudid,古迪德,
Gudos,古多斯,
Guild,行会,
Guild unit count,工会成员人数,
Guile,狡诈,
Guilt,内疚,
guineacocks,公珍珠鸡,
guineahens,母珍珠鸡,
Guise,外表,
Gukil,古基尔,
Gulf,深渊（坑）,
Gully,冲沟,
guppies,虹鳉,
Gut,内脏,
Gutter,排水沟,
Gypsum items,石膏物品,
Habit,习惯,
Habitual,习惯的,
Hag,女巫,
hagfish,盲鳗,
Haikouichthys,海口鱼,
Haikouichthys man,雄海口鱼人,
Haikouichthys men,雄海口鱼人,
Haikouichthys woman,雌海口鱼人,
Haikouichthys women,雌海口鱼人,
Haikouichthyses,海口鱼,
Hail,冰雹,
Hair,头发,
Hair/wool items,毛发/羊毛类物品,
Hairy,多毛的,
hake,无须鳕,
Hale,健壮的,
halibut,大比目鱼,
Hall,大厅,
Hallucigenia,怪诞虫,
Hallucigenia man,雄怪诞虫人,
Hallucigenia men,雄怪诞虫人,
Hallucigenia woman,雌怪诞虫人,
Hallucigenia women,雌怪诞虫人,
Hallucigenias,怪诞虫,
Hame,马轭,
Hamlet,聚落,
Hammer,锤子,
Hammerer,锤打者,
hammerhead sharks,锤头鲨,
hamster men,雄仓鼠人,
hamster women,雌仓鼠人,
hamsters,仓鼠,
Hand,手,
Handle,手柄,
Handy,手巧的,
Happiness,快乐,
happy,开心,
Hard,困难,
Hard items,硬质物品,
Hard Work,勤勉,
Hardiness,坚韧,
Hardy,强壮的,
Hare,野兔,
hare men,雄野兔人,
hare women,女野兔人,
Harmonious,和谐的,
Harmony,和谐,
harp seal men,男竖琴海豹人,
harp seal women,女竖琴海豹人,
harp seals,竖琴海豹,
harpies,鹰身女妖,
Harsh,严厉的,
Harshness,严厉,
Harvest,收获,
Harvester,收割者,
Hatches can be placed at the tops of stairwells or above ramps to control movement in the fort when they are forbidden or attached to levers.,盖板可放置在楼梯井顶部或斜坡上方，当其被禁用或连接到拉杆时，用以控制要塞内的通行。,
Hatchet,短柄斧,
Hate,厌恶,
HATE PROPENSITY,憎恨倾向,
Hatred,仇恨,
Hauling,搬运,
Haunt,常去之地,
haunted,诡异,
having a awful tomb after gaining another year,获得另一个生日后拥有糟糕的陵墓,
"having a drink without using a goblet, cup or mug",未使用杯子饮酒,
having a fantastic tomb after gaining another year,获得另一个生日后拥有极好的陵墓,
having a good tomb after gaining another year,获得另一个生日后拥有好的陵墓,
having a great tomb after gaining another year,获得另一个生日后拥有伟大的陵墓,
having a horrible tomb after gaining another year,获得另一个生日后拥有可怕的陵墓,
having a horribly substandard tomb after gaining another year,获得另一个生日后拥有极其不达标的陵墓,
having a legendary tomb after gaining another year,获得另一个生日后拥有传奇的陵墓,
having a mandate deadline missed,强令期限错过,
having a mandate ignored,强令被忽视,
having a poor tomb after gaining another year,获得另一个生日后拥有差的陵墓,
having a very good tomb after gaining another year,获得另一个生日后拥有非常好的陵墓,
having a very poor tomb after gaining another year,获得另一个生日后拥有非常差的陵墓,
having to conduct an official meeting in a bedroom,不得不在卧室进行官方会议,
having to conduct an official meeting in a dining room,不得不在餐厅进行官方会议,
Hawk,鹰,
Hay,干草,
Haze,薄雾,
Hazy,多雾的,
Healer,治疗者,
Healing,治疗,
hearing eloquent speech,听到雄辩之词,
Heart,心,
Hearth,炉床,
Heat,热,
Heather,石南花,
Heaven,天堂,
Heavenly,天堂般的,
Heaviness,沉重,
Heavy,重的,
Heavy bleeding,大出血,
Heavy object hauler items,重型物品搬运工具,
Hedge,树篱,
hedgehog men,雄刺猬人,
hedgehog women,雌刺猬人,
hedgehogs,刺猬,
Hegemon,霸主,
Height,高度,
Held,被持有的,
Held/Worn:,正在被持有/穿戴：,
Helicoprion,旋齿鲨,
Helicoprion man,雄旋齿鲨人,
Helicoprion men,雄旋齿鲨人,
Helicoprion woman,雌旋齿鲨人,
Helicoprion women,雌旋齿鲨人,
Helicoprions,旋齿鲨,
Heliotrope,紫红色的,
Hell,地狱,
Hellish,地狱般的,
Helm,舵,
Helmed,戴头盔的,
helmet snakes,头盔蛇,
Help,帮助,
Helpful,有帮助的,
helping somebody,帮助他人,
Hematite,赤铁矿月,
hens,母鸡,
Here you can make parts for ballistae and catapults. This workshop is also the place where ballista ammo is assembled.,在此你可以制造弩炮和投石机的部件。此工坊也是组装弩炮弹药的地方。,
"Here you can turn thread into cloth, whether it is thread from the farmer's workshop or spider silk gathered underground.",在此可以将线织成布，无论是来自农业工坊的线，还是地下收集的蛛丝。,
Hermit,隐士,
Hermitic,隐士的,
Hero,英雄,
Heroic,英雄的,
herrings,鲱鱼,
Hex,魔法,
Hibbertopterus peachi,希氏广翅鲎·皮氏亚种,
Hibbertopterus peachi man,雄希氏广翅鲎·皮氏亚种人,
Hibbertopterus peachi men,雄希氏广翅鲎·皮氏亚种人,
Hibbertopterus peachi woman,雌希氏广翅鲎·皮氏亚种人,
Hibbertopterus peachi women,雌希氏广翅鲎·皮氏亚种人,
Hibbertopterus peachis,希氏广翅鲎·皮氏亚种,
Hibbertopterus scouleri,希氏广翅鲎·斯氏亚种,
Hibbertopterus scouleri man,雄希氏广翅鲎·斯氏亚种人,
Hibbertopterus scouleri men,雄希氏广翅鲎·斯氏亚种人,
Hibbertopterus scouleri woman,雌希氏广翅鲎·斯氏亚种人,
Hibbertopterus scouleri women,雌希氏广翅鲎·斯氏亚种人,
Hibbertopterus scouleris,希氏广翅鲎·斯氏亚种,
Hide,兽皮,
Hide an item or building from your view. Citizens will still use it.,从你的视野中隐藏一个物品或建筑。居民仍会使用它。,
Hide console on startup (MS Windows only),启动时隐藏控制台（仅适用于 Windows 系统）,
hide-tutorials (global),隐藏教程提示（全局）,
Hideous,丑陋的,
High priesthood unit count,大祭司人数,
Hill,山丘,
Hip,臀部,
hippo men,男河马人,
hippo women,女河马人,
hippos,河马,
History length,历史长度,
Hit by ball of flames,被火焰球击中,
Hive items,蜂箱物品,
Hoary,灰白的,
hoary marmot men,男花白旱獭人,
hoary marmot women,女花白旱獭人,
hoary marmots,花白旱獭,
Hog,猪,
Hold,握住,
Hole,洞,
Holiness,神圣,
Hollow,空洞,
Holy,神圣的,
Homage,敬意,
Home,家,
Homely,朴素的,
Honest,诚实的,
Honesty,诚实,
Honey,蜂蜜,
honey badger men,男蜜獾人,
honey badger women,女蜜獾人,
honey badgers,蜜獾,
honey bee drones,蜜蜂雄蜂,
honey bee queens,蜜蜂蜂后,
honey bee workers,蜜蜂工蜂,
Honey-bearing items,含蜂蜜物品,
Honor,荣誉,
Honorable,可敬的,
Hood,头巾,
Hoof,蹄,
Hop,跳跃,
hopeless,毫无希望,
Hopelessness,没有希望,
Hopper,跳跃者,
Horizontal keyboard scroll tiles,水平键盘滚动的格数,
Horizontal keyboard scroll tiles (fast),水平键盘滚动的格数（快速）,
"Horizontal keyboard scroll tiles (world, fast)",世界地图水平键盘滚动的格数（快速）,
Horizontal keyboard scroll tiles (world),世界地图水平键盘滚动的格数,
Horn,角,
Horn items,角质物品,
hornbill men,雄犀鸟人,
hornbill women,雌犀鸟人,
hornbills,犀鸟,
horrified,惊骇,
Horror,恐怖,
Horse,马,
horses,马,
horseshoe crab men,男马蹄蟹人,
horseshoe crab women,女马蹄蟹人,
horseshoe crabs,马蹄蟹,
hot,炎热,
Hound,猎犬,
Hour,小时,
House,房子,
Hovel,陋室,
How will you ask?,你会怎么问？,
Howl,嚎叫,
Hug,拥抱,
humans,人类,
Humble,谦卑的,
Humid,潮湿的,
Humidity,湿度,
humiliated,屈辱,
Humiliation,屈辱,
Humility,谦卑,
Humor,幽默,
HUMOR,幽默,
Humorless,缺乏幽默感,
Humorous,幽默的,
Hunger,饥饿,
hungry heads,饥饿之颅,
Hurricane,飓风,
Hut,小屋,
hydras,七头蛇,
hyena men,雄鬣狗人,
hyena women,雌鬣狗人,
hyenas,鬣狗,
Hypsilophodon,棱齿龙,
Hypsilophodon man,雄棱齿龙人,
Hypsilophodon men,雄棱齿龙人,
Hypsilophodon woman,雌棱齿龙人,
Hypsilophodon women,雌棱齿龙人,
Hypsilophodons,棱齿龙,
Ibas,伊巴斯,
Ibesh,伊贝石,
ibex men,雄羱羊人,
ibex women,雌羱羊人,
ibexes,羱羊,
Ice,冰,
ice wolves,冰原狼,
Ichthyosaurus,鱼龙,
Ichthyosaurus man,雄鱼龙人,
Ichthyosaurus men,雄鱼龙人,
Ichthyosaurus woman,雌鱼龙人,
Ichthyosaurus women,雌鱼龙人,
Ichthyosauruses,鱼龙,
Icy,冰冷的,
Idle,懒惰的,
Idleness,懒惰,
Idok,伊多克,
Idol,偶像,
Idrom,伊德罗,
If points remain,如果点数还有剩余,
Îgam,伊盖姆,
Ignited,点燃的,
Ignition,点火,
Ignoble,卑鄙的,
Ignorance,无知,
Ignorant,无知的,
Ignore,忽略,
Igrish,伊格利,
iguana men,男鬣蜥人,
iguana women,女鬣蜥人,
iguanas,鬣蜥,
Iguanodon,禽龙,
Iguanodon man,雄禽龙人,
Iguanodon men,雄禽龙人,
Iguanodon woman,雌禽龙人,
Iguanodon women,雌禽龙人,
Iguanodons,禽龙,
Íkthag,伊萨格,
Ikùl,伊库尔,
Ilas,伊拉斯,
Ildom,伊多姆,
Îlkeb,伊克布,
Ill,生病的,
Illness,疾病,
Ilned,伊奈德,
Ïlun,伊伦,
Ilus,伊卢斯,
Image,图像,
IMAGINATION,富有想象力,
Imesh,伊梅石,
Imgoz,伊戈兹,
Imik,伊米克,
Immobilization request,需要固定,
IMMODERATION,放纵,
IMMODESTY,不谦虚,
Immoral,不道德的,
Immorality,不道德,
Immortal,不朽者,
Immortality,不朽,
impala men,雄高角羚人,
impala women,雌高角羚人,
impalas,高角羚,
Impatient,急躁,
Imperial,帝国的,
Impervious,不受影响的,
Imported Wealth:,进口财富：,
Imprisoned,被监禁的,
Imprisonment,监禁,
Improvable items,可改良物品,
Impunity,不受惩罚,
Impure,不纯的,
Impurity,不纯,
In site finder,在据点查找器中,
Ìnal,伊纳尔,
Inattentive,疏忽,
Incense,熏香,
Inch,英寸,
Incident,事件,
Incidental,偶然的,
Incinerated,被焚化的,
Incineration,焚化,
Inclined to abstract,倾向抽象思维,
Inconsiderate,轻率的,
Inconvenience,不便,
Inconvenient,不便的,
Increase FPS limit,提高帧率限制,
Incurious,不好奇,
Independence,独立,
indignant,愤慨,
Indignation,愤慨,
Indigo,靛蓝色的,
Infallible,绝无谬误的,
Infamous,声名狼藉的,
Infamy,恶名,
Infected,被感染的,
Infection,感染,
Inferior,低等的,
Inferno,地狱,
Infinite,无限的,
Influence,影响,
Influential,有影响力的,
Inglaz,格拉兹,
Initial window height (if windowed),初始窗口高度（如果为窗口模式）,
Initial window width (if windowed),初始窗口宽度（如果是窗口模式）,
Injury and death,伤害与死亡,
Ink,墨水,
Inky,墨黑的,
Inn,旅馆,
Innocence,无辜,
Innocent,无辜的,
Inquire about any troubles,询问是否有任何麻烦事,
Inquire about listener's profession,询问对方的职业,
Insanity,疯狂,
Insect,昆虫,
Insensitive,感觉迟钝的,
Inshot,因肖特,
Insight,洞察力,
Insightful,富有洞察力的,
Instol,因斯托,
Insult,受辱,
insulted,受辱,
Intemperate,放纵不羁,
Intense,强烈的,
Intensity,强度,
Intercept handled hotkeys,拦截已处理的快捷键,
Interest,兴趣,
interested,有兴趣,
Intolerant,不宽容,
Intricacy,错综复杂,
Intricate,复杂的,
Introspection,自省,
intuition,直觉,
Invader construction aversion (smaller = more construction),入侵者建造厌恶度（数值越小，越倾向建造）,
Invader construction speed (smaller = slower),入侵者建造速度（数值越小，越慢）,
Invader days to delay vertical natural wall digging,入侵者开始挖掘天然竖直墙体前的延迟天数,
Invader death aversion (eight deaths),入侵者伤亡畏惧度（八名阵亡）,
Invader death aversion (five deaths),入侵者伤亡畏惧度（五名阵亡）,
Invader death aversion (four deaths),入侵者伤亡畏惧度（四名阵亡）,
Invader death aversion (nine deaths),入侵者伤亡畏惧度（九名阵亡）,
Invader death aversion (one death),入侵者伤亡畏惧度（一名阵亡）,
Invader death aversion (seven deaths),入侵者伤亡畏惧度（七名阵亡）,
Invader death aversion (six deaths),入侵者伤亡畏惧度（六名阵亡）,
Invader death aversion (ten+ deaths),入侵者伤亡畏惧度（十名以上阵亡）,
Invader death aversion (three deaths),入侵者伤亡畏惧度（三名阵亡）,
Invader death aversion (two deaths),入侵者伤亡畏惧度（二名阵亡）,
Invader deconstruction aversion (smaller = more deconstruct),入侵者拆除厌恶度（数值越小，越倾向拆除）,
Invader deconstruction speed (smaller = slower),入侵者拆除速度（数值越小，速度越慢）,
Invader digging speed (smaller = slower),入侵者挖掘速度（数值越小，越慢）,
Invader horizontal digging aversion (smaller = more digging),入侵者横向挖掘厌恶度（数值越小，越倾向挖掘）,
Invader vertical digging aversion (smaller = more digging),入侵者纵向挖掘厌恶度（数值越小，越倾向挖掘）,
Invaders can break constructed walls,入侵者可以破坏建造的墙体,
Invaders can build floors and stairs,入侵者可以建造地板和楼梯,
Invaders can dig natural walls,入侵者可以挖掘天然墙体,
Invaders can free creatures from cages,入侵者可以释放笼中的生物,
Invasion creature cap (excluding mounts),入侵单位上限（不含坐骑）,
Invasion difficulty (first),入侵难度（第三次）,
Invasion difficulty (fourth+ scaling),入侵难度（第四次及以后递增）,
Invasion difficulty (second),入侵难度（第一次）,
Invasion difficulty (third),入侵难度（第二次）,
Investigate or interrogate (new menu),调查或讯问（新目录）,
Invisible,隐形的,
Ir,伊尔,
Ireg,伊雷格,
Irol,伊罗尔,
Iron,铁,
iron men,铁人,
Iron-bearing items,含铁物品,
irritated,恼火,
Irritation,恼怒,
Irtir,伊蒂尔,
Isak,伊萨克,
Isan,伊桑,
Ïsir,伊西尔,
Island,岛屿,
isolated,被孤立,
Isolation,孤立,
Isrir,伊瑞尔,
Ïssun,伊孙,
Íster,伊斯特,
Istik,斯蒂克,
Itch,痒,
Item given name,物品被命名,
Item Hauling,搬运物品,
Ïthod,伊索德,
Itred,伊特雷,
Ivory,象牙,
Ivory/tooth items,象牙/牙齿制品,
Ivy,常春藤,
jabberers,宽喙巨兽,
Jack,千斤顶,
Jackal,豺狼,
jackal men,雄豺人,
jackal women,雌豺人,
jackals,豺,
Jade,玉石,
Jaekelopterus,耶克尔翼鲎,
Jaekelopterus man,雄耶克尔翼鲎人,
Jaekelopterus men,雄耶克尔翼鲎人,
Jaekelopterus woman,雌耶克尔翼鲎人,
Jaekelopterus women,雌耶克尔翼鲎人,
Jaekelopteruses,耶克尔翼鲎,
jaguar men,男美洲豹人,
jaguar women,女美洲豹人,
jaguars,美洲豹,
Jail,监狱,
Jailer,狱卒,
Jaundice,黄疸,
Jaundiced,患黄疸的,
Jaw,颌,
Jeholopterus,热河翼龙,
Jeholopterus man,雄热河翼龙人,
Jeholopterus men,雄热河翼龙人,
Jeholopterus woman,雌热河翼龙人,
Jeholopterus women,雌热河翼龙人,
Jeholopteruses,热河翼龙,
Jester,小丑,
Jewel,珠宝,
Job cancellation,工作取消,
Job satisfaction,工作满意度,
Joke,笑话,
Jolliness,开心,
jovial,开朗,
Joviality,快乐开朗,
Joyous,快乐的,
joyous wilds,狂欢荒野,
Jubilation,欢腾,
Judge,法官,
Juggler,戏者,
Juice,果汁,
Jump,跳跃,
Jump-dodge (proj),跳跃闪避（投射物）,
Jump-dodge (strike),跳跃闪避（近战）,
jumping spider men,男跳蛛人,
jumping spider women,女跳蛛人,
jumping spiders,跳蛛,
Jungle,丛林,
Just,公正的,
Justice,正义,
Kadän,凯丹,
kakapo,鸮鹦鹉,
kakapo men,雄鸮鹦鹉人,
kakapo women,雌鸮鹦鹉人,
Kalal,卡拉尔,
Kán,坎恩,
kangaroo bucks,雄袋鼠,
kangaroo does,雌袋鼠,
kangaroo men,男袋鼠人,
kangaroo women,女袋鼠人,
Kathil,卡锡尔,
kea,啄羊鹦鹉,
kea men,雄啄羊鹦鹉人,
kea women,雌啄羊鹦鹉人,
"Keep a colony of insects at your hives. A wild colony must be collected after the hive is placed, or a colony can be split from an existing hive colony.",在蜂箱饲养蜂巢。蜂箱放置后必须收集野生蜂巢，或者可以从现有蜂箱蜂巢中分蜂。,
Keeper,保管者,
Keg,小桶,
Kekim,凯基姆,
Kelenken cock,雌凯伦肯,
Kelenken cocks,雌凯伦肯,
Kelenken hen,雄凯伦肯,
Kelenken hens,雄凯伦肯,
Kelenken man,雄凯伦肯人,
Kelenken men,雄凯伦肯人,
Kelenken woman,雌凯伦肯人,
Kelenken women,雌凯伦肯人,
Kentrosaurus,钉状龙,
Kentrosaurus man,雄钉状龙人,
Kentrosaurus men,雄钉状龙人,
Kentrosaurus woman,雌钉状龙人,
Kentrosaurus women,雌钉状龙人,
Kentrosauruses,钉状龙,
Kêshshak,凯夏克,
Keskal,凯斯卡,
kestrel men,雄红隼人,
kestrel women,雌红隼人,
kestrels,红隼,
Key,钥匙,
Key hold milliseconds before repeat,按键开始重复前的按住毫秒数,
Keybindings,键位绑定,
Keyboard cursor enabled,开启键盘光标,
Keywords: ,关键词：,
Kezol,凯佐尔,
Kíddir,基迪尔,
Kikës,基克斯,
Killer,杀手,
Kind,善良的,
Kindled,被点燃的,
Kindling,引火物,
Kindness,仁慈,
kinesthetic sense,运动感知,
King,国王,
king cobra men,雄眼镜王蛇人,
king cobra women,雌眼镜王蛇人,
king cobras,眼镜王蛇,
king termites,白蚁蚁王,
Kingdom,王国,
kingsnake men,男皇帝蛇人,
kingsnake women,女皇帝蛇人,
kingsnakes,皇帝蛇,
Kir,基尔,
Kiret,基雷特,
Kiss,吻,
Kith,基斯,
Kithäl,基塞尔,
Kitung,基通,
kiwi cocks,雄鹬鸵,
kiwi hens,雌鹬鸵,
kiwi men,雄鹬鸵人,
kiwi women,雌鹬鸵人,
Kizab,基扎布,
Knife,刀,
Knight,骑士,
Knot,结,
Know,知晓的,
Knower,知者,
Knowledge,知识,
knuckle worms,关节蠕虫,
koala men,男树袋熊人,
koala women,女树袋熊人,
koalas,树袋熊,
kobolds,狗头人,
Koman,科曼,
Köshdes,科德斯,
Kosmoceratops,华丽角龙,
Kosmoceratops man,雄华丽角龙人,
Kosmoceratops men,雄华丽角龙人,
Kosmoceratops woman,雌华丽角龙人,
Kosmoceratops women,雌华丽角龙人,
Kosmoceratopses,华丽角龙,
Kúd,库德,
Kùgneb,库格奈,
Kulal,库拉尔,
Kulsim,库锡姆,
Kunon,库诺恩,
Kur,库尔,
Labor,劳动,
Laborious,费力的,
Labyrinth,迷宫,
Labyrinthine,迷宫般的,
Lace,花边,
Laconic,简洁的,
Lacy,有花边的,
Lake,湖,
Lal,拉尔,
Lamb,羔羊,
Lamentation,哀悼,
Lamented,被哀悼的,
Lames,拉梅斯,
Lance,长矛,
Lancer,枪兵,
Land,大陆,
Land holder population trigger 1,领主人口阈值 1,
Land holder population trigger 10 (mods),领主人口阈值 10（模组）,
Land holder population trigger 2,领主人口阈值 2,
Land holder population trigger 3,领主人口阈值 3,
Land holder population trigger 4 (mods),领主人口阈值 4（模组）,
Land holder population trigger 5 (mods),领主人口阈值 5（模组）,
Land holder population trigger 6 (mods),领主人口阈值 6（模组）,
Land holder population trigger 7 (mods),领主人口阈值 7（模组）,
Land holder population trigger 8 (mods),领主人口阈值 8（模组）,
Land holder population trigger 9 (mods),领主人口阈值 9（模组）,
Land holder production trigger 1,领主产量阈值 1,
Land holder production trigger 10 (mods),领主产量阈值 10（模组）,
Land holder production trigger 2,领主产量阈值 2,
Land holder production trigger 3,领主产量阈值 3,
Land holder production trigger 4 (mods),领主产量阈值 4（模组）,
Land holder production trigger 5 (mods),领主产量阈值 5（模组）,
Land holder production trigger 6 (mods),领主产量阈值 6（模组）,
Land holder production trigger 7 (mods),领主产量阈值 7（模组）,
Land holder production trigger 8 (mods),领主产量阈值 8（模组）,
Land holder production trigger 9 (mods),领主产量阈值 9（模组）,
Land holder trade trigger 1,领主贸易阈值 1,
Land holder trade trigger 10 (mods),领主贸易阈值 10（模组）,
Land holder trade trigger 2,领主贸易阈值 2,
Land holder trade trigger 3,领主贸易阈值 3,
Land holder trade trigger 4 (mods),领主贸易阈值 4（模组）,
Land holder trade trigger 5 (mods),领主贸易阈值 5（模组）,
Land holder trade trigger 6 (mods),领主贸易阈值 6（模组）,
Land holder trade trigger 7 (mods),领主贸易阈值 7（模组）,
Land holder trade trigger 8 (mods),领主贸易阈值 8（模组）,
Land holder trade trigger 9 (mods),领主贸易阈值 9（模组）,
Language,语言,
Languishing,衰弱的,
Lanir,兰尼尔,
Lantern,灯笼,
Lard,猪油,
Lardy,猪油状的,
Large instruments must be placed in taverns or temples before they will be used. These instruments must be assembled at a workshop first.,大型乐器必须放置在酒馆或神庙中才会被使用。这些乐器必须先在工坊组装完成。,
Large number formatting,大数格式化显示,
large rats,硕鼠,
large roaches,大蟑螂,
Lark,云雀,
Larva,幼虫,
Larval,幼虫的,
Lasgan,拉斯甘,
Lash,鞭打,
Last,最后的,
Late,晚的,
Lauded,受赞誉的,
Lavath,拉瓦斯,
Lavender,淡紫色的,
Laz,拉兹,
Laziness,懒惰,
Lazy,懒惰的,
Lead-bearing items,含铅物品,
Leader,首领,
leading an unexciting life,过着乏味的生活,
Leaf,叶子,
Leafy,多叶的,
League,联盟,
Leak,泄漏,
Leaky,漏的,
Lean,瘦的,
Leap,跳跃,
Learned,有学问的,
Learning,学习,
learning something,学到了新东西,
Least,最少的,
Leather items,皮革制品,
Leave screen,关闭窗口,
Lecad,勒凯德,
Leech,水蛭,
leech men,水蛭人,
leeches,水蛭,
left ankle,左脚踝,
left cheek,左脸颊,
left ear,左耳,
left elbow,左肘,
left eye,左眼,
left eyelid,左眼睑,
left foot,左脚,
left hand,左手,
left hip,左臀部,
left lower arm,左前臂,
left lower leg,左小腿,
left shoulder,左肩,
left upper arm,左上臂,
left upper leg,左大腿,
left wrist,左手腕,
Leftbracket,左方括号,
Legend,传说,
Legendary,传奇的,
Legends,传说,
Leisure Time,闲暇,
Leisurely,悠闲,
Lelgas,莱盖斯,
Lemon,柠檬,
Length,长度,
Lens,透镜,
Leopard,豹,
leopard gecko men,男豹纹壁虎人,
leopard gecko women,女豹纹壁虎人,
leopard geckoes,豹纹壁虎,
leopard men,男花豹人,
leopard seal men,男豹形海豹人,
leopard seal women,女豹形海豹人,
leopard seals,豹形海豹,
leopard women,女花豹人,
leopards,花豹,
Leper,麻风病人,
Leprosy,麻风病,
Lerom,莱罗姆,
Lesast,雷萨特,
Leshal,莱夏尔,
Lesion,损伤,
Lessened,减少的,
Lesser,较小的,
Lesson,课程,
Letter,字母,
Lever Operation,操作拉杆,
"Levers are used with machines, doors, floodgates, bridges, cages, and other structures to change their state.",拉杆用于与机器、门、闸门、桥梁、笼子及其他结构配合，以改变它们的状态。,
Liaison,联络官,
Liberation,解放,
Liberty,自由,
Library,图书馆,
lice,虱子,
Lie,谎言,
Life,生命,
Ligament bruise,韧带挫伤,
Ligament strain,韧带拉伤,
Light,光,
Lightning,闪电,
Lilac,丁香,
Lilum,利卢姆,
Limb,肢体,
Lime,石灰,
Limestone,石灰岩月,
Limp,柔软的,
Line,线,
Lined,有内衬的,
linguistic ability,语言能力,
Linhenykus,临河爪龙,
Linhenykus man,雄临河爪龙人,
Linhenykus men,雄临河爪龙人,
Linhenykus woman,雌临河爪龙人,
Linhenykus women,雌临河爪龙人,
Linhenykuses,临河爪龙,
Lion,狮子,
lion men,男狮子人,
lion tamarin men,雄狮狨猴人,
lion tamarin women,雌狮狨猴人,
lion tamarins,狮狨猴,
lion women,女狮子人,
lions,狮子,
Lip,嘴唇,
Liquid container items,液体容器,
Liquid cooking items,液体烹饪容器,
Liquid scoop items,液体舀取工具,
Lirlez,利莱兹,
Lithrush,利斯鲁,
Little,小的,
little penguins,小企鹅,
Livid,青灰色的,
Living,活着的,
Lizard,蜥蜴,
lizard men,男蜥蜴人,
lizard women,女蜥蜴人,
lizards,蜥蜴,
llamas,无峰驼,
Load,载入,
Load saved settings,载入已保存的设置,
Load saved standing orders,载入已保存的常规指令,
Loading...,载入中...,
Loaf,面包,
loathing,憎恶,
Loathing,憎恶,
Löbor,洛博尔,
Lobster,龙虾,
Lock,锁,
Locun,洛昆,
Log world generation map rejects,记录世界生成地图被拒项,
Lone,孤独的,
Loneliness,孤独,
Loner,独来独往,
Lonesome,寂寞的,
Long,长的,
longfin mako sharks,长鳍鲭鲨,
longnose gars,长鼻雀鳝,
loon men,雄潜鸟人,
loon women,雌潜鸟人,
loons,潜鸟,
Loot,战利品,
Lord,领主,
lorikeet men,雄吸蜜鹦鹉人,
lorikeet women,雌吸蜜鹦鹉人,
lorikeets,吸蜜鹦鹉,
Lose hold of item,失去对物品的握持,
Losis,洛锡斯,
Lost,迷失的,
Louse,虱子,
louse men,男虱子人,
louse women,女虱子人,
Lovely,可爱的,
Lover,爱人,
Low self esteem,自卑,
lower body,下半身,
lower front teeth,下门牙,
lower left back teeth,左下臼齿,
lower lip,下唇,
lower right back teeth,右下臼齿,
lower spine,下段脊柱,
Lowness,低矮,
Loyal,忠诚的,
Loyalty,忠诚,
Lozlok,洛洛克,
Lucid,清晰的,
Lucidity,清醒,
Luck,运气,
Lucky,幸运的,
Lull,间歇,
Lunch,午餐,
Lung,肺,
lungfish,肺鱼,
Lure,诱饵,
Lurid,刺目的,
Lush,茂盛的,
LUST PROPENSITY,情欲倾向,
Luster,光泽,
Lustrous,有光泽的,
Lute,诗琴,
Luthoz,卢索兹,
Luxurious,奢侈的,
Luxury,奢侈,
Luzat,卢扎特,
Lye-bearing items,含碱液物品,
Lye/milk-free items,不含碱液或乳品的物品,
lynx,猞猁,
lynx men,雄猞猁人,
lynx women,雌猞猁人,
Lyric,抒情诗,
Lyrical,抒情的,
Lystrosaurus,水龙兽,
Lystrosaurus man,雄水龙兽人,
Lystrosaurus men,雄水龙兽人,
Lystrosaurus woman,雌水龙兽人,
Lystrosaurus women,雌水龙兽人,
Lystrosauruses,水龙兽,
Machine,机器,
mackerel,鲭鱼,
"Macro, Load",宏，加载,
"Macro, Play",宏，运行,
"Macro, Record",宏，录制,
"Macro, Save",宏，保存,
Macros,宏,
Magak,玛盖克,
Magel,玛格尔,
Maggot,蛆,
Magic,魔法,
Magical,魔法的,
Magician,魔术师,
magma crabs,熔岩螃蟹,
Magma defaced engraving,岩浆毁坏了雕刻,
Magma Layer,岩浆层,
magma men,岩浆人,
Magma-safe items,耐岩浆物品,
magpie men,雄喜鹊人,
magpie women,雌喜鹊人,
magpies,喜鹊,
Mahogany,桃花心木色的,
Main menu,主菜单,
Major artery torn,大动脉破裂,
Make a flattering remark,说句恭维话,
Make agitated wildlife and cavern invasions less persistent.,降低狂乱野生动物与洞穴入侵的持续时间。,
"Make beds and various furniture here, as well as bins, barrels, and more.",在此制造床和各种家具，以及储物箱、圆桶等。,
Make Caves Visible,使洞穴可见,
Make charcoal and ash from wood here. Does not require fuel.,在此将木材制成木炭和灰烬。无需燃料。,
"Make cloth into clothing and tools here, such as bags and ropes.",在此将布料制成衣物和工具(例如袋子和绳索)。,
"Make crafts for trade and your own citizens here, as well as a variety of tools, armor, and bolts.",在此制造用于贸易和供自己居民使用的工艺品，以及各种工具、盔甲和弩箭。,
"Make crossbows here from wood or bone. The metalsmith's forge can be used for metal crossbows and metal bolts, and the crafts workshop is used to make other bolts.",在此用木材或骨骼制造十字弩。锻造间可用于制造金属十字弩和金属弩箭，而手工艺工坊则用于制造其他弩箭。,
Make leather from animal hides here. You can also make parchment using milk of lime and a hide.,在此将动物毛皮制成皮革。你也可以使用石灰乳和毛皮制作羊皮纸。,
"Make mechanisms here which are used to make levers, pressure plates, and gears. You can also use mechanisms to link levers and pressure plates to other machinery.",在此制造用于制作拉杆、压力板和齿轮的机械装置。你也可使用机械装置将拉杆和压力板与其他机械连接起来。,
Make metal bars from ore here. Can also refine coal into usable fuel or make alloys. All tasks require fuel.,在此将矿石制成金属锭。也可将煤精炼成可用燃料或制造合金。所有任务都需要燃料。,
"Make metal bars from ore here. Can also refine coal into usable fuel or make alloys. Magma below the smelter will power tasks. You are responsible for placing the smelter above the magma, but no other fuel is required.",在此将矿石制成金属锭。也可将煤精炼成可用燃料或制造合金。熔炉下方的岩浆将为任务提供动力。你需要负责将熔炉放置在岩浆上方，除此之外无需其他燃料。,
"Make stone furniture here, as well as blocks which are used in constructions.",在此制造石质家具，以及用于建筑的砖块。,
"Make sugar, flour, and various useful slurries here. Powered version of the quern. Must be hooked to a windmill or water wheel to function.",在此制作糖、面粉和各种有用的浆糊。这是手推磨的动力版本。必须连接到风车或水轮才能运作。,
"Make sugar, flour, and various useful slurries here. Tasks are completed very slowly compared to the powered millstone.",在此制作糖、面粉和各种有用的浆糊。与动力磨石相比，任务完成速度非常慢。,
Make the bed,制作床,
making merry,尽情欢乐,
making romance,谈情说爱,
Malachite,孔雀石月,
Malice,恶意,
Malicious,恶意的,
Malign,有害的,
Malignant,恶性的,
Maligned,受诽谤的,
Malodor,恶臭,
Malodorous,恶臭的,
Man,男人,
Mandate period (more = fewer),强令持续时间（数值越大，越少发布）,
mandrill men,男山魈人,
mandrill women,女山魈人,
mandrills,山魈,
maneras,倒吊鲨齿怪,
Mange,兽疥癣,
Mangròd,曼格罗,
Mangy,患兽疥癣的,
Manor,庄园,
Mansion,宅邸,
manta rays,蝠鲼,
mantis men,男螳螂人,
mantis women,女螳螂人,
mantises,螳螂,
Maram,玛拉姆,
Marble,大理石,
Mark,标记,
Market,市场,
marlins,枪鱼,
Maroon,褐红色的,
Marsh,沼泽,
Martial Prowess,武艺,
Martyr,殉道者,
masked lovebird men,雄蒙面爱情鸟人,
masked lovebird women,雌蒙面爱情鸟人,
masked lovebirds,蒙面爱情鸟,
Masos,玛索斯,
Massive,巨大的,
Master,主人,
Masterwork architecture lost,杰作建筑损失,
Masterwork construction lost,杰作构筑损失,
Masterwork made,杰作完成,
Mastery,精通,
Match ,比赛,
Matched (equal),相匹配的,
Matched (opposed),相对的,
Mauve,淡紫色的,
Maw,胃,
Max Megabeast Caves,巨兽洞穴最大数量,
Max Semimegabeast Caves,半巨兽洞穴最大数量,
Maximum Drainage,最高排水量,
Maximum Elevation,最高海拔,
Maximum embark dimension,最大开局地图尺寸,
Maximum key repeat acceleration multiplier,按键重复加速的最大倍数,
Maximum Natural Cave Size,自然洞穴最大规模,
Maximum number of sites,最大据点数量,
Maximum Number of Subregions,子区域最大数量,
Maximum Rainfall,最高降雨量,
Maximum Savagery,最高野蛮,
Maximum Temperature,最高温度,
Maximum Volcanism,最高火山活动,
Maze,迷宫,
Mead,蜂蜜酒,
Meadow,草地,
Meal,餐食,
Meal container items,餐食容器,
Mean (low),卑贱的,
Mean (nasty),刻薄的,
Meandering,蜿蜒的,
Meanness,卑鄙,
Meat,肉,
Meat boning items,剔骨刀具,
Meat carving items,切肉刀具,
Meat cleaving items,劈肉刀具,
Meat slicing items,切片刀具,
Meat-carving holder items,切肉固定架,
Mëbnith,梅布尼,
Mechanical,机械的,
Mechanism,机械装置,
Medicine,药物,
Meditation,冥想,
Medium,中等,
Meeting,会议,
Megabeast,巨兽,
Megabeast attack period (seasons),巨兽攻击周期（以季为单位）,
Megabeasts can attack,巨兽可以发动攻击,
Megacerops,巨角犀,
Megacerops man,雄巨角犀人,
Megacerops men,雄巨角犀人,
Megacerops woman,雌巨角犀人,
Megacerops women,雌巨角犀人,
Megaceropses,巨角犀,
Megalania,巨蜥,
Megalania man,雄巨蜥人,
Megalania men,雄巨蜥人,
Megalania woman,雌巨蜥人,
Megalania women,雌巨蜥人,
Megalanias,巨蜥,
Megalodon,巨齿鲨,
Megalodon man,雄巨齿鲨人,
Megalodon men,雄巨齿鲨人,
Megalodon woman,雌巨齿鲨人,
Megalodon women,雌巨齿鲨人,
Megalodons,巨齿鲨,
Meganeura,巨脉蜻蜓,
Meganeura man,雄巨脉蜻蜓人,
Meganeura men,雄巨脉蜻蜓人,
Meganeura woman,雌巨脉蜻蜓人,
Meganeura women,雌巨脉蜻蜓人,
Meganeuras,巨脉蜻蜓,
Megatherium,大地懒,
Megatherium man,雄大地懒人,
Megatherium men,雄大地懒人,
Megatherium woman,雌大地懒人,
Megatherium women,雌大地懒人,
Megatheriums,大地懒,
Megid,梅吉德,
Mekur,梅库尔,
Mellow,柔和的,
Melt-designated items,已标记熔炼的物品,
Memory,记忆,
Menace,威胁,
Mengthul,蒙索尔,
Menu Confirm,菜单确认,
Merchant,商人,
Merciful,仁慈,
Merged,合并的,
mermaids,雌人鱼,
mermen,雄人鱼,
Merrang,梅朗,
Merriment,欢庆,
Mesh,网眼,
Mess,混乱,
Messiah,救世主,
Messianic,救世主的,
Metal,金属,
Metal items,金属制品,
Meteor,流星,
Mëtin,梅廷,
Metropolis,都会,
Microceratus,微角龙,
Microceratus man,雄微角龙人,
Microceratus men,雄微角龙人,
Microceratus woman,雌微角龙人,
Microceratus women,雌微角龙人,
Microceratuses,微角龙,
middle spine,中段脊柱,
Midnight,午夜,
Midrim,米德姆,
Might,力量,
Mightiness,强大,
Mighty,强大的,
Migrant (one),移民（单个）,
Migrants,移民,
Migrants (danger),移民（危险）,
Mile,英里,
Military duty,军事职责,
Milk items,乳制品,
Milkable items,可挤奶生物,
milkfish,遮目鱼,
Milking,挤奶,
Millable items,可研磨物品,
Milliseconds between macro instructions,宏指令之间的毫秒间隔,
Milliseconds for each key repeat,每次按键重复的毫秒数,
Milliseconds interface shutdown after recenter,界面重新居中后自动关闭的毫秒数,
Mimetaster,仿星虫,
Mimetaster man,雄仿星虫人,
Mimetaster men,雄仿星虫人,
Mimetaster woman,雌仿星虫人,
Mimetaster women,雌仿星虫人,
Mimetasters,仿星虫,
Mimkot,米科特,
Mind,头脑,
Mindful,留心的,
Mine,矿,
Mineral occurrence,矿脉丰度,
Mineral Scarcity (Low = More minerals),矿物稀缺度（数值越低矿物越多）,
Minimum Complete Edge Oceans,完整边缘海洋最少数量,
Minimum Drainage,最低排水量,
Minimum Elevation,最低海拔,
Minimum Final Desert Region Count,最终沙漠区域最少数量,
Minimum Final Forest Region Count,最终森林区域最少数量,
Minimum Final Glacier Region Count,最终冰川区域最少数量,
Minimum Final Grassland Region Count,最终草原区域最少数量,
Minimum Final Hills Region Count,最终丘陵区域最少数量,
Minimum Final Mountains Region Count,最终山地区域最少数量,
Minimum Final Ocean Region Count,最终海洋区域最少数量,
Minimum Final Tundra Region Count,最终苔原区域最少数量,
Minimum Final Wetland Region Count,最终湿地区域最少数量,
Minimum Initial Desert Region Count,初始沙漠区域最少数量,
Minimum Initial Desert Square Count,初始沙漠格子最少数量,
Minimum Initial Forest Region Count,初始森林区域最少数量,
Minimum Initial Forest Square Count,初始森林格子最少数量,
Minimum Initial Glacier Region Count,初始冰川区域最少数量,
Minimum Initial Glacier Square Count,初始冰川格子最少数量,
Minimum Initial Grassland Region Count,初始草原区域最少数量,
Minimum Initial Grassland Square Count,初始草原格子最少数量,
Minimum Initial Hills Region Count,初始丘陵区域最少数量,
Minimum Initial Hills Square Count,初始丘陵格子最少数量,
Minimum Initial Mountains Region Count,初始山地区域最少数量,
Minimum Initial Mountains Square Count,初始山地格子最少数量,
Minimum Initial Ocean Region Count,初始海洋区域最少数量,
Minimum Initial Ocean Square Count,初始海洋格子最少数量,
Minimum Initial Tundra Region Count,初始苔原区域最少数量,
Minimum Initial Tundra Square Count,初始苔原格子最少数量,
Minimum Initial Wetland Region Count,初始湿地区域最少数量,
Minimum Initial Wetland Square Count,初始湿地格子最少数量,
Minimum Mountain Peak Number,最少山峰数量,
Minimum Natural Cave Size,自然洞穴最小规模,
Minimum Number of High-Drainage Squares,高排水格子最少数量,
Minimum Number of High-Elevation Squares,高海拔格子最少数量,
Minimum Number of High-Rain Squares,高降雨格子最少数量,
Minimum Number of High-Savagery Squares,高野蛮格子最少数量,
Minimum Number of High-Volcanism Squares,高火山活动格子最少数量,
Minimum Number of Low-Drainage Squares,低排水格子最少数量,
Minimum Number of Low-Elevation Squares,低海拔格子最少数量,
Minimum Number of Low-Rain Squares,低降雨格子最少数量,
Minimum Number of Low-Savagery Squares,低野蛮格子最少数量,
Minimum Number of Low-Volcanism Squares,低火山活动格子最少数量,
Minimum Number of Mid-Drainage Squares,中排水格子最少数量,
Minimum Number of Mid-Elevation Squares,中海拔格子最少数量,
Minimum Number of Mid-Rain Squares,中降雨格子最少数量,
Minimum Number of Mid-Savagery Squares,中野蛮格子最少数量,
Minimum Number of Mid-Volcanism Squares,中等火山活动格子最少数量,
Minimum Partial Edge Oceans,部分边缘海洋最少数量,
Minimum raids before first siege (per civ),每个文明在首次围攻前的最少突袭次数,
Minimum raids between sieges (per civ),每个文明两次围攻之间的最少突袭次数,
Minimum Rainfall,最低降雨量,
Minimum River Start Locations (Pre-Erosion),侵蚀前河流起点最少数量,
Minimum Savagery,最低野蛮,
Minimum Temperature,最低温度,
Minimum Volcanism,最低火山活动,
Minimum Volcano Number,最少火山数量,
Minion,仆从,
mink men,男水貂人,
mink women,女水貂人,
minks,水貂,
Minor pain,轻微疼痛,
minotaurs,牛头人,
Mint,薄荷色的,
Minus,减号,
Miohippus,渐新马,
Miohippus man,雄渐新马人,
Miohippus men,雄渐新马人,
Miohippus woman,雌渐新马人,
Miohippus women,雌渐新马人,
Miohippuses,渐新马,
Mire,泥潭,
Mired,陷入泥沼的,
Mirror,镜子,
Mirth,欢笑,
mirthful,欢乐,
Mischief,恶作剧,
Mischievous,恶作剧的,
Mishim,米希姆,
Mist,薄雾,
Misty,有薄雾的,
Mite,螨虫,
Mix similar foods in barrels,在木桶中混放类似食物,
Mizês,米泽斯,
Moa cock,雌恐鸟,
Moa cocks,雌恐鸟,
Moa hen,雄恐鸟,
Moa hens,雄恐鸟,
Moa man,雄恐鸟人,
Moa men,雄恐鸟人,
Moa woman,雌恐鸟人,
Moa women,雌恐鸟人,
Mob,暴民,
Moderate pain,中度疼痛,
Modest,谦虚的,
Modesty,谦虚,
moghoppers,泥跳虫,
Moist,潮湿的,
Moistness,潮湿,
Mold,霉菌,
Mole,痣,
molemarians,半身鼹鼠兽,
Molten,熔化的,
Moment,时刻,
Momentous,重要的,
Monang,莫南,
monarch butterflies,帝王蝶,
monarch butterfly men,男帝王蝶人,
monarch butterfly women,女帝王蝶人,
Monastery,寺院,
Monger,商人,
mongoose men,雄獴人,
mongoose women,雌獴人,
mongooses,獴,
Mongrel,杂种狗,
monitor lizard men,雄巨蜥人,
monitor lizard women,雌巨蜥人,
monitor lizards,巨蜥,
Monk,僧侣,
Monkey,猴子,
Mononykus,单爪龙,
Mononykus man,雄单爪龙人,
Mononykus men,雄单爪龙人,
Mononykus woman,雌单爪龙人,
Mononykus women,雌单爪龙人,
Mononykuses,单爪龙,
Monster,怪物,
Monstrous,怪物的,
Moon,月亮,
moon snail men,男月亮蜗牛人,
moon snail women,女月亮蜗牛人,
moon snails,月亮蜗牛,
Moonstone,月光石月,
moose men,男驼鹿人,
moose women,女驼鹿人,
Mop,拖把,
Moral,道德,
Morality,道德,
Morass,沼泽,
More complicated buildings from wells to powered machine components to levers and floodgates are found here.,更复杂的建筑在这里，从水井到动力机械部件，再到拉杆和闸门。,
Morning,早晨,
Morose,忧郁的,
Morsel,一口,
Mortal,凡人,
"Mortal mode: hide ""armok"" tools","凡人模式：隐藏""Armok""工具",
Mortality,死亡率,
Morus,莫鲁斯,
Mosasaurus,沧龙,
Mosasaurus man,雄沧龙人,
Mosasaurus men,雄沧龙人,
Mosasaurus woman,雌沧龙人,
Mosasaurus women,雌沧龙人,
Mosasauruses,沧龙,
Mosol,莫索尔,
mosquito men,男蚊子人,
mosquito women,女蚊子人,
mosquitoes,蚊子,
Moss,苔藓,
Most,最多的,
"Most terrain-altering constructions can be found here, from walls and floors to bridges, ramps, stairs, and more.",大多数改变地形的建筑结构都可以在这里找到，从墙壁、地板到桥梁、斜坡、楼梯等等。,
Moth,蛾,
moth men,雄飞蛾人,
moth women,雌飞蛾人,
Mother,母亲,
moths,飞蛾,
mountain gnomes,山岭地精,
mountain goat men,男雪羊人,
mountain goat women,女雪羊人,
mountain goats,雪羊,
Mountainhome,山地之家,
Mountainous,多山的,
Mournful,悲伤的,
Mouse,老鼠,
Mouse double click speed (ms),鼠标双击速度（毫秒）,
Mouse initial scroll repeat delay (ms),鼠标滚轮初始重复延迟（毫秒）,
Mouse scroll repeat delay (ms),鼠标滚轮重复延迟（毫秒）,
Mouse-context scrollbar down,页面鼠标向下滚动,
Mouse-context scrollbar page down,鼠标向下滚动翻页,
Mouse-context scrollbar page up,鼠标向上滚动翻页,
Mouse-context scrollbar up,页面鼠标向上滚动,
Mousy,老鼠般的,
Mouth,嘴,
Move keyboard cursor down and left,向左下移动键盘光标,
"Move keyboard cursor down and left, fast",向左下移动键盘光标，快速,
"Move keyboard cursor down and right, fast",向右下移动键盘光标，快速,
"Move keyboard cursor down, fast",向下移动键盘光标，快速,
Move keyboard cursor left,向左移动键盘光标,
"Move keyboard cursor left, fast",向左移动键盘光标，快速,
Move keyboard cursor right,向右移动键盘光标,
"Move keyboard cursor right, fast",向右移动键盘光标，快速,
Move keyboard cursor up,向上移动键盘光标,
Move keyboard cursor up and left,向左上移动键盘光标,
"Move keyboard cursor up and left, fast",向左上移动键盘光标，快速,
Move keyboard cursor up and right,向右上移动键盘光标,
"Move keyboard cursor up and right, fast",向右上移动键盘光标，快速,
"Move keyboard cursor up, fast",向上移动键盘光标，快速,
Move secondary selector down,向下移动次要选区,
Move secondary selector up,向上移动次要选区,
Move selector up,向上移动选区,
Move the camera,移动镜头,
Move view/cursor down,向下移动视野/光标,
Move view/cursor left,向左移动视野/光标,
Move view/cursor right,向右移动视野/光标,
Move view/cursor up,向上移动视野/光标,
"Move view/cursor up, fast",向上移动视野/光标，快速,
Muck,污秽,
Mucous,粘液的,
Mucus,黏液,
Mud,泥,
mud men,泥人,
Muddled,混乱的,
Muddy,泥泞的,
Muffin,松饼,
Mule,骡子,
mules,骡子,
Murder,谋杀,
Murdered items,谋杀案相关物品,
Murk,黑暗,
Murky,黑暗的,
Muscle,肌肉,
Muscular,肌肉发达的,
Mush,糊块,
Mushroom,蘑菇,
Music,音乐,
Musical,音乐的,
musicality,乐感,
muskox men,男麝牛人,
muskox women,女麝牛人,
muskoxen,麝牛,
mussels,贻贝,
Musty,有霉味的,
Mute,沉默的,
Mwheel down,鼠标滚轮向下,
Mysterious,神秘的,
Mystery,神秘,
Myth,神话,
Mythical,神话的,
Nabas,纳巴斯,
Nadir,最低点,
Nail,指甲,
Nakbab,纳克巴,
naked mole dogs,裸鼹鼠狗,
Nakis,纳基斯,
Name,名称,
Named,命名的,
named-codices (global),命名手抄本标记（全局）,
Nan,南,
nanny goats,母山羊,
Narrow,狭窄的,
narwhal men,男独角鲸人,
narwhal women,女独角鲸人,
narwhals,独角鲸,
Nastid,耐提德,
Nasty,肮脏的,
Nation,国家,
National,国家的,
Natural,自然的,
Natural savagery,野蛮程度,
Nature,自然,
Naughtiness,顽皮,
Naughty,淘气的,
Nauseous,恶心,
nautilus men,男鹦鹉螺人,
nautilus women,女鹦鹉螺人,
nautiluses,鹦鹉螺,
Nearby items,附近物品,
Nearest-neighbor,最近邻插值,
Neb,奈布,
Nêcik,奈锡克,
neck,颈部,
Nefast,奈法斯,
Nefek,内费克,
Negative,消极的,
Negator,否定者,
Nelzur,奈祖尔,
Nentuk,奈图克,
Nerrid,奈利德,
Nervousness,紧张,
Nest,巢,
Nest box items,巢箱物品,
Net,网,
Nettle,荨麻,
neutral,中立,
Neutrality,中立,
Neutralization,中和,
Never,从不,
Nevermind,算了,
New,新的,
New parameter set,新建参数集,
Newt,水螈,
Ngefel,恩格费,
Ngesgäs,格盖斯,
Ngubmul,古博姆,
Ngusham,恩古夏,
Nguteg,恩古特,
Ngutug,恩古图,
Nickel-bearing items,含镍物品,
Nickname position (adv mode),昵称位置（冒险模式）,
Nickname position (fort mode),昵称位置（要塞模式）,
Nickname position (legends mode),昵称位置（传奇模式）,
Night,夜晚,
Nightfall,夜幕降临,
Nightmare,噩梦,
nightwings,夜翼,
Nilim,尼利姆,
Nilun,尼伦,
Nimem,尼梅姆,
Nirur,尼鲁尔,
No,否,
No automatic butchery,不自动屠宰尸体,
No automatic fish cleaning,不自动处理生鱼,
No automatic slaughter,不自动屠宰被标记的动物,
No automatic weaving,不自动织布,
No automatic web collection,织工不自动收集蛛网,
No food,没有食物,
No grasp to draw,无法抓取,
No item to eat,没有可食用的物品,
No item to pick up,没有可拾取的物品,
No item to remove,没有可移除的物品,
No item to strap,没有可系上的物品,
No item to throw,没有可投掷的物品,
No item to wear,没有可穿戴的物品,
No migrants,没有移民,
Nobang,诺邦,
Noble,贵族,
Noble pretensions,贵族排场,
Nodosaurus,结节龙,
Nodosaurus man,雄结节龙人,
Nodosaurus men,雄结节龙人,
Nodosaurus woman,雌结节龙人,
Nodosaurus women,雌结节龙人,
Nodosauruses,结节龙,
Noiseless,无声的,
Noiselessness,无声,
Nokim,诺基姆,
Non-absorbent items,非吸收性物品,
Non-economic items,非经济物品,
Non-pressed items,未压榨物品,
None,无,
Nonshut,农舒特,
Noose,套索,
Normal,普通,
North and South,北极与南极,
North and/or South,北极与/或南极,
North or South,北极或南极,
nose,鼻子,
Nose,鼻子,
Nostalgia,怀旧,
Not,全无,
Not altruistic,不利他,
Not ambitious,无野心,
Not anxious,不焦虑,
Not dutiful,不尽责,
Not easily depressed,不轻易沮丧,
Not envious,不嫉妒,
Not greedy,不贪婪,
not having any rooms,没有任何房间,
not having enough armor stands,没有足够的盔甲架,
not having enough cabinets,没有足够的柜子,
not having enough chests,没有足够的箱子,
not having enough weapon racks,没有足够的武器架,
Not inclined to abstract,不倾向抽象思维,
Not inclined to create art,不倾向艺术创作,
not learning anything,没有学到任何东西,
Not lustful,不好色,
"Not sure what to do? You can browse and configure DFHack most important tools in ""gui/control-panel"". Please also run ""quickstart-guide"" to get oriented with DFHack and its capabilities.","不确定如何操作？你可在""gui/control-panel""中浏览并配置 DFHack 的核心工具。也请运行""quickstart-guide""，快速了解 DFHack 及其功能。",
Not vain,不虚荣,
Not vengeful,不记仇,
Not wasteful,不挥霍,
Notch,凹口,
Notched,有凹口的,
Nothing to examine,没有可检查的东西,
Nothronychus,懒爪龙,
Nothronychus man,雄懒爪龙人,
Nothronychus men,雄懒爪龙人,
Nothronychus woman,雌懒爪龙人,
Nothronychus women,雌懒爪龙人,
Nothronychuses,懒爪龙,
Nourishing,有营养的,
Nourishment,营养,
Nubam,努巴姆,
Nuden,努登,
Null,无效的,
Number,数字,
Number of beasts,巨兽数量,
Number of Bogeyman Types,妖魔类型数量,
Number of Civilizations,文明数量,
Number of Demon Types,恶魔类型数量,
Number of Disturbance Interaction Types,扰动交互类型数量,
Number of Evil Cloud Types,邪恶云雾类型数量,
Number of Evil Rain Types,邪恶降雨类型数量,
Number of key repeats before accelerating,加速前的按键重复次数,
Number of lower elevation layers to show,显示的下方高度层数量,
Number of Mountain Caves,山地洞穴数量,
Number of Mythical Sites,神话遗迹数量,
Number of Night Troll Types,暗夜巨魔类型数量,
Number of Nightmare Types,梦魇类型数量,
Number of Non-Mountain Caves,非山地洞穴数量,
Number of Regional Interaction Types,区域交互类型数量,
Number of Secret Types,秘术类型数量,
Number of Vampire Curse Types,吸血鬼诅咒类型数量,
Number of Werebeast Curse Types,兽化人诅咒类型数量,
Numol,努莫尔,
Numpad 3,小键盘数字3,
Numpad Enter,小键盘回车,
nurse sharks,铰口鲨,
Nursher,努舍尔,
Nut,坚果,
Oak,橡树,
Oaken,橡木制的,
Oar,桨,
Oat,燕麦,
Obeisance,敬礼,
Obeisant,恭敬的,
Oblivion,遗忘,
Obscene,淫秽的,
Obscenity,淫秽,
Obscure,晦涩的,
Obscurity,晦涩,
Obsidian,黑曜石月,
Obstacle,障碍,
Obstinate,固执己见,
Occult,神秘的,
Ocean,海洋,
ocean sunfish,翻车鲀,
Oceanic,海洋的,
Oceg,奥塞格,
ocelot men,雄豹猫人,
ocelot women,雌豹猫人,
ocelots,豹猫,
Ochre,赭色的,
octopus men,男章鱼人,
octopus women,女章鱼人,
octopuses,章鱼,
Oddet,奥德特,
Odor,气味,
Odorous,有气味的,
Odroz,奥德罗,
Oestocephalus man,男骨首螈人,
Oestocephalus men,男骨首螈人,
Oestocephalus woman,女骨首螈人,
Oestocephalus women,女骨首螈人,
Off,关闭,
Offering placement items,祭坛供奉物品,
ogres,雄食人魔,
ogresses,雌食人魔,
Oil,油,
Oil-bearing items,含油物品,
Oily,油质的,
Okay,确定,
Old,年老的,
Ôler,奥勒尔,
Olive,橄榄,
olm men,雄洞螈人,
olm women,雌洞螈人,
olms,洞螈,
Oltar,奥尔塔,
Ôm,奥姆,
Omen,预兆,
Ominous,不祥的,
Omthel,奥姆塞,
Ônam,奥南,
Öndin,恩丁,
One,一,
one-humped camel men,男单峰骆驼人,
one-humped camel women,女单峰骆驼人,
one-humped camels,单峰骆驼,
Ong,翁,
Ongos,翁格斯,
Onion,洋葱,
Only farmers harvest,仅允许农夫收割作物,
Onslaught,猛攻,
Onul,奥努尔,
Ooze,渗漏,
Opabinia man,男欧巴宾海蝎人,
Opabinia men,男欧巴宾海蝎人,
Opabinia woman,女欧巴宾海蝎人,
Opabinia women,女欧巴宾海蝎人,
opah,圆月鱼,
Opal,蛋白石月,
Open building mode,打开建筑模式,
Open mining mode,打开挖掘模式,
Open stockpile mode,打开储存区模式,
Open tree-felling mode,打开砍树模式,
opossum men,雄负鼠人,
opossum women,雌负鼠人,
opossums,负鼠,
Optimism,乐观,
optimistic,乐观,
Or,奥,
Oracle,神谕,
Oracular,神谕的,
Orange,橙子,
orangutans,红毛猩猩,
Orb,球体,
orca men,男逆戟鲸人,
orca women,女逆戟鲸人,
orcas,逆戟鲸,
Order,秩序,
Ordered,有序的,
ORDERLINESS,有序,
Orderly,井然有序,
Organ,器官,
Organization,组织,
Organized,有组织的,
Oril,奥里尔,
oriole men,雄黄鹂人,
oriole women,雌黄鹂人,
orioles,黄鹂,
Ornamental. Demanded by some nobles.,装饰品。部分贵族有需求。,
Orngim,翁吉姆,
Ösir,奥锡尔,
Oslan,奥斯兰,
osprey men,雄鱼鹰人,
osprey women,雌鱼鹰人,
ospreys,鱼鹰,
Osstam,奥塔姆,
Ostenocaris men,男奥斯坦虫人,
Ostenocaris woman,女奥斯坦虫人,
Ostenocaris women,女奥斯坦虫人,
ostrich cocks,雄鸵鸟,
ostrich hens,雌鸵鸟,
ostrich men,雄鸵鸟人,
ostrich women,雌鸵鸟人,
Ostuk,奥塔克,
Ôsust,奥萨特,
Oten,奥滕,
Othâsh,奥萨斯,
Othbem,奥贝姆,
Other Objects:,其他物品：,
Other Vegetation: ,其他植被：,
Othlest,奥莱特,
Othob,奥索布,
Othsin,奥辛,
otter men,男海獭人,
otter women,女海獭人,
Outpost,哨站,
Output,输出,
outraged,暴怒不已,
Outrageous,令人愤慨的,
over ramps at the current elevation.,经当前高度的斜坡通行,
Over-exerted,过劳,
Overbearing,专横,
Overcautious,过度谨慎,
Overconfident,自负,
Overlapping fracture,重叠性骨折,
Overlay for burrow list,防区列表覆盖层,
Overreliant on advice,过度依赖建议,
Overshares,爱分享隐私,
Oviraptor,窃蛋龙,
Oviraptor man,雄窃蛋龙人,
Oviraptor men,雄窃蛋龙人,
Oviraptor woman,雌窃蛋龙人,
Oviraptor women,雌窃蛋龙人,
Oviraptors,窃蛋龙,
Owl,猫头鹰,
Owner,所有者,
Ownership,所有权,
Ox,牛,
oysters,牡蛎,
Ozkak,奥卡克,
Ozur,奥祖尔,
Pachycephalosaurus,肿头龙,
Pachycephalosaurus man,雄肿头龙人,
Pachycephalosaurus men,雄肿头龙人,
Pachycephalosaurus woman,雌肿头龙人,
Pachycephalosaurus women,雌肿头龙人,
Pachycephalosauruses,肿头龙,
Pack,包裹,
Pad,垫子,
Padded,有衬垫的,
Paddle,桨,
Page,页,
Page Down,向下翻页,
Page secondary selector down,将次要选区移动到下一页,
Page secondary selector up,将次要选区移动到上一页,
Page selector down,将选择区域向下翻页,
Pain,疼痛,
Painful,痛苦的,
Paint,油漆,
Palace,宫殿,
Paleness,苍白,
Palisade,栅栏,
Palm,手掌,
panda men,男熊猫人,
panda women,女熊猫人,
pandas,熊猫,
pangolin men,雄穿山甲人,
pangolin women,雌穿山甲人,
pangolins,穿山甲,
Panic,惊慌失措,
panicked,惊慌失措,
Panther,黑豹,
Pantomime,哑剧,
Pants,裤子,
Paper,纸,
Paper-making items,造纸原料,
Paper-slurry items,纸浆物品,
Paper-slurryable items,可制浆物品,
Paraceratherium men,雄巨犀人,
Paraceratherium women,雌巨犀人,
Paraceratheriums,巨犀,
parakeet men,雄长尾鹦鹉人,
parakeet women,雌长尾鹦鹉人,
parakeets,长尾鹦鹉,
Parasaurolophus,副栉龙,
Parasaurolophus man,雄副栉龙人,
Parasaurolophus men,雄副栉龙人,
Parasaurolophus woman,雌副栉龙人,
Parasaurolophus women,雌副栉龙人,
Parasaurolophuses,副栉龙,
Parched,焦干的,
Parchment-producing items,羊皮纸原料,
Parity,平等,
Parry,格挡,
partial-items (global),部分物品堆叠（全局）,
Partner,伙伴,
Pass,通行,
Passage,通道,
Passing a few weeks to get things ready...,需要几周时间来准备...,
Past,过去,
Pastime,消遣,
Path,小路,
Patient,耐心,
Pattern,图案,
Patterned,有图案的,
Pause,暂停,
Pause after every autosave,每次自动保存后暂停,
Pause after loading,加载后暂停,
Paved roads use less materials than constructed floors and can be used to stop plants from growing over wagon trails.,铺砌道路比建造地板使用更少的材料，并能防止植物生长覆盖车道。,
Peace,和平,
Peaceful,和平的,
Peach,桃子,
peach-faced lovebird men,雄桃面爱情鸟人,
peach-faced lovebird women,雌桃面爱情鸟人,
peach-faced lovebirds,桃面爱情鸟,
Peak,山峰,
Pear,梨,
Pearl,珍珠,
Pebble,鹅卵石,
Peek,窥视,
Pelt,毛皮,
pen swans,雌天鹅,
penguin men,雄企鹅人,
penguin women,雌企鹅人,
penguins,企鹅,
Pepper,胡椒,
Percentage Beasts Dead For Stoppage,终止世界生成时已死亡巨兽百分比,
perch,鲈鱼,
peregrine falcon men,雄游隼人,
peregrine falcon women,雌游隼人,
peregrine falcons,游隼,
Perfect,完美的,
Perfection,完美,
Perfectionist,完美主义,
PERFECTIONIST,完美主义,
Performance quality,表演质量,
Periodically Erode Extreme Cliffs,定期侵蚀极陡峭悬崖,
Perishment,毁灭,
Periwinkle,长春花,
Permanency,永久性,
Permanent,永久的,
Perplexing,令人困惑的,
PERSEVERANCE,坚韧,
Persuader,说服者,
Persuasion,说服,
Persuasive,有说服力的,
Pessimism,悲观,
Pet,宠物,
Pet death,宠物死亡,
Pet missing,宠物失踪,
Petal,花瓣,
Phantom,幻影,
phantom spiders,幻影蜘蛛,
Phlegm,痰,
Phrase,短语,
Pick,镐,
Pig,猪,
pike,海狼鱼,
pileated gibbons,羽冠长臂猿,
Pillar,柱子,
Pimple,丘疹,
Pine,松树,
Pink,粉红色的,
Pinnacle,顶峰,
Pit,坑,
Pitch,沥青,
pixies,小精灵,
Place doors and hatches here after you have constructed them in an appropriate workshop.,在相应的工坊建造好门和活板门后，在此放置它们。,
"Place the water wheel above flowing water to generate power for machines, such as the millstone or screw pump.",将水轮放置在流动的水体上方，为机器（如磨石或螺旋泵）产生动力。,
"Place the well in an open space above water to provide a relatively safe area for your citizens to draw water. Requires mechanisms, blocks, a chain or rope, and a bucket.",将水井放置在水体上方的开放空间中，为你的居民提供一个相对安全的取水区域。需要机械装置、方块、链条或绳索，以及一个提桶。,
"Place the windmill aboveground to generate power for machines, such as the millstone or screw pump. Not all areas have strong winds.",将风车放置在地面上，为机器（如磨石或螺旋泵）产生动力。并非所有区域都有强风。,
Plague,瘟疫,
Plain,平原,
Plait,辫子,
Plaited,编辫的,
Plan,计划,
Plane,平面,
Planet,行星,
Plank,木板,
Plant,植物,
Plant crops at the farmplot. You will need seeds or spawn and must select crops by season. Crops can be fertilized with potash. Soil is richer deeper underground.,在农田种植作物。你需要种子或孢子，并且必须按季节选择作物。作物可用钾肥施肥。地下深处的土壤更肥沃。,
Plant items,植物类物品,
Planter,种植者,
Plaster-containing items,含石膏物品,
Plate,盘子,
Plated,镀层的,
Platinum-bearing items,含铂物品,
Platybelodon,铲齿象,
Platybelodon man,雄铲齿象人,
Platybelodon men,雄铲齿象人,
Platybelodon woman,雌铲齿象人,
Platybelodon women,雌铲齿象人,
Platybelodons,铲齿象,
platypus men,男鸭嘴兽人,
platypus women,女鸭嘴兽人,
platypuses,鸭嘴兽,
Play,戏剧（表演）,
Playable Civilization Required,需要可游玩文明,
Playful,有趣的,
"Please load a fort to see the fort-mode tools. Alternately, please switch to the ""Autostart"" tab to configure which tools should be run or enabled on embark.","请加载要塞以查看要塞模式专属工具。你也可切换至""自动启动""标签页，配置在要塞建立时自动运行或启用的工具。",
pleasure,愉悦,
Pleasure,愉悦,
Pleat,褶,
Pleated,打褶的,
Plesiosaurus,蛇颈龙,
Plesiosaurus man,雄蛇颈龙人,
Plesiosaurus men,雄蛇颈龙人,
Plesiosaurus woman,雌蛇颈龙人,
Plesiosaurus women,雌蛇颈龙人,
Plesiosauruses,蛇颈龙,
Plot,情节,
Plum,李子,
plump helmet men,洞穴飘浮者人,
Plunge,坠落,
Plus,加号,
Poem,诗歌,
Poet,诗人,
Poetic,诗意的,
Poetry,诗歌,
Point,点,
Pointy,尖的,
Poison,毒药,
Poisoned,中毒的,
Poker,拨火棍,
polar bear men,男北极熊人,
polar bear women,女北极熊人,
polar bears,北极熊,
Pole,极地,
Polish,抛光,
Polished,抛光的,
Polite,彬彬有礼,
POLITENESS,礼貌,
pond grabbers,池塘掠取者,
pond turtle men,男池龟人,
pond turtle women,女池龟人,
pond turtles,池龟,
Ponderous,笨重的,
Pool,水池,
Poor,差,
Population cap,人口上限,
Population Cap After Civ Creation,建立文明后人口上限,
Popup,弹出,
porcupine men,男豪猪人,
porcupine women,女豪猪人,
porcupines,豪猪,
Portable mode,便携模式,
Portal,入口,
Portent,征兆,
Portentous,预兆的,
Possibly buriable items,可埋葬物品,
Post,柱子,
Pot,罐子,
Powder grinding items,研磨粉末工具,
Powder grinding receptacle items,粉末研磨容器,
Practice,实践,
practicing a craft,从事手艺,
practicing a martial art,练习武艺,
practicing a skill,锻炼技能,
Prairie,草原,
Praise,赞美,
Praised,受赞扬的,
Prank,恶作剧,
Prefer zones for fishing,优先在指定区域钓鱼,
Prefer zones for water drinking,优先在指定区域饮水,
Preferences,偏好设置,
Pregnancy,怀孕,
Pregnant,怀孕的,
Prepare carefully embark confirmation,精心准备开局配置,
Present,现在,
"Pressure plates, like levers, are used with machines, doors, floodgates, bridges, cages, and other structures to change their state. The trigger for pressure plates can be set by creature weight, fluid, or minecart passage.",压力板与拉杆类似，用于与机器、门、闸门、桥梁、笼子及其他结构配合，以改变它们的状态。压力板的触发器可以根据生物重量、流体或矿车通过来设置。,
Prestige,威望,
Prestigious,有声望的,
Prevents adamantine clothing from wearing out while being worn.,防止精金布衣物在穿戴期间磨损。,
Price,价格,
Priest,牧师,
Priesthood unit count,祭司人数,
Prim,整洁的,
Prime,主要的,
Primitive,原始的,
Prince,王子,
Princess,公主,
Principle,原则,
Prison,监狱,
Pristine,原始的,
PRIVACY,注重隐私,
Private,注重隐私,
Problem,问题,
Problematic,有问题的,
"Process plants and work with livestock here. Milk and shear animals, make cheese, and spin thread.",在此加工植物和照料牲畜。挤奶、剪毛、制作奶酪以及将毛团纺成细线。,
Process raw fish into edible food here. Raw fish will not be eaten.,在此将生鱼加工成可食用的食物。未加工的生鱼不会被食用。,
Processable (to barrel) items,可加工（至桶装）物品,
Processable (to vial) items,可加工（至瓶装）物品,
Processable items,可加工物品,
Procompsognathus men,男原美颌龙人,
Procompsognathus women,女原美颌龙人,
Profane,亵渎的,
Profanity,亵渎,
Proliferation,增殖,
Prone to discord,易起分歧,
Prophecy,预言,
Prophet,先知,
Prowler,潜行者,
Psephoderma,砾甲龙,
Psephoderma man,雄砾甲龙人,
Psephoderma men,雄砾甲龙人,
Psephoderma woman,雌砾甲龙人,
Psephoderma women,雌砾甲龙人,
Psephodermas,砾甲龙,
Pterodactylus,翼手龙,
Pterodactylus man,雄翼手龙人,
Pterodactylus men,雄翼手龙人,
Pterodactylus woman,雌翼手龙人,
Pterodactylus women,雌翼手龙人,
Pterodactyluses,翼手龙,
Puce,暗红色的,
puffin men,雄海鹦人,
puffin women,雌海鹦人,
puffins,海鹦,
Puke,呕吐物,
Pulley,滑轮,
Pulp,纸浆,
Pulpy,浆状的,
Pumpkin,南瓜,
Punch,拳击,
Pungency,辛辣,
Pungent,辛辣的,
Puppet,木偶,
Pure,纯净的,
Purge,清除,
Purged,被清除的,
Purity,纯洁,
Purple,紫色的,
purring maggots,呼噜蛆,
Pus,脓,
Pusillanimous,懦弱,
Put on item,穿上物品,
Putrescence,腐烂,
Putrid,腐烂的,
Puzzle,谜题,
Puzzling,令人困惑的,
Pygmy mammoth,侏儒猛犸,
Pygmy mammoth man,雄侏儒猛犸人,
Pygmy mammoth men,雄侏儒猛犸人,
Pygmy mammoth woman,雌侏儒猛犸人,
Pygmy mammoth women,雌侏儒猛犸人,
Pygmy mammoths,侏儒猛犸,
python men,雄巨蟒人,
python women,雌巨蟒人,
pythons,巨蟒,
Quake,震动,
Quandary,困境,
Quarreler,争吵者,
Queen,女王,
queen ant women,蚁后人,
queen ants,蚂蚁蚁后,
queen termites,白蚁蚁后,
Quest,探索,
Quetzalcoatlus,风神翼龙,
Quetzalcoatlus man,雄风神翼龙人,
Quetzalcoatlus men,雄风神翼龙人,
Quetzalcoatlus woman,雌风神翼龙人,
Quetzalcoatlus women,雌风神翼龙人,
Quetzalcoatluses,风神翼龙,
Quick,迅速的,
Quick to despair,易绝望,
Quick to give up,轻言放弃,
Quick to love,易坠入爱河,
Quickness,迅速,
Quickstart guide,快速启动手册,
Quiescence,静止,
Quiescent,静止的,
Quiet,安静的,
Quietness,安静,
Quill,羽毛笔,
Rabbit,兔子,
Rabble,乌合之众,
raccoon men,男浣熊人,
raccoon women,女浣熊人,
raccoons,浣熊,
Race,种族,
Rack,架,
Radiance,光辉,
Radiant,容光焕发的,
Rage,狂怒,
Rain,雨,
Rain Mesh Size,降雨网格尺寸,
rainbow trout,虹鳟,
Rainy,多雨的,
Ram,公羊,
Rampage,暴怒,
Rampart,壁垒,
rams,公羊,
Rancor,积怨,
Rancorous,怨恨的,
Random seed,随机种子,
Range: ,范围,
Rank,恶臭的,
Rapid,迅速的,
Rapidity,迅速,
Raptor,猛禽,
Rapture,陶醉,
Rasp,锉刀,
Rat,老鼠,
rat men,雄老鼠人,
rat women,雌老鼠人,
rats,老鼠,
rattlesnake men,雄响尾蛇人,
rattlesnake women,女响尾蛇人,
rattlesnakes,响尾蛇,
Raunch,粗俗,
Ravager,掠夺者,
Raven,乌鸦,
raven men,雄渡鸦人,
raven women,雌渡鸦人,
ravens,渡鸦,
Raw,未加工的,
Rawness,生疏,
Ray,光线,
Razor,剃刀,
reachers,诱抵者,
reaction-gloves (global),反应手套功能（全局）,
realistic-melting (global),真实熔化模拟（全局）,
Realm,王国,
Reason,理由,
Recenter,置中视角,
Reclaim/unretire,收回/复出,
Recluse,隐士,
Reclusive,隐居的,
Recovers quickly,迅速回复率,
Recovers slowly,缓慢恢复率,
Recreation,娱乐,
recuperation,恢复能力,
Red,红色的,
red panda boars,雄红熊猫,
red panda men,男红熊猫人,
red panda sows,雌红熊猫,
red panda women,女红熊猫人,
red squirrel men,雄红松鼠人,
red squirrel women,雌红松鼠人,
red squirrels,红松鼠,
red-winged blackbird men,雄红翅黑鹂人,
red-winged blackbird women,雌红翅黑鹂人,
red-winged blackbirds,红翅黑鹂,
Redness,红色,
Refuse Hauling,搬运垃圾,
Regain consciousness,恢复意识,
Regal,帝王般的,
Regret,后悔,
regretful,后悔,
Regular beast,普通野兽,
Reign,统治,
Rein,缰绳,
reindeer bulls,公驯鹿,
reindeer cows,母驯鹿,
Rejection,被拒绝感,
Relations,关系,
Relationship: ,关系：,
Release,释放,
Released,被释放的,
Relic,遗物,
Relon,雷隆,
Rem,雷姆,
Remang,雷蒙,
Remarkable,卓越的,
Remorse,懊悔,
Remove dumping designations.,移除倾倒指定。,
Remove hidden designations.,移除隐藏的指定。,
Remove melting designations.,移除熔炼指定。,
Remove the stockpile being painted permanently. Also removes existing zones.,永久移除正在绘制的储物处。同时移除现有功能区。,
Renderable items,可提炼物品,
Renown,声誉,
Renowned,著名的,
Repentance,忏悔,
repentant,忏悔,
Replace all,全部替换,
Replace first,替换首位,
Report,报告,
Report ,报告,
Report (Active),报告（当前）,
reptile men,男爬行动物人,
reptile women,女爬行动物人,
Reputation,名声,
Reputed,有名声的,
Requirement,要求,
Rersîr,雷锡尔,
resentful,怨恨,
Resentment,怨恨,
Resilient,坚韧,
Resists sickness,抗病力,
Resolution:,分辨率,
Respect,尊重,
Respectful,恭敬的,
Responsibility,责任,
Responsible,负责的,
restless,坐立不安,
Restless,坐立不安,
Reticence,沉默,
Reticent,沉默的,
Reveal All Historical Events,显示所有历史事件,
Revered,受崇敬的,
Reverence,崇敬,
Revolting,令人作呕的,
Reward,奖励,
Rhamphorhynchus,喙嘴翼龙,
Rhamphorhynchus man,雄喙嘴翼龙人,
Rhamphorhynchus men,雄喙嘴翼龙人,
Rhamphorhynchus woman,雌喙嘴翼龙人,
Rhamphorhynchus women,雌喙嘴翼龙人,
Rhamphorhynchuses,喙嘴翼龙,
rhesus macaque men,男猕猴人,
rhesus macaque women,女猕猴人,
rhesus macaques,猕猴,
rhinoceros men,男犀牛人,
rhinoceros women,女犀牛人,
rhinoceroses,犀牛,
Rhyme,押韵,
Rhyming,押韵的,
Rhythm,节奏,
Rhythmic,有节奏的,
Riddle,谜语,
Riddled,充满的,
Rider,骑手,
Rifot,里福特,
Rift,裂痕,
Right,权利,
right ankle,右脚踝,
right cheek,右脸颊,
right ear,右耳,
right elbow,右肘,
right eye,右眼,
right eyelid,右眼睑,
right foot,右脚,
right hand,右手,
right hip,右臀部,
right lower arm,右前臂,
right lower leg,右小腿,
right shoulder,右肩,
right upper arm,右上臂,
right upper leg,右大腿,
right wrist,右手腕,
Rightbracket,右方括号,
Righteous,正直的,
Righteous Indignation,义愤填膺,
Righteousness,正义,
Rim,边缘,
Rimuk,里穆克,
Ring,戒指,
Rip,撕裂,
Ripe,成熟的,
Ripeness,成熟,
Ripper,撕裂者,
Riras,利拉斯,
Risid,瑞西德,
Risk,风险,
Risky,有风险的,
Rite,仪式,
Rithog,利索格,
River,河流,
river otters,河獭,
roach men,男蟑螂人,
roach women,女蟑螂人,
Road,道路,
Roar,咆哮,
Roasted,烤过的,
Rôber,罗伯,
Robust,强健的,
Robustness,健壮,
Rock,岩石,
Rocky Wasteland,多岩荒地,
rocs,大鹏鸟,
rodent men,男啮齿动物人,
rodent women,女啮齿动物人,
Rodim,罗迪姆,
Rodïm,罗迪姆,
Rogue,无赖,
Rollers move minecarts on tracks without the need for a citizen to push or guide the minecart.,滚轮可在轨道上移动矿车，无需居民推动或引导矿车。,
Romance,浪漫,
Romantic,浪漫的,
Ronstiz,龙蒂兹,
Ronush,龙那石,
Roof,屋顶,
Room,房间,
Room completed (,已挖掘空间（,
Roomy,宽敞的,
roosters,公鸡,
Root,根,
Rooter,扎根者,
Rope,绳索,
Rose,玫瑰,
Rosy,玫瑰色的,
Rot,腐烂,
Rotig,罗蒂格,
Rough,粗糙的,
Roughness,粗糙,
Round,圆的,
Rounded,圆形的,
Rout,溃败,
Routed,溃败的,
Royal,皇家的,
Rude,粗鲁,
Ruin,废墟,
Ruined,毁坏的,
Rul,鲁尔,
Rûl,鲁,
Ruler,统治者,
Rumad,鲁玛德,
Rumor,谣言,
Rumored,传闻中的,
Rur,鲁尔,
Rushrul,鲁鲁尔,
Russet,赤褐色的,
Rust,锈,
Rustic,乡村的,
rutherers,厚毛巨尾兽,
Ruthless,无情的,
Ruthlessness,无情,
Rutod,鲁托德,
Sable,黑色的,
Sabre,军刀,
Sack,麻袋,
Sacrifice,牺牲,
Sacrificial,牺牲的,
Sadness,悲伤,
Safe,安全的,
Safety,安全,
Saffron,藏红花,
Sagging,下垂的,
sailfin mollies,帆鳍花鳉,
Saint,圣人,
salmon,鲑鱼,
Salt,盐,
saltwater crocodile men,男咸水鳄人,
saltwater crocodile women,女咸水鳄人,
saltwater crocodiles,咸水鳄,
Salty,咸的,
Salute,敬礼,
Salve,药膏,
Sanctuary,圣地,
Sanctum,圣所,
Sand,沙子,
Sand Desert,沙漠,
Sand items,沙类物品,
Sand-bearing items,含沙物品,
Sandal,凉鞋,
Sandaled,穿凉鞋的,
Sandstone,砂岩月,
Sankest,桑凯特,
Sanus,萨努斯,
Sap,树液,
Sar,萨尔,
Sashas,萨夏斯,
sasquatches,野人,
Satin,缎子,
Satiny,缎子般的,
Satisfaction,满意,
satisfied,满意,
Satneng,萨特能,
Saturnine,忧郁的,
Saturninity,忧郁,
satyrs,萨堤尔,
savage,野蛮,
savage wilds,不羁荒野,
Savagery,野蛮,
Savagery Mesh Size,野蛮网格尺寸,
Savant,学者,
Save,保存,
Save settings,保存当前设置,
Save standing orders (all tabs),保存常规指令（所有标签页）,
Savior,救世主,
Say goodbye,道别,
Say something general about your emotional state or thoughts,说一些你常规的情绪状态或想法,
Scab,痂,
Scabrous,粗糙的,
Scalded,烫伤的,
Scale,鳞片,
Scale interface to fit grid height/width,按当前网格大小自动缩放界面尺寸,
Scaling mode,缩放模式,
Scaly,有鳞的,
Scandal,丑闻,
Scandalous,丑闻的,
Scar,疤痕,
Scarce,稀有的,
Scarlet,猩红色的,
Scatterbrained,散漫,
Scenario,情景,
Scholar,学者,
Scholarly,博学的,
Scintillating,闪烁的,
Scoop,勺,
scorching,灼热,
Scorn,蔑视,
Scorpion,蝎子,
Scoured,冲刷过的,
Scourge,灾祸,
Scrap,碎片,
Scrape,刮擦,
Scraped,刮擦的,
Scratch,抓痕,
Scream,尖叫,
Screw items,螺旋类物品,
Scribe,抄写员,
Scrubbed,擦洗过的,
Scuffle,混战,
Sculpted,雕塑的,
Sculpture,雕塑,
Scum,浮渣,
Sea,海洋,
sea lampreys,海七鳃鳗,
sea monsters,海怪,
sea nettle jellyfish,海荨麻水母,
sea otters,海獭,
sea serpents,海蛇,
seahorses,海马,
Seal (animal),海豹（动物）,
Seal (art),印章（艺术）,
Seam,接缝,
Search,搜索,
Searing,灼热的,
Season,季节,
second finger,中指,
second toe,第二脚趾,
Secondary Select,次要选择,
Secret,秘密,
Secretive,秘密的,
Sect,教派,
Seducer,诱惑者,
Seduction,诱惑,
Seed,种子,
Seed cap (per species),种子上限（单种作物）,
Seed text,种子文本,
seeing a great beast,见到巨兽,
seeing animals,见到动物,
Seeks harmony,寻求和谐,
Seer,先知,
Segun,塞古恩,
Seizure,控制,
Select,选择,
Select a game type to begin!,选择一个游戏模式来开始!,
Select all,全选,
Selen,塞伦,
Self Pity,自怜,
Self-control,自制,
self-examination,自我反省,
self-pity,自怜,
Selsten,塞斯坦,
Semi-wild,半野生,
Semtom,塞姆托,
Seng,森,
Sense,理智,
Sensitive,敏感的,
Sensual,感官的,
Sepia,深褐色的,
serene,安详,
Seriously injured,重伤,
Serkib,塞基布,
Serpent,蛇,
serpent men,男毒蛇人,
serpent women,女毒蛇人,
Servant,感觉,
Servile,卑躬屈膝,
Sestan,塞斯坦,
Set a high traffic area. Use this in wide central passages.,设置高流量交通区域。在宽阔的主要通道使用此设置。,
Set a low traffic area. Citizens will look for better routes.,设置低流量交通区域。居民将寻找更好的路线。,
"Set a normal traffic area, the default state.",设置正常交通区域，此为默认状态。,
Set a restricted traffic area. Citizens will look hard for better routes. They will still use the area if other routes do not exist or are too long.,设置限制通行区域。居民将尽力寻找更好的路线。如果其他路线不存在或过长，他们仍会使用该区域。,
Set hunter ammunition,设置猎人弹药,
Set num reserved,设置预留数量,
Setting request ,需要复位,
Sever,仆人,
Severe,严重的,
Severity,严肃,
Sewer,阴沟,
Sewn-imageless items,无绣饰缝制品,
Sezom,塞佐姆,
Sezuk,塞祖克,
Shack,棚屋,
Shade,荫庇,
Shadow,影子,
shads,河鲱,
Shady,遮阴的,
Shaft,竖井,
Shaketh,夏克斯,
Shame,羞愧,
Shameb,夏梅布,
Shameful,可耻的,
Shameless,厚脸皮,
Shank,小腿,
Shark,鲨鱼,
Sharovipteryx,沙罗翼龙,
Sharovipteryx man,雄沙罗翼龙人,
Sharovipteryx men,雄沙罗翼龙人,
Sharovipteryx woman,雌沙罗翼龙人,
Sharovipteryx women,雌沙罗翼龙人,
Sharovipteryxes,沙罗翼龙,
Sharpenable items,可磨利物品,
Shashdon,夏石冬,
Shattered,破碎的,
Sheen,光泽,
Sheet roller items,卷轴轴心,
Shell,壳,
Shell items,贝壳制品,
Shelter,庇护所,
Sherik,谢利克,
Shield,盾牌,
Shingle,瓦片,
Ship,船,
Shislug,希斯鲁,
Shistat,希斯塔,
Shock,震惊,
shocked,震惊,
Sholkik,肖基克,
Shoner,肖纳尔,
Shore,海岸,
Short,短的,
shortfin mako sharks,短鳍鲭鲨,
Shos,肖斯,
Shove,推,
Shovel,铲子,
Show,展示,
Show all historical events in engravings etc.,在雕刻等中显示所有历史事件,
Show full tool help or run custom command,显示完整工具帮助或执行自定义命令,
Show improvement quality in item names,在物品名上显示物品质量,
Show numeric liquid levels,显示液体液位,
Show rectangle dimensions,显示矩形尺寸,
Show tunnels on world map,在世界地图上显示隧道,
Show up and down arrows ,显示上下箭头,
Show up/down arrows on ramps at current elevation,在斜坡上显示当前高度层的上下箭头,
Shower,淋浴,
Shred,碎片,
Shriek,尖叫,
Shrine,神殿,
Shriveled,枯萎的,
Shukar,舒卡尔,
siamangs,合趾猿,
Sibnir,锡布尼,
Sick,病人,
Sickly,多病体质,
Sickness,疾病,
Sid,锡德,
Side,侧面,
Siege,围攻,
"Siege frequency (percentage, otherwise raid)",围攻发生频率（百分比，否则为袭击）,
Sienna,赭色的,
Silence,寂静,
Silent,沉默的,
Silk,丝绸,
Silk items,丝绸制品,
Silken,丝绸般的,
Silkiness,柔滑,
Silky,柔滑的,
Silt,淤泥,
Silty,淤泥的,
Silver,银,
Silver-bearing items,含银物品,
Silvery,银色的,
silvery gibbons,银白长臂猿,
Simple,简单的,
Simplicity,简单,
Sin,罪孽,
Sinew,肌腱,
Sinful,有罪的,
Singed,烧焦的,
Single,单一的,
Single-minded,专注,
SINGLEMINDED,专注,
sinister,险恶,
Sinopterus,华夏翼龙,
Sinopterus man,雄华夏翼龙人,
Sinopterus men,雄华夏翼龙人,
Sinopterus woman,雌华夏翼龙人,
Sinopterus women,雌华夏翼龙人,
Sinopteruses,华夏翼龙,
Sister,姐妹,
Sital,锡塔尔,
Site Cap After Civ Creation,建立文明后地点上限,
Sizzling,嘶嘶作响的,
Skewer,扦子,
Skewered,串起来的,
Skill,技艺,
Skin,皮肤,
skink men,男彩舌蜥人,
skink women,女彩舌蜥人,
skinks,彩舌蜥,
Skinny,皮包骨的,
Skirt,裙子,
Skull,头骨,
Skunk,臭鼬,
skunk men,男臭鼬人,
skunk women,女臭鼬人,
skunks,臭鼬,
Sky,天空,
Slam into unit,撞向单位,
Slash,斜杠／,
Slate,板岩月,
Slaughter,屠宰,
Slaughter any marked animal,自动屠宰所有被标记的动物,
"Slaughter livestock here in order to obtain meat, hides, bones, and other animal products.",在此屠宰牲畜以获取肉类、毛皮、骨头和其他动物产品。,
Slave,奴隶,
Slayer,杀手,
Sleeve,袖子,
Slick,光滑的,
Slight pain,轻度疼痛,
Slim,苗条的,
Slime,粘液,
Sling,吊索,
Slippery,滑的,
Slit,裂缝,
Slitted,有裂缝的,
Sliver,薄片,
Slop,泼溅,
Sloth,懒惰,
sloth bear men,雄懒熊人,
sloth bear women,雌懒熊人,
sloth bears,懒熊,
sloth men,雄树懒人,
sloth women,雌树懒人,
sloths,树懒,
Slow,慢的,
Slow to anger,不轻易发怒,
Slow to hate,不轻易憎恨,
Slow to love,不轻易言爱,
Sludge,污泥,
Slug,蛞蝓,
slug men,蛞蝓人,
slugs,蛞蝓,
Sly,狡猾的,
Small object container items,小物件容器,
Smaller,更小,
Smear,涂抹,
Smeared,被涂抹的,
Smile,微笑,
Smilodon,剑齿虎,
Smilodon man,雄剑齿虎人,
Smilodon men,雄剑齿虎人,
Smilodon woman,雌剑齿虎人,
Smilodon women,雌剑齿虎人,
Smilodons,剑齿虎,
Smith,铁匠,
Smoke,烟雾,
Smooth,平滑的,
Smooth a rough wall to make it more pleasing to your citizens. This also prepares the wall for engraving or fortification.,将粗糙的墙面打磨平整，让居民更加满意。也为墙面的雕刻或加固做好准备。,
Smoothness,光滑,
Snack,小吃,
Snail,蜗牛,
snail men,蜗牛人,
snails,蜗牛,
Snake,蛇,
snapping turtle men,男大鳄龟人,
snapping turtle women,女大鳄龟人,
Snarl,咆哮,
Snarling,咆哮的,
Snatcher,绑架者,
Sneer,嘲笑,
Snot,鼻涕,
snowy owl men,雄雪鸮人,
snowy owl women,雌雪鸮人,
snowy owls,雪鸮,
Soaked,湿透的,
Soap,肥皂,
Soap items,肥皂类物品,
Soapy,肥皂般的,
social awareness,社会意识,
Society,社会,
Socket,插座,
Socketed,有插座的,
Sodzul,索祖尔,
Sofûsh,索富石,
Soil,土壤,
Soldier,士兵,
soldier ant women,雌兵蚁人,
soldier ants,蚂蚁兵蚁,
soldier termites,白蚁兵蚁,
sole,鳎鱼,
Solid items,固体物品,
Solitary,孤独的,
Somber,忧郁的,
Some dwarves like albatross men for their large wings.,一些矮人喜欢信天翁人，因为他们的巨大翅膀。,
Some dwarves like albatrosses for their large wings.,一些矮人喜欢信天翁，因为他们的巨大翅膀。,
Some dwarves like amphibian men for their terrifying features.,一些矮人喜欢两栖动物人，因为他们的可怖面容。,
Some dwarves like antmen for their mystery.,一些矮人喜欢蚂蚁人，因为他们的神秘。,
Some dwarves like barn owl men for their coloration.,一些矮人喜欢仓鸮人，因为他们的艳丽色彩。,
Some dwarves like barn owls for their coloration.,一些矮人喜欢仓鸮，因为他们的艳丽色彩。,
Some dwarves like bat men for their haunting cries.,一些矮人喜欢蝙蝠人，因为他们的幽咽啼鸣。,
Some dwarves like bluejay men for their coloration.,一些矮人喜欢冠蓝鸦人，因为他们的艳丽色彩。,
Some dwarves like bushtit men for their small size and their twittering groups.,一些矮人喜欢丛山雀人，因为他们的娇小身躯和叽喳群鸣。,
Some dwarves like cardinal men for their coloration.,一些矮人喜欢红衣凤头鸟人，因为他们的艳丽色彩。,
Some dwarves like cassowaries for their casques.,一些矮人喜欢鹤鸵，因为他们的羽冠。,
Some dwarves like cassowary men for their casques.,一些矮人喜欢鹤鸵人，因为他们的羽冠。,
Some dwarves like cave fish men for their beauty.,一些矮人喜欢洞穴鱼人，因为他们的美丽。,
Some dwarves like cave swallow men for their coloration.,一些矮人喜欢洞穴燕人，因为他们的艳丽色彩。,
Some dwarves like cockatiel men for their crests.,一些矮人喜欢玄凤鹦鹉人，因为他们的羽冠。,
Some dwarves like crow men for their intelligence.,一些矮人喜欢乌鸦人，因为他们的智慧。,
Some dwarves like eagle men for their high soaring.,一些矮人喜欢鹰人，因为他们的高飞。,
Some dwarves like eagles for their high soaring.,一些矮人喜欢鹰，因为他们的高飞。,
Some dwarves like elves for their grace.,一些矮人喜欢精灵，因为他们的优雅。,
Some dwarves like emu men for their size and their inquisitive nature.,一些矮人喜欢鸸鹋人，因为他们的体型和好奇天性。,
Some dwarves like emus for their size and their inquisitive nature.,一些矮人喜欢鸸鹋，因为他们的体型和好奇天性。,
Some dwarves like giant albatrosses for their large wings.,一些矮人喜欢巨信天翁，因为他们的巨大翅膀。,
Some dwarves like giant barn owls for their coloration.,一些矮人喜欢巨仓鸮，因为他们的艳丽色彩。,
Some dwarves like giant blue jays for their coloration.,一些矮人喜欢巨冠蓝鸦，因为他们的艳丽色彩。,
Some dwarves like Giant bushtit for their somewhat great size and twittering groups,一些矮人喜欢巨丛山雀，因为他们的庞大身躯和叽喳群鸣。,
Some dwarves like giant cardinals for their coloration.,一些矮人喜欢巨红衣凤头鸟，因为他们的艳丽色彩。,
Some dwarves like giant cassowaries for their casques.,一些矮人喜欢巨食火鸡，因为他们的羽冠。,
Some dwarves like giant cockatiels for their crests.,一些矮人喜欢巨玄凤鹦鹉，因为他们的羽冠。,
Some dwarves like giant cockatiels for their raucous calls.,一些矮人喜欢巨玄凤鹦鹉，因为他们的聒噪鸣叫。,
Some dwarves like giant crow for their intelligence.,一些矮人喜欢巨乌鸦，因为他们的智慧。,
Some dwarves like giant eagles for their high soaring.,一些矮人喜欢巨鹰，因为他们的高飞。,
Some dwarves like giant emus for their size and their inquisitive nature.,一些矮人喜欢巨鸸鹋，因为他们的体型和好奇天性。,
Some dwarves like goblins for their terrifying features.,一些矮人喜欢妖精，因为他们的可怖面容。,
Some dwarves like grackle men for their raucous calls.,一些矮人喜欢黑羽椋鸟人，因为他们的聒噪鸣叫。,
Some dwarves like humans for their stature.,一些矮人喜欢人类，因为他们的身材。,
Some dwarves like kobolds for their mischief.,一些矮人喜欢犬蜥人，因为他们的恶作剧。,
Some dwarves like olm men for their gills.,一些矮人喜欢洞螈人，因为他们的鳃。,
Some dwarves like reptile men for their terrifying features.,一些矮人喜欢爬行动物人，因为他们的可怖面容。,
Some dwarves like rodent men for their terrifying features.,一些矮人喜欢啮齿动物人，因为他们的可怖面容。,
Some dwarves like serpent men for their impressive tails.,一些矮人喜欢毒蛇人，因为他们的惊人尾巴。,
Some non-dwarves like dwarves for their beards.,一些非矮人种族喜欢矮人留胡子。,
Song,歌曲,
Soot,煤烟,
Sooty,煤烟状的,
Sorcerer,巫师,
Sorcerous,巫术的,
Sorcery,巫术,
Sorrow,悲伤,
Sosas,索萨斯,
Soshor,索肖尔,
Soul,灵魂,
Sound,声音,
Sour,酸的,
Sourness,酸味,
sows,母猪,
Spark,火花,
Sparkle,闪耀,
sparrow men,雄麻雀人,
sparrow women,雌麻雀人,
sparrows,麻雀,
Sparse,稀疏,
Spasm,痉挛,
spatial sense,空间感,
Spattered,溅污的,
Spawn,产卵,
Speaker,演讲者,
Spear,矛,
Special,特殊的,
Speck,斑点,
Speckled,有斑点的,
Speech,演讲,
Speechless,无言的,
Speechlessness,无言,
Spell,咒语,
spending time with people,与人相处,
sperm whale men,男抹香鲸人,
sperm whale women,女抹香鲸人,
sperm whales,抹香鲸,
Spice,香料,
Spicy,辛辣的,
Spider,蜘蛛,
spider monkey men,雄蜘蛛猴人,
spider monkey women,雌蜘蛛猴人,
spider monkeys,蜘蛛猴,
Spidery,蜘蛛般的,
Spike,尖刺,
Spine,脊柱,
Spinosaurus aegyptiacus,埃及棘龙,
Spinosaurus aegyptiacus man,雄埃及棘龙人,
Spinosaurus aegyptiacus men,雄埃及棘龙人,
Spinosaurus aegyptiacus woman,雌埃及棘龙人,
Spinosaurus aegyptiacus women,雌埃及棘龙人,
Spinosaurus aegyptiacuses,埃及棘龙,
Spinosaurus mirabilis,奇异棘龙,
Spinosaurus mirabilis man,雄奇异棘龙人,
Spinosaurus mirabilis men,雄奇异棘龙人,
Spinosaurus mirabilis woman,雌奇异棘龙人,
Spinosaurus mirabilis women,雌奇异棘龙人,
Spinosaurus mirabilises,奇异棘龙,
spiny dogfish,白斑角鲨,
Spiral,螺旋,
Spire,尖顶,
Spirit,精神,
Spit,吐痰,
Spite,恶意,
Spiteful,恶意的,
Spittle,唾沫,
Splash,飞溅,
Splattered,溅满的,
Split,分裂的,
Spoils,战利品,
Sponge,海绵,
sponge men,海绵人,
sponges,海绵,
Spongy,海绵状的,
Spoon,勺子,
Sport,运动,
Spot,斑点,
Spotted,有斑点的,
spotted ratfish,斑点鼠鱼,
spotted wobbegongs,斑纹须鲨,
Spray,喷雾,
Sprayed,喷洒的,
Spread,展开的,
Spring,春天,
Spry,敏捷的,
Spurn,拒绝,
Spurt,喷射,
Spurting,喷射的,
Spy,间谍,
Square,广场,
Squashed,压扁的,
Squat,蹲着的,
Squeezing,挤压的,
Squid,鱿鱼,
squid men,雄鱿鱼人,
squid women,雌鱿鱼人,
squids,鱿鱼,
Stability,稳定性,
Stable,稳定的,
Staff,杖,
Stake,篱笆,
Stale,不新鲜的,
Stalker,潜行者,
Stamina,耐力,
Stance,岩架,
Stand-and-work items,梯凳用品,
Standard,标准,
Standing orders,常规指令,
Star,星星,
Start,开始,
"Start painting a new stockpile. Once the tiles are chosen, you'll be able to set the details.",开始绘制新的储物处。选定地块后，你将能够设置详细信息。,
Start stairway,楼梯起始格,
Starvation,饥饿,
Starving,极度饥饿,
Stasis,静止,
State your values (new menu),陈述你的价值观（新目录）,
Static,静止的,
Statues can be used to decorate your fortress and add value to your rooms. A statue object must be made at an appropriate workshop first.,雕像可用于装饰你的要塞并为你的房间增添价值。雕像物品必须先在相应的工坊制作。,
staying occupied,保持忙碌,
Steam,蒸汽,
Steamy,蒸汽的,
Steed,骏马,
Steel,钢,
steelhead trout,硬头鳟,
Stegosaurus,剑龙,
Stegosaurus man,雄剑龙人,
Stegosaurus men,雄剑龙人,
Stegosaurus woman,雌剑龙人,
Stegosaurus women,雌剑龙人,
Stegosauruses,剑龙,
Stelid,斯利德,
Stench,恶臭,
Steppe,草原,
Stern,严厉的,
Sterus,特鲁斯,
Stesok,特索克,
Stibbom,蒂博姆,
Stick,棍子,
Sticky,粘的,
Stigma,耻辱,
Still,静止的,
stingrays,刺魟,
Stinky,发臭的,
Stirred,被搅动的,
Stïvut,斯蒂沃,
stoat jacks,雄鼬鼠,
stoat jills,雌鼬鼠,
stoat men,雄白鼬人,
stoat women,雌白鼬人,
Stockade,栅栏,
Stockpile wood,储存木头,
Stoicism,坚忍,
Stoked,被添加燃料的,
Stoker,司炉工,
Stòkïd,锡托基,
Stone,石头,
Stone Hauling,搬运石头,
Stone-fall traps drop a stone on intruders. Must be loaded with boulders.,落石陷阱向入侵者投下岩石。必须装载石块。,
Stop,停止,
Storage path decrease (# of contained item cap),储存路径减少（包含物品数量上限）,
Storage path decrease (barrel combine),储存路径减少（桶合并）,
Storage path decrease (bin combine),储存路径减少（箱子合并）,
Storage path decrease (bucket combine),储存路径减少（水桶合并）,
Storage path decrease (seed bag combine),储存路径减少（种子袋合并）,
Storm,风暴,
Stormy,有暴风雨的,
Strange,奇怪的,
Strange mood,怪异情绪,
Strangeness,陌生,
Stranger,陌生人,
Strangled,被勒死的,
stranglers,绞杀者,
Strangulation,勒死,
Strap,带子,
Strapping,魁梧的,
Strategic,战略的,
Strategy,策略,
Straw,稻草,
Stray,流浪,
Stream,溪流,
Stream: ,河流：,
strength,力量,
Strength,力量,
STRESS VULNERABILITY,压力易感性,
Strict population cap (includes births),严格人口上限（包括新生儿）,
Strife,冲突,
Strifeful,冲突的,
Strike,罢工,
String,线,
Stroke,节奏,
Struck economic mineral,发现可利用矿物,
Stubborn,固执,
Stukón,斯图空,
Stumäm,图玛姆,
Stump,树桩,
Stunned,昏头转向,
Stunt,特技,
Stunted,发育不良的,
Stupid,愚蠢的,
sturgeons,鲟鱼,
Style,风格,
Subet,索贝特,
Submerged,淹没的,
Subordinate,下属,
Subtle,微妙的,
Subtlety,精妙,
Sucker,吸盘,
Suffering,苦难,
Sugar,糖,
Sugary,含糖的,
Suicidal,自杀的,
Suicide,自杀,
Suitor,求婚者,
Sullen,阴郁的,
Summer,夏天,
Summit,顶峰,
Sun,太阳,
Sunggor,桑格尔,
Sunken,沉没的,
Sunny,阳光明媚的,
Superior,优越的,
Supper,晚餐,
"Supports will stop cave-ins in the rare event you completely detach a piece of your fortress. Otherwise, they are ornamental.",支柱将在你完全分离堡垒的一部分时防止塌方（这种情况很罕见）。除此之外，它们是装饰性的。,
Surgery required,需要手术,
Surprise,惊讶,
Surprised,惊讶,
Surroundings: ,周边环境：,
Suspicion,怀疑,
suspicious,怀疑,
Sut,萨特,
Suthån,索桑,
Suture request,需要缝合,
Suzhousaurus,肃州龙,
Suzhousaurus man,雄肃州龙人,
Suzhousaurus men,雄肃州龙人,
Suzhousaurus woman,雌肃州龙人,
Suzhousaurus women,雌肃州龙人,
Suzhousauruses,肃州龙,
Swallow,吞咽,
Swamp,沼泽,
swan men,雄天鹅人,
swan women,雌天鹅人,
Swayed by emotions,易受情绪左右,
SWAYED BY EMOTIONS,易受情绪左右,
Sweat,汗水,
Sweet,甜的,
Sweetness,甜蜜,
Sweltering,酷热的,
Swift,迅速的,
Swine,猪,
Sword,剑,
swordfish,剑鱼,
Symmetric,对称的,
Symmetry,对称,
sympathy,同情,
Sympathy,同情,
Syrup,糖浆,
System,系统,
Systemic,系统的,
Taciturn,沉默寡言的,
Tactic,策略,
Tactical,战术的,
Taiga,寒带针叶林,
Tail,尾巴,
Tainted,受污染的,
Take off item,脱下物品,
Take out of a container,从容器中取出,
Taker,获取者,
taking it easy,放松身心,
talking with a child,与孩子交谈,
talking with a friend,与朋友交谈,
talking with a lover,与爱人交谈,
talking with a sibling,与兄弟姐妹交谈,
talking with father,与父亲交谈,
talking with mother,与母亲交谈,
talking with somebody,与某人交谈,
talking with the spouse,与配偶交谈,
Tall,高的,
Tallow items,动物油脂物品,
Talon,利爪,
Tame,驯服的,
Tameable small creature items,可驯化小型生物,
Tangath,坦加斯,
Tangle,纠缠,
Tangled,纠缠的,
Tannable items,可鞣制物品,
Tantrums,发脾气,
Tapered,锥形的,
tapir men,雄貘人,
tapir women,雌貘人,
tapirs,貘,
Tar,焦油,
Target,目标,
Tarnish,失去光泽,
Tashem,塔舍姆,
Tatek,塔特克,
Tattoo,纹身,
Tattooed,有纹身的,
Taupe,灰褐色的,
Taut,拉紧的,
Tax,税,
Teacher,老师,
Teal,蓝绿色的,
Tear,眼泪,
Tekmok,特莫克,
Tel,特尔,
Tell a joke,讲个笑话,
Tellist,特利斯,
Temperate Broadleaf Forest,温带阔叶林,
Temperate Conifer Forest,温带针叶林,
Temperate Freshwater Marsh,温带淡水沼泽,
Temperate Grassland,温带草原,
Temperate Ocean,温带海洋,
Temperate Saltwater Marsh,温带咸水沼泽,
Temperate Savanna,温带稀树草原,
Temperature Mesh Size,温度网格尺寸,
Temperature: ,温度：,
Tempest,暴风雨,
Temple,寺庙,
Temptation,诱惑,
Tempted,被诱惑的,
Tenacious,坚韧的,
Tenacity,坚韧,
Tender,温柔的,
tenderness,温柔,
Tenderness,温柔,
Tendon bruise,肌腱挫伤,
Tendon strain,肌腱拉伤,
Tenebrous,黑暗的,
Tentacle,触手,
Tepid,微温的,
Terrible,可怕的,
terrified,极度恐惧,
terrifying,恐怖,
Test,测试,
Tetóth,特托斯,
Than,桑,
Thastith,萨斯提,
that a criminal could not be properly punished,罪犯没有得到适当的惩罚,
The dead are buried in coffins. Coffins must be placed in their own tomb zone in order to work. A coffin object must be made before it can be placed.,死者被安葬在棺材中。棺材必须放置在其专属的坟墓区域内才能生效。棺材物品必须先制作才能放置。,
Theater,剧院,
Theb,塞布,
Themor,索莫尔,
Themthir,塞姆锡,
Therizinosaurus,镰刀龙,
Therizinosaurus man,雄镰刀龙人,
Therizinosaurus men,雄镰刀龙人,
Therizinosaurus woman,雌镰刀龙人,
Therizinosaurus women,雌镰刀龙人,
Therizinosauruses,镰刀龙,
"These are DFHack overlays that add information and functionality to native DF screens. You can toggle whether they are enabled here, or you can reposition them with gui/overlay.",这些是 DFHack 悬浮层工具，可为原版 DF 界面添加信息与功能。你可在此处切换其启用状态，或通过 gui/overlay 命令调整它们的位置。,
These are the customizable DFHack system settings.,以下为可自定义的 DFHack 系统设置。,
"These are the tools that can be enabled right now. Most tools can only be enabled when you have a fort loaded. Once enabled, tools will stay enabled when you save and reload your fort. If you want them to be auto-enabled for new forts, please see the ""Autostart"" tab.","以下为当前可启用的工具。多数工具仅在加载要塞后才能启用。工具一旦启用，在保存并重新加载要塞时将保持启用状态。若希望新要塞自动启用这些工具，请前往""自动启动""标签页设置。",
These automatically fix dangerous or annoying vanilla bugs. You should generally have all of these enabled.,这些工具会自动修复原版中危险或烦人的漏洞。通常建议你启用全部此类工具。,
These change or extend gameplay. Read their help docs to see what they do and enable the ones that appeal to you.,此类工具用于修改或扩展游戏玩法。请阅读其帮助文档了解具体功能，启用你感兴趣的工具即可。,
These ornamental objects increase the value of rooms in which they are placed. An offering place object must be made before it can be placed.,这些装饰性物品会提升其所在房间的价值。供奉处物品必须先制作才能放置。,
"These run in the background and help you manage your fort. They are always safe to enable, and allow you to concentrate on other aspects of gameplay that you find more enjoyable.",此类工具在后台运行，协助你管理要塞。启用它们绝对安全，可让你专注于自己更感兴趣的其他游戏玩法。,
"These workshops are used in the clothesmaking process, whether dyeing and weaving or using tanned hides.",这些工坊被用于包括染色和纺织以及使用鞣制皮革的服装制作工序。,
Thestar,塞斯塔,
Thibam,西巴姆,
Thief,小偷,
Thikthog,锡索格,
Thimble,顶针,
Thin,薄的,
thinking abstractly,动脑思考,
third finger,无名指,
third toe,第三脚趾,
Thirst,口渴,
This ornamental construction can enhance the value of rooms. A window object must be made at a glass furnace before it can be placed.,这种装饰性建筑可以提升房间的价值。窗户物品必须在玻璃熔炉制作完成后才能放置。,
This ornamental construction can enhance the value of rooms. Three cut gem objects must be made at a jeweler's shop before it can be placed.,这种装饰性建筑可以提升房间的价值。需要三颗在珠宝匠铺制作好的切割宝石物品才能放置。,
Thisrid,锡利德,
Thistun,锡斯顿,
Thiz,西斯,
Thólthod,索索德,
Thorn,刺,
thornback rays,刺鳐,
Thoughtless,轻率,
THOUGHTLESSNESS,轻率,
Thrall,奴隶,
Threat,威胁,
Thrift,节俭,
Thrifty,节俭的,
Thrill,兴奋,
Thrill-seeker,寻求刺激,
thrips,蓟马,
thrips men,男蓟马人,
thrips women,女蓟马人,
throat,喉咙,
Throat,喉咙,
Throne,王座,
Thrower,投掷者,
Thubil,索比尔,
thumb,拇指,
Thunder,雷声,
Thylacine,袋狼,
Thylacine man,雄袋狼人,
Thylacine men,雄袋狼人,
Thylacine woman,雌袋狼人,
Thylacine women,雌袋狼人,
Thylacines,袋狼,
Ticek,蒂塞克,
Tick,蜱虫,
tick men,男蜱虫人,
tick women,女蜱虫人,
ticks,蜱虫,
tiercel peregrines,雄游隼,
tiger men,男虎人,
tiger sharks,虎鲨,
tiger women,女虎人,
tigerfish,虎鱼,
tigers,虎,
Tight,紧的,
Tightness,紧绷,
Tiktaalik,提塔利克鱼,
Tiktaalik man,雄提塔利克鱼人,
Tiktaalik men,雄提塔利克鱼人,
Tiktaalik woman,雌提塔利克鱼人,
Tiktaalik women,雌提塔利克鱼人,
Tiktaaliks,提塔利克鱼,
Tile,瓷砖,
Tiled,铺瓷砖的,
Timber,林木月,
Time,时间,
Timnär,蒂姆纳,
Tin,锡,
Tin-bearing items,含锡物品,
Tip,尖端,
Tiredness,疲倦,
Titan Attack Created Wealth Rating,泰坦袭击触发值：创造财富,
Titan Attack Exported Wealth Rating,泰坦袭击触发值：出口财富,
Titan Attack Population Rating,泰坦袭击触发值：人口,
Titan Number,泰坦数量,
Titanoboa,泰坦巨蟒,
Titanoboa man,雄泰坦巨蟒人,
Titanoboa men,雄泰坦巨蟒人,
Titanoboa woman,雌泰坦巨蟒人,
Titanoboa women,雌泰坦巨蟒人,
Titanoboas,泰坦巨蟒,
to be elected,被选举,
to be re-elected,被连任,
to be uncovered,没有穿裤子,
to be wearing old clothing,穿着破旧的衣服,
to be wearing tattered clothing,穿着破烂的衣服,
to have a mandate deadline met,满足了强令期限,
to have clothes rot off,衣服烂掉,
to have her punishment delayed,她的惩罚被推迟,
to have her punishment reduced,她的惩罚被减轻,
to have his punishment delayed,他的惩罚被推迟,
to have his punishment reduced,他的惩罚被减轻,
to have no shirt,没有衬衫,
to have no shoes,没有鞋,
"To see more detailed help for this command launcher (including info on keyboard and mouse controls), type ""gui/launcher"".","若需查看本命令启动器的详细帮助（包括键盘和鼠标控制说明），请输入""gui/launcher""。",
Toad,蟾蜍,
toad men,雄蟾蜍人,
toad women,雌蟾蜍人,
toads,蟾蜍,
Toast,吐司,
Tob,托布,
Toe,脚趾,
Toggle enabled,启用切换,
Toggle Fullscreen,切换全屏,
Toggle/edit setting,切换 / 编辑设置,
Tokmek,托科梅,
Tolerant,宽容,
TOLERANT,宽容,
Tomb,坟墓,
Tome,巨著,
Tone,音调,
Tongs,钳子,
tongue,舌头,
Tongue,舌头,
Tongus,通古斯,
Tool,工具,
"Tools that are enabled on this page will be auto-run or auto-enabled for you when you start a new fort (or, for ""global"" tools, when you start the game). To see tools that are enabled right now, please click on the ""Enabled"" tab.","当前页面启用的工具，会在你新建要塞时自动运行 / 自动启用；若为""全局""工具，则会在启动游戏时自动启用。想查看当前已启用的工具，请点击""已启用""标签页。",
Tooth,牙齿,
Top,顶部,
Töras,托拉斯,
Torch,火炬,
Torment,折磨,
Torn ligament,韧带撕裂,
Tornado,龙卷风,
Torrid,炎热的,
Torture,酷刑,
Torturous,折磨人的,
Torvosaurus,蛮龙,
Torvosaurus man,雄蛮龙人,
Torvosaurus men,雄蛮龙人,
Torvosaurus woman,雌蛮龙人,
Torvosaurus women,雌蛮龙人,
Torvosauruses,蛮龙,
Total seed cap,种子上限（总和）,
Totemable items,可图腾化物品,
Touch,触摸,
Touchy,易怒的,
Tough,坚韧度,
toughness,坚韧,
Tour,旅行,
Tournament,锦标赛,
Toward you: ,对你：,
Tower,塔,
Town,城镇,
Track cart items,轨道矿车,
Track stops are used in conjunction with the hauling menu. They can also be used to add friction to minecart tracks.,轨道停止器与运输菜单配合使用。它们也可用于增加矿车轨道的摩擦力。,
Traction request,需要牵引,
Trade,贸易,
Trade diplomat,贸易外交官,
Trade Good Hauling,搬运贸易品,
Trade or settle debts,交易或结清债务,
Tradition,传统,
Tragedy,悲剧,
Tragic,悲惨的,
Trail,小径,
Trammel,束缚,
Trampled,被践踏的,
Trance,恍惚,
Tranquility,宁和,
Trap,陷阱,
Trash,垃圾,
Treason,背叛,
Treasure,宝藏,
Treasury,金库,
Treat,款待,
Treaty,条约,
Tree,树,
Tree chopped,树木砍伐完成,
Trees:,树木：,
Trench,战壕,
Tress,一绺头发,
Tressed,有一束头发的,
Trial,审判,
Triangle,三角形,
Triangular,三角形的,
Tribe,部落,
Tribute,贡品,
Triceratops,三角龙,
Triceratops man,雄三角龙人,
Triceratops men,雄三角龙人,
Triceratops woman,雌三角龙人,
Triceratops women,雌三角龙人,
Triceratopses,三角龙,
Trick,诡计,
Trickery,欺诈,
Trifle,琐事,
Trifling,微不足道的,
Trilobite,三叶虫,
Trilobite man,雄三叶虫人,
Trilobite men,雄三叶虫人,
Trilobite woman,雌三叶虫人,
Trilobite women,雌三叶虫人,
Trilobites,三叶虫,
Trim,修剪,
Trite,陈腐的,
triumph,得意,
Triumph,得意,
troglodytes,穴居人,
trolls,巨魔,
Trooper,骑兵,
tropical,热带,
Tropical Brackish Lake,热带半咸水湖,
Tropical Coniferous Forest,热带针叶林,
Tropical Dry Brdlf Forest,热带干旱阔叶林,
Tropical Freshwater Lake,热带淡水湖,
Tropical Freshwater Marsh,热带淡水沼泽地,
Tropical Freshwater Swamp,热带淡水沼泽,
Tropical Grassland,热带草原,
Tropical Ocean,热带海洋,
Tropical Saltwater Marsh,热带咸水沼泽地,
Tropical Savanna,热带稀树草原,
Tropical Shrubland,热带灌丛地,
Trouble,麻烦,
Trouble breathing,呼吸困难,
Trough,槽,
Trumpet,喇叭,
Truss,捆扎,
Trussed,捆扎的,
Trust,信任,
TRUST,信任,
Trusting,轻信,
Trustworthy,可信赖的,
Truth,真理,
Truthful,诚实的,
Try to calm the listener,试图让对方平静下来,
Tsintaosaurus,青岛龙,
Tsintaosaurus man,雄青岛龙人,
Tsintaosaurus men,雄青岛龙人,
Tsintaosaurus woman,雌青岛龙人,
Tsintaosaurus women,雌青岛龙人,
Tsintaosauruses,青岛龙,
Tub,浴缸,
Tube,管子,
Tuft,一簇,
Tufted,有一簇的,
Tulip,郁金香,
Tullimonstrum men,男塔利怪物人,
Tullimonstrum women,女塔利怪物人,
Tummy,肚子,
Tumor,肿瘤,
Tumos,图莫斯,
Tundra,苔原,
Tunnel,隧道,
turkey gobblers,公火鸡,
turkey hens,母火鸡,
Turmoil,动荡,
Turquoise,绿松石,
Tusk,獠牙,
Tustzal,图特扎,
Tusung,图颂,
Twig,细枝,
Twilight,暮光,
Twine,合股线,
Twinkle,闪烁,
Twinkling,闪烁的,
Twist,扭曲,
two-humped camel men,男双峰骆驼人,
two-humped camel women,女双峰骆驼人,
two-humped camels,双峰骆驼,
two-legged rhino lizards,双足犀蜥蜴,
"Type a command or click on it in the autocomplete panel to see its help text here. Hit Enter or click on the ""run"" button to run the command as typed. You can also run a command without parameters by double clicking on it in the autocomplete list.",在自动补全面板中输入命令或点击命令，即可在此处查看其帮助文本。按回车键或点击 “run” 按钮，可执行当前输入的命令。你也可在自动补全列表中双击命令，直接运行无参数版本。,
Typhoon,台风,
Tyrannosaurus,霸王龙,
Tyrannosaurus man,雄霸王龙人,
Tyrannosaurus men,雄霸王龙人,
Tyrannosaurus woman,雌霸王龙人,
Tyrannosaurus women,雌霸王龙人,
Tyrannosauruses,霸王龙,
Ub,乌布,
Udesh,乌德石,
Ugliness,丑陋,
Ugly,丑陋的,
Ugut,乌古特,
Ugzol,乌格佐,
UI Overlays,界面覆盖层,
Ulåb,乌拉布,
Ulcer,溃疡,
Uleng,乌伦,
Ulol,乌洛尔,
Ultèr,乌特尔,
Ultimate,最终的,
Ulzest,乌泽斯,
Umåm,乌玛姆,
Umäm,乌玛姆,
Umber,棕土色的,
Umbra,本影,
Umbral,有阴影的,
Umel,乌梅尔,
Umshad,乌姆夏,
Umstiz,乌蒂兹,
Unâl,乌纳尔,
Unassertive,不果断,
Unbridled,无拘束的,
Uncertain,不确定的,
Uncertainty,不确定性,
Uncle,叔叔,
Uncommon,不寻常的,
Unconscious,昏迷,
Undead attack,不死族攻击,
Undignified,不尊严的,
Undisturbed items,未扰动物品,
Uneasiness,不安,
uneasy,不安,
Unengraved items,未雕刻物品,
Ungòb,恩格布,
Ungodly,不敬神的,
Ungrateful,忘恩负义,
Unhappiness,不快乐,
Unholiness,不神圣,
Unholy,不神圣的,
unicorns,独角兽,
Unimproved items,未加工物品,
Union,联盟,
Universe,宇宙,
Unkempt,不整洁的,
Unnameable,不可名状的,
Unob,乌诺布,
Unpause,解除暂停,
Unremarkable,普通的,
Unrotten items,未腐烂物品,
Unseen,看不见的,
Unspeakable,难以言表的,
Unswayed by emotions,不受情绪影响,
Unswerving,坚定的,
Untamed,未驯服的,
Untamed Wilds,未驯服的荒野,
Unthinkable,难以想象的,
Untoward,麻烦的,
Untrustworthy,不可信赖的,
Unwelcome,不受欢迎的,
Up,上箭头,
upholding tradition,遵循传统,
upon receiving justice through a criminal's conviction,通过罪犯的定罪获得正义,
upper body,上半身,
upper front teeth,上门牙,
upper left back teeth,左上臼齿,
upper lip,上唇,
upper right back teeth,右上臼齿,
upper spine,上段脊柱,
Upright weapons are a nasty place for intruders to fall upon. Can also be linked to levers or pressure plates to raise them into intruders.,直立尖刺是入侵者跌落的险恶之处。也可以连接到拉杆或压力板，将其升起刺向入侵者。,
Urge,冲动,
Urmim,乌米姆,
Urn,骨灰盒,
Urol,乌罗尔,
Urthaz,乌萨斯,
Usal,乌萨尔,
Use a screw pump to move liquids upward from the elevation below the pump to the same elevation as the pump.,使用螺旋泵将液体从泵下方的层抽升至与泵同一层。,
Use any cloth,裁缝可以使用任意布料,
Use Creature Seed,使用生物种子,
Use dyes here to color thread and cloth. Requires a barrel and bucket for construction.,在此使用染料为线和布料染色。建造时需要圆桶和提桶。,
Use floodgates to control the flow of fluids between spaces in your fortress. Must be attached to a lever or pressure plate to function. Requires a floodgate object to be built before it can be placed.,使用闸门来控制你堡垒内各空间之间的流体流动。必须连接到拉杆或压力板才能工作。需要先建造好闸门物品才能放置。,
Use History Seed,使用历史种子,
"Use leather tanned at the tanner's shop here to make clothing and tools, such as bags and waterskins.",在此使用制革作坊鞣制的皮革来制作衣物和工具(例如袋子和水囊)。,
Use minecart tracks in conjunction with the hauling menu.,与运输菜单配合使用矿车轨道。,
Use Name Seed,使用名称种子,
Use only dyed cloth,裁缝仅使用染色布料,
Use options in this category to place furniture that has already been constructed in a workshop.,使用此类别中的选项来放置已在工坊构造好的家具。,
Use Seed,使用种子,
Use tallow (rendered fat) or oil here with lye to make soap.,在此使用脂油（提炼的脂肪）或油液与碱液制造肥皂。,
Use the gear assembly to connect axles and machinery together. Gear assemblies can be disengaged temporarily by linking them to levers.,使用齿轮组件将驱动轴和机器连接在一起。齿轮组件可以通过连接到拉杆来暂时脱离。,
"Used to make lye, potash, and milk of lime. Construction requires blocks, barrel, and a bucket.",用于制造碱液、草碱和石灰乳。建造需要一个砖块、一个圆桶和一只提桶。,
Useless,无用的,
Usith,乌锡斯,
Ustan,乌斯坦,
Utahraptor,犹他盗龙,
Utahraptor man,雄犹他盗龙人,
Utahraptor men,雄犹他盗龙人,
Utahraptor woman,雌犹他盗龙人,
Utahraptor women,雌犹他盗龙人,
Utahraptors,犹他盗龙,
Utal,乌塔尔,
Uthar,乌萨尔,
Ûthir,乌索尔,
Uthmik,乌米克,
Utterance,言语,
Vain,虚荣,
Vale,山谷,
Valley,山谷,
Value of grand guildhall,大型工会大厅价值,
Value of guildhall,工会大厅价值,
Value of temple,神殿价值,
Value of temple complex,神殿建筑群价值,
Values,重视,
Vampire migrant fraction (more = safer),吸血鬼移民比例（数值越大，越安全）,
Vandal,破坏者,
Vanished,消失的,
Vanishment,消失,
VANITY,虚荣,
"Various mechanical traps can be found here. The pressure plate is also found here, which has applications beyond traps.",各种机械陷阱可以在这里找到。压力板也在这里，其应用不仅限于陷阱。,
Vault,拱顶,
Vegetable,蔬菜,
Vegetation,植被,
Veil,面纱,
Veiled,戴面纱的,
Velociraptor,伶盗龙,
Velociraptor man,雄伶盗龙人,
Velociraptor men,雄伶盗龙人,
Velociraptor woman,雌伶盗龙人,
Velociraptor women,雌伶盗龙人,
Velociraptors,伶盗龙,
Velvet,天鹅绒,
Velvety,天鹅绒般的,
Venerable,可敬的,
Veneration,崇拜,
Vengefulness,复仇心,
Venom,毒液,
Vermilion,朱红色的,
Vermin,害虫,
Vermin escaped from cage,害虫从笼中逃脱,
Verse,诗句,
Vertical axles transfer power between two adjacent elevations.,垂直驱动轴在两个相邻层之间传递动力。,
Vertical keyboard scroll tiles,垂直键盘滚动的格数,
Vertical keyboard scroll tiles (fast),垂直键盘滚动的格数（快速）,
"Vertical keyboard scroll tiles (world, fast)",世界地图垂直键盘滚动的格数（快速）,
Vertical keyboard scroll tiles (world),世界地图垂直键盘滚动的格数,
Very drowsy,极度困倦,
Very good,很好,
Very high,非常多,
Very poor,极差,
Very rare,非常罕见,
Vës,维斯,
Vessel,容器,
Vestibule,前厅,
Vetor,维托尔,
Vice,恶习,
Victim,受害者,
Video,视频,
Vigor,活力,
Vigorous,精力充沛的,
Vile,卑鄙的,
Vileness,卑鄙,
Village,村庄,
Vine,藤蔓,
Violator,侵犯者,
Violence,暴力,
Violent,暴力的,
Violet,紫罗兰色的,
Viper,毒蛇,
Virgin,处女,
Virginal,处女般的,
Virginity,童贞,
Virtue,美德,
Virtuous,有德行的,
Vise,虎钳,
Vision,视觉,
Vision lost,失去视觉,
Visionary,梦想家,
Visitor cap,访客上限,
Voice,声音,
Void,虚空,
Volcanism Mesh Size,火山活动网格尺寸,
Volcano,火山,
Vomit,呕吐物,
voracious cave crawlers,贪婪的洞穴爬虫,
Vostaz,沃塔兹,
Vosut,沃索特,
Vudthar,沃德萨,
Vulgar,粗俗的,
Vulgarity,粗俗,
Vulture,秃鹫,
vulture men,男秃鹫人,
vulture women,女秃鹫人,
vultures,秃鹫,
Vurtib,沃蒂布,
Vuzded,沃德德,
Wad,一卷,
wagons,货车,
Wail,哀号,
Walk,行走,
Walking spreads spatter (adv mode),行走传播秽物（冒险模式）,
Walking spreads spatter (fort mode),行走传播秽物（要塞模式）,
Wall,墙,
Walled,有围墙的,
walrus men,男海象人,
walrus women,女海象人,
walruses,海象,
Wanderer,流浪者,
wandering,四处闲逛,
Wane,衰退,
Waning,衰退的,
War,战争,
Ward,病房,
warm,温暖,
Warmth,温暖,
Warning,警告,
Warrior,战士,
Wart,疣,
warthog men,男疣猪人,
warthog women,女疣猪人,
warthogs,疣猪,
was caught up in a new romance,陷入新的恋情,
Washed,清洗过的,
Wasp,黄蜂,
Waste,浪费,
Wasteful,挥霍无度,
WASTEFULNESS,挥霍,
Watch,手表,
Watchful,警惕的,
Watchfulness,警惕,
Water,水,
water buffalo bulls,公水牛,
water buffalo cows,母水牛,
Water Hauling,搬运水,
Wave,波浪,
Waviness,起伏,
Wavy,波浪形的,
Wax,蜡,
Wax items,蜡制品,
Waxy,蜡质的,
Way,方式,
Wayward,任性的,
Weakness,弱点,
Wealth,财富,
Wealthy,富有的,
Weapon traps use a weapon or trap component to strike intruders. Can be used with ranged weapons and loaded with ammo. Can use multiple weapons at once.,武器陷阱使用武器或陷阱组件攻击入侵者。可与远程武器一起使用并装载弹药。可以同时使用多种武器。,
Weapon twist,武器绞割,
Weapons:,武器：,
Weasel,黄鼠狼,
weasel men,雄黄鼬人,
weasel women,雌黄鼬人,
weasels,黄鼬,
Weather,天气,
Weathered,风化的,
Weathering,风化,
Weaver,编织者,
Web,网,
Wedlock,婚姻生活,
Weed,杂草,
Weevil,象鼻虫,
Weight,重量,
Weird,怪异,
Welcome to DFHack!,欢迎使用DFHack！,
Werebeast,兽化怪物,
Werebeast Attack Created Wealth Rating,兽化人袭击触发值：创造财富,
Werebeast Attack Exported Wealth Rating,兽化人袭击触发值：出口财富,
Werebeast attack period (seasons),狼人攻击周期（以季为单位）,
Werebeast Attack Population Rating,兽化人袭击触发值：人口,
Werebeasts can attack,狼人可以发动攻击,
West,西方的,
Wet,湿的,
whale sharks,鲸鲨,
What do you want to do?,你要做什么？,
What do you want to know?,你想知道什么？,
What do you want?,你想要什么？,
What will you say about the incident?,你会说哪些事件？,
What will you say?,你会说什么？,
Wheat,小麦,
Wheel,轮子,
when a family member received justice through a criminal's conviction,当家庭成员通过罪犯的定罪获得正义时,
when caught in a snow storm,遇到下雪时,
when caught in freakish weather,遇到异常天气时,
when caught in the rain,遇到下雨时,
when dehydrated,当脱水时,
when drowsy,当昏昏欲睡时,
when forced to talk to somebody annoying,被迫与令人讨厌的人交谈时,
when hungry,当饥饿时,
when joining an existing conflict,加入已存在的冲突时,
"When placed, a female bird will claim the box and start laying eggs, if one is available.",放置后，如果有可用的雌鸟，它会占据箱子并开始产蛋。,
when starving,当饿死时,
when thirsty,当口渴时,
when utterly sleep-deprived,当全然睡眠不足时,
while crying on somebody in charge,对负责人哭泣时,
while getting married,结婚时,
while in conflict,处于冲突中,
while killing somebody,杀死某人时,
while yelling at somebody in charge,对负责人大喊时,
Whim,一时兴起,
Whimsical,异想天开的,
Whip,鞭子,
Whirling,旋转的,
Whisker,胡须,
Whiskered,有须的,
Whisky,威士忌,
Whisper,耳语,
White,白色的,
white stork men,雄白鹳人,
white stork women,雌白鹳人,
white storks,白鹳,
white-browed gibbons,白眉长臂猿,
white-handed gibbons,白掌长臂猿,
white-spotted puffers,白斑河豚,
Whiteness,白色,
whitetip reef sharks,白鳍礁鲨,
Wicked,邪恶的,
Wickedness,邪恶,
Width,宽度,
Wild,野生的,
wild boar men,男野猪人,
wild boar sows,雌野猪,
wild boar women,女野猪人,
wild boars,雄野猪,
wilderness,荒原,
Wilderness irritation decay (more = safer),荒野烦躁度衰减（数值越大，越安全）,
Wilderness irritation minimum (less = sooner),荒野烦躁度下限（数值越小，越早来捣乱）,
Wilderness sensitivity (less = sooner),荒野敏感度（数值越小，越早反应）,
Wildness,狂野,
Will,意志,
Willful,任性的,
willpower,意志力,
Wilt,枯萎,
Wilted,枯萎的,
Wind,风,
Winded,气促,
Window is resizable (takes effect on restart),窗口可调整大小（重启后生效）,
Windowed,窗口,
Windy,多风的,
Wine,葡萄酒,
Wing,翅膀,
Winnower,扬谷者,
Winter,冬天,
Wire,电线,
Wisdom,智慧,
Wise,智慧的,
Wish,愿望,
Wisp,一缕,
Wispy,一缕缕的,
Witch,女巫,
Withered,枯萎的,
Wiwaxia man,男威瓦西虫人,
Wiwaxia men,男威瓦西虫人,
Wiwaxia woman,女威瓦西虫人,
Wiwaxia women,女威瓦西虫人,
wolf men,男狼人,
wolf women,女狼人,
wolverine men,男狼獾人,
wolverine women,女狼獾人,
wolverines,狼獾,
wolves,狼,
Woman,女人,
wombat men,雄袋熊人,
wombat women,雌袋熊人,
wombats,袋熊,
Wondrous,奇妙的,
Wood,木材,
Wood Hauling,搬运木材,
Wooden,木制的,
Woolly mammoth,猛犸象,
Woolly mammoth man,雄猛犸象人,
Woolly mammoth men,雄猛犸象人,
Woolly mammoth woman,雌猛犸象人,
Woolly mammoth women,雌猛犸象人,
Woolly mammoths,猛犸象,
Woolly rhinoceros,披毛犀,
Woolly rhinoceros man,雄披毛犀人,
Woolly rhinoceros men,雄披毛犀人,
Woolly rhinoceros woman,雌披毛犀人,
Woolly rhinoceros women,雌披毛犀人,
Woolly rhinoceroses,披毛犀,
Word,词语,
Wordy,冗长的,
Work,工作,
work animals,役畜,
Worker,工人,
worker ant women,雌工蚁人,
worker ants,蚂蚁工蚁,
worker termites,白蚁工蚁,
Workers dump bones,工人丢弃骨头,
Workers dump corpses,工人丢弃尸体,
Workers dump hair and wool,工人丢弃毛发与羊毛,
Workers dump other objects,工人丢弃其他物品,
Workers dump shells,工人丢弃贝壳,
Workers dump skins,工人丢弃生皮,
Workers dump skulls,工人丢弃头骨,
Workers gather animals,工人收集动物,
Workers gather bodies,工人收集尸体,
Workers gather food,工人收集食物,
Workers gather furniture,工人收集家具,
Workers gather minerals,工人收集矿石,
Workers gather outdoor refuse,工人收集室外垃圾,
Workers gather outdoor vermin remains,工人收集室外小动物与害虫残骸,
Workers gather refuse,工人收集垃圾,
Workers gather wood,工人收集木材,
Workers ignore animals,工人忽略动物,
Workers ignore bodies,工人忽略尸体,
Workers ignore food,工人忽略食物,
Workers ignore furniture,工人忽略家具,
Workers ignore minerals,工人忽略矿石,
Workers ignore outdoor refuse,工人忽略室外垃圾,
Workers ignore outdoor vermin remains,工人忽略室外小动物与害虫残骸,
Workers ignore refuse,工人忽略垃圾,
Workers ignore wood,工人忽略木材,
Workers save bones,工人保留骨头,
Workers save corpses,工人保留尸体,
Workers save hair and wool,工人保留毛发与羊毛,
Workers save other objects,工人保留其他物品,
Workers save shells,工人保留贝壳,
Workers save skins,工人保留生皮,
Workers save skulls,工人保留头骨,
World,世界,
World map size,世界地图尺寸,
World name,世界名称,
Worm,蠕虫,
worm men,蠕虫人,
worms,蠕虫,
Worry,担心,
Worship,崇拜,
Worshipful,虔诚的,
Worshipper,崇拜者,
Worth,价值,
Worthless,无价值的,
Worthy,有价值的,
Wrack,破坏,
Wraith,幽灵,
Wreath,花环,
wren men,雄鹪鹩人,
wren women,雌鹪鹩人,
wrens,鹪鹩,
Wretch,可怜虫,
Wretched,可怜的,
Writing container items,书写容器,
Written-on items,书写过物品,
yak bulls,公牦牛,
yak cows,母牦牛,
Yarn,纱线,
Yarn items,纱线物品,
Yawn,打哈欠,
Yawning,打哈欠的,
Year,年,
Year to Begin Checking Megabeast Percentage,开始检查巨兽比例的年份,
Yearling,一岁崽,
Yell,大喊,
Yellow,黄色的,
yellow bullheads,黄鲶鱼,
Yellowness,黄色,
Yes,是,
yetis,雪怪,
Yore,往昔,
"You can build a ramp next to a wall to provide access to the floor above. The space above the ramp must also be empty. Requires boulder, block, or wood.",你可以在墙边建造斜坡以通往上一层。斜坡上方的空间也必须是空的。需要岩石、方块或木材。,
"You can build reinforced walls aboveground, in caverns, or in spaces you have mined out in order to block the passage of creatures, objects, and fluids. Requires two boulder, block, or wood, and metal bars. Provides some resistance to invaders.",你可以在地上、洞穴中或已挖掘出的空间内建造加固墙壁，以阻挡生物、物体和流体的通过。需要两块岩石、方块或木材，以及金属锭。能为抵御入侵者提供一定帮助。,
"You can build staircases to connect different elevations. Staircases must span at least two elevations. Requires boulder, block, or wood.",你可以建造楼梯以连接不同高度。楼梯必须至少跨越两个高度层。需要岩石、方块或木材。,
"You can build walls aboveground, in caverns, or in spaces you have mined out in order to block the passage of creatures, objects, and fluids. Requires boulder, block, or wood.",你可以在地上、洞穴中或已挖掘出的空间内建造墙壁，以阻挡生物、物体和流体的通过。需要岩石、方块或木材。,
"You can filter the autocomplete list by clicking on the ""Tags"" button. Tap backtick (`) or hit ESC to close this dialog. This dialog also closes automatically if you run a command that shows a new GUI screen.",点击 “标签” 按钮可筛选自动补全列表。按反引号（`）或 ESC 键可关闭此对话框。若你运行的命令会打开新的图形界面，此对话框也会自动关闭。,
"You can make a variety of objects using three different types of glass. You can also collect sand in bags from a task originating here, if you have a sand collection zone. Glassmaking requires fuel.",你可以使用三种不同类型的玻璃制造各种物品。如果你有沙收集区，也可在此发起任务以用袋子收集沙子。玻璃制造需要燃料。,
"You can make a variety of objects using three different types of glass. You can also collect sand in bags from a task originating here, if you have a sand collection zone. Magma below the furnace will power tasks. You are responsible for placing the furnace above the magma, but no other fuel is required.",你可以使用三种不同类型的玻璃制造各种物品。如果你有沙收集区，也可在此发起任务以用袋子收集沙子。熔炉下方的岩浆将为任务提供动力。你需要负责将熔炉放置在岩浆上方，除此之外无需其他燃料。,
"You can place floors for functional reasons or to enhance the appearance of the fortress. Requires boulder, block,or wood.",你可以出于功能需要或为了美化堡垒而铺设地板。需要岩石、方块或木材。,
You can play a sequence of fortresses and adventurers in the same world. Uncover locations and artifacts for the benefit of your future fortresses.,在同一个世界中，你可以先后经营多座要塞、扮演多个冒险者。你发现的地点和收集的宝物，都能为未来的要塞发展提供帮助。,
You cannot construct here,你无法在此建造,
You cannot mount,你无法骑乘,
You feel hot/cold,你感到热/冷,
You given emergency tactical control,你获得紧急战术控制权,
You interact with building,你与建筑物互动,
You interact with item,你与物品互动,
You yield,你投降了,
Young,年轻的,
Your citizens need a comfortable place to sleep. A bed object must be made at the carpenter's shop before it can be placed.,你的居民需要一个舒适的睡眠场所。床物品必须在木匠铺制作完成后才能放置。,
Your most valuable objects can be placed for display in rooms to increase their value and to entertain passing citizens. A pedestal or display case must be made before it can be placed.,你最有价值的物品可以放在房间中展示，以提升其价值并供路过的居民欣赏。基座或展示柜必须先制作才能放置。,
Your order delivered,指令已送达,
Youth,青春,
Youthful,年轻的,
Zagug,扎古格,
Zansong,赞松,
Zany,滑稽,
Zat,扎特,
Zavaz,扎瓦兹,
Zealot,狂热者,
Zeber,泽贝尔,
Zèler,泽勒尔,
Zenith,顶峰,
Zephyr,和风,
Ziksis,齐克锡,
Zilir,兹利尔,
Zin,津,
Zinc-bearing items,含锌物品,
Zisur,齐索尔,
Zocuk,佐库克,
Zoom in on the play ,向游戏场景拉近视角,
Zoom out from the play ,从游戏场景拉远视角,
Zotthol,佐索尔,
Zoz,佐兹,
Zugob,祖高博,
Zursùl,祖尔索,
