text,translation,tags
A bird of prey so large and ferocious it dwarfs many dragons.  All beneath its mighty wings should fear the sky.,一種龐大而凶猛的猛禽，連許多巨龍在牠面前都顯得渺小。凡在牠強大雙翼之下的生靈，都應畏懼天空。,[REVIEWED:1]
A blue-rumped person with the head and tail of a mandrill.,一名臀部呈藍色、具有山魈頭部與尾巴的人形生物。,[REVIEWED:1]
A brightly-colored person with the head of a cassowary.,一名體色鮮豔、具有鶴鴕頭部的人形生物。,[REVIEWED:1]
"A colorful lizard that spends its life hunting insects with its long tongue.  It moves slowly through the trees, spying the surroundings with its independently roving eyes.",一種色彩鮮豔的蜥蜴，一生都用長舌獵捕昆蟲。牠在樹間緩慢移動，以能各自轉動的雙眼觀察四周。,[REVIEWED:1]
A colorful person with the head and shell of a moon snail.,一名體色鮮豔、具有月亮蝸牛頭部與外殼的人形生物。,[REVIEWED:1]
A colorful person with the head and tail of a chameleon.,一名體色鮮豔、具有變色蜥頭部與尾巴的人形生物。,[REVIEWED:1]
A colorful person with the head and wings of a lorikeet.,一名體色鮮豔、具有吸蜜鸚鵡頭部與翅膀的人形生物。,[REVIEWED:1]
A colorful person with the head and wings of a masked lovebird.,一名體色鮮豔、具有蒙面愛情鳥頭部與翅膀的人形生物。,[REVIEWED:1]
A colorful person with the head and wings of a peach-faced lovebird.,一名體色鮮豔、具有桃面愛情鳥頭部與翅膀的人形生物。,[REVIEWED:1]
"A compact offspring of horse and donkey, bred to be a beast of burden.",一種由馬與驢雜交而成的精壯動物，被培育作為役畜。,[REVIEWED:1]
"A creature from the evil swamp.  It resembles a squat, wingless bird with powerful beak and legs.  Its blotchy skin is brightly colored.",一種來自邪惡沼澤的生物。牠像一隻矮胖、無翼的鳥，長有強勁的喙與雙腿。斑駁的皮膚色彩鮮豔。,[REVIEWED:1]
A creature that crawls along the cavern ceiling with four long arms.  Its body is shaped as the head of a man with a mouth full of shark teeth.  It waits for its prey to pass below.,一種用四條長臂沿洞穴頂部爬行的生物。牠的身體形如人的頭顱，嘴裡長滿鯊魚般的牙齒。牠會等待獵物從下方經過。,[REVIEWED:1]
"A creature with the shape of a man, but with stalks for eyes, and a great shell on its back.",一種外形似人的生物，但眼睛長在眼柄上，背負巨大的殼。,[REVIEWED:1]
A crested person with the head and wings of a cockatiel.,一名長有冠羽、具有玄鳳鸚鵡頭部與翅膀的人形生物。,[REVIEWED:1]
A dangerous water monster known for attacking ships at sea.,一種以襲擊海上船隻聞名的危險水怪。,[REVIEWED:1]
A dark green man with the distinct head of a toad.,一種通體深綠、長有鮮明蟾蜍頭部的人形生物。,[REVIEWED:1]
"A fearsome, long-toothed mouth the size of a man's head, flying on bat wings.  It is found in deep caves.",一張如人頭般大小、長滿長牙的駭人大嘴，靠蝙蝠翅膀飛行。牠棲息於深處的洞穴。,[REVIEWED:1]
A feathered dinosaur person with a sharp claw on their second toe.,一名覆有羽毛的恐龍人，第二趾上長有利爪。,[REVIEWED:1]
A feathered man with the wings and head of a bird.  It lives underground.,一種覆有羽毛的人形生物，長有鳥的翅膀與頭部。牠生活在地下。,[REVIEWED:1]
A feathered person with a brightly-colored bill.,一名覆有羽毛、長有鮮豔鳥喙的人形生物。,[REVIEWED:1]
A feathered person with the head and wings of a great horned owl.,一名覆有羽毛、具有大角鴞頭部與翅膀的人形生物。,[REVIEWED:1]
A feathered person with the head and wings of an eagle.,一名覆有羽毛、具有鷹頭部與翅膀的人形生物。,[REVIEWED:1]
A feathered person with the head of a puffin.,一名覆有羽毛、具有海鸚頭部的人形生物。,[REVIEWED:1]
A feathered person with the head of an emu.,一名覆有羽毛、具有鴯鶓頭部的人形生物。,[REVIEWED:1]
A fierce creature from the evil snowy wilds.  It has white fur and a piercing howl.,一種來自邪惡冰雪荒野的凶猛生物。牠覆有白毛，嚎叫聲尖銳刺耳。,[REVIEWED:1]
A flightless bird person with a terrifying beak.,一名不會飛行、長有駭人鳥喙的鳥人。,[REVIEWED:1]
A floating pod with eye-stalks.  It can spray poison and it gives off poison gas when punctured.,一種長有眼柄、漂浮在空中的囊狀生物。牠能噴射毒液，被刺破時還會釋放毒氣。,[REVIEWED:1]
"A fluffy, pudge-filled being, known for its warm heart and stumble bumblings.",一種毛茸茸、圓滾滾的生物，以熱心腸和笨拙踉蹌的模樣聞名。,[REVIEWED:1]
A flying monster with stretched skin over its emaciated body.  It has the head of a jackal with needle-like horns protruding through its mane.,一種飛行怪物，乾瘦的身體上繃著皮膚。牠長有胡狼般的頭部，針狀的角從鬃毛間伸出。,[REVIEWED:1]
A giant amphibian predator found underground near water.,一種棲息於地下水邊的巨大兩棲掠食動物。,[REVIEWED:1]
A giant amphibian predator found underground.,一種棲息於地下的巨大兩棲掠食動物。,[REVIEWED:1]
A giant bear-like creature found in the wildest parts of the world.  It has striking black and white fur.,一種棲息於世界最荒野地帶的巨大熊形生物。牠有醒目的黑白皮毛。,[REVIEWED:1]
A giant creature with many eyes and arms to terrify the sea.,一種長有眾多眼睛與腕足、令人聞風喪膽的巨大海洋生物。,[REVIEWED:1]
A giant dragon-like monster with seven biting heads.,一種巨大的龍形怪物，長有七顆能咬噬的頭。,[REVIEWED:1]
A giant flying mammal found underground.,一種棲息於地下的巨大飛行哺乳動物。,[REVIEWED:1]
A giant humanoid monster found stomping about in the evil plains.  Their low howls can be heard long before they are seen.,一種在邪惡平原上踏著沉重腳步遊蕩的巨型人形怪物。在看見牠們之前很久，就能聽到牠們低沉的嚎叫。,[REVIEWED:1]
A giant humanoid monster with a single eye set in its forehead.,一種巨型人形怪物，額頭上只有一隻眼睛。,[REVIEWED:1]
A giant humanoid monster with the head of a bull.,一種長有公牛頭部的巨型人形怪物。,[REVIEWED:1]
A giant humanoid monster with two heads.,一種長有兩顆頭的巨型人形怪物。,[REVIEWED:1]
A giant limbless dragon that lives in the sea.,一種生活在海中、沒有四肢的巨龍。,[REVIEWED:1]
A giant marine mammal with a toothy jaw.,一種顎部長滿牙齒的巨大海洋哺乳動物。,[REVIEWED:1]
A giant monster in the form of a leopard seal.,一隻外形如豹形海豹的巨大怪物。,[REVIEWED:1]
A giant monster in the form of a walrus.,一隻外形如海象的巨大怪物。,[REVIEWED:1]
A giant oceanic creature resembling a huge fish's head connected to a wide tail.,一種巨大的海洋生物，外形如一顆巨大的魚頭連著寬闊的尾巴。,[REVIEWED:1]
A giant oceanic fish with rows and rows of razor-sharp pointed teeth.,一種巨大的海魚，長有一排又一排剃刀般鋒利的尖牙。,[REVIEWED:1]
"A giant, striped, oceanic fish known to devour anything in its path.",一種帶有條紋的巨大海魚，以吞噬所經之處的一切聞名。,[REVIEWED:1]
A gigantic aquatic reptile with four flippers and a huge toothy mouth.,一種碩大的水生爬蟲，長有四隻鰭肢，巨嘴中長滿牙齒。,[REVIEWED:1]
A gigantic armored quadrupedal dinosaur with a mighty tail club.  It is a herbivore and has four horns.,一種碩大的四足恐龍，覆有甲片，長有強勁的尾錘。牠以植物為食，長有四隻角。,[REVIEWED:1]
A gigantic bipedal dinosaur with a ferocious biting jaw and short arms.  It is amphibious and has a sail and a horn.,一種碩大的雙足恐龍，顎部咬合凶猛，前肢短小。牠能在水陸活動，長有背帆與一隻角。,[REVIEWED:1]
A gigantic bipedal dinosaur with a ferocious biting jaw and short arms.  It is amphibious and has a sail.,一種碩大的雙足恐龍，顎部咬合凶猛，前肢短小。牠能在水陸活動，長有背帆。,[REVIEWED:1]
A gigantic bipedal dinosaur with a mighty jaw and very short arms with two claws.,一種碩大的雙足恐龍，顎部強勁，極短的前肢各長有兩隻爪。,[REVIEWED:1]
A gigantic blue and orange bird.,一種體色藍橙相間的碩大鳥類。,[REVIEWED:1]
"A gigantic creature resembling a human, almost unparalleled in size.",一種外形似人的碩大生物，體型幾乎無可匹敵。,[REVIEWED:1]
A gigantic digging creature found underground.,一種棲息於地下、善於挖掘的碩大生物。,[REVIEWED:1]
"A gigantic feline predator, similar to its cousins in all but size.  It can be found in the savage wilderness.",一種碩大的貓科掠食動物，除了體型之外，各方面都與近親相似。牠棲息於蠻荒之地。,[REVIEWED:1]
A gigantic filter-feeding fish found in temperate oceans.,一種棲息於溫帶海洋的碩大濾食性魚類。,[REVIEWED:1]
A gigantic filter-feeding fish found in tropical oceans.,一種棲息於熱帶海洋的碩大濾食性魚類。,[REVIEWED:1]
A gigantic hairless mammal with a long neck and a small trunk.,一種碩大的無毛哺乳動物，長有長頸與短鼻。,[REVIEWED:1]
A gigantic hairless mammal with a long trunk and two backward-curving tusks.,一種碩大的無毛哺乳動物，長有長鼻與兩根向後彎曲的獠牙。,[REVIEWED:1]
A gigantic herbivorous quadrupedal dinosaur.  It has a broad bony head frill and three horns.,一種碩大的四足草食恐龍。牠長有寬大的骨質頭盾與三隻角。,[REVIEWED:1]
A gigantic magic statue made of bronze and bent on mayhem.,一尊碩大的青銅魔法雕像，一心只想肆意破壞。,[REVIEWED:1]
A gigantic monster in elephant form.,一種外形如象的碩大怪物。,[REVIEWED:1]
A gigantic monster in the shape of a sperm whale.,一隻外形如抹香鯨的碩大怪物。,[REVIEWED:1]
A gigantic monster in the shape of an orca.,一隻外形如逆戟鯨的碩大怪物。,[REVIEWED:1]
"A gigantic monster, once a dragon, now adapted to and polluted by the underground.  Its wings fall limp at its side.  Its face is full of incredibly long teeth.  Its eyes are large to penetrate the darkness.",一種碩大的怪物，曾經是龍，如今已適應地下環境，也遭其污染。雙翼無力地垂在身側，臉上長滿極長的牙齒。牠的眼睛碩大，足以看穿黑暗。,[REVIEWED:1]
A gigantic reptilian creature.  It is magical and can breathe fire.  These monsters can live for thousands of years.,一種碩大的爬蟲生物。牠具有魔力，能夠噴火。這些怪物可以活上數千年。,[REVIEWED:1]
A gigantic rodent found underground.,一種棲息於地下的碩大齧齒動物。,[REVIEWED:1]
A gigantic shark.,一種碩大的鯊魚。,[REVIEWED:1]
A gigantic spotted cat.  It is possibly the fastest animal on land and is found in the savage wilds.,一種帶有斑點的碩大貓科動物。牠可能是陸地上速度最快的動物，棲息於蠻荒野地。,[REVIEWED:1]
"A gigantic spotted predator, dwarfing its small cousins.  It is found in the wild lands.",一種帶有斑點的碩大掠食動物，令體型較小的近親相形見絀。牠棲息於荒野。,[REVIEWED:1]
"A gigantic version of its tiny cousin, this long, slimy creature tunnels through the rocks deep underground.",這種修長黏滑的生物是其微小近親的碩大版本，會在地底深處的岩石中鑽出隧道。,[REVIEWED:1]
"A gigantic version of the feline predator.  Its giant prides can be found in the wildest, most savage parts of the world.",一種貓科掠食動物的碩大版本。牠們組成巨大的獅群，棲息於世界最原始、最蠻荒的地帶。,[REVIEWED:1]
A gigantic woolly mammal with a long trunk and two tusk.,一種覆有厚毛的碩大哺乳動物，長有長鼻與兩根獠牙。,[REVIEWED:1]
A great slug with the torso of a man.  It pulls itself across the ground with its hands for greater speed.,一種長有人的軀幹的巨大蛞蝓。牠用雙手拉動身體，以便更快地在地面前進。,[REVIEWED:1]
A green person with the head and arms of a mantis.,一名通體綠色、具有螳螂頭部與前肢的人形生物。,[REVIEWED:1]
A green person with the head of a green tree frog.,一名通體綠色、具有綠樹蛙頭部的人形生物。,[REVIEWED:1]
A green person with the head of a kea.,一名通體綠色、具有啄羊鸚鵡頭部的人形生物。,[REVIEWED:1]
A grey person with the head and tail of a gray langur.,一名通體灰色、具有灰葉猴頭部與尾巴的人形生物。,[REVIEWED:1]
A grey person with the head of a koala.,一名通體灰色、具有樹袋熊頭部的人形生物。,[REVIEWED:1]
A hairy person with the head and tail of a chinchilla.,一名渾身多毛、具有毛絲鼠頭部與尾巴的人形生物。,[REVIEWED:1]
A heavily-built person with the two teeth and beak of a lystrosaurus.,一名體格粗壯、具有水龍獸兩顆牙齒與喙的人形生物。,[REVIEWED:1]
A hideous monster that has the body of a giant mole-rat and the torso of a mole-rat man.   It is found deep underground.,一種醜惡的怪物，長有巨鼴鼠的身體與鼴鼠人的軀幹。牠棲息於地底深處。,[REVIEWED:1]
A horned person with the head of a gazelle.,一名長有角、具有瞪羚頭部的人形生物。,[REVIEWED:1]
A horned person with the head of a mountain goat.,一名長有角、具有雪羊頭部的人形生物。,[REVIEWED:1]
A horned person with the head of a muskox.,一名長有角、具有麝牛頭部的人形生物。,[REVIEWED:1]
A horned person with the head of an ibex.,一名長有角、具有羱羊頭部的人形生物。,[REVIEWED:1]
A horse-like creature with a spiral horn growing from its forehead.,一種類似馬的生物，額頭上長著螺旋狀的角。,[REVIEWED:1]
A huge ape found in the forest.  It lives in small groups eating plants.  The groups are lead by a large dominant male with a silver back.,一種棲息於森林的龐大猿類。牠們以小群生活，吃植物為生。每群由一隻體型龐大、背部銀白的優勢雄性領導。,[REVIEWED:1]
A huge aquatic mammal with giant tusks and dense whiskers.  They are thick and blubbery and live almost exclusively on mussels.,一種龐大的水生哺乳動物，長有巨大的獠牙與濃密鬍鬚。牠們身軀厚實、脂肪豐富，幾乎只以貽貝為食。,[REVIEWED:1]
A huge armored fish with powerful biting jaws.,一種覆有甲片的龐大魚類，顎部咬合強勁。,[REVIEWED:1]
A huge beast in the form of a gila monster.,一隻外形如毒蜥的龐大野獸。,[REVIEWED:1]
A huge bipedal dinosaur with a giant biting jaw and short arms.,一種龐大的雙足恐龍，長有巨大的咬合顎部與短小前肢。,[REVIEWED:1]
A huge bipedal dinosaur with a giant biting jaw and short arms.  It has two small horns over its eyes.,一種龐大的雙足恐龍，長有巨大的咬合顎部與短小前肢。眼睛上方長有兩隻小角。,[REVIEWED:1]
A huge bipedal herbivorous dinosaur with a prominent head crest and a beaked mouth.,一種龐大的雙足草食恐龍，長有顯眼頭冠與喙狀嘴。,[REVIEWED:1]
A huge bipedal herbivorous dinosaur.  It has a beaked mouth and a hollow crest atop is head.,一種龐大的雙足草食恐龍。牠長有喙狀嘴，頭頂有中空的冠飾。,[REVIEWED:1]
A huge bipedal herbivorous dinosaur.  It has two prominent thumb spikes and a beaked mouth.,一種龐大的雙足草食恐龍。牠長有兩根顯眼的拇指尖刺與喙狀嘴。,[REVIEWED:1]
A huge bird monster with extremely long legs and neck.,一種龐大的鳥形怪物，腿與頸部極長。,[REVIEWED:1]
"A huge brown creature found in temperate woodland.  It is known for its ferocious attack, usually when it or its young are threatened.",一種棲息於溫帶林地的龐大棕色生物。牠以凶猛攻擊聞名，通常是在自己或幼獸受到威脅時發動。,[REVIEWED:1]
"A huge cave monster with hundreds of feet moving along the bottom of its long body.  In place of a head, it has an enormous toothy maw.",一種龐大的洞穴怪物，修長身軀的底部有數百隻腳不停移動。牠沒有頭，取而代之的是一張長滿牙齒的巨口。,[REVIEWED:1]
A huge creature in the shape of a grasshopper.,一隻外形如蚱蜢的龐大生物。,[REVIEWED:1]
A huge emaciated-looking bear with great drooping ears and many sharp teeth.  It is found deep underground.,一種外貌乾瘦的巨熊，長有巨大下垂的耳朵與眾多尖牙。牠棲息於地底深處。,[REVIEWED:1]
A huge feathered bipedal dinosaur with three gigantic claws on each hand.  It is a herbivore with a beaked mouth.,一種龐大的有羽雙足恐龍，每隻前肢上長有三隻巨爪。牠以植物為食，長有喙狀嘴。,[REVIEWED:1]
A huge filter-feeding fish with great wings.  They travel the oceans and are curious and friendly.,一種長有巨大翼狀鰭的龐大濾食魚類。牠們遨遊海洋，好奇而友善。,[REVIEWED:1]
A huge fish covered with growths and spots it uses to hide on the sea bed.  It is not usually aggressive.,一種龐大的魚類，全身覆有突起與斑點，用來在海床上隱藏。牠通常不具攻擊性。,[REVIEWED:1]
A huge ground sloth with a long tongue.,一種長有長舌的龐大地懶。,[REVIEWED:1]
A huge hairless mammal with a forked horn.,一種龐大的無毛哺乳動物，長有分叉的角。,[REVIEWED:1]
A huge hairless mammal with a great shovel-like mouth capped with two tusks.  It has a long trunk and two small upper tusks as well.,一種龐大的無毛哺乳動物，巨大的鏟狀嘴前端長有兩根獠牙。牠還有長鼻與兩根較小的上獠牙。,[REVIEWED:1]
A huge herbivore with thick plated skin and powerful build.  It is known for the thick horns on the end of its nose.,一種龐大的草食動物，皮膚厚實如甲片，體格強壯。牠以鼻端粗厚的角聞名。,[REVIEWED:1]
A huge herbivorous quadrupedal dinosaur with a long neck and sail along its neck.,一種龐大的四足草食恐龍，長頸上長有帆狀構造。,[REVIEWED:1]
A huge herbivorous quadrupedal dinosaur.  It has a broad spiky head frill and three horns.,一種龐大的四足草食恐龍。牠長有寬大帶刺的頭盾與三隻角。,[REVIEWED:1]
A huge hippo-shaped monster.,一種外形如河馬的龐大怪物。,[REVIEWED:1]
"A huge humanoid monster with coarse fur, large tusks and horns.",一種龐大的人形怪物，覆有粗毛，長有巨大的獠牙與角。,[REVIEWED:1]
A huge immobile sponge.,一種無法移動的龐大海綿。,[REVIEWED:1]
A huge intelligent ape found in the tropical forests.  It is bright red and found living in the trees.,一種棲息於熱帶森林、聰明而龐大的猿類。牠的體色鮮紅，生活在樹上。,[REVIEWED:1]
A huge leaf-eating mammal.  It has an extremely long neck.  Its skin has a distinctive brown and white pattern.,一種以樹葉為食的龐大哺乳動物。牠的頸部極長，皮膚上有鮮明的棕白花紋。,[REVIEWED:1]
A huge mammal with a long trunk and two tusks.,一種龐大的哺乳動物，長有長鼻與兩根獠牙。,[REVIEWED:1]
A huge marine turtle.,一種龐大的海龜。,[REVIEWED:1]
A huge monster boar with jagged tusks.,一種龐大的野豬怪物，長有參差尖利的獠牙。,[REVIEWED:1]
A huge monster in the form of a bark scorpion.,一隻外形如樹皮蠍的龐大怪物。,[REVIEWED:1]
A huge monster in the form of a bluejay.,一種外形如藍松鴉的龐大怪物。,[REVIEWED:1]
A huge monster in the form of a bushmaster.,一隻外形如巨蝮的龐大怪物。,[REVIEWED:1]
A huge monster in the form of a bushtit.,一隻外形如叢山雀的龐大怪物。,[REVIEWED:1]
A huge monster in the form of a buzzard.,一隻外形如禿鷹的龐大怪物。,[REVIEWED:1]
A huge monster in the form of a cardinal.,一隻外形如紅衣鳳頭鳥的龐大怪物。,[REVIEWED:1]
A huge monster in the form of a coati.,一隻外形如長鼻浣熊的龐大怪物。,[REVIEWED:1]
A huge monster in the form of a copperhead snake.,一隻外形如銅頭蛇的龐大怪物。,[REVIEWED:1]
A huge monster in the form of a cougar.,一隻外形如美洲獅的龐大怪物。,[REVIEWED:1]
A huge monster in the form of a deer.,一隻外形如鹿的龐大怪物。,[REVIEWED:1]
A huge monster in the form of a dingo.,一隻外形如野狗的龐大怪物。,[REVIEWED:1]
A huge monster in the form of a gazelle.,一隻外形如瞪羚的龐大怪物。,[REVIEWED:1]
A huge monster in the form of a grackle.,一隻外形如黑羽椋鳥的龐大怪物。,[REVIEWED:1]
A huge monster in the form of a horseshoe crab.,一隻外形如馬蹄蟹的龐大怪物。,[REVIEWED:1]
A huge monster in the form of a jumping spider.,一隻外形如跳蛛的龐大怪物。,[REVIEWED:1]
A huge monster in the form of a lion tamarin.,一隻外形如獅狨猴的龐大怪物。,[REVIEWED:1]
A huge monster in the form of a masked lovebird.,一隻外形如蒙面愛情鳥的龐大怪物。,[REVIEWED:1]
A huge monster in the form of a mink.,一隻外形如水貂的龐大怪物。,[REVIEWED:1]
A huge monster in the form of a mountain goat.,一隻外形如雪羊的龐大怪物。,[REVIEWED:1]
A huge monster in the form of a muskox.,一隻外形如麝牛的龐大怪物。,[REVIEWED:1]
A huge monster in the form of a pangolin.,一隻外形如穿山甲的龐大怪物。,[REVIEWED:1]
A huge monster in the form of a python.,一隻外形如巨蟒的龐大怪物。,[REVIEWED:1]
A huge monster in the form of a red-winged blackbird.,一隻外形如紅翅黑鸝的龐大怪物。,[REVIEWED:1]
A huge monster in the form of a sloth bear.,一隻外形如懶熊的龐大怪物。,[REVIEWED:1]
A huge monster in the form of a slug.,一隻外形如蛞蝓的龐大怪物。,[REVIEWED:1]
A huge monster in the form of a snail.,一隻外形如蝸牛的龐大怪物。,[REVIEWED:1]
A huge monster in the form of a tapir.,一隻外形如貘的龐大怪物。,[REVIEWED:1]
A huge monster in the form of a thrips.,一隻外形如薊馬的龐大怪物。,[REVIEWED:1]
A huge monster in the form of a vulture.,一隻外形如禿鷲的龐大怪物。,[REVIEWED:1]
A huge monster in the form of a wren.,一隻外形如鷦鷯的龐大怪物。,[REVIEWED:1]
A huge monster in the form of an aardvark.,一隻外形如土豚的龐大怪物。,[REVIEWED:1]
A huge monster in the form of an anaconda.,一隻外形如水蟒的龐大怪物。,[REVIEWED:1]
A huge monster in the form of an eagle.,一隻外形如鷹的龐大怪物。,[REVIEWED:1]
A huge monster in the form of an elk.,一隻外形如麋鹿的龐大怪物。,[REVIEWED:1]
A huge monster in the form of an emu.,一隻外形如鴯鶓的龐大怪物。,[REVIEWED:1]
A huge monster in the form of an ibex.,一隻外形如羱羊的龐大怪物。,[REVIEWED:1]
A huge monster in the form of an impala.,一隻外形如高角羚的龐大怪物。,[REVIEWED:1]
A huge monster in the form of an oriole.,一隻外形如黃鸝的龐大怪物。,[REVIEWED:1]
A huge monster in the shape of a black bear.,一隻外形如黑熊的龐大怪物。,[REVIEWED:1]
A huge monster in the shape of a brown recluse spider.,一隻外形如棕色遁蛛的龐大怪物。,[REVIEWED:1]
A huge monster in the shape of a cassowary.,一隻外形如鶴鴕的龐大怪物。,[REVIEWED:1]
A huge monster in the shape of a fox.,一隻外形如狐狸的龐大怪物。,[REVIEWED:1]
A huge monster in the shape of a gray langur.,一隻外形如灰葉猴的龐大怪物。,[REVIEWED:1]
A huge monster in the shape of a great horned owl.,一隻外形如大角鴞的龐大怪物。,[REVIEWED:1]
A huge monster in the shape of a grey parrot.,一隻外形如灰鸚鵡的龐大怪物。,[REVIEWED:1]
A huge monster in the shape of a grizzly bear.,一隻外形如灰熊的龐大怪物。,[REVIEWED:1]
A huge monster in the shape of a harp seal.,一隻外形如豎琴海豹的龐大怪物。,[REVIEWED:1]
A huge monster in the shape of a hornbill.,一隻外形如犀鳥的龐大怪物。,[REVIEWED:1]
A huge monster in the shape of a kangaroo.,一隻外形如袋鼠的龐大怪物。,[REVIEWED:1]
A huge monster in the shape of a kestrel.,一隻外形如紅隼的龐大怪物。,[REVIEWED:1]
A huge monster in the shape of a lizard.,一隻外形如蜥蜴的龐大怪物。,[REVIEWED:1]
A huge monster in the shape of a louse.,一隻外形如蝨子的龐大怪物。,[REVIEWED:1]
A huge monster in the shape of a lynx.,一隻外形如猞猁的龐大怪物。,[REVIEWED:1]
A huge monster in the shape of a magpie.,一隻外形如喜鵲的龐大怪物。,[REVIEWED:1]
A huge monster in the shape of a monitor lizard.,一隻外形如巨蜥的龐大怪物。,[REVIEWED:1]
A huge monster in the shape of a moon snail.,一隻外形如月亮蝸牛的龐大怪物。,[REVIEWED:1]
A huge monster in the shape of a mosquito.,一隻外形如蚊子的龐大怪物。,[REVIEWED:1]
A huge monster in the shape of a nautilus.,一隻外形如鸚鵡螺的龐大怪物。,[REVIEWED:1]
A huge monster in the shape of a polar bear.,一隻外形如北極熊的龐大怪物。,[REVIEWED:1]
A huge monster in the shape of a raccoon.,一隻外形如浣熊的龐大怪物。,[REVIEWED:1]
A huge monster in the shape of a saltwater crocodile.,一隻外形如鹹水鱷的龐大怪物。,[REVIEWED:1]
A huge monster in the shape of a sloth.,一隻外形如樹懶的龐大怪物。,[REVIEWED:1]
A huge monster in the shape of a toad.,一隻外形如蟾蜍的龐大怪物。,[REVIEWED:1]
A huge monster in the shape of a wolf.,一隻外形如狼的龐大怪物。,[REVIEWED:1]
A huge monster in the shape of a wombat.,一隻外形如袋熊的龐大怪物。,[REVIEWED:1]
A huge monster in the shape of an albatross.,一隻外形如信天翁的龐大怪物。,[REVIEWED:1]
A huge monster in the shape of an alligator.,一隻外形如短吻鱷的龐大怪物。,[REVIEWED:1]
A huge monster in the shape of an elephant seal.,一隻外形如象海豹的龐大怪物。,[REVIEWED:1]
A huge monster in the shape of an iguana.,一隻外形如鬣蜥的龐大怪物。,[REVIEWED:1]
A huge monster in the shape of an ocelot.,一隻外形如豹貓的龐大怪物。,[REVIEWED:1]
A huge monster in the shape of an opossum.,一隻外形如負鼠的龐大怪物。,[REVIEWED:1]
A huge monster shaped like a pond turtle.,一種外形如澤龜的龐大怪物。,[REVIEWED:1]
A huge monster shaped like an aye-aye.,一種外形如指猴的龐大怪物。,[REVIEWED:1]
A huge monster taking the shape of a peach-faced lovebird.,一隻外形如桃面愛情鳥的龐大怪物。,[REVIEWED:1]
A huge monster taking the shape of a rattlesnake.,一隻外形如響尾蛇的龐大怪物。,[REVIEWED:1]
A huge monster that lurks in caverns deep under the earth.  It uses its wide beak to reach down and pluck up unsuspecting intruders.,一種潛伏於地底深處洞穴中的龐大怪物。牠會將寬大的喙向下伸，叼走毫無戒心的入侵者。,[REVIEWED:1]
A huge monster the shape of a badger.  It is ferocious in combat.,一種外形如獾的龐大怪物。牠在戰鬥中十分凶猛。,[REVIEWED:1]
A huge monster the shape of a giraffe.,一隻外形如長頸鹿的龐大怪物。,[REVIEWED:1]
A huge monster the shape of a honey badger.  It is ferocious in combat.,一種外形如蜜獾的龐大怪物。牠在戰鬥中十分凶猛。,[REVIEWED:1]
A huge monster the shape of a hyena.,一隻外形如鬣狗的龐大怪物。,[REVIEWED:1]
A huge monster the shape of a moose.,一隻外形如駝鹿的龐大怪物。,[REVIEWED:1]
A huge monster the shape of a one-humped camel.,一隻外形如單峰駱駝的龐大怪物。,[REVIEWED:1]
A huge monster the shape of a rhinoceros.,一隻外形如犀牛的龐大怪物。,[REVIEWED:1]
A huge monster the shape of a two-humped camel.,一隻外形如雙峰駱駝的龐大怪物。,[REVIEWED:1]
A huge monster warthog with jagged tusks.,一種龐大的疣豬怪物，長有參差尖利的獠牙。,[REVIEWED:1]
A huge monster with an enormous shell.,一種背負巨殼的龐大怪物。,[REVIEWED:1]
"A huge monster with an enormous tail, covered with thick fur.  They run on four legs and can be found deep under the earth.",一種龐大的怪物，長有巨尾，全身覆著厚毛。牠們用四條腿奔跑，棲息於地底深處。,[REVIEWED:1]
"A huge monster, shaped like a penguin.",一種外形如企鵝的龐大怪物。,[REVIEWED:1]
"A huge monster, the shape of a platypus.",一隻外形如鴨嘴獸的龐大怪物。,[REVIEWED:1]
A huge ocean mammal.  It is a vicious predator and can hunt in groups.,一種龐大的海洋哺乳動物。牠是凶猛的掠食者，能夠成群獵食。,[REVIEWED:1]
"A huge oceanic fish capable of great speed.  It has a long, sharp snout used for slashing its prey.",一種游速極快的龐大海魚。牠長而尖銳的吻部可用來劃傷獵物。,[REVIEWED:1]
A huge person with the head and flippers of a sperm whale.,一名身形巨大、具有抹香鯨頭部與鰭肢的人形生物。,[REVIEWED:1]
A huge predatory fish found in open ocean.  It has a long pointed bill which it uses to slash and ram.,一種棲息於外海的龐大掠食魚類。牠長有尖長的喙，用於揮斬與衝撞。,[REVIEWED:1]
A huge predatory mammal covered in white hair.  It hunts the shores along tundra and glaciers.,一種覆有白毛的龐大掠食性哺乳動物。牠在凍原與冰川沿岸獵食。,[REVIEWED:1]
A huge quadrupedal dinosaur with a prominent row of plates along its back and a spiked tail.  It is a herbivore but can defend itself.,一種龐大的四足恐龍，背上排列著醒目的骨板，尾部長有尖刺。牠以植物為食，但能夠自衛。,[REVIEWED:1]
"A huge quadrupedal dinosaur with a row of spines along its back, a spiked tail, and two prominent shoulder spikes.  It is a herbivore but can defend itself.",一種龐大的四足恐龍，背部排列著尖刺，尾部帶刺，肩上另有兩根醒目的長刺。牠以植物為食，但能夠自衛。,[REVIEWED:1]
A huge quadrupedal dinosaur with an armored carapace.  It is a herbivore.,一種覆有堅硬甲殼的龐大四足恐龍。牠以植物為食。,[REVIEWED:1]
"A huge reptile, found in rivers and marshlands.  It is an ambush predator, solitary and territorial.",一種棲息於河流與濕地的龐大爬蟲。牠是埋伏型掠食者，獨居且有領域性。,[REVIEWED:1]
A huge rodent found underground.,一種棲息於地下的龐大齧齒動物。,[REVIEWED:1]
A huge rodent that walks on tall legs.  Its bark can be heard at large distances.  It is fond of swimming.,一種以高長雙腿行走的龐大齧齒動物。牠的吠叫聲在遠處也能聽到。牠喜歡游泳。,[REVIEWED:1]
A huge sea monster in the shape of a cuttlefish.,一隻外形如墨魚的龐大海怪。,[REVIEWED:1]
A huge sea monster the shape of a squid.,一隻外形如魷魚的龐大海怪。,[REVIEWED:1]
A huge sea monster with an enormous horn on its nose.,一種龐大海怪，鼻端長有巨角。,[REVIEWED:1]
A huge shelled mammal.,一種背負硬殼的龐大哺乳動物。,[REVIEWED:1]
A huge woolly mammal with two horns.,一種覆有厚毛、長有兩隻角的龐大哺乳動物。,[REVIEWED:1]
"A huge, hairless mammal, found grazing in grasslands in groups.  It eats plants which it lifts up with its long trunk.  When angered, it will attack with its long tusks.",一種龐大的無毛哺乳動物，成群在草原上吃草。牠用長鼻捲起植物進食。發怒時，牠會用長獠牙攻擊。,[REVIEWED:1]
"A huge, predatory reptile found in coastal marshes and river deltas.  It ambushes its prey at the shore and uses its great size to drag the victim under and drown them.",一種棲息於沿海沼澤與河口三角洲的龐大掠食爬蟲。牠在岸邊伏擊獵物，憑藉巨大的體型將受害者拖入水中淹死。,[REVIEWED:1]
"A huge, predatory reptile with pale, colorless scales and red eyes.  It lives in caves and ambushes its prey.",一種龐大的掠食爬蟲，鱗片蒼白無色，眼睛呈紅色。牠生活在洞穴中，埋伏獵物。,[REVIEWED:1]
"A huge, round, hairless river creature.  It is a plant-eating animal but has long tusks and can be aggressive and deadly if disturbed.",一種龐大、圓胖而無毛的河棲生物。牠雖然吃植物，卻長有長獠牙，受到驚擾時可能變得凶猛而致命。,[REVIEWED:1]
"A huge, striped predator.  It is found in almost any climate on a lone hunt for its prey.",一種身有條紋的龐大掠食動物。幾乎在任何氣候下，都能見到牠獨自獵食。,[REVIEWED:1]
A humanoid creature with the head and belly of a panda.,一種具有大貓熊頭部與腹部的人形生物。,[REVIEWED:1]
A humanoid creature with the head of a blind cave fish.  They live in colonies in watery regions far underground.,一種長有盲眼洞穴魚頭部的人形生物。牠們在地底深處的水域成群生活。,[REVIEWED:1]
A humanoid made of mud which lives near water underground.,一種由泥巴構成的人形生物，生活在地下的水邊。,[REVIEWED:1]
"A humanoid monster found lurking far underground.  It feigns death, usually near water, until a victim passes by.  It then uses its long arms to drag its prey into the water to drown or strangle them.",一種潛伏於地底深處的人形怪物。牠通常在水邊裝死，等待受害者經過，然後用長臂將獵物拖入水中淹死或勒死。,[REVIEWED:1]
A humanoid with the head and antlers of a moose.,一種具有駝鹿頭部與鹿角的人形生物。,[REVIEWED:1]
A humanoid with the head and body of an ant.,一種具有螞蟻頭部與身軀的人形生物。,[REVIEWED:1]
A humanoid with the head and stripes of a badger.,一種具有獾的頭部與條紋的人形生物。,[REVIEWED:1]
A humanoid with the head and stripes of a honey badger.,一種具有蜜獾頭部與條紋的人形生物。,[REVIEWED:1]
A humanoid with the head of a bat and wings stretching from wrist to ankle.,一種長有蝙蝠頭部的人形生物，翼膜從手腕延伸至腳踝。,[REVIEWED:1]
A humanoid with the head of a capybara.  It is fond of swimming.,一種長有水豚頭部的人形生物。牠喜歡游泳。,[REVIEWED:1]
"A humanoid with the head, feet, and feathers of a penguin.",一種具有企鵝頭部、雙足與羽毛的人形生物。,[REVIEWED:1]
"A humanoid with the head, tail and poison spurs of a platypus.",一種具有鴨嘴獸頭部、尾巴與毒距的人形生物。,[REVIEWED:1]
A large adder with the torso and arms of a man.,一種大型蝰蛇，長有人的軀幹與手臂。,[REVIEWED:1]
A large anaconda with the torso and arms of a man.,一種大型水蟒，長有人的軀幹與手臂。,[REVIEWED:1]
A large and mysterious ape-like creature found in temperate forests.,一種棲息於溫帶森林、龐大而神秘的猿形生物。,[REVIEWED:1]
A large ape which lives in the tropical forests.  It is quite intelligent and lives in large and complex social groups.,一種生活在熱帶森林的大型猿類。牠相當聰明，形成龐大而複雜的社會群體。,[REVIEWED:1]
"A large ape which lives in the tropical forests.  It lives in complex social groups of many members.  Though it is quite intelligent, it has been known for ferocious attacks.",一種生活在熱帶森林的大型猿類。牠們組成成員眾多、結構複雜的社會群體。雖然相當聰明，牠們也以凶猛攻擊聞名。,[REVIEWED:1]
"A large ape-like creature with white fur, found in the snowy wilds.",一種覆有白毛的大型猿形生物，棲息於冰雪荒野。,[REVIEWED:1]
A large aquatic arthropod with two pincers attached to its front and a sleek segmented body.,一種大型水生節肢動物，前端長有一對螯，身體流線而分節。,[REVIEWED:1]
A large arthropod person with two pincers attached to their head.,一名大型節肢類人形生物，頭部長有一對螯。,[REVIEWED:1]
A large ball of skin found moving around the debris near underground ponds.  It is there that it absorbs dead matter for food.,一團巨大的皮球狀生物，在地下池塘附近的碎屑間移動。牠在那裡吸收死去的物質作為食物。,[REVIEWED:1]
A large bear-like creature with a striking coat of black and white hair.  It feeds on bamboo forests.,一種大型熊形生物，覆有醒目的黑白皮毛。牠以竹林中的竹子為食。,[REVIEWED:1]
A large bird monster in the shape of a snowy owl.,一隻外形如雪鴞的大型鳥類怪物。,[REVIEWED:1]
A large bird monster that is the same shape as a peregrine falcon.,一種外形與游隼相同的大型鳥怪。,[REVIEWED:1]
"A large bird with a featherless red head found in the sky of tropical deserts, scanning the ground for dead carcasses.",一種頭部鮮紅無毛的大鳥，翱翔於熱帶沙漠上空，搜尋地面的屍體。,[REVIEWED:1]
A large bird-like monster in the shape of a sparrow.,一隻外形如麻雀的大型鳥形怪物。,[REVIEWED:1]
"A large bird-like monster, even more deadly when found in groups.",一種大型鳥形怪物，成群出現時更加致命。,[REVIEWED:1]
A large bulky mammal person with a long snout and skinny legs.,一名身形龐大粗壯的哺乳類人形生物，長有長吻與細腿。,[REVIEWED:1]
A large bulky mammal with a long snout.  It can run quickly on its thin legs.,一種身形粗壯、長有長吻的大型哺乳動物。牠能用纖細的腿快速奔跑。,[REVIEWED:1]
A large bushmaster with the arms of a man.,一種長有人的手臂的大型巨蝮。,[REVIEWED:1]
A large canine found in temperate regions.  It is territorial and hunts in packs.,一種棲息於溫帶地區的大型犬科動物。牠有領域性，成群獵食。,[REVIEWED:1]
A large cavern-dwelling humanoid monster.  It has a gaping mouth with many sharp teeth.  It has no eyes and only two digits on each hand and foot.,一種棲息於洞穴的大型人形怪物。牠張開的大嘴中長有許多尖牙。牠沒有眼睛，每隻手腳都只有兩根指趾。,[REVIEWED:1]
A large cephalod person with the tentacled face and shell of an ammonite.,一名體型龐大的頭足類、具有菊石長有觸手的臉部與外殼的人形生物。,[REVIEWED:1]
A large copperhead snake with the arms of a man.,一種長有人的手臂的大型銅頭蝮。,[REVIEWED:1]
A large creature found grazing on mushrooms deep underground.  It walks on two legs and has the head of a bird with the antlers of a great elk.,一種在地底深處吃蘑菇的大型生物。牠以雙腿行走，長有鳥頭與巨麋鹿般的鹿角。,[REVIEWED:1]
A large creature the shape of a chipmunk.,一隻外形如花栗鼠的大型生物。,[REVIEWED:1]
A large creature the shape of a gray squirrel.,一隻外形如灰松鼠的大型生物。,[REVIEWED:1]
A large creature the shape of a groundhog.,一隻外形如土撥鼠的大型生物。,[REVIEWED:1]
A large creature the shape of a hamster.,一隻外形如倉鼠的大型生物。,[REVIEWED:1]
A large creature the shape of a hoary marmot.,一隻外形如花白旱獺的大型生物。,[REVIEWED:1]
A large creature the shape of a red squirrel.,一隻外形如紅松鼠的大型生物。,[REVIEWED:1]
A large dinosaur person with a beaked mouth and a hollow crest atop their head.,一名大型恐龍人，長有喙狀嘴，頭頂有中空的冠飾。,[REVIEWED:1]
A large dinosaur person with a beaked mouth and a prominent head crest.,一名大型恐龍人，長有喙狀嘴與顯眼的頭冠。,[REVIEWED:1]
A large dinosaur person with a fierce jaw and a strong flexible neck.,一名大型恐龍人，顎部強勁，頸部強壯而靈活。,[REVIEWED:1]
A large dinosaur person with a fierce jaw and short arms.,一名大型恐龍人，顎部強勁，手臂短小。,[REVIEWED:1]
"A large dinosaur person with a fierce jaw, short arms, and small horns over their eyes.",一名大型恐龍人，顎部強勁、手臂短小，眼睛上方長有小角。,[REVIEWED:1]
A large dinosaur person with a long neck that has a sail.,一名大型恐龍人，長頸上長有帆狀構造。,[REVIEWED:1]
A large dinosaur person with a long neck.,一名長頸的大型恐龍人。,[REVIEWED:1]
A large dinosaur person with a thick domed head.,一名頭部厚實且呈圓頂狀的大型恐龍人。,[REVIEWED:1]
A large dinosaur person with an armored carapace.,一名覆有堅硬甲殼的大型恐龍人。,[REVIEWED:1]
"A large dinosaur person with fierce jaws, a horn and short arms.",一名大型恐龍人，顎部強勁、長有一隻角，手臂短小。,[REVIEWED:1]
A large dinosaur person with plates along its back and a spiked tail.,一名大型恐龍人，背上排列著骨板，尾部長有尖刺。,[REVIEWED:1]
"A large dinosaur person with spines along its back, a spiked tail, and two menacing shoulder spikes.",一名大型恐龍人，背部與尾部長有尖刺，肩上還有兩根駭人的長刺。,[REVIEWED:1]
A large dinosaur person with two parallel head crests and short arms.,一名大型恐龍人，頭上有兩道平行冠飾，手臂短小。,[REVIEWED:1]
A large dog-like monster with a haunting howl.,一種類似犬的大型怪物，嚎叫聲令人毛骨悚然。,[REVIEWED:1]
A large domestic animal with a long neck.  It has been bred for its valuable hair.,一種長頸的大型家畜。人們為了牠珍貴的毛而繁育牠。,[REVIEWED:1]
A large domestic pack animal.  It has a long neck.  It is prized for its hair.,一種大型家養馱獸。牠長有長頸，因毛髮而受到珍視。,[REVIEWED:1]
A large eel-like fish found in coastal waters.,一種棲息於沿海水域的大型鰻形魚類。,[REVIEWED:1]
A large feathered bipedal dinosaur with a sharp scything claw on its second toe.,一種覆有羽毛的大型雙足恐龍，第二趾上長有鋒利的鐮刀狀爪。,[REVIEWED:1]
A large feathered dinosaur person with a sharp claw on their second toe.,一名覆有羽毛的大型恐龍人，第二趾上長有利爪。,[REVIEWED:1]
A large feline person with pronounced eye teeth protruding from their mouth.,一名大型貓科人形生物，突出的犬齒伸出口外。,[REVIEWED:1]
A large feline with pronounced eye teeth protruding from its mouth.,一種大型貓科動物，突出的犬齒伸出口外。,[REVIEWED:1]
A large ferocious predator found in grasslands.  It lives in groups of females and one male with a large mane.  They hunt together and are capable of felling extremely large prey.,一種棲息於草原的大型凶猛掠食動物。牠們成群生活，由多隻雌性與一隻長有濃密鬃毛的雄性組成。牠們合力狩獵，能撲倒體型極大的獵物。,[REVIEWED:1]
A large fish found in coastal temperate waters.,一種棲息於溫帶沿海水域的大魚。,[REVIEWED:1]
A large fish which scavenges along tropical and temperate coastal waters.,一種在熱帶與溫帶沿海水域食腐的大魚。,[REVIEWED:1]
A large flightless bird person.  Moa women are twice the size of moa men.,一名不會飛行的大型鳥人。雌恐鳥人的體型是雄恐鳥人的兩倍。,[REVIEWED:1]
A large flightless bird that runs through the savanna.  It has a long neck and legs.,一種在稀樹草原上奔跑的大型不會飛的鳥。牠有修長的頸部與雙腿。,[REVIEWED:1]
A large flightless bird.  Females are more than twice as large as males.  They are primarily herbivorous.,一種大型不會飛的鳥。雌性的體型是雄性的兩倍以上。牠們主要以植物為食。,[REVIEWED:1]
A large flightless bird.  It is very curious and has been known to follow other creatures.,一種大型不會飛的鳥。牠好奇心旺盛，會跟隨其他生物。,[REVIEWED:1]
A large flying reptile person with a long neck and beak.,一名大型飛行爬蟲人，長有長頸與長喙。,[REVIEWED:1]
A large flying reptile with a long neck and beak.  It can soar at amazing speeds.,一種長有長頸與長喙的大型飛行爬行動物。牠能以驚人的速度翱翔。,[REVIEWED:1]
A large hairless mammal person with a forked horn.,一名大型無毛哺乳類人形生物，長有分叉的角。,[REVIEWED:1]
A large hairless mammal person with a large shovel-like mouth and a trunk.,一名大型無毛哺乳類人形生物，長有寬大的鏟狀嘴與長鼻。,[REVIEWED:1]
A large hooved animal found roaming wild in temperate forests.  The males have long antlers.,一種在溫帶森林中野外遊蕩的大型有蹄動物。雄性長有長長的鹿角。,[REVIEWED:1]
A large hooved animal with curved horns and a thick brown coat.  It is known for its strong odor.,一種長有彎角、覆有厚實棕色毛皮的大型有蹄動物。牠以強烈的氣味聞名。,[REVIEWED:1]
"A large hooved, maned herbivore.  They can run swiftly and many are domesticated as steeds.",一種長有鬃毛的大型有蹄草食動物。牠們跑得很快，許多被馴養為坐騎。,[REVIEWED:1]
"A large humanoid monster from the wild tundra.  It has translucent skin, icicles for teeth, red glowing eyes and pointed ears.",一種來自荒野凍原的大型人形怪物。牠有半透明的皮膚、冰柱般的牙齒、泛紅光的眼睛與尖耳。,[REVIEWED:1]
A large koala-shaped monster.,一種外形如無尾熊的大型怪物。,[REVIEWED:1]
A large legless armor-plated person with the powerful biting jaws of a dunkleosteus.,一名體型龐大、無腿且覆有甲片、具有鄧氏魚強而有力的咬合顎部的人形生物。,[REVIEWED:1]
A large legless reptile person with a long neck.,一名大型無腿爬蟲人，長有長頸。,[REVIEWED:1]
A large legless reptile person with the elongated snouth of an ichthyosaurus.,一名體型龐大且無腿的爬蟲類、具有魚龍細長吻部的人形生物。,[REVIEWED:1]
A large legless shark person with the bizarre tooth whorl of a helicoprion.,一名體型龐大且無腿的鯊魚類、具有旋齒鯊奇異的螺旋狀齒列的人形生物。,[REVIEWED:1]
A large legless snake person.,一名大型無腿蛇人。,[REVIEWED:1]
A large lizard person.,一名大型蜥蜴人。,[REVIEWED:1]
A large long-necked creature with a large hump on its sturdy body.  It has been domesticated to carry passengers and cargo but is nonetheless bad-tempered and will spit.,一種大型長頸生物，結實的身軀上有一個大駝峰。牠被馴養來載人與運貨，但脾氣依然暴躁，還會吐口水。,[REVIEWED:1]
A large mammal person with a long trunk and two tusks.,一名大型哺乳類人形生物，長有長鼻與兩根獠牙。,[REVIEWED:1]
A large mammal person with a shell.,一名背負硬殼的大型哺乳類人形生物。,[REVIEWED:1]
A large mammal with great antlers and a large nose. It lives in temperate forests.,一種長有巨大鹿角與大鼻子的大型哺乳動物。牠棲息於溫帶森林。,[REVIEWED:1]
A large mammalian herbivore living in cold climates.  It has large antlers and sought-after fur.,一種生活在寒冷氣候下的大型草食哺乳動物。牠有巨大的鹿角，毛皮十分搶手。,[REVIEWED:1]
A large mammalian herbivore.  It has long fur and curving horns.  It can be found in the mountains.,一種大型草食哺乳動物。牠長有長毛與彎角。牠棲息於山地。,[REVIEWED:1]
A large mammalian herbivore.  It is powerfully built and has long curved horns.,一種大型草食哺乳動物。牠體格強健，長有彎曲的長角。,[REVIEWED:1]
A large mammalian herbivore.  They often bear large horns and the males are ill-tempered.  They are domesticated for milk and meat.,一種大型草食哺乳動物。牠們通常長有大角，雄性脾氣暴躁。人們馴養牠們以取得奶與肉。,[REVIEWED:1]
A large mammalian person with a long head.,一名頭部狹長的大型哺乳類人形生物。,[REVIEWED:1]
A large mongoose-like monster known for hunting people amongst other things.,一種類似獴的大型怪物，除了其他獵物，也以獵殺人類聞名。,[REVIEWED:1]
"A large monkey with blue face and rump.  It lives in large groups and often survives by destroying crops and stealing garbage.  The males are larger, with powerful jaws.",一種臉部與臀部呈藍色的大型猴類。牠們成大群生活，常靠破壞農作物與偷食垃圾維生。雄性的體型較大，顎部強健。,[REVIEWED:1]
A large monster in the form of a barn owl.,一隻外形如倉鴞的大型怪物。,[REVIEWED:1]
A large monster in the form of a bobcat.,一隻外形如短尾貓的大型怪物。,[REVIEWED:1]
A large monster in the form of a capuchin.,一隻外形如捲尾猴的大型怪物。,[REVIEWED:1]
A large monster in the form of a cockatiel.,一隻外形如玄鳳鸚鵡的大型怪物。,[REVIEWED:1]
A large monster in the form of a desert tortoise.,一隻外形如沙漠陸龜的大型怪物。,[REVIEWED:1]
A large monster in the form of a jackal.,一隻外形如豺的大型怪物。,[REVIEWED:1]
A large monster in the form of a kingsnake.,一隻外形如皇帝蛇的大型怪物。,[REVIEWED:1]
A large monster in the form of a mandrill.,一隻外形如山魈的大型怪物。,[REVIEWED:1]
A large monster in the form of a moth.,一隻外形如飛蛾的大型怪物。,[REVIEWED:1]
A large monster in the form of a porcupine.,一隻外形如豪豬的大型怪物。,[REVIEWED:1]
A large monster in the form of a puffin.,一隻外形如海鸚的大型怪物。,[REVIEWED:1]
A large monster in the form of a rhesus macaque.,一隻外形如獼猴的大型怪物。,[REVIEWED:1]
A large monster in the form of a skunk.,一隻外形如臭鼬的大型怪物。,[REVIEWED:1]
A large monster in the form of a spider monkey.,一隻外形如蜘蛛猴的大型怪物。,[REVIEWED:1]
A large monster in the form of a stork.,一種外形如鸛的大型怪物。,[REVIEWED:1]
A large monster in the form of a swan.,一隻外形如天鵝的大型怪物。,[REVIEWED:1]
A large monster in the form of an adder.,一隻外形如蝰蛇的大型怪物。,[REVIEWED:1]
A large monster in the form of an osprey.,一隻外形如魚鷹的大型怪物。,[REVIEWED:1]
A large monster in the form of an otter.,一種外形如水獺的大型怪物。,[REVIEWED:1]
A large monster in the shape of a beetle.,一隻外形如甲蟲的大型怪物。,[REVIEWED:1]
A large monster in the shape of a chameleon.,一隻外形如變色蜥的大型怪物。,[REVIEWED:1]
A large monster in the shape of a chinchilla.,一隻外形如毛絲鼠的大型怪物。,[REVIEWED:1]
A large monster in the shape of a crab.,一隻外形如螃蟹的大型怪物。,[REVIEWED:1]
A large monster in the shape of a damselfly.,一隻外形如藍蜻蛉的大型怪物。,[REVIEWED:1]
A large monster in the shape of a dragonfly.,一隻外形如蜻蜓的大型怪物。,[REVIEWED:1]
A large monster in the shape of a firefly.,一隻外形如螢火蟲的大型怪物。,[REVIEWED:1]
A large monster in the shape of a fly.,一隻外形如蒼蠅的大型怪物。,[REVIEWED:1]
A large monster in the shape of a gecko.,一種外形如壁虎的大型怪物。,[REVIEWED:1]
A large monster in the shape of a green tree frog.,一隻外形如綠樹蛙的大型怪物。,[REVIEWED:1]
A large monster in the shape of a hare.,一隻外形如野兔的大型怪物。,[REVIEWED:1]
A large monster in the shape of a king cobra.,一隻外形如眼鏡王蛇的大型怪物。,[REVIEWED:1]
A large monster in the shape of a leech.,一隻外形如水蛭的大型怪物。,[REVIEWED:1]
A large monster in the shape of a loon.,一隻外形如潛鳥的大型怪物。,[REVIEWED:1]
A large monster in the shape of a lorikeet.,一隻外形如吸蜜鸚鵡的大型怪物。,[REVIEWED:1]
A large monster in the shape of a mantis.,一隻外形如螳螂的大型怪物。,[REVIEWED:1]
A large monster in the shape of a monarch butterfly.,一隻外形如帝王蝶的大型怪物。,[REVIEWED:1]
A large monster in the shape of a parakeet.,一隻外形如長尾鸚鵡的大型怪物。,[REVIEWED:1]
A large monster in the shape of a roach.,一種外形如蟑螂的大型怪物。,[REVIEWED:1]
A large monster in the shape of a skink.,一隻外形如彩舌蜥的大型怪物。,[REVIEWED:1]
A large monster in the shape of a stoat.,一隻外形如白鼬的大型怪物。,[REVIEWED:1]
A large monster in the shape of an anole.,一隻外形如安樂蜥的大型怪物。,[REVIEWED:1]
A large monster in the shape of an axolotl.,一隻外形如蠑螈的大型怪物。,[REVIEWED:1]
A large monster in the shape of an echidna.,一隻外形如針鼴的大型怪物。,[REVIEWED:1]
A large monster taking the shape of a black mamba.,一隻外形如黑曼巴蛇的大型怪物。,[REVIEWED:1]
A large monster taking the shape of a flying squirrel.,一隻外形如鼯鼠的大型怪物。,[REVIEWED:1]
A large monster taking the shape of a tick.,一隻外形如蜱蟲的大型怪物。,[REVIEWED:1]
A large monster taking the shape of a weasel.,一隻外形如黃鼬的大型怪物。,[REVIEWED:1]
A large monster the shape of a kakapo.,一隻外形如鴞鸚鵡的大型怪物。,[REVIEWED:1]
A large monster the shape of an armadillo.  It has thick armor for skin.,一種外形如犰狳的大型怪物。牠的皮膚如厚重的鎧甲。,[REVIEWED:1]
A large monster with a long nose and brown feathers.,一種長有長鼻與棕色羽毛的大型怪物。,[REVIEWED:1]
A large monster with an enormous shell and immensely powerful jaw.,一種大型怪物，背負巨殼，顎部極其強勁。,[REVIEWED:1]
A large monster with the shape of a hedgehog.,一隻外形如刺蝟的大型怪物。,[REVIEWED:1]
A large monster with the shape of a red panda.,一隻外形如紅熊貓的大型怪物。,[REVIEWED:1]
A large nocturnal bottom-dwelling fish.  It is sluggish in movement and found in near-tropical shores.,一種夜間活動、棲息於水底的大型魚類。牠行動遲緩，出沒於接近熱帶的海岸。,[REVIEWED:1]
A large oceanic fish capable of great speed.,一種游速極快的大型海魚。,[REVIEWED:1]
A large oceanic fish covered with bony plates.,一種全身覆有骨板的大型海魚。,[REVIEWED:1]
"A large oceanic fish.  It is flat, round and red.",一種大型海魚。牠的身體扁平、圓而呈紅色。,[REVIEWED:1]
"A large omnivorous predator found in temperate woodlands.  Mainly living on berries, it will also steal carcasses from other hunters.  Though normally a docile animal, it has been known to kill in a predatory attack.",一種棲息於溫帶林地的大型雜食掠食動物。牠主要吃漿果，也會偷取其他獵食者捕獲的屍體。牠通常性情溫順，但也曾發動捕食攻擊並造成死亡。,[REVIEWED:1]
A large person with the head of a black bear.,一名體型龐大、具有黑熊頭部的人形生物。,[REVIEWED:1]
A large person with the head of a grizzly bear.,一名體型龐大、具有灰熊頭部的人形生物。,[REVIEWED:1]
A large person with the head of a hippo.,一名體型龐大、具有河馬頭部的人形生物。,[REVIEWED:1]
A large person with the head of a polar bear.,一名體型龐大、具有北極熊頭部的人形生物。,[REVIEWED:1]
A large person with the powerful jaws and tail of an anteosaurus.,一名體型龐大、具有安蒂歐獸強勁顎部與尾巴的人形生物。,[REVIEWED:1]
A large person with the prominent back sail and tail of a dimetrodon.,一名體型龐大、具有異齒龍顯眼背帆與尾巴的人形生物。,[REVIEWED:1]
A large person with the trunk and ears of an elephant.,一名體型龐大、具有大象長鼻與耳朵的人形生物。,[REVIEWED:1]
A large predatory amphibious mammal.  It is difficult to evade once in the water.,一種能在水陸活動的大型掠食哺乳動物。一旦進入水中，就很難躲過牠。,[REVIEWED:1]
A large predatory flightless bird with a terrifying beak.,一種不會飛行的大型猛禽，長有駭人的鳥喙。,[REVIEWED:1]
A large python with arms of a man.,一種長有人的手臂的大型蟒蛇。,[REVIEWED:1]
A large quadruped with a mane circling its manlike face and hands at the end of its forelimbs.  It lives underground and is fond of raiding the supplies of cavern outposts.,一種大型四足動物，形似人類的臉周圍長著鬃毛，前肢末端長有手。牠生活在地下，喜歡掠奪洞穴前哨的補給。,[REVIEWED:1]
A large quadruped with a prominent sail along its back.,一種大型四足動物，背上長有顯眼的帆狀構造。,[REVIEWED:1]
A large quadruped with two teeth and a beak for eating plants.,一種大型四足動物，長有兩顆牙齒與用來吃植物的喙。,[REVIEWED:1]
A large reptile person with the shell of a turtle.,一名背負龜殼的大型爬蟲人。,[REVIEWED:1]
"A large reptile with a thick ridged shell.  It has been known to consume snakes and smaller turtles, and its bite can amputate fingers.",一種背負厚重稜脊甲殼的大型爬行動物。牠會吞食蛇與較小的龜，咬合力足以咬斷手指。,[REVIEWED:1]
"A large river monster, known for building huge wooden fortresses.",一種大型河中怪物，以建造巨大的木製堡壘聞名。,[REVIEWED:1]
A large rodent that lives in groups in the high mountains.,一種群居於高山的大型齧齒動物。,[REVIEWED:1]
A large shark with a strikingly bizarre tooth whorl for biting prey.,一種大型鯊魚，具有異常奇特的螺旋狀齒列，用來咬住獵物。,[REVIEWED:1]
A large sloth person with a long tongue.,一名長有長舌的大型樹懶人。,[REVIEWED:1]
A large slug-like creature with the torso of a man.  Its face is a mockery of teeth and slime.,一種長有人類軀幹的大型蛞蝓狀生物。牠的臉是牙齒與黏液構成的扭曲怪相。,[REVIEWED:1]
"A large solitary feline.  It is found most often in dense vegetation, ambushing its prey.",一種獨居的大型貓科動物。牠多出沒於茂密植被之中，伏擊獵物。,[REVIEWED:1]
A large spotted feline found in grass and woodland.  It is known for great speed in hunting.,一種棲息於草地與林地、帶斑點的大型貓科動物。牠以狩獵時的高速聞名。,[REVIEWED:1]
A large spotted feline predator.  It is capable of incredible speed when ambushing its prey.,一種帶斑點的大型貓科掠食動物。牠伏擊獵物時能爆發出驚人的速度。,[REVIEWED:1]
"A large underground monster with eight legs and sharp, venomous fangs.",一種大型地下怪物，長有八條腿與鋒利的毒牙。,[REVIEWED:1]
A large white snake with the arms and torso of a man.  These creatures are evil and live far underground.,一條長有人類雙臂與軀幹的大型白蛇。這些生物邪惡而且生活在地下深處。,[REVIEWED:1]
A large woolly mammal person with two horns.,一名渾身覆有厚毛的大型哺乳類人形生物，長有兩隻角。,[REVIEWED:1]
"A large, aggressive, oceanic fish with a mouth full of pointed teeth.  It is capable of great speed.",一種大型、好鬥的海魚，嘴裡長滿尖牙。牠能游得非常快。,[REVIEWED:1]
"A large, big-mouthed fish, found around coral reefs.",一種出沒於珊瑚礁周圍的大型闊嘴魚。,[REVIEWED:1]
"A large, dangerous fish found hunting in packs in any ocean.",一種危險的大魚，在各大海洋中成群獵食。,[REVIEWED:1]
"A large, dangerous fish, often found hunting solitarily along coastlines.",一種危險的大魚，常沿著海岸獨自獵食。,[REVIEWED:1]
"A large, flat, camouflaged fish found on the sea floor in temperate waters.  It is quite passive.",一種棲息於溫帶海域海底的大型扁平魚類，具有保護色。牠相當溫馴。,[REVIEWED:1]
"A large, flat, oceanic fish.  It dwells on the sea floor, both its eyes on the top side.",一種大型扁平海魚。牠棲息於海底，兩隻眼睛都長在身體朝上的一側。,[REVIEWED:1]
"A large, four-armed ape creature with three eyes and razor-sharp teeth.",一種大型四臂猿形生物，長有三隻眼睛與剃刀般鋒利的牙齒。,[REVIEWED:1]
"A large, long fish with many sharp fangs.  It hunts by ambushing its prey.",一種身體細長的大型魚類，長有許多銳利的長牙。牠靠伏擊獵物狩獵。,[REVIEWED:1]
"A large, long-bodied grazer with a thick mane that feeds on the tops of towercap mushrooms deep under the earth.",一種身軀修長、鬃毛濃密的大型食草動物，以地底深處塔帽菇的頂部為食。,[REVIEWED:1]
"A large, long-necked creature with two fleshy humps on its back.  It is domesticated to carry passengers and cargo.",一種大型長頸生物，背上有兩個肉質駝峰。牠被馴養來載人與運貨。,[REVIEWED:1]
"A large, muscular, spotted feline found in tropical jungles.  It is solitary and stalks and ambushes its prey.",一種棲息於熱帶叢林、體格強健且帶斑點的大型貓科動物。牠獨居，會潛行追蹤並伏擊獵物。,[REVIEWED:1]
"A large, pale rodent with loose, hanging, hairless skin.  It has long teeth and an incredibly powerful bite.  It is found underground.",一種蒼白的大型囓齒動物，無毛的皮膚鬆垂。牠長有長牙，咬合力極為強大。牠生活在地下。,[REVIEWED:1]
"A large, predatory marine mammal.",一種大型掠食性海洋哺乳動物。,[REVIEWED:1]
"A large, round, lowland rodent.  It lives in burrows in the ground and ventures out to eat.",一種棲息於低地、體型大而圓胖的囓齒動物。牠住在地洞裡，會出洞覓食。,[REVIEWED:1]
"A large, strongly built quadruped with a tail.  It is a terrestrial herbivore.",一種體格強健、長有尾巴的大型四足動物。牠是陸生草食動物。,[REVIEWED:1]
"A large, strongly-built person with a tail.",一名體型龐大、體格強健且長有尾巴的人形生物。,[REVIEWED:1]
"A large, terrifying monster the shape of a wolverine.",一隻外形如狼獾的龐大而駭人的怪物。,[REVIEWED:1]
A legless person with the head and back flippers of a leopard seal.,一名沒有腿、具有豹形海豹頭部與後鰭肢的人形生物。,[REVIEWED:1]
A legless person with the head and back flippers of a walrus.,一名沒有腿、具有海象頭部與後鰭肢的人形生物。,[REVIEWED:1]
A legless person with the head and tail of a king cobra.,一名沒有腿、具有眼鏡王蛇頭部與尾巴的人形生物。,[REVIEWED:1]
A legless person with the head and tail of a kingsnake.,一名沒有腿、具有皇帝蛇頭部與尾巴的人形生物。,[REVIEWED:1]
A long-bodied person with the head and tail of a skink.,一名身軀修長、具有彩舌蜥頭部與尾巴的人形生物。,[REVIEWED:1]
A long-bodied person with the head of a stoat.,一名身軀修長、具有白鼬頭部的人形生物。,[REVIEWED:1]
A long-eared person with the head and tail of a hare.,一名長有長耳、具有野兔頭部與尾巴的人形生物。,[REVIEWED:1]
A long-limbed person with the head and tail of a spider monkey.,一名四肢修長、具有蜘蛛猴頭部與尾巴的人形生物。,[REVIEWED:1]
A man-like creature with the tail of a fish instead of legs.,一種類似人的生物，以魚尾代替雙腿。,[REVIEWED:1]
A man-shaped abomination made entirely of blood.  These cursed creatures are only found very near the underworld.,一種完全由鮮血構成的人形怪物。這些受詛咒的生物只出沒於極接近冥界之處。,[REVIEWED:1]
A man-shaped creature made of iron.,一種由鐵構成的人形生物。,[REVIEWED:1]
A man-shaped creature with the legs of a goat and the empty-eyed skull of a goat.,一種人形生物，長有山羊的腿，頭部是眼窩空洞的山羊頭骨。,[REVIEWED:1]
A medium-sized animal living in grass and woodland.  It has a large snout with four sharp tusks.  It will aggressively defend itself.,一種棲息於草地與林地的中型動物。牠有大吻部與四根銳利獠牙。牠會凶猛地自衛。,[REVIEWED:1]
A medium-sized ape found in the trees.  It is known for its loud calls.,一種棲息於樹上的中型猿類。牠以響亮的叫聲聞名。,[REVIEWED:1]
"A medium-sized beast, known for its tusks and powerful build.",一種以獠牙與強壯體格聞名的中型野獸。,[REVIEWED:1]
A medium-sized creature dedicated to the ruthless protection of nature.,一種中型生物，為了保護自然不惜採取冷酷手段。,[REVIEWED:1]
A medium-sized creature prone to great ambition.,一種容易懷抱遠大野心的中型生物。,[REVIEWED:1]
A medium-sized creature that can be found hopping through the grassland.,一種在草原上跳躍的中型生物。,[REVIEWED:1]
"A medium-sized creature with the arms and torso on a man, but with the head and tail of a narwhal.",一種中型生物，長有人的手臂與軀幹，卻有獨角鯨的頭部與尾巴。,[REVIEWED:1]
"A medium-sized dog-like creature.  It is sly, and groups can be heard howling in the night.",一種形似犬的中型生物。牠很狡猾，夜裡能聽見牠們成群嚎叫。,[REVIEWED:1]
A medium-sized domestic animal.  It has a distinctive snout and corkscrew tail.  It is thought by some to be intelligent.,一種中型家畜。牠有獨特的吻部與螺旋狀尾巴。有些人認為牠很聰明。,[REVIEWED:1]
A medium-sized fish found around coasts and islands.  It is easy prey for predators.,一種出沒於海岸與島嶼周圍的中型魚類。牠很容易成為掠食者的獵物。,[REVIEWED:1]
A medium-sized fish found in lakes and streams.  They are bottom-feeders and tend to gather in groups.,一種棲息於湖泊與溪流的中型魚類。牠們在水底覓食，常聚集成群。,[REVIEWED:1]
A medium-sized fish found in shallow oceanic waters.,一種棲息於淺海的中型魚類。,[REVIEWED:1]
A medium-sized fish found in tributaries and oceans.,一種棲息於河流支流與海洋的中型魚類。,[REVIEWED:1]
A medium-sized fish which shelters in caves on the shallow sea floor.  It hunts for food in packs but is not aggressive.,一種在淺海海底洞穴中棲身的中型魚類。牠們成群獵食，但不好鬥。,[REVIEWED:1]
A medium-sized fish with a long snout.  It is found in lakes and streams.,一種長有長吻的中型魚類。牠棲息於湖泊與溪流。,[REVIEWED:1]
"A medium-sized herbivore that lives in the high mountains, able to navigate the slopes despite its hooved feet.",一種生活在高山的中型草食動物，雖然長著蹄足，仍能在山坡上靈活行走。,[REVIEWED:1]
A medium-sized herding animal.  It is known for its short horns and beard.,一種成群生活的中型動物。牠以短角與鬍鬚聞名。,[REVIEWED:1]
A medium-sized herding animal.  It is prized for its thick wool coat.,一種成群生活的中型動物。牠厚實的羊毛備受珍視。,[REVIEWED:1]
A medium-sized highly social mammalian carnivore.  It has a keen sense of smell.  It can be trained to obey commands.,一種高度群居的中型肉食哺乳動物。牠嗅覺敏銳，可以訓練牠服從命令。,[REVIEWED:1]
A medium-sized hoofed forest creature that grows its antlers back each year.,一種中型有蹄森林生物，每年都會重新長出鹿角。,[REVIEWED:1]
A medium-sized humanoid driven to cruelty by its evil nature.,一種中型人形生物，邪惡的天性使其殘酷無情。,[REVIEWED:1]
A medium-sized humanoid with the horns and legs of a goat.,一種長有山羊角與山羊腿的中型人形生物。,[REVIEWED:1]
A medium-sized mammal that lives in the trees.  It is known for its easy-going nature.,一種生活在樹上的中型哺乳動物。牠以悠閒的性情聞名。,[REVIEWED:1]
A medium-sized mammal with a prehensile nose.  It lives in the tropical rainforest.,一種長有可抓握鼻子的中型哺乳動物。牠棲息於熱帶雨林。,[REVIEWED:1]
A medium-sized mammalian predator.  It is known by the tell-tale tufts of hair on the tips of its ears.,一種中型掠食哺乳動物。牠耳尖上鮮明的簇毛是其特徵。,[REVIEWED:1]
"A medium-sized monkey found in woods and grassland.  It usually lives on roots and insects but can become a pest in civilized areas, roaming in large groups and begging for scraps.",一種棲息於樹林與草原的中型猴類。牠通常吃根與昆蟲，但在文明聚居地可能成為禍患，成大群遊蕩並乞討食物殘渣。,[REVIEWED:1]
A medium-sized monster walking on two clawed legs.  It has two mouths on the ends of a pair of tentacles.  It uses its mouths to digest its victims with acid and rows of razor-like teeth.,一種以兩條帶爪的腿行走的中型怪物。牠一對觸手的末端各長一張嘴，利用口中的酸液與一排排剃刀般的牙齒消化受害者。,[REVIEWED:1]
A medium-sized oceanic fish prized for its meat.,一種因肉質而受到珍視的中型海魚。,[REVIEWED:1]
"A medium-sized oceanic fish, often hunted for its meat.",一種常因肉質而被捕獵的中型海魚。,[REVIEWED:1]
A medium-sized oceanic fish.  It is fork-tailed and sought after for its meat.,一種中型海魚。牠有分叉的尾巴，魚肉十分搶手。,[REVIEWED:1]
A medium-sized pack predator found in the savanna.,一種棲息於莽原、成群獵食的中型掠食動物。,[REVIEWED:1]
A medium-sized predatory fish found in lakes and streams.  It is known for its ferocious attacks and interlocking teeth.,一種棲息於湖泊與溪流的中型掠食魚類。牠以凶猛的攻擊與交錯咬合的牙齒聞名。,[REVIEWED:1]
A medium-sized red fish that lives in the ocean and swims up a river to breed.,一種生活在海中的中型紅色魚類，會溯河繁殖。,[REVIEWED:1]
A medium-sized reptile with a large shell.  It can retreat into its shell to escape predators.,一種背負大殼的中型爬行動物。牠能縮進殼中躲避掠食者。,[REVIEWED:1]
"A medium-sized reptile with a thick shell, which it can retreat into when threatened.  This creature can administer a painful bite.",一種背負厚殼的中型爬行動物，受威脅時能縮進殼內。被這種生物咬到會非常疼痛。,[REVIEWED:1]
A medium-sized reptile.  They can be found foraging for food such as eggs or worms.  They are said to be the most intelligent of their kind.,一種中型爬行動物。牠們會四處尋找蛋或蠕蟲等食物。據說牠們是同類中最聰明的。,[REVIEWED:1]
A medium-sized sea mammal with a long thin horn on its nose.  It uses this horn to communicate and break up ice.,一種鼻部長有細長角的中型海洋哺乳動物。牠用這根角溝通並破開冰塊。,[REVIEWED:1]
A medium-sized semi-aquatic rodent.  It lives in large herds and barks when alarmed.,一種半水生的中型囓齒動物。牠們成大群生活，受驚時會吠叫。,[REVIEWED:1]
A medium-sized snake that lives in the trees.  It eats prey much larger than itself and slays them by crushing them to death.,一種棲息於樹上的中型蛇。牠能吞下比自己大得多的獵物，並將獵物纏繞勒死。,[REVIEWED:1]
A medium-sized spotted fish found in temperate lakes and rivers.,一種棲息於溫帶湖泊與河流、帶有斑點的中型魚類。,[REVIEWED:1]
A medium-sized spotted fish found in temperate rivers and lakes.,一種棲息於溫帶河流與湖泊、帶有斑點的中型魚類。,[REVIEWED:1]
A medium-sized underwater mollusk with eight arms.  It is the most clever of its kind.,一種長有八條腕足的中型水生軟體動物。牠是同類中最聰明的。,[REVIEWED:1]
"A medium-sized, aggressive, territorial fish.  It can be found in shallow oceanic waters, and has also been known to travel up large rivers.",一種好鬥、領域性強的中型魚類。牠出沒於淺海，也會溯游進入大河。,[REVIEWED:1]
"A medium-sized, brown, snake-like fish found in ocean waters.",一種棲息於海中的中型棕色蛇形魚類。,[REVIEWED:1]
"A medium-sized, flat fish.  It lives near the beach and will defend itself with sharp barbs.",一種中型扁平魚類。牠生活在海灘附近，會用銳利的倒刺自衛。,[REVIEWED:1]
"A medium-sized, flat, bottom-dwelling fish.",一種中型、扁平的底棲魚類。,[REVIEWED:1]
"A medium-sized, green fish found in temperate lakes.",一種棲息於溫帶湖泊的中型綠色魚類。,[REVIEWED:1]
"A medium-sized, hooved herbivore.  Some are domesticated as beasts of burden.",一種中型有蹄草食動物。有些被馴養為馱獸。,[REVIEWED:1]
"A medium-sized, red-faced black bird that searches the temperate lands for carrion.",一種紅臉黑羽的中型鳥類，在溫帶地區搜尋腐肉。,[REVIEWED:1]
"A medium-sized, walking red panda with arms and a tail.  It prefers the forest and its beloved trees.",一種能行走、長有雙臂與尾巴的中型小貓熊。牠喜歡森林與牠鍾愛的樹木。,[REVIEWED:1]
"A medium-sized, winged fish found in the muddy coasts of both temperate and tropical waters.",一種長有翼狀鰭的中型魚類，棲息於溫帶及熱帶水域的泥濘海岸。,[REVIEWED:1]
A monster in the shape of a woman with a bird's wings in place of arms and talons for feet.,一種外形如女人的怪物，以鳥翼代替手臂、以利爪代替雙足。,[REVIEWED:1]
A monster many times the size of an ordinary kea.,一種體型數倍於普通啄羊鸚鵡的怪物。,[REVIEWED:1]
A muscular person with the head of a wombat.,一名肌肉發達、具有袋熊頭部的人形生物。,[REVIEWED:1]
A person in the form of a large black mamba with arms.,一名外形如大型黑曼巴蛇、長有手臂的人形生物。,[REVIEWED:1]
A person in the form of a sponge with arms and legs.,一名外形如海綿、長有手臂與腿的人形生物。,[REVIEWED:1]
A person resembling a large rattlesnake with arms.,一名外形如大型響尾蛇、長有手臂的人形生物。,[REVIEWED:1]
A person with a cuttlefish in place of a head.,一名以烏賊代替頭部的人形生物。,[REVIEWED:1]
A person with a large shell and the head of a giant tortoise.,一名背負大型硬殼、長有巨龜頭部的人形生物。,[REVIEWED:1]
A person with an octopus in place of a head.,一名以章魚代替頭部的人形生物。,[REVIEWED:1]
A person with the arms and wings of a barn owl.,一名具有倉鴞前肢與翅膀的人形生物。,[REVIEWED:1]
A person with the carapace and head of a beetle.,一名具有甲蟲甲殼與頭部的人形生物。,[REVIEWED:1]
A person with the head and arms of a brown recluse spider.,一名具有棕色遁蛛頭部與前肢的人形生物。,[REVIEWED:1]
A person with the head and arms of a jumping spider.,一名具有跳蛛頭部與前肢的人形生物。,[REVIEWED:1]
A person with the head and claws of a sloth bear.,一名具有懶熊頭部與利爪的人形生物。,[REVIEWED:1]
A person with the head and feathers of a kiwi.,一名具有鷸鴕頭部與羽毛的人形生物。,[REVIEWED:1]
A person with the head and fingers of a gecko.,一名長有壁虎頭部與指趾的人形生物。,[REVIEWED:1]
A person with the head and fingers of an aye-aye.,一名具有指猴頭部與手指的人形生物。,[REVIEWED:1]
A person with the head and flat tail of a beaver.,一名具有海狸頭部與扁平尾巴的人形生物。,[REVIEWED:1]
A person with the head and flippers of a harp seal.,一名具有豎琴海豹頭部與鰭肢的人形生物。,[REVIEWED:1]
A person with the head and flippers of an elephant seal.,一名具有象海豹頭部與鰭肢的人形生物。,[REVIEWED:1]
A person with the head and fur of a groundhog.,一名具有土撥鼠頭部與皮毛的人形生物。,[REVIEWED:1]
A person with the head and fur of a hamster.,一名具有倉鼠頭部與皮毛的人形生物。,[REVIEWED:1]
A person with the head and fur of a hoary marmot.,一名具有花白旱獺頭部與皮毛的人形生物。,[REVIEWED:1]
A person with the head and horns of a rhinoceros.,一名具有犀牛頭部與角的人形生物。,[REVIEWED:1]
A person with the head and hump of a one-humped camel.,一名具有單峰駱駝頭部與背峰的人形生物。,[REVIEWED:1]
A person with the head and humps of a two-humped camel.,一名具有雙峰駱駝頭部與背峰的人形生物。,[REVIEWED:1]
A person with the head and legs of a grasshopper.,一名具有蚱蜢頭部與腿的人形生物。,[REVIEWED:1]
A person with the head and legs of a louse.,一名具有蝨子頭部與腿的人形生物。,[REVIEWED:1]
A person with the head and legs of a tick.,一名具有蜱蟲頭部與腿的人形生物。,[REVIEWED:1]
A person with the head and markings of a hyena.,一名具有鬣狗頭部與體表斑紋的人形生物。,[REVIEWED:1]
A person with the head and neck of a giraffe.,一名具有長頸鹿頭部與頸部的人形生物。,[REVIEWED:1]
A person with the head and pincers of a crab.,一名具有螃蟹頭部與螯的人形生物。,[REVIEWED:1]
A person with the head and powerful legs of a kangaroo.,一名具有袋鼠頭部與強壯腿部的人形生物。,[REVIEWED:1]
A person with the head and quills of a porcupine.,一名具有豪豬頭部與棘刺的人形生物。,[REVIEWED:1]
A person with the head and scales of a pangolin.,一名具有穿山甲頭部與鱗片的人形生物。,[REVIEWED:1]
A person with the head and shell of a pond turtle.,一名具有池龜頭部與外殼的人形生物。,[REVIEWED:1]
A person with the head and short tail of a bobcat.,一名具有短尾貓頭部與短尾的人形生物。,[REVIEWED:1]
A person with the head and spines of a hedgehog.,一名具有刺蝟頭部與尖刺的人形生物。,[REVIEWED:1]
A person with the head and tail of a capuchin.,一名具有捲尾猴頭部與尾巴的人形生物。,[REVIEWED:1]
A person with the head and tail of a coati.,一名具有長鼻浣熊頭部與尾巴的人形生物。,[REVIEWED:1]
A person with the head and tail of a cougar.,一名具有美洲獅頭部與尾巴的人形生物。,[REVIEWED:1]
A person with the head and tail of a coyote.,一名具有郊狼頭部與尾巴的人形生物。,[REVIEWED:1]
A person with the head and tail of a fox.,一名具有狐狸頭部與尾巴的人形生物。,[REVIEWED:1]
A person with the head and tail of a gray squirrel.,一名具有灰松鼠頭部與尾巴的人形生物。,[REVIEWED:1]
A person with the head and tail of a jackal.,一名具有豺頭部與尾巴的人形生物。,[REVIEWED:1]
A person with the head and tail of a lizard.,一名具有蜥蜴頭部與尾巴的人形生物。,[REVIEWED:1]
A person with the head and tail of a lynx.,一名具有猞猁頭部與尾巴的人形生物。,[REVIEWED:1]
A person with the head and tail of a mink.,一名具有水貂頭部與尾巴的人形生物。,[REVIEWED:1]
A person with the head and tail of a monitor lizard.,一名具有巨蜥頭部與尾巴的人形生物。,[REVIEWED:1]
A person with the head and tail of a rat.,一名具有老鼠頭部與尾巴的人形生物。,[REVIEWED:1]
A person with the head and tail of a red squirrel.,一名具有紅松鼠頭部與尾巴的人形生物。,[REVIEWED:1]
A person with the head and tail of a rhesus macaque.,一名具有獼猴頭部與尾巴的人形生物。,[REVIEWED:1]
A person with the head and tail of a saltwater crocodile.,一名具有鹹水鱷頭部與尾巴的人形生物。,[REVIEWED:1]
A person with the head and tail of a weasel.,一名具有黃鼬頭部與尾巴的人形生物。,[REVIEWED:1]
A person with the head and tail of a wolf.,一名具有狼頭部與尾巴的人形生物。,[REVIEWED:1]
A person with the head and tail of a wolverine.,一名具有狼獾頭部與尾巴的人形生物。,[REVIEWED:1]
A person with the head and tail of an aardvark.,一名具有土豚頭部與尾巴的人形生物。,[REVIEWED:1]
A person with the head and tail of an alligator.,一名具有短吻鱷頭部與尾巴的人形生物。,[REVIEWED:1]
A person with the head and tail of an anole.,一名具有安樂蜥頭部與尾巴的人形生物。,[REVIEWED:1]
A person with the head and tail of an axolotl.,一名具有蠑螈頭部與尾巴的人形生物。,[REVIEWED:1]
A person with the head and tail of an iguana.,一名具有鬣蜥頭部與尾巴的人形生物。,[REVIEWED:1]
A person with the head and tail of an ocelot.,一名具有豹貓頭部與尾巴的人形生物。,[REVIEWED:1]
A person with the head and tail of an opossum.,一名具有負鼠頭部與尾巴的人形生物。,[REVIEWED:1]
A person with the head and wings of a bluejay.,一名長有藍松鴉頭部與翅膀的人形生物。,[REVIEWED:1]
A person with the head and wings of a bushtit.,一名具有叢山雀頭部與翅膀的人形生物。,[REVIEWED:1]
A person with the head and wings of a buzzard.,一名具有禿鷹頭部與翅膀的人形生物。,[REVIEWED:1]
A person with the head and wings of a cardinal.,一名具有紅衣鳳頭鳥頭部與翅膀的人形生物。,[REVIEWED:1]
A person with the head and wings of a flying squirrel.,一名具有鼯鼠頭部與翅膀的人形生物。,[REVIEWED:1]
A person with the head and wings of a grackle.,一名具有黑羽椋鳥頭部與翅膀的人形生物。,[REVIEWED:1]
A person with the head and wings of a grey parrot.,一名具有灰鸚鵡頭部與翅膀的人形生物。,[REVIEWED:1]
A person with the head and wings of a kakapo.,一名具有鴞鸚鵡頭部與翅膀的人形生物。,[REVIEWED:1]
A person with the head and wings of a kestrel.,一名具有紅隼頭部與翅膀的人形生物。,[REVIEWED:1]
A person with the head and wings of a loon.,一名具有潛鳥頭部與翅膀的人形生物。,[REVIEWED:1]
A person with the head and wings of a magpie.,一名具有喜鵲頭部與翅膀的人形生物。,[REVIEWED:1]
A person with the head and wings of a mosquito.,一名具有蚊子頭部與翅膀的人形生物。,[REVIEWED:1]
A person with the head and wings of a moth.,一名具有飛蛾頭部與翅膀的人形生物。,[REVIEWED:1]
A person with the head and wings of a parakeet.,一名具有長尾鸚鵡頭部與翅膀的人形生物。,[REVIEWED:1]
A person with the head and wings of a peregrine falcon.,一名具有遊隼頭部與翅膀的人形生物。,[REVIEWED:1]
A person with the head and wings of a raven.,一名具有渡鴉頭部與翅膀的人形生物。,[REVIEWED:1]
A person with the head and wings of a red-winged blackbird.,一名具有紅翅黑鸝頭部與翅膀的人形生物。,[REVIEWED:1]
A person with the head and wings of a sparrow.,一名具有麻雀頭部與翅膀的人形生物。,[REVIEWED:1]
"A person with the head and wings of a stork, also standing on long legs.",一名長有鸛的頭部與翅膀、以長腿站立的人形生物。,[REVIEWED:1]
A person with the head and wings of a swan.,一名具有天鵝頭部與翅膀的人形生物。,[REVIEWED:1]
A person with the head and wings of a thrips.,一名具有薊馬頭部與翅膀的人形生物。,[REVIEWED:1]
A person with the head and wings of a vulture.,一名具有禿鷲頭部與翅膀的人形生物。,[REVIEWED:1]
A person with the head and wings of a wren.,一名具有鷦鷯頭部與翅膀的人形生物。,[REVIEWED:1]
A person with the head and wings of an albatross.,一名具有信天翁頭部與翅膀的人形生物。,[REVIEWED:1]
A person with the head and wings of an oriole.,一名具有黃鸝頭部與翅膀的人形生物。,[REVIEWED:1]
A person with the head and wings of an osprey.,一名具有魚鷹頭部與翅膀的人形生物。,[REVIEWED:1]
A person with the head of a deer.,一名具有鹿頭部的人形生物。,[REVIEWED:1]
A person with the head of a dingo.,一名具有野狗頭部的人形生物。,[REVIEWED:1]
A person with the head of a lion.,一名具有獅子頭部的人形生物。,[REVIEWED:1]
A person with the head of a sloth.,一名具有樹懶頭部的人形生物。,[REVIEWED:1]
A person with the head of a tapir.,一名具有貘頭部的人形生物。,[REVIEWED:1]
A person with the head of a warthog.,一名具有疣豬頭部的人形生物。,[REVIEWED:1]
A person with the head of a wild boar.,一名具有野豬頭部的人形生物。,[REVIEWED:1]
A person with the head of an elk.,一名具有麋鹿頭部的人形生物。,[REVIEWED:1]
"A person with the head, pincers and tail of a bark scorpion.",一名具有樹皮蠍頭部、螯與尾巴的人形生物。,[REVIEWED:1]
"A person with the head, shell, and tail of a horseshoe crab.",一名具有馬蹄蟹頭部、外殼與尾巴的人形生物。,[REVIEWED:1]
A person with the hide and head of an armadillo.,一名具有犰狳皮膚與頭部的人形生物。,[REVIEWED:1]
A person with the long body and head of an otter.,一名具有水獺修長身軀與頭部的人形生物。,[REVIEWED:1]
A person with the mask and tail of a raccoon.,一名具有浣熊面部花紋與尾巴的人形生物。,[REVIEWED:1]
A person with the shell and head of a snapping turtle.,一名具有鱷龜外殼與頭部的人形生物。,[REVIEWED:1]
A person with the shell and tentacles of a nautilus.,一名具有鸚鵡螺外殼與觸手的人形生物。,[REVIEWED:1]
A person with the wings and head of a damselfly.,一名具有藍蜻蛉翅膀與頭部的人形生物。,[REVIEWED:1]
A person with the wings and head of a dragonfly.,一名具有蜻蜓翅膀與頭部的人形生物。,[REVIEWED:1]
A person with the wings and head of a firefly.,一名具有螢火蟲翅膀與頭部的人形生物。,[REVIEWED:1]
A person with the wings and head of a fly.,一名具有蒼蠅翅膀與頭部的人形生物。,[REVIEWED:1]
A person with the wings and head of a monarch butterfly.,一名具有帝王蝶翅膀與頭部的人形生物。,[REVIEWED:1]
A person with the wings and head of a roach.,一名具有蟑螂翅膀與頭部的人形生物。,[REVIEWED:1]
A person with the wings and head of a snowy owl.,一名具有雪鴞翅膀與頭部的人形生物。,[REVIEWED:1]
"A relatively large arboreal lizard found in the tropical forests.  Though it is a vegetarian, and mainly docile, it may whip with its extremely long tail when angered.",一種棲息於熱帶森林、體型較大的樹棲蜥蜴。牠以植物為食，通常性情溫順，但發怒時可能甩動極長的尾巴抽打。,[REVIEWED:1]
A relatively large insect found in swamps and marshland.,一種棲息於沼澤與濕地、體型相對較大的昆蟲。,[REVIEWED:1]
"A relatively large lizard.  It can be found in most climates, foraging for bugs during daylight hours.",一種體型較大的蜥蜴。牠能在多種氣候中生活，白天會四處尋找蟲子吃。,[REVIEWED:1]
A reptile person with the head and tail of a desert tortoise.,一名爬蟲類、具有沙漠陸龜頭部與尾巴的人形生物。,[REVIEWED:1]
A rolling platform for carrying passengers or cargo.,一種以車輪移動、用來載運乘客或貨物的平台。,[REVIEWED:1]
A savage man-like cave creature.,一種野蠻的人形洞穴生物。,[REVIEWED:1]
A serpent made of pure fire which can inject liquid fire as venom.,一種由純粹火焰構成的蛇，能將液態火焰當作毒液注入獵物體內。,[REVIEWED:1]
"A short, sturdy creature fond of drink and industry.",一種矮小而結實的生物，喜愛飲酒與勞作。,[REVIEWED:1]
"A slender, horned man with the head and tail of a impala.",一種身形纖細、長有角的人形生物，具有黑斑羚的頭部與尾巴。,[REVIEWED:1]
A small aggressive snake which can move very quickly.  Its venom is deadly.,一種好鬥、移動迅速的小型蛇。牠的毒液足以致命。,[REVIEWED:1]
A small amphibian person with a flat body.,一名身軀扁平的小型兩棲人。,[REVIEWED:1]
A small amphibian person with the wedge-shaped head and tail of a diplocaulus.,一名體型嬌小的兩棲類、具有笠頭螈楔形頭部與尾巴的人形生物。,[REVIEWED:1]
A small amphibian with a flat body.,一種身體扁平的小型兩棲動物。,[REVIEWED:1]
A small animal found in the canopy of the jungle.  They have extremely long arms and legs.,一種棲息於叢林樹冠的小型動物。牠們有極長的四肢。,[REVIEWED:1]
"A small ape found in pairs, swinging from the trees.",一種成對生活、在樹間擺盪的小型猿類。,[REVIEWED:1]
A small ape found in the trees eating fruit.,一種生活在樹上、以水果為食的小型猿類。,[REVIEWED:1]
A small ape found in the trees of the tropical forest.  It is known for its calls.,一種棲息於熱帶森林樹上的小型猿類。牠以叫聲聞名。,[REVIEWED:1]
A small ape from the tropical forest.  It can be found in the trees eating fruit.,一種來自熱帶森林的小型猿類。牠在樹上以果實為食。,[REVIEWED:1]
"A small ape that swings from the trees, eating fruit.",一種在樹間擺盪、以水果為食的小型猿類。,[REVIEWED:1]
"A small aquatic bird, prized for its beauty.",一種因美麗外貌而受到珍視的小型水鳥。,[REVIEWED:1]
A small arthropod person reminescent of a myriapod.,一名外形近似多足動物的小型節肢人。,[REVIEWED:1]
A small arthropod person with a broad head.,一名頭部寬闊的小型節肢人。,[REVIEWED:1]
A small arthropod person with large compound eyes.,一名長有大型複眼的小型節肢人。,[REVIEWED:1]
A small arthropod person with pronounced eyes and two grasping appendages protruding from their face.,一名小型節肢人，眼睛突出，臉上伸出一對用於抓握的附肢。,[REVIEWED:1]
A small arthropod person with six spined projections radiating out from its head shield.,一名小型節肢人，頭盾周圍向外伸出六根帶刺突起。,[REVIEWED:1]
A small arthropod person with the wings of a giant dragonfly.,一名體型嬌小的節肢類、具有巨型蜻蜓翅膀的人形生物。,[REVIEWED:1]
A small bat-like creature with the head of an insect.  It is found deep underground.,一種形似蝙蝠、長有昆蟲頭部的小型生物。牠生活在地下深處。,[REVIEWED:1]
A small bird of prey that is capable of great speed.  They dive on unsuspecting vermin.,一種飛行速度極快的小型猛禽。牠們會俯衝捕捉毫無防備的小動物。,[REVIEWED:1]
A small bird of prey with black markings on its eyes.  It hunts near bodies of water.,一種眼部帶黑色斑紋的小型猛禽。牠在水域附近狩獵。,[REVIEWED:1]
A small bird of prey.,一種小型猛禽。,[REVIEWED:1]
"A small bird with long legs and bill, and a extremely long wingspan.",一種長腿長喙的小鳥，翼展極長。,[REVIEWED:1]
A small black and white mammal.  It is capable of spraying a stinking fluid.,一種黑白相間的小型哺乳動物。牠能噴出惡臭液體。,[REVIEWED:1]
"A small black bird that feeds on carrion.  It is social, very intelligent and knows how to use tools.",一種以腐肉為食的黑色小鳥。牠喜歡群居，十分聰明，而且懂得使用工具。,[REVIEWED:1]
A small black bird with bright red markings under the wings.  They live in the marshland.,一種翼下帶有鮮紅斑紋的黑色小鳥。牠們生活在沼澤地。,[REVIEWED:1]
A small blue and orange bird.,一種藍橙相間的小鳥。,[REVIEWED:1]
"A small blue-crested bird living in temperate woodlands, known for its harsh chirps.",一種生活在溫帶林地、長有藍色冠羽的小鳥，以刺耳的鳴叫聲聞名。,[REVIEWED:1]
"A small bright red bird with a distinctive crest, found in temperate forests.",一種棲息於溫帶森林的鮮紅小鳥，長有鮮明的冠羽。,[REVIEWED:1]
A small carnivorous animal found in temperate climates.  It has orange fur and is known for its cleverness.,一種生活在溫帶氣候下的小型肉食動物。牠有橙色毛皮，以機靈聞名。,[REVIEWED:1]
A small cat-like creature found in the jungle.,一種棲息於叢林的小型貓形生物。,[REVIEWED:1]
A small creature found in both salt and fresh water that lives in an asymmetrical shell rooted to the bottom.,一種生活在鹹水或淡水中的小型生物，住在固定於水底的不對稱外殼內。,[REVIEWED:1]
A small creature that lives in watery ditches deep underground.  It has a sharp beak and four tentacles with claws at the end.,一種生活在地下深處水溝中的小型生物。牠有銳利的喙與四條末端帶爪的觸手。,[REVIEWED:1]
A small dinosaur person with a bony head crest.,一名長有骨質頭冠的小型恐龍人。,[REVIEWED:1]
A small dinosaur person with a long tail and short arms.,一名長尾短臂的小型恐龍人。,[REVIEWED:1]
A small dinosaur person with a thick domed head.,一名頭部厚實且呈圓頂狀的小型恐龍人。,[REVIEWED:1]
A small dog-like creature.  They are known to attack livestock.,一種形似犬的小型生物。牠們會襲擊家畜。,[REVIEWED:1]
A small domestic bird capable of flying short distances.  It is prized for its tasty eggs.,一種能短距離飛行的小型家禽。牠的蛋十分美味，備受珍視。,[REVIEWED:1]
A small feathered bipedal dinosaur with a beak.,一種覆有羽毛、長有喙的小型雙足恐龍。,[REVIEWED:1]
A small feathered bipedal dinosaur with a sharp scything claw on its second toe.  It can run very quickly.,一種覆有羽毛的小型雙足恐龍，第二趾長有銳利的鐮刀狀爪。牠跑得非常快。,[REVIEWED:1]
A small feathered dinosaur person with a beak.,一名覆有羽毛、長有喙的小型恐龍人。,[REVIEWED:1]
A small feathered dinosaur person with a beaked mouth.,一名覆有羽毛、長有喙狀嘴的小型恐龍人。,[REVIEWED:1]
A small feathered dinosaur person with a sharp claw on their second toe.,一名覆有羽毛的小型恐龍人，第二趾上長有利爪。,[REVIEWED:1]
A small feathered dinosaur person with a sharp claw on their second toe.  They can run very quickly.,一名覆有羽毛的小型恐龍人，第二趾上長有利爪。牠們奔跑得非常快。,[REVIEWED:1]
A small feathered dinosaur person with a single claw on each arm.,一名覆有羽毛的小型恐龍人，每條手臂上各長有一隻爪。,[REVIEWED:1]
A small feathered dinosaur person with wings.,一名覆有羽毛、長有翅膀的小型恐龍人。,[REVIEWED:1]
A small feline predator with a shortened tail.,一種短尾的小型貓科掠食動物。,[REVIEWED:1]
A small fish which can walk on the land and breathe air.  It burrows in the mud when things get dry.,一種能在陸地上行走並呼吸空氣的小魚。環境乾燥時，牠會鑽進泥裡。,[REVIEWED:1]
A small five-eyed arthropod person with grasping proboscis.,一名長有五隻眼睛與抓握長吻的小型節肢人。,[REVIEWED:1]
A small flat fish found in the muddy bottom of coastal run-offs and ponds.,一種小型扁平魚類，棲息於沿海逕流水域與池塘的泥底。,[REVIEWED:1]
A small flat fish found on the muddy bottom of shallow seas.,一種棲息於淺海泥底的小型扁平魚類。,[REVIEWED:1]
A small flightless bird person with a large beak.,一名不會飛行、長有大喙的小型鳥人。,[REVIEWED:1]
A small flightless bird that lives on arctic shorelines.,一種生活在極地海岸、不會飛行的小鳥。,[REVIEWED:1]
A small flightless bird with a large beak.,一種不會飛行、長有大喙的小鳥。,[REVIEWED:1]
"A small flightless bird, blue in color, that lives on arctic shorelines.",一種生活在極地海岸、體色藍且不會飛行的小鳥。,[REVIEWED:1]
"A small flightless bird, it is the largest of the natural penguins.  It is known for its treks through leagues of glacial ice.",一種小型不會飛的鳥，是天然企鵝中體型最大的。牠以穿越綿延冰川的長途跋涉聞名。,[REVIEWED:1]
A small flightless green parrot.  It is nocturnal and counts itself among the longest-lived birds.,一種小型、不會飛的綠色鸚鵡。牠在夜間活動，是壽命最長的鳥類之一。,[REVIEWED:1]
A small flying insect that lives in large colonies.  It has a powerful stinger on its tail.  Its hives are prized for their honey.,一種大群聚居的小型飛蟲。牠尾端的螫針威力強大。牠的巢因能產蜜而備受珍視。,[REVIEWED:1]
A small flying reptile person.,一名小型飛行爬蟲人。,[REVIEWED:1]
A small forest bird known for the distinctive flaps of skin hanging from its face.  It is prized for its meat.,一種森林小鳥，以臉上垂掛的獨特肉垂聞名。牠的肉備受珍視。,[REVIEWED:1]
"A small forest bird.  The male's tail creates an extravagant display for females.  At night, they roost in the trees.",一種森林小鳥。雄性會展開華麗的尾羽向雌性炫耀。夜晚牠們在樹上棲息。,[REVIEWED:1]
A small four-eyed fish person with a pronounced back fin.,一名長有四隻眼睛與顯眼背鰭的小型魚人。,[REVIEWED:1]
A small four-finned fish suited to short excursions ashore.,一種長有四隻鰭、能短暫上岸的小魚。,[REVIEWED:1]
"A small fruit-eating ape, found in the trees.",一種生活在樹上、以水果為食的小型猿類。,[REVIEWED:1]
"A small gregarious bird, blue and black with yellow eyes, found in temperate pastures.",一種棲息於溫帶牧草地的群居小鳥，羽毛藍黑相間，眼睛呈黃色。,[REVIEWED:1]
A small grey rodent found chirping in the trees of temperate woodlands.,一種小型灰色齧齒動物，會在溫帶林地的樹上吱吱叫。,[REVIEWED:1]
A small ground-dwelling bird.  It has a featherless head and eats seeds and insects.  It moves about in groups.,一種地棲小鳥。牠頭部無羽，以種子與昆蟲為食，成群活動。,[REVIEWED:1]
A small hooved creature found in large groups in the grasslands.  It has short horns and moves by leaps and bounds.,一種在草原上成大群生活的小型有蹄生物。牠長有短角，以跳躍方式移動。,[REVIEWED:1]
A small horned mammal.  It can be found in the mountains leaping from rock to rock.,一種長角的小型哺乳動物。牠在山地的岩石之間跳躍。,[REVIEWED:1]
A small horse person with three fingers and three toes.,一名每隻手有三指、每隻腳有三趾的小型馬人。,[REVIEWED:1]
A small horse with three toes on each foot.,一種每隻腳都有三趾的小型馬類。,[REVIEWED:1]
"A small humanoid creature with a mischievous, toothy grin.",一種露出頑皮齒笑的小型人形生物。,[REVIEWED:1]
A small humanoid resembling a walking mushroom with arms and legs.  It lives far underground near water and soil.,一種形似會走路的蘑菇、長有手腳的小型人形生物。牠生活在地下深處靠近水與土壤的地方。,[REVIEWED:1]
A small humanoid surrounded by fire which they can hurl at their enemies.,一種被火焰包圍的小型人形生物，能將火焰擲向敵人。,[REVIEWED:1]
A small insect that seeks out unwatched food and garbage.  They fear light.,一種會尋找無人看管的食物與垃圾的小昆蟲。牠們怕光。,[REVIEWED:1]
A small insect with large orange wings.  It is admired for its beauty.,一種長有大型橙色翅膀的小昆蟲。牠的美麗令人讚賞。,[REVIEWED:1]
A small lagomorph with long ears.  It has powerful hind legs which it uses to swiftly avoid predators.  It can be found anywhere from forests to deserts.,一種長耳的小型兔形目動物。牠用強健的後腿迅速躲避掠食者，從森林到沙漠都能見到牠。,[REVIEWED:1]
A small legless person with two eyestalks and a grasping appendage attached to their face.,一名無腿的小型人形生物，長有兩根眼柄，臉上有用於抓握的附肢。,[REVIEWED:1]
A small limbless reptile known for its deadly venom and the warning of its hood.,一種無肢的小型爬蟲，以致命毒液與展開頸罩示警聞名。,[REVIEWED:1]
A small lizard with adhesive feet for climbing.  It can change color from brown to green to fit its surroundings.,一種腳部具有黏附能力、善於攀爬的小蜥蜴。牠能將體色由棕色變為綠色，以融入周圍環境。,[REVIEWED:1]
A small mammal covered in hard scales.  It has a long nose and tongue which it uses to feed.,一種全身覆有硬鱗的小型哺乳動物。牠利用長鼻與長舌覓食。,[REVIEWED:1]
"A small mammal known to defend itself ferociously in combat, often fighting off multiple animals many times its size.",一種以凶猛自衛聞名的小型哺乳動物，常能擊退多隻體型數倍於自己的動物。,[REVIEWED:1]
A small mammal noted for its tenacity.  It has long ears and flashing eyes.,一種以頑強聞名的小型哺乳動物。牠有長耳與炯炯有神的眼睛。,[REVIEWED:1]
"A small mammal resembling a large, white rat.",一種外形如大型白鼠的小型哺乳動物。,[REVIEWED:1]
A small mammal with a leathery hide.  It can roll into a ball to escape predators.,一種皮膚堅韌如革的小型哺乳動物。牠能蜷成一團，躲避掠食者。,[REVIEWED:1]
A small mammal with a striped face.  It lives in groups and is ferocious in combat.,一種臉部帶條紋的小型哺乳動物。牠們成群生活，打鬥時十分凶猛。,[REVIEWED:1]
A small mammalian carnivore.  It is usually domestic and hunts vermin.,一種小型肉食哺乳動物。牠通常由人飼養，會獵捕小動物。,[REVIEWED:1]
A small marine creature that lives in a shell rooted to the sea floor.,一種小型海洋生物，住在固定於海床的外殼內。,[REVIEWED:1]
A small marine fish that travels to rivers to breed.,一種會游入河流繁殖的小型海魚。,[REVIEWED:1]
A small marine mammal with a long body.  They enjoy eating shellfish and other small animals.,一種身體細長的小型海洋哺乳動物。牠們喜歡吃貝類與其他小動物。,[REVIEWED:1]
A small marine mammal.  Its young are prized for their white fur.,一種小型海洋哺乳動物。牠的幼獸因白色毛皮而備受珍視。,[REVIEWED:1]
A small migratory bird.  It has a very long neck and can be found in lakes and other bodies of water.,一種小型候鳥。牠有很長的頸部，棲息於湖泊與其他水域。,[REVIEWED:1]
A small monkey that can be found in forests and the streets of towns.,一種出沒於森林與城鎮街道的小猴。,[REVIEWED:1]
A small mud-dwelling amphibian.,一種棲息於泥中的小型兩棲動物。,[REVIEWED:1]
"A small myriapod, though very large for a myriapod.  It feeds on detritus.",一種小型多足動物，但以多足動物而言體型很大。牠以有機碎屑為食。,[REVIEWED:1]
A small oceanic eel-like creature that latches onto the side of its victim and tears into them.,一種小型海洋鰻形生物，會附著在受害者身側並撕咬其血肉。,[REVIEWED:1]
A small omnivorous animal with a bright mask of fur.  It is nocturnal and found in temperate forests.  It is a curious animal and has been known to steal from civilized areas.,一種臉上有鮮明面罩狀毛紋的小型雜食動物。牠在夜間活動，棲息於溫帶森林。牠好奇心旺盛，會到文明聚居地偷東西。,[REVIEWED:1]
A small orange monkey with a long tail.,一種長尾的橙色小猴。,[REVIEWED:1]
A small pale creature found in underground streams and ponds.,一種棲息於地下溪流與池塘的小型蒼白生物。,[REVIEWED:1]
A small person somewhat like a fish and somewhat like an amphibian.,一名外形介於魚類與兩棲動物之間的小型人形生物。,[REVIEWED:1]
A small person with a head bearing ten tentacles.,一名頭上長有十條觸手的小型人形生物。,[REVIEWED:1]
A small person with the back spines of a hallucigenia.,一名體型嬌小、具有怪誕蟲背部尖刺的人形生物。,[REVIEWED:1]
A small person with the head and tail of a mongoose.,一名體型嬌小、具有獴頭部與尾巴的人形生物。,[REVIEWED:1]
A small person with the head and wings of a crow.,一名體型嬌小、具有烏鴉頭部與翅膀的人形生物。,[REVIEWED:1]
"A small person with the large head, round tummy, and tail of an eryops.",一名體型嬌小、具有引螈大頭、圓肚與尾巴的人形生物。,[REVIEWED:1]
A small person with the segmented body and antennae of a trilobite.,一名體型嬌小、具有三葉蟲分節身軀與觸角的人形生物。,[REVIEWED:1]
A small red rodent found in the trees of temperate woodlands.,一種棲息於溫帶林地樹上的小型紅色齧齒動物。,[REVIEWED:1]
A small reptile person with a gliding membrance between their legs.  They also have wings.,一名腿間長有滑翔膜的小型爬蟲人。牠們也長有翅膀。,[REVIEWED:1]
A small reptile person with a prehensile tail and giant claws on their second foredigits.,一名小型爬蟲人，尾巴能夠抓握，前肢的第二指上長有巨大利爪。,[REVIEWED:1]
A small reptile person with a wide two-part carapace.,一名覆有寬大雙瓣甲殼的小型爬蟲人。,[REVIEWED:1]
A small reptile with a tell-tale rattle and vicious bite that leads to a quick death.,一種尾部會發出警示響聲的小型爬蟲，凶狠的咬擊可使獵物迅速死亡。,[REVIEWED:1]
A small reptile.,一種小型爬蟲。,[REVIEWED:1]
"A small river mammal with a flat tail, known for building wooden dams.",一種長有扁尾的小型河棲哺乳動物，以建造木壩聞名。,[REVIEWED:1]
A small river mammal with a long body.  They enjoy eating shellfish and other small animals.,一種身體細長的小型河川哺乳動物。牠們喜歡吃貝類與其他小動物。,[REVIEWED:1]
A small rock-eating creature that lives in molten rock.  It scurries on little feet and swims through liquid rock with sharp wings.  It uses magma to digest rock and spits out burning globs.,一種生活在熔岩中、以岩石為食的小型生物。牠用小腳疾走，以銳利的翅膀在液態岩石中游動。牠利用岩漿消化岩石，並吐出燃燒的團塊。,[REVIEWED:1]
A small rodent covered with sharp quills.  They eat grass and leaves and can even climb trees.,一種覆有尖刺的小型囓齒動物。牠們吃草與葉子，甚至能爬樹。,[REVIEWED:1]
A small rodent with no tail.  It can be found roaming the grassland in herds.  It has three toes on its hind feet.,一種沒有尾巴的小型囓齒動物。牠們成群在草原上遊蕩，後腳各有三趾。,[REVIEWED:1]
A small round mammal whose back is covered in spines.  It is nocturnal and feeds on insects.  It curls into a ball when startled and is found in temperate regions.,一種體型圓小、背部覆滿尖刺的哺乳動物。牠在夜間活動，以昆蟲為食。牠受驚時會蜷成一團，棲息於溫帶地區。,[REVIEWED:1]
A small salamander found in remote lakes.  It has the mysterious ability to regrow limbs.,一種棲息於偏遠湖泊的小型蠑螈。牠具有使斷肢再生的神祕能力。,[REVIEWED:1]
A small sea bird with great wings.  It soars through the sky and dives for food on the surface of the water.,一種長有巨大雙翼的小型海鳥。牠在天空翱翔，俯衝捕捉水面上的食物。,[REVIEWED:1]
"A small semi-aquatic, egg laying mammal with a bill, flat tail and poison spurs.",一種半水生、會產卵的小型哺乳動物，長有喙、扁尾與毒距。,[REVIEWED:1]
A small slender legless amphibious person.,一名體形纖細、沒有腿的小型兩棲人。,[REVIEWED:1]
A small snake found in the trees.  It kills its prey by using its long body to constrict them.,一種棲息於樹上的小型蛇。牠用修長的身體纏繞勒死獵物。,[REVIEWED:1]
A small spiny mammal with a long snout.  It eats ants and termites and reproduces by laying eggs.,一種長有長吻與尖刺的小型哺乳動物。牠吃螞蟻與白蟻，以產卵方式繁殖。,[REVIEWED:1]
A small spotted fish found in tropical rivers and lakes.,一種棲息於熱帶河流與湖泊、帶有斑點的小魚。,[REVIEWED:1]
A small striped fish found in fresh water.,一種帶有條紋的淡水小魚。,[REVIEWED:1]
A small striped mammal person.,一名身有條紋的小型哺乳類人形生物。,[REVIEWED:1]
A small striped mammal predator that hunts a night.  It can open its jaws unusually wide.,一種帶條紋、夜間狩獵的小型掠食哺乳動物。牠的嘴能張得異常寬大。,[REVIEWED:1]
A small tree-dwelling mammal with distinctive color.  It rears up on its hind legs when cornered.  It uses its front paws like hands.,一種體色獨特的小型樹棲哺乳動物。牠被逼入絕境時會用後腿站起，並像使用雙手一樣運用前掌。,[REVIEWED:1]
"A small underground monster that crawls across the cavern wall with its four clawed hands.  It has a single large eye which can shine with its own light, otherwise its stony skin blends in with the rock.  It has no mouth and is said to feed on evil alone.",一種以四隻帶爪的手沿洞壁爬行的小型地下怪物。牠有一隻能自行發光的大眼睛；除此之外，石質皮膚能融入岩壁。牠沒有嘴，據說只靠邪惡維生。,[REVIEWED:1]
A small venomous lizard.,一種有毒的小蜥蜴。,[REVIEWED:1]
A small water bird found in remote lakes.  It is known for its haunting call.,一種棲息於偏遠湖泊的小型水鳥。牠以縈繞不散的叫聲聞名。,[REVIEWED:1]
A small water bird.  It has a long neck and powerful legs meant for swimming and diving.,一種小型水鳥。牠有長頸與適合游泳、潛水的強健雙腿。,[REVIEWED:1]
A small weasel-like creature that hunts rodents and preys on the nests of birds.,一種小型鼬形生物，會獵捕齧齒動物並掠食鳥巢中的獵物。,[REVIEWED:1]
A small whiskered fish found in inland waters.,一種棲息於內陸水域、長有鬚的小魚。,[REVIEWED:1]
A small whiskered fish found in muddy inland waters.,一種棲息於混濁內陸水域、長有鬚的小魚。,[REVIEWED:1]
A small whiskered fish found scavenging in inland waters.,一種在內陸水域食腐、長有鬚的小魚。,[REVIEWED:1]
A small white bird that hunts in the coldest reaches of the world.,一種在世界最寒冷地區獵食的白色小鳥。,[REVIEWED:1]
A small winged fish found in shallow seas.,一種棲息於淺海、長有翼狀鰭的小魚。,[REVIEWED:1]
A small winged reptile person with a ferocious jaw.,一名長有翅膀、顎部強勁的小型爬蟲人。,[REVIEWED:1]
A small winged reptile person with a long narrow mouth.,一名長有翅膀、嘴部狹長的小型爬蟲人。,[REVIEWED:1]
A small winged reptile person with a round head.,一名長有翅膀、頭部圓潤的小型爬蟲人。,[REVIEWED:1]
"A small wolf-like scavenger.  Normally found in pairs, jackals can form packs when they find a body.",一種形似狼的小型食腐動物。胡狼通常成對活動，但找到屍體時也會聚集成群。,[REVIEWED:1]
A small woolly insect that lives in hive colonies.  It has an annoying sting which it rarely uses.,一種在巢中群居、覆有絨毛的小昆蟲。牠的螫刺令人難受，但很少使用。,[REVIEWED:1]
A small yellow and black bird.  They feed in the canopy of the forest.,一種黃黑相間的小鳥。牠們在森林樹冠間覓食。,[REVIEWED:1]
"A small, brightly-colored snake.  It is known for eating other snakes and being mistaken for its venomous cousins.",一種體色鮮豔的小型蛇。牠以捕食其他蛇聞名，也常被誤認為有毒的近親。,[REVIEWED:1]
"A small, brown, flightless bird.  It eats insects and grubs and is known for its keen sense of smell.",一種棕色、不會飛的小鳥。牠吃昆蟲與幼蟲，以敏銳的嗅覺聞名。,[REVIEWED:1]
"A small, flightless, brightly-colored bird.",一種體色鮮豔、不會飛行的小鳥。,[REVIEWED:1]
"A small, foreboding black bird that feeds on carrion.  It is social, very intelligent, and knows how to use tools.",一種令人不安、以腐肉為食的黑色小鳥。牠喜歡群居，十分聰明，而且懂得使用工具。,[REVIEWED:1]
"A small, green, intelligent mountain parrot.",一種綠色、聰明的小型山地鸚鵡。,[REVIEWED:1]
"A small, grey, tree-dwelling creature.",一種灰色的樹棲小型生物。,[REVIEWED:1]
"A small, intelligent vermin with a long naked tail.",一種聰明的小型害獸，長有裸露的長尾。,[REVIEWED:1]
"A small, jawless, filter-feeding fish found in brooks and streams.",一種棲息於小溪中的小型無顎濾食魚類。,[REVIEWED:1]
"A small, long-armed ape.  It lives in trees and eats fruit.",一種長臂的小型猿類。牠生活在樹上，以果實為食。,[REVIEWED:1]
"A small, long-nosed raccoon-like creature.",一種長鼻的小型浣熊形生物。,[REVIEWED:1]
"A small, muscular, weasel-like creature.  It is known for its ferocity.",一種體格強健、形似鼬的小型生物。牠以凶猛聞名。,[REVIEWED:1]
"A small, nocturnal bird of prey found in woodland regions.  Its hunger for rodents drives it to take residence in buildings.",一種棲息於林地、夜間活動的小型猛禽。牠對囓齒動物的食慾促使牠住進建築物中。,[REVIEWED:1]
"A small, nocturnal bird of prey with large eyes and protruding feathers.",一種夜行性小型猛禽，長有大眼與突出的羽毛。,[REVIEWED:1]
"A small, nocturnal mammal.  It has a long tongue with which to eat insects.",一種夜間活動的小型哺乳動物。牠用長舌捕食昆蟲。,[REVIEWED:1]
"A small, nocturnal, marine fish.  It can be found hunting in coral reefs.",一種夜間活動的小型海魚。牠在珊瑚礁中獵食。,[REVIEWED:1]
"A small, nocturnal, tree-dwelling mammal.  It uses its long fingers to fish out grubs from the wood.",一種夜間活動的小型樹棲哺乳動物。牠用長手指從木頭中掏出幼蟲。,[REVIEWED:1]
"A small, pale arthropod found in underground streams and ponds.",一種棲息於地下溪流與池塘、體色蒼白的小型節肢動物。,[REVIEWED:1]
"A small, predatory, weasel-like mammal.  It is also semi-aquatic.",一種形似鼬的小型掠食哺乳動物。牠也過著半水生生活。,[REVIEWED:1]
"A small, round humanoid found wandering the caves deep underground.  Most of its body is taken up by a huge tusked mouth.",一種在地下深處洞穴遊蕩、體型圓小的人形生物。長有獠牙的巨口占據了牠身體的大部分。,[REVIEWED:1]
"A small, round, brightly-colored fish found in coral reefs.",一種棲息於珊瑚礁、身形圓潤且體色鮮豔的小魚。,[REVIEWED:1]
"A small, shark-like creature that lives in the ocean's muddy shallows.  Its skin sparkles and it has a venomous spine on its back.",一種生活在海洋泥濘淺水區、形似鯊魚的小型生物。牠的皮膚閃閃發光，背上長有毒棘。,[REVIEWED:1]
"A small, slender gazelle-like creature.",一種身形纖細的小型瞪羚形生物。,[REVIEWED:1]
"A small, slow-moving mammal that lives in the trees.",一種生活在樹上、行動緩慢的小型哺乳動物。,[REVIEWED:1]
"A small, spineless, eel-like fish that lives on the bottom of the ocean.  It can turn the water around its body into a cloud of slime to escape predators.",一種生活在海底、形似鰻魚且沒有脊椎的小魚。牠能讓身體周圍的水變成一團黏液，以躲避掠食者。,[REVIEWED:1]
"A small, squat humanoid with large pointy ears and yellow glowing eyes.",一種矮胖的小型人形生物，長有大尖耳，眼睛閃著黃光。,[REVIEWED:1]
"A small, stocky mammal.  It is found from the mountains to the woodlands.",一種矮壯的小型哺乳動物。從山地到林地都能見到牠。,[REVIEWED:1]
A snake-like creature living deep underground.  Its head is covered in armor so that is resembles the head of a dragon.,一種生活在地下深處的蛇形生物。牠的頭部覆有甲片，看起來像龍的頭。,[REVIEWED:1]
A spiny person with the head of an echidna.,一名渾身帶刺、具有針鼴頭部的人形生物。,[REVIEWED:1]
A spotted person with the head and tail of a cheetah.,一名身有斑點、具有獵豹頭部與尾巴的人形生物。,[REVIEWED:1]
A spotted person with the head and tail of a jaguar.,一名身有斑點、具有美洲豹頭部與尾巴的人形生物。,[REVIEWED:1]
A spotted person with the head and tail of a leopard.,一名身有斑點、具有花豹頭部與尾巴的人形生物。,[REVIEWED:1]
"A squat amphibian with leathery skin, found in relatively dry areas.",一種皮膚堅韌如革、身形矮胖的兩棲動物，棲息於較乾燥的地區。,[REVIEWED:1]
A strange crystalline creature the shape of a man.  It is found deep underground.,一種人形的奇異結晶生物。牠生活在地下深處。,[REVIEWED:1]
A strange shapeless life form with an orange leathery skin containing a liquid interior.  It can secrete its internal fluid.,一種沒有固定形狀的奇異生命體，橙色革質外皮包裹著液態的內部。牠能分泌體內的液體。,[REVIEWED:1]
A striped person with the head and tail of a chipmunk.,一名身有條紋、具有花栗鼠頭部與尾巴的人形生物。,[REVIEWED:1]
A striped person with the head and tail of a skunk.,一名身有條紋、具有臭鼬頭部與尾巴的人形生物。,[REVIEWED:1]
"A swift, long-eared rodent with long legs and a short fluffy tail.",一種動作敏捷的長耳囓齒動物，長有長腿與蓬鬆短尾。,[REVIEWED:1]
A tiny amphibian that lives in the trees.,一種生活在樹上的微小兩棲動物。,[REVIEWED:1]
A tiny amphibian with a long prehensile tail.  It lives in underground swamps and tower-cap forests on which it feeds.,一種長有可抓握長尾的微小兩棲動物。牠生活在地下沼澤與高塔菌林中，並以高塔菌為食。,[REVIEWED:1]
"A tiny amphibian, found in underground streams.",一種棲息於地下溪流的微小兩棲動物。,[REVIEWED:1]
A tiny amphibious limbless vertebrate that feeds on creatures as it slithers about.,一種微小的無肢兩棲脊椎動物，一邊蜿蜒爬行一邊捕食其他生物。,[REVIEWED:1]
A tiny aquatic arthropod with a broad head and tapering body.,一種微小的水生節肢動物，頭部寬闊，身體向尾端漸細。,[REVIEWED:1]
A tiny aquatic arthropod with pronounced eyes and two frontal grasping appendages.,一種微小的水生節肢動物，眼睛突出，前端長有一對抓握附肢。,[REVIEWED:1]
A tiny aquatic worm-like creature with ten pairs slender legs and seven pairs of protruding rigid spines along its body.,一種微小的水生蠕蟲形生物，長有十對細腿，體側伸出七對硬刺。,[REVIEWED:1]
A tiny arthropod person with the protective spines of a wiwaxia.,一名體型微小的節肢類、具有威瓦克蟲防禦棘刺的人形生物。,[REVIEWED:1]
A tiny arthropod that walks tilted upright on two large legs.  Six spined projections radiate outward from its head shield.,一種用兩條大腿傾斜直立行走的微小節肢動物。六根帶刺的突起從頭甲向外放射伸出。,[REVIEWED:1]
A tiny bipedal dinosaur.  It runs along the ground and eats small prey.,一種微小的雙足恐龍。牠在地面奔跑，捕食小型獵物。,[REVIEWED:1]
A tiny bird of prey.  It hovers above the ground and swoops down to snatch rodents and mice.,一種微小的猛禽。牠在地面上方懸停，再俯衝下去捕捉囓齒動物與老鼠。,[REVIEWED:1]
"A tiny bird with a large, brightly-colored bill.",一種長有鮮豔大喙的微小鳥類。,[REVIEWED:1]
A tiny black and white bird.  It is one of the most intelligent of the natural creatures.,一種黑白相間的微小鳥類。牠是天然生物中最聰明的物種之一。,[REVIEWED:1]
A tiny black bug that lacks a web but can leap short distances.,一種不會結網、卻能短距離跳躍的微小黑色蟲類。,[REVIEWED:1]
"A tiny blue-green oceanic fish, found only in temperate waters.",一種僅棲息於溫帶水域的微小藍綠色海魚。,[REVIEWED:1]
A tiny brown bird found in open woodlands.,一種棲息於開闊林地的微小棕色鳥類。,[REVIEWED:1]
A tiny brown bird given to singing complex songs.,一種善於唱出複雜歌聲的微小棕色鳥類。,[REVIEWED:1]
A tiny brown bird that can be found in most temperate regions.,一種常見於大多數溫帶地區的微小棕色鳥類。,[REVIEWED:1]
A tiny brown bug known for its powerful poison.,一種以劇毒聞名的微小棕色蟲類。,[REVIEWED:1]
"A tiny burrowing creature, found in moist soil.  It is legless, long and thin.",一種棲息於潮濕土壤、會鑽洞的微小生物。牠沒有腿，身體細長。,[REVIEWED:1]
A tiny colorful fish found in tropical lakes and rivers.,一種棲息於熱帶湖泊與河流、體色鮮豔的微小魚類。,[REVIEWED:1]
A tiny creature made up of a series of crackling knobs set at strange angles.,一種微小生物，由一連串角度奇異、劈啪作響的節塊組成。,[REVIEWED:1]
A tiny crested parrot.  They are prized as domestic companions.,一種微小的冠羽鸚鵡。牠們作為家庭伴侶備受珍視。,[REVIEWED:1]
A tiny diurnal monkey.  It spends its time in the trees searching for food.,一種白天活動的微小猴類。牠在樹間度日，四處尋找食物。,[REVIEWED:1]
A tiny diving bird found living on seaside cliffs in the colder climates.,一種生活在寒冷地區海邊峭壁上的微小潛水鳥類。,[REVIEWED:1]
A tiny feathered bipedal dinosaur with a single claw on each side of its upper body.,一種覆有羽毛的微小雙足恐龍，上半身兩側各長有一隻爪。,[REVIEWED:1]
A tiny feathered dinosaur with wings capable of flight.,一種覆有羽毛的微小恐龍，長有能夠飛行的翅膀。,[REVIEWED:1]
A tiny five-eyed aquatic arthropod with a grasping proboscis.,一種微小的水生節肢動物，長有五隻眼睛與用來抓握的長吻。,[REVIEWED:1]
A tiny flying insect found around rotting meat and garbage.  These bugs are widely considered to be a nuisance.,一種出沒於腐肉與垃圾周圍的微小飛蟲。這些蟲子普遍被視為惱人的害蟲。,[REVIEWED:1]
A tiny flying insect that can be seen at night by its glowing tail.,一種尾部發光的微小飛蟲，夜間可以看見牠的光芒。,[REVIEWED:1]
A tiny flying reptile with a small round head.,一種頭部小而圓的微小飛行爬蟲。,[REVIEWED:1]
A tiny four-eyed fish with a pronounced fin along its back.,一種長有四隻眼睛與顯眼背鰭的微小魚類。,[REVIEWED:1]
A tiny furry rodent dwelling in the hollow cracks of rocks.  They can be found high in the mountains.,一種覆有毛皮、住在岩縫中的微小囓齒動物。牠們棲息於高山。,[REVIEWED:1]
"A tiny green insect.  It has long, distinctive forelimbs that it uses to catch its prey.",一種微小的綠色昆蟲。牠用獨特的修長前肢捕捉獵物。,[REVIEWED:1]
A tiny grey rodent that is only active at night.  It can sail between trees on wings stretching between its front and hind legs.,一種只在夜間活動的微小灰色囓齒動物。牠能利用前後腿之間展開的翼膜，在樹木之間滑翔。,[REVIEWED:1]
A tiny hemispherical arthropod with protective spines.,一種身形呈半球狀、長有防禦棘刺的微小節肢動物。,[REVIEWED:1]
A tiny insect capable of destroying large wooden structures when in large numbers.,一種微小昆蟲，聚集大量個體時足以摧毀大型木構建築。,[REVIEWED:1]
A tiny insect that can be found almost anywhere outside.,一種幾乎遍布所有戶外地區的微小昆蟲。,[REVIEWED:1]
A tiny insect which uses its powerful legs to leap and make noise.,一種用強勁後腿跳躍與發聲的微小昆蟲。,[REVIEWED:1]
"A tiny insect with a pulsating, lumpy body.  It is an evil bug that seeks blood.",一種身體凹凸不平、不斷搏動的微小昆蟲。牠是尋求鮮血的邪惡蟲子。,[REVIEWED:1]
A tiny land mollusk with a large shell.,一種背負大殼的微小陸生軟體動物。,[REVIEWED:1]
A tiny land mollusk.  It can be found under rotten logs and in gardens.,一種微小的陸生軟體動物。牠棲息於腐木底下與花園中。,[REVIEWED:1]
A tiny larva which is prized for its milk.,一種因所產乳汁而受到珍視的微小幼蟲。,[REVIEWED:1]
A tiny mammal with a slender body.  It hunts in mouse holes as well as barn yards.,一種身體纖細的微小哺乳動物。牠會在鼠洞與穀倉庭院中狩獵。,[REVIEWED:1]
A tiny marine fish found in vast schools.,一種聚集成龐大魚群的微小海魚。,[REVIEWED:1]
A tiny nocturnal insect.  It flies toward flames in the night.,一種夜間活動的微小昆蟲。牠會在夜裡飛向火焰。,[REVIEWED:1]
A tiny orange marine fish that lives inside the tentacles of a poisonous invertebrate.,一種微小的橙色海魚，生活在有毒無脊椎動物的觸手之間。,[REVIEWED:1]
A tiny orange-striped fish.  It lives in inland waters.,一種帶橙色條紋的微小魚類。牠生活在內陸水域。,[REVIEWED:1]
A tiny parasitic insect.  It feeds on skin and blood.,一種微小的寄生昆蟲。牠以皮膚與血液為食。,[REVIEWED:1]
A tiny parrot found in flocks of many hundreds.  Exceptional birds can be taught to speak.,一種數百隻聚集成群的微小鸚鵡。特別出色的個體能學會說話。,[REVIEWED:1]
A tiny pest insect.  It feeds on both crops and other bugs.,一種微小的害蟲。牠既吃農作物，也吃其他蟲子。,[REVIEWED:1]
A tiny pest insect.  It uses its long nose to suck blood from its host.,一種微小的害蟲。牠用長長的口器吸取宿主的血液。,[REVIEWED:1]
A tiny predatory mollusk.  It is brightly colored.,一種微小的掠食軟體動物。牠色彩鮮豔。,[REVIEWED:1]
A tiny reptile with a gliding membrane between its back legs.,一種後腿間長有滑翔膜的微小爬蟲。,[REVIEWED:1]
A tiny reptile with a shell on its back.  It can be found in rivers and ponds.,一種背上有殼的微小爬行動物。牠棲息於河流與池塘。,[REVIEWED:1]
"A tiny reptile, running on two legs.  It has a horn on the end of its nose.",一種用兩條腿奔跑的微小爬行動物。牠的鼻端長有一隻角。,[REVIEWED:1]
A tiny rodent that burrows by day and scurries about at night.,一種白天掘穴、夜間四處奔竄的微小齧齒動物。,[REVIEWED:1]
A tiny scuttling arthropod with large compound eyes.,一種長有大型複眼、快速爬行的微小節肢動物。,[REVIEWED:1]
A tiny sea animal that lives in the sand just offshore.  It has a flat body with legs underneath.,一種生活在近岸沙地中的微小海洋動物。牠身體扁平，腿長在身體下方。,[REVIEWED:1]
"A tiny sea creature which dwells on the ocean floor, devoid of senses or motion.",一種棲息於海床的微小海洋生物，沒有感官，也無法移動。,[REVIEWED:1]
A tiny sea mollusk.  It can change color and skin patterns for communication.,一種微小的海洋軟體動物。牠能改變體色與皮膚花紋來溝通。,[REVIEWED:1]
A tiny sea vermin with eight arms and two tentacles.  It can spray ink to confuse predators.,一種長有八條腕足與兩條觸手的微小海洋生物。牠能噴出墨汁迷惑掠食者。,[REVIEWED:1]
A tiny shelled ocean creature with many long legs.  It has two large pincers on its front limbs.,一種有殼的微小海洋生物，長有許多長腿。牠的前肢上有兩隻大螯。,[REVIEWED:1]
A tiny shelled reptile that lives in the desert.,一種背負硬殼、生活在沙漠的微小爬蟲。,[REVIEWED:1]
A tiny snake with ridged scales and a powerful venomous bite.,一種鱗片帶有稜脊的微小蛇類，咬擊含有強烈毒液。,[REVIEWED:1]
"A tiny soft-bodied aquatic creature with a grasping forward appendage, two eyestalks and a finned tail.",一種微小的軟體水生生物，前端有抓握附肢，長有兩根眼柄與帶鰭的尾巴。,[REVIEWED:1]
A tiny spotted fish found in coastal rivers and temperate lakes.,一種棲息於沿海河流及溫帶湖泊、帶有斑點的微小魚類。,[REVIEWED:1]
A tiny striped rodent found scurrying through the bushes and trees of the temperate forest.,一種微小的條紋齧齒動物，在溫帶森林的灌木與樹木間穿梭。,[REVIEWED:1]
"A tiny translucent creature, found in evil forests.",一種棲息於邪惡森林的微小半透明生物。,[REVIEWED:1]
"A tiny underground bug, sought after for its thread.",一種因所產絲線而受到追捧的微小地下蟲類。,[REVIEWED:1]
A tiny underground creature made of a mass of appendages resembling human fingers.  It creeps across the ground like a starfish and eats with a mouth on the bottom of its body.,一種由大量形似人類手指的附肢構成的微小地下生物。牠像海星般在地上爬行，用身體底部的嘴進食。,[REVIEWED:1]
A tiny underground monster with large claws and horns.  It walks on two legs and is dangerous when encountered in large numbers.,一種長有大爪與角的微小地下怪物。牠用兩條腿行走，大量出現時十分危險。,[REVIEWED:1]
A tiny venomous snake found in the woods and swamps.,一種棲息於林地與沼澤的微小毒蛇。,[REVIEWED:1]
A tiny venomous snake.  It is the longest of the pit vipers.,一種微小的毒蛇。牠是蝮蛇中身體最長的。,[REVIEWED:1]
A tiny winged creature that hunts at night and rests in caves during the day.,一種有翼的微小生物，夜間獵食，白天在洞穴休息。,[REVIEWED:1]
A tiny winged humanoid with shifting colors which performs intricate aerial dances in large groups.,一種有翼的微小人形生物，體色不斷變幻，會成群在空中跳出複雜的舞蹈。,[REVIEWED:1]
"A tiny winged insect, though exceptionally large for a dragonfly.",一種微小的有翼昆蟲，但以蜻蜓而言卻格外龐大。,[REVIEWED:1]
A tiny yellow bug.  It has pincers and a stinging tail which can prove fatal.,一種微小的黃色蟲子。牠長有鉗子與帶螫針的尾巴，螫刺可能致命。,[REVIEWED:1]
"A tiny, aquatic, worm-like creature that feeds on blood.",一種以血液為食的微小水生蠕蟲形生物。,[REVIEWED:1]
"A tiny, blood-sucking bug found in wooded areas.",一種棲息於林地的微小吸血蟲類。,[REVIEWED:1]
"A tiny, brightly colored parrot.  They are clever and learn many tricks.",一種色彩鮮豔的微小鸚鵡。牠們很聰明，能學會許多把戲。,[REVIEWED:1]
"A tiny, brightly-colored lizard.",一種體色鮮豔的微小蜥蜴。,[REVIEWED:1]
"A tiny, brightly-colored tree parrot.  It uses its tongue to feed on plants.",一種色彩鮮豔、棲息於樹上的微小鸚鵡。牠用舌頭攝食植物。,[REVIEWED:1]
"A tiny, colorful bird.  It can be trained to be a pleasant companion.",一種色彩繽紛的微小鳥類。牠能受訓成為討人喜愛的伴侶。,[REVIEWED:1]
"A tiny, colorful, long-bodied insect.",一種身體修長、色彩鮮豔的微小昆蟲。,[REVIEWED:1]
"A tiny, curved and colorful fish found in coral reefs.",一種棲息於珊瑚礁、身軀彎曲且色彩鮮豔的微小魚類。,[REVIEWED:1]
"A tiny, foul-tempered humanoid creature that dwells in the evil mountains.  They are known to enjoy drinking liquor and will take any unguarded supplies of booze.",一種居住在邪惡山地、脾氣暴躁的微小人形生物。牠們喜歡喝酒，會拿走任何無人看管的酒。,[REVIEWED:1]
"A tiny, giggling humanoid with lacy wings.",一種長有蕾絲般翅膀、咯咯發笑的微小人形生物。,[REVIEWED:1]
"A tiny, jolly humanoid creature that dwells in the fair mountains.  They are known to enjoy drinking liquor and don't care whether it's theirs or not.",一種居住在美好山地、性情歡快的微小人形生物。牠們喜歡喝酒，而且不在乎酒是不是自己的。,[REVIEWED:1]
"A tiny, mollusk with a large shell and many tentacles.",一種長有大殼與眾多觸手的微小軟體動物。,[REVIEWED:1]
A towering herbivorous quadrupedal dinosaur with a long neck.,一種高聳的四足草食恐龍，長有修長的頸部。,[REVIEWED:1]
A transparent and amorphous monster that lives underground.  It is small in size and is found crawling across the cavern floor.  Its organs appear to be floating inside of its body.,一種生活在地下、透明而沒有固定形狀的怪物。牠體型小，會沿洞穴地面爬行。牠的器官看起來像漂浮在體內。,[REVIEWED:1]
A venomous person with the head and tail of a gila monster.,一名帶有毒液、具有毒蜥頭部與尾巴的人形生物。,[REVIEWED:1]
A very large aquatic reptile with fish-like fins and an elongated snout.,一種非常大的水生爬蟲，長有魚鰭般的肢體與細長吻部。,[REVIEWED:1]
A very large aquatic reptile with four flippers and a long neck.,一種非常大的水生爬蟲，長有四隻鰭肢與長頸。,[REVIEWED:1]
A very large bipedal dinosaur with a giant biting jaw and a strong flexible neck.,一種非常大的雙足恐龍，長有巨大的咬合顎部與強壯靈活的頸部。,[REVIEWED:1]
A very large carnivorous bipedal dinosaur with a horn and short arms.,一種非常大的雙足肉食恐龍，長有一隻角與短小前肢。,[REVIEWED:1]
A very large carnivorous bipedal dinosaur with two parallel head crests and short arms.,一種非常大的雙足肉食恐龍，頭上有兩道平行冠飾，前肢短小。,[REVIEWED:1]
A very large cephalopod with a coiled shell.,一種背負螺旋外殼的非常大的頭足動物。,[REVIEWED:1]
"A very large dinosaur person with a ferocious jaw, short arms, a sail and a horn.",一名體型碩大的恐龍人，顎部強勁、手臂短小，長有背帆與一隻角。,[REVIEWED:1]
"A very large dinosaur person with a ferocious jaw, short arms, and a sail.",一名體型碩大的恐龍人，顎部強勁、手臂短小，長有背帆。,[REVIEWED:1]
A very large dinosaur person with a long neck.,一名長頸、體型碩大的恐龍人。,[REVIEWED:1]
A very large dinosaur person with a mighty jaw and very short arms with two fingers.,一名體型碩大的恐龍人，顎部強而有力，極短的手臂上各有兩指。,[REVIEWED:1]
"A very large dinosaur person with a tail club, an armored carapace and four horns.",一名體型碩大的恐龍人，長有尾錘、堅硬甲殼與四隻角。,[REVIEWED:1]
A very large dinosaur person with thumb spikes and a beaked mouth.,一名體型碩大的恐龍人，拇指呈尖刺狀，嘴部呈喙狀。,[REVIEWED:1]
A very large feathered bipedal dinosaur with a sharp scything claw on its second toe.,一種非常大的有羽雙足恐龍，第二趾上長有鋒利的鐮刀狀爪。,[REVIEWED:1]
A very large feathered dinosaur person with three giant claws on each hand.,一名體型碩大、覆有羽毛的恐龍人，每隻手上長有三隻巨爪。,[REVIEWED:1]
A very large hairless mammal person with a long neck and a small trunk,一名體型碩大的無毛哺乳類人形生物，長有長頸與短鼻。,[REVIEWED:1]
A very large hairless mammal person with a trunk and two backward-curving tusks.,一名體型碩大的無毛哺乳類人形生物，長有長鼻與兩根向後彎曲的獠牙。,[REVIEWED:1]
A very large herbivorous bipedal dinosaur with a thick domed head.,一種非常大的雙足草食恐龍，頭部厚實且呈圓頂狀。,[REVIEWED:1]
A very large herbivorous quadrupedal dinosaur with a long neck.,一種非常大的長頸四足草食恐龍。,[REVIEWED:1]
A very large legless person with a giant toothy mouth.,一名體型碩大、沒有腿的人形生物，巨嘴中長滿牙齒。,[REVIEWED:1]
A very large legless shark person.,一名體型碩大、沒有腿的鯊魚人。,[REVIEWED:1]
A very large lizard.,一種非常大的蜥蜴。,[REVIEWED:1]
A very large mammalian omnivore with a long head.,一種頭部狹長、非常大的雜食性哺乳動物。,[REVIEWED:1]
A very large person with a bony head frill and three horns.,一名體型碩大的人形生物，長有骨質頭盾與三隻角。,[REVIEWED:1]
A very large person with a spiky head frill and three horns.,一名體型碩大的人形生物，長有帶刺頭盾與三隻角。,[REVIEWED:1]
"A very large quadrupedal predator, well-suited to the hunt.  It has a tail and powerful jaws, and it is terrestrial.",一種非常大型、善於狩獵的四足掠食動物。牠長有尾巴與強健的顎部，在陸地上生活。,[REVIEWED:1]
A very large snake.  It is amphibious and constricts its prey.,一種非常大型的蛇。牠能在水陸活動，會纏繞勒住獵物。,[REVIEWED:1]
A very large woolly mammal person with two tusks.,一名體型碩大、覆有厚毛的哺乳類人形生物，長有兩根獠牙。,[REVIEWED:1]
A very small amphibian with a wedge-shaped head and long tail.,一種非常小的兩棲動物，頭部呈楔形，尾巴修長。,[REVIEWED:1]
A very small aquatic arthropod with two antennae.  It has many legs underneath its flat segmented oval body.  They can curl into a ball to protect themselves.,一種長有兩根觸角、非常小的水生節肢動物。牠扁平、分節的橢圓身體下方長有許多腿。牠們能蜷成一團保護自己。,[REVIEWED:1]
A very small bipedal dinosaur with a long tail and short arms.  It is omnivorous.,一種非常小的雙足恐龍，長有長尾與短臂。牠是雜食動物。,[REVIEWED:1]
A very small bipedal herbivorous dinosaur with a bony head crest.,一種非常小的雙足草食恐龍，長有骨質頭冠。,[REVIEWED:1]
A very small bipedal herbivorous dinosaur with a thick domed head.,一種非常小的雙足草食恐龍，頭部厚實且呈圓頂狀。,[REVIEWED:1]
A very small feathered bipedal dinosaur with a sharp scything claw on its second toe.,一種非常小的有羽雙足恐龍，第二趾上長有鋒利的鐮刀狀爪。,[REVIEWED:1]
A very small feathered bipedal dinosaur with a single claw on each side of its upper body.,一種非常小的有羽雙足恐龍，上半身兩側各長有一隻爪。,[REVIEWED:1]
A very small feathered bipedal dinosaur with an opposable fifth finger.  It is a herbivore and has a beaked mouth.,一種覆有羽毛、非常小的雙足恐龍，第五指能與其他手指相對抓握。牠以植物為食，嘴部呈喙狀。,[REVIEWED:1]
A very small flying reptile with a long narrow mouth.,一種嘴部狹長、非常小的飛行爬蟲。,[REVIEWED:1]
A very small flying reptile with long wings and a ferocious jaw.,一種非常小的飛行爬蟲，長有長翼與強勁顎部。,[REVIEWED:1]
A very small flying reptile.,一種非常小的飛行爬蟲。,[REVIEWED:1]
A very small mammal with short legs and a long tail.  It hunts small animals to eat.,一種腿短、尾巴長的極小哺乳動物。牠獵捕小動物為食。,[REVIEWED:1]
A very small reptile with a divided carapace.,一種覆有分瓣甲殼、非常小的爬蟲。,[REVIEWED:1]
A very small reptile with a prehensile tail and giant claws on its second foredigits.,一種非常小的爬蟲，尾巴能夠抓握，前肢第二指上長有巨爪。,[REVIEWED:1]
A very small squat amphibian with a round tummy and long tail.,一種非常小而矮胖的兩棲動物，長有圓肚與長尾。,[REVIEWED:1]
A worm-like creature with the torso of a man.,一種長有人類軀幹的蠕蟲狀生物。,[REVIEWED:1]
An animal person with the head of the amphibious olm.  It lives underground near water.,一名長有兩棲動物洞螈頭部的人形生物。牠生活在地下的水邊。,[REVIEWED:1]
An aquatic arthropod with a pronounced head structure and frontal appendages for filter feeding.  It is large for an arthropod.,一種水生節肢動物，有明顯的頭部構造與用於濾食的前方附肢。以節肢動物而言，牠的體型很大。,[REVIEWED:1]
An aquatic arthropod with a wide head and tapering body.,一種水生節肢動物，頭部寬闊，身體向尾端漸細。,[REVIEWED:1]
An aquatic person in the shape of an orca with arms.,一名外形如虎鯨、長有手臂的水生人形生物。,[REVIEWED:1]
An arthropod person with the pronounced head shape of an aegirocassis.,一名節肢類、具有海神盔蝦鮮明頭形的人形生物。,[REVIEWED:1]
An elusive medium-sized fish found in coastal waters.,一種棲息於沿海水域、難以尋覓的中型魚類。,[REVIEWED:1]
"An evil humanoid with a long tail, black spiky fur and a twitching nose.  It lives far underground.",一種邪惡的人形生物，長有長尾、黑色刺狀毛皮與不斷抽動的鼻子。牠生活在地下深處。,[REVIEWED:1]
An evil monster from the swamp.  It resembles a knot of waterlogged weeds but will strike the unaware victim.,一種來自沼澤的邪惡怪物。牠看起來像一團浸透水的雜草，卻會襲擊毫無防備的受害者。,[REVIEWED:1]
An insect many times the size of its peers.  It is known for its deafening buzz.,一種體型是同類許多倍大的昆蟲。牠以震耳欲聾的嗡嗡聲聞名。,[REVIEWED:1]
An insidious form of vermin.  It lives only to steal food from others.,一種陰險的小型害獸。牠活著只為偷取他人的食物。,[REVIEWED:1]
An invertebrate found off the coast.  It has a sting which can be severe.,一種棲息於近海的無脊椎動物。牠的螫刺可能造成嚴重傷害。,[REVIEWED:1]
An oceanic fish.,一種海洋魚類。,[REVIEWED:1]
An orange person with the head and tail of a lion tamarin.,一名通體橙色、具有獅狨猴頭部與尾巴的人形生物。,[REVIEWED:1]
An orange striped person with the head of a tiger.,一名身有橙色條紋、具有虎頭部的人形生物。,[REVIEWED:1]
Fire in the shape of a human that can hurl fireballs.,呈人形、能投擲火球的火焰。,[REVIEWED:1]
Living gabbro in the shape of a man.  These strange creatures are found deep underground.,呈人形的活體輝長岩。這些奇異的生物生活在地下深處。,[REVIEWED:1]
Magma moving in the shape of a man.  It has a cracked black crust.,以人形移動的岩漿。牠覆有龜裂的黑色外殼。,[REVIEWED:1]
The bookkeeper keeps an accurate count of items in the fortress. They work in their office to improve the precision of the count.,簿記員負責精確清點要塞中的物品，並在辦公室工作以提高清點結果的精度。,[REVIEWED:1]
The broker uses their appraisal skill to allow you to see the value of items in the fortress. They are also the default negotiator with visiting merchants.,經紀人運用估價技能，讓你得知要塞內物品的價值。他們也是與來訪商人交涉的預設人選。,[REVIEWED:1]
The chief medical dwarf allows you to see the overall health of dwarves in your fortress.,首席醫療矮人讓你查看要塞中矮人的整體健康狀況。,[REVIEWED:1]
The largest of the giant cats.  It can be found hunting alone in the most savage countryside.,巨型貓科動物中體型最大的一種。牠會在最蠻荒的野外獨自狩獵。,[REVIEWED:1]
"The manager handles work orders. Once your fortress reaches a certain population, the manager must work in an office to validate work orders.",管理員負責處理工作訂單。要塞達到一定人口後，管理員必須在辦公室工作，才能核准工作訂單。,[REVIEWED:1]
The most intelligent of birds.  It can be found in the rainforest.,鳥類中最聰明的一種。牠棲息於雨林。,[REVIEWED:1]
These creatures are shaped like men covered with rough scales.  They have the head and tail of a lizard and possess a dark and evil intelligence.  They are found deep under the earth.,這些生物形似覆有粗糙鱗片的人類。牠們長有蜥蜴的頭與尾巴，擁有陰暗邪惡的智慧。牠們生活在地下深處。,[REVIEWED:1]
These evil creatures resemble walking frogs with arms and the intelligence to use them.  They live in the waters far under the earth.,這些邪惡的生物形似會走路的青蛙，長有雙臂，也有運用雙臂的智慧。牠們生活在地下深處的水域。,[REVIEWED:1]
"This is a medium-sized creature with legs and arms, but the long neck and head of an ostrich.",這是一種長有雙腿與雙臂的中型生物，卻有鴕鳥般的長頸與頭部。,[REVIEWED:1]
This tiny insect can be found in huge colonies in the dirt.  They overwhelm their enemies with swarms.  Some have poison bites.,這種微小的昆蟲會在土中形成龐大的群落。牠們以蜂擁而上的數量壓倒敵人。有些個體咬人帶毒。,[REVIEWED:1]
DFL_LEGENDS_RACE:aardvark,土豚,[REVIEWED:1]
DFL_LEGENDS_RACE:aardvark man,土豚人,[REVIEWED:1]
DFL_LEGENDS_RACE:aardvark men,土豚人,[REVIEWED:1]
DFL_LEGENDS_RACE:aardvark woman,雌土豚人,[REVIEWED:1]
DFL_LEGENDS_RACE:aardvark women,雌土豚人,[REVIEWED:1]
DFL_LEGENDS_RACE:aardvarks,土豚,[REVIEWED:1]
DFL_LEGENDS_RACE:acorn flies,橡子蠅,[REVIEWED:1]
DFL_LEGENDS_RACE:acorn fly,橡子蠅,[REVIEWED:1]
DFL_LEGENDS_RACE:adder,蝰蛇,[REVIEWED:1]
DFL_LEGENDS_RACE:adder man,蝰蛇人,[REVIEWED:1]
DFL_LEGENDS_RACE:adder men,蝰蛇人,[REVIEWED:1]
DFL_LEGENDS_RACE:adder woman,女蝰蛇人,[REVIEWED:1]
DFL_LEGENDS_RACE:adder women,女蝰蛇人,[REVIEWED:1]
DFL_LEGENDS_RACE:adders,蝰蛇,[REVIEWED:1]
DFL_LEGENDS_RACE:aegirocassis,海神盔蝦,[REVIEWED:1]
DFL_LEGENDS_RACE:aegirocassis man,海神盔蝦人,[REVIEWED:1]
DFL_LEGENDS_RACE:aegirocassis men,海神盔蝦人,[REVIEWED:1]
DFL_LEGENDS_RACE:aegirocassis woman,雌海神盔蝦人,[REVIEWED:1]
DFL_LEGENDS_RACE:aegirocassis women,雌海神盔蝦人,[REVIEWED:1]
DFL_LEGENDS_RACE:afrovenator,非洲獵龍,[REVIEWED:1]
DFL_LEGENDS_RACE:afrovenator man,非洲獵龍人,[REVIEWED:1]
DFL_LEGENDS_RACE:afrovenator men,非洲獵龍人,[REVIEWED:1]
DFL_LEGENDS_RACE:afrovenator woman,雌非洲獵龍人,[REVIEWED:1]
DFL_LEGENDS_RACE:afrovenator women,雌非洲獵龍人,[REVIEWED:1]
DFL_LEGENDS_RACE:albatross,信天翁,[REVIEWED:1]
DFL_LEGENDS_RACE:albatross man,信天翁人,[REVIEWED:1]
DFL_LEGENDS_RACE:albatross men,信天翁人,[REVIEWED:1]
DFL_LEGENDS_RACE:albatross woman,雌信天翁人,[REVIEWED:1]
DFL_LEGENDS_RACE:albatross women,雌信天翁人,[REVIEWED:1]
DFL_LEGENDS_RACE:albatrosses,信天翁,[REVIEWED:1]
DFL_LEGENDS_RACE:alligator,短吻鱷,[REVIEWED:1]
DFL_LEGENDS_RACE:alligator man,短吻鱷人,[REVIEWED:1]
DFL_LEGENDS_RACE:alligator men,短吻鱷人,[REVIEWED:1]
DFL_LEGENDS_RACE:alligator snapping turtle,大鱷龜,[REVIEWED:1]
DFL_LEGENDS_RACE:alligator snapping turtles,大鱷龜,[REVIEWED:1]
DFL_LEGENDS_RACE:alligator woman,女短吻鱷人,[REVIEWED:1]
DFL_LEGENDS_RACE:alligator women,女短吻鱷人,[REVIEWED:1]
DFL_LEGENDS_RACE:alligators,短吻鱷,[REVIEWED:1]
DFL_LEGENDS_RACE:allosaurus,異特龍,[REVIEWED:1]
DFL_LEGENDS_RACE:allosaurus man,異特龍人,[REVIEWED:1]
DFL_LEGENDS_RACE:allosaurus men,異特龍人,[REVIEWED:1]
DFL_LEGENDS_RACE:allosaurus woman,雌異特龍人,[REVIEWED:1]
DFL_LEGENDS_RACE:allosaurus women,雌異特龍人,[REVIEWED:1]
DFL_LEGENDS_RACE:alpaca,羊駝,[REVIEWED:1]
DFL_LEGENDS_RACE:alpacas,羊駝,[REVIEWED:1]
DFL_LEGENDS_RACE:amargasaurus,阿瑪加龍,[REVIEWED:1]
DFL_LEGENDS_RACE:amargasaurus man,阿瑪加龍人,[REVIEWED:1]
DFL_LEGENDS_RACE:amargasaurus men,阿瑪加龍人,[REVIEWED:1]
DFL_LEGENDS_RACE:amargasaurus woman,雌阿瑪加龍人,[REVIEWED:1]
DFL_LEGENDS_RACE:amargasaurus women,雌阿瑪加龍人,[REVIEWED:1]
DFL_LEGENDS_RACE:amethyst man,紫水晶人,[REVIEWED:1]
DFL_LEGENDS_RACE:amethyst men,紫水晶人,[REVIEWED:1]
DFL_LEGENDS_RACE:ammonite,菊石,[REVIEWED:1]
DFL_LEGENDS_RACE:ammonite man,菊石人,[REVIEWED:1]
DFL_LEGENDS_RACE:ammonite men,菊石人,[REVIEWED:1]
DFL_LEGENDS_RACE:ammonite woman,雌菊石人,[REVIEWED:1]
DFL_LEGENDS_RACE:ammonite women,雌菊石人,[REVIEWED:1]
DFL_LEGENDS_RACE:amphibian man,兩棲動物人,[REVIEWED:1]
DFL_LEGENDS_RACE:amphibian men,兩棲動物人,[REVIEWED:1]
DFL_LEGENDS_RACE:amphibian woman,雌兩棲動物人,[REVIEWED:1]
DFL_LEGENDS_RACE:amphibian women,雌兩棲動物人,[REVIEWED:1]
DFL_LEGENDS_RACE:anaconda,水蟒,[REVIEWED:1]
DFL_LEGENDS_RACE:anaconda man,水蟒人,[REVIEWED:1]
DFL_LEGENDS_RACE:anaconda men,水蟒人,[REVIEWED:1]
DFL_LEGENDS_RACE:anaconda woman,雌水蟒人,[REVIEWED:1]
DFL_LEGENDS_RACE:anaconda women,雌水蟒人,[REVIEWED:1]
DFL_LEGENDS_RACE:anacondas,水蟒,[REVIEWED:1]
DFL_LEGENDS_RACE:anchovies,鳳尾魚,[REVIEWED:1]
DFL_LEGENDS_RACE:anchovy,鳳尾魚,[REVIEWED:1]
DFL_LEGENDS_RACE:andrewsarchus,安氏中獸,[REVIEWED:1]
DFL_LEGENDS_RACE:andrewsarchus man,安氏中獸人,[REVIEWED:1]
DFL_LEGENDS_RACE:andrewsarchus men,安氏中獸人,[REVIEWED:1]
DFL_LEGENDS_RACE:andrewsarchus woman,雌安氏中獸人,[REVIEWED:1]
DFL_LEGENDS_RACE:andrewsarchus women,雌安氏中獸人,[REVIEWED:1]
DFL_LEGENDS_RACE:angelshark,扁鯊,[REVIEWED:1]
DFL_LEGENDS_RACE:angelsharks,扁鯊,[REVIEWED:1]
DFL_LEGENDS_RACE:ankylosaurus,甲龍,[REVIEWED:1]
DFL_LEGENDS_RACE:ankylosaurus man,甲龍人,[REVIEWED:1]
DFL_LEGENDS_RACE:ankylosaurus men,甲龍人,[REVIEWED:1]
DFL_LEGENDS_RACE:ankylosaurus woman,雌甲龍人,[REVIEWED:1]
DFL_LEGENDS_RACE:ankylosaurus women,雌甲龍人,[REVIEWED:1]
DFL_LEGENDS_RACE:anole,安樂蜥,[REVIEWED:1]
DFL_LEGENDS_RACE:anole man,安樂蜥人,[REVIEWED:1]
DFL_LEGENDS_RACE:anole men,安樂蜥人,[REVIEWED:1]
DFL_LEGENDS_RACE:anole woman,女安樂蜥人,[REVIEWED:1]
DFL_LEGENDS_RACE:anole women,女安樂蜥人,[REVIEWED:1]
DFL_LEGENDS_RACE:anoles,安樂蜥,[REVIEWED:1]
DFL_LEGENDS_RACE:anomalocaris,奇蝦,[REVIEWED:1]
DFL_LEGENDS_RACE:anomalocaris man,奇蝦人,[REVIEWED:1]
DFL_LEGENDS_RACE:anomalocaris men,奇蝦人,[REVIEWED:1]
DFL_LEGENDS_RACE:anomalocaris woman,雌奇蝦人,[REVIEWED:1]
DFL_LEGENDS_RACE:anomalocaris women,雌奇蝦人,[REVIEWED:1]
DFL_LEGENDS_RACE:ant,螞蟻,[REVIEWED:1]
DFL_LEGENDS_RACE:anteosaurus,安蒂歐獸,[REVIEWED:1]
DFL_LEGENDS_RACE:anteosaurus man,安蒂歐獸人,[REVIEWED:1]
DFL_LEGENDS_RACE:anteosaurus men,安蒂歐獸人,[REVIEWED:1]
DFL_LEGENDS_RACE:anteosaurus woman,雌安蒂歐獸人,[REVIEWED:1]
DFL_LEGENDS_RACE:anteosaurus women,雌安蒂歐獸人,[REVIEWED:1]
DFL_LEGENDS_RACE:antman,螞蟻人,[REVIEWED:1]
DFL_LEGENDS_RACE:antmen,螞蟻人,[REVIEWED:1]
DFL_LEGENDS_RACE:ants,螞蟻,[REVIEWED:1]
DFL_LEGENDS_RACE:archaeopteryx,始祖鳥,[REVIEWED:1]
DFL_LEGENDS_RACE:archaeopteryx man,始祖鳥人,[REVIEWED:1]
DFL_LEGENDS_RACE:archaeopteryx men,始祖鳥人,[REVIEWED:1]
DFL_LEGENDS_RACE:archaeopteryx woman,雌始祖鳥人,[REVIEWED:1]
DFL_LEGENDS_RACE:archaeopteryx women,雌始祖鳥人,[REVIEWED:1]
DFL_LEGENDS_RACE:archelon,古巨龜,[REVIEWED:1]
DFL_LEGENDS_RACE:archelon man,古巨龜人,[REVIEWED:1]
DFL_LEGENDS_RACE:archelon men,古巨龜人,[REVIEWED:1]
DFL_LEGENDS_RACE:archelon woman,雌古巨龜人,[REVIEWED:1]
DFL_LEGENDS_RACE:archelon women,雌古巨龜人,[REVIEWED:1]
DFL_LEGENDS_RACE:armadillo,犰狳,[REVIEWED:1]
DFL_LEGENDS_RACE:armadillo boar,雄犰狳,[REVIEWED:1]
DFL_LEGENDS_RACE:armadillo boars,雄犰狳,[REVIEWED:1]
DFL_LEGENDS_RACE:armadillo man,犰狳人,[REVIEWED:1]
DFL_LEGENDS_RACE:armadillo men,犰狳人,[REVIEWED:1]
DFL_LEGENDS_RACE:armadillo sow,雌犰狳,[REVIEWED:1]
DFL_LEGENDS_RACE:armadillo sows,雌犰狳,[REVIEWED:1]
DFL_LEGENDS_RACE:armadillo woman,女犰狳人,[REVIEWED:1]
DFL_LEGENDS_RACE:armadillo women,女犰狳人,[REVIEWED:1]
DFL_LEGENDS_RACE:armadillos,犰狳,[REVIEWED:1]
DFL_LEGENDS_RACE:arthropleura,古馬陸,[REVIEWED:1]
DFL_LEGENDS_RACE:arthropleura man,古馬陸人,[REVIEWED:1]
DFL_LEGENDS_RACE:arthropleura men,古馬陸人,[REVIEWED:1]
DFL_LEGENDS_RACE:arthropleura woman,雌古馬陸人,[REVIEWED:1]
DFL_LEGENDS_RACE:arthropleura women,雌古馬陸人,[REVIEWED:1]
DFL_LEGENDS_RACE:axolotl,蠑螈,[REVIEWED:1]
DFL_LEGENDS_RACE:axolotl man,蠑螈人,[REVIEWED:1]
DFL_LEGENDS_RACE:axolotl men,蠑螈人,[REVIEWED:1]
DFL_LEGENDS_RACE:axolotl woman,女蠑螈人,[REVIEWED:1]
DFL_LEGENDS_RACE:axolotl women,女蠑螈人,[REVIEWED:1]
DFL_LEGENDS_RACE:axolotls,蠑螈,[REVIEWED:1]
DFL_LEGENDS_RACE:aye-aye,指猴,[REVIEWED:1]
DFL_LEGENDS_RACE:aye-aye man,指猴人,[REVIEWED:1]
DFL_LEGENDS_RACE:aye-aye men,指猴人,[REVIEWED:1]
DFL_LEGENDS_RACE:aye-aye woman,雌指猴人,[REVIEWED:1]
DFL_LEGENDS_RACE:aye-aye women,雌指猴人,[REVIEWED:1]
DFL_LEGENDS_RACE:aye-ayes,指猴,[REVIEWED:1]
DFL_LEGENDS_RACE:badger,鼬獾,[REVIEWED:1]
DFL_LEGENDS_RACE:badger boar,雄鼬獾,[REVIEWED:1]
DFL_LEGENDS_RACE:badger boars,雄鼬獾,[REVIEWED:1]
DFL_LEGENDS_RACE:badger man,鼬獾人,[REVIEWED:1]
DFL_LEGENDS_RACE:badger men,鼬獾人,[REVIEWED:1]
DFL_LEGENDS_RACE:badger sow,雌鼬獾,[REVIEWED:1]
DFL_LEGENDS_RACE:badger sows,雌鼬獾,[REVIEWED:1]
DFL_LEGENDS_RACE:badger woman,女鼬獾人,[REVIEWED:1]
DFL_LEGENDS_RACE:badger women,女鼬獾人,[REVIEWED:1]
DFL_LEGENDS_RACE:badgers,鼬獾,[REVIEWED:1]
DFL_LEGENDS_RACE:banded knifefish,帶狀刀魚,[REVIEWED:1]
DFL_LEGENDS_RACE:bark scorpion,樹皮蠍,[REVIEWED:1]
DFL_LEGENDS_RACE:bark scorpion man,樹皮蠍人,[REVIEWED:1]
DFL_LEGENDS_RACE:bark scorpion men,樹皮蠍人,[REVIEWED:1]
DFL_LEGENDS_RACE:bark scorpion woman,雌樹皮蠍人,[REVIEWED:1]
DFL_LEGENDS_RACE:bark scorpion women,雌樹皮蠍人,[REVIEWED:1]
DFL_LEGENDS_RACE:bark scorpions,樹皮蠍,[REVIEWED:1]
DFL_LEGENDS_RACE:barn owl,倉鴞,[REVIEWED:1]
DFL_LEGENDS_RACE:barn owl man,倉鴞人,[REVIEWED:1]
DFL_LEGENDS_RACE:barn owl men,倉鴞人,[REVIEWED:1]
DFL_LEGENDS_RACE:barn owl woman,雌倉鴞人,[REVIEWED:1]
DFL_LEGENDS_RACE:barn owl women,雌倉鴞人,[REVIEWED:1]
DFL_LEGENDS_RACE:barn owls,倉鴞,[REVIEWED:1]
DFL_LEGENDS_RACE:basking shark,姥鯊,[REVIEWED:1]
DFL_LEGENDS_RACE:basking sharks,姥鯊,[REVIEWED:1]
DFL_LEGENDS_RACE:bat,蝙蝠,[REVIEWED:1]
DFL_LEGENDS_RACE:bat man,蝙蝠人,[REVIEWED:1]
DFL_LEGENDS_RACE:bat men,蝙蝠人,[REVIEWED:1]
DFL_LEGENDS_RACE:bat ray,蝠鱝,[REVIEWED:1]
DFL_LEGENDS_RACE:bat rays,蝠鱝,[REVIEWED:1]
DFL_LEGENDS_RACE:bat woman,雌蝙蝠人,[REVIEWED:1]
DFL_LEGENDS_RACE:bat women,雌蝙蝠人,[REVIEWED:1]
DFL_LEGENDS_RACE:bats,蝙蝠,[REVIEWED:1]
DFL_LEGENDS_RACE:beak dog,喙狗,[REVIEWED:1]
DFL_LEGENDS_RACE:beak dogs,喙狗,[REVIEWED:1]
DFL_LEGENDS_RACE:beaver,海狸,[REVIEWED:1]
DFL_LEGENDS_RACE:beaver man,海狸人,[REVIEWED:1]
DFL_LEGENDS_RACE:beaver men,海狸人,[REVIEWED:1]
DFL_LEGENDS_RACE:beaver woman,女海狸人,[REVIEWED:1]
DFL_LEGENDS_RACE:beaver women,女海狸人,[REVIEWED:1]
DFL_LEGENDS_RACE:beavers,海狸,[REVIEWED:1]
DFL_LEGENDS_RACE:beetle,甲蟲,[REVIEWED:1]
DFL_LEGENDS_RACE:beetle man,甲蟲人,[REVIEWED:1]
DFL_LEGENDS_RACE:beetle men,甲蟲人,[REVIEWED:1]
DFL_LEGENDS_RACE:beetle woman,女甲蟲人,[REVIEWED:1]
DFL_LEGENDS_RACE:beetle women,女甲蟲人,[REVIEWED:1]
DFL_LEGENDS_RACE:beetles,甲蟲,[REVIEWED:1]
DFL_LEGENDS_RACE:billy goat,公山羊,[REVIEWED:1]
DFL_LEGENDS_RACE:billy goats,公山羊,[REVIEWED:1]
DFL_LEGENDS_RACE:bilou,矮長臂猿,[REVIEWED:1]
DFL_LEGENDS_RACE:bilous,矮長臂猿,[REVIEWED:1]
DFL_LEGENDS_RACE:black bear,黑熊,[REVIEWED:1]
DFL_LEGENDS_RACE:black bear man,黑熊人,[REVIEWED:1]
DFL_LEGENDS_RACE:black bear men,黑熊人,[REVIEWED:1]
DFL_LEGENDS_RACE:black bear woman,女黑熊人,[REVIEWED:1]
DFL_LEGENDS_RACE:black bear women,女黑熊人,[REVIEWED:1]
DFL_LEGENDS_RACE:black bears,黑熊,[REVIEWED:1]
DFL_LEGENDS_RACE:black bullhead,黑鯰魚,[REVIEWED:1]
DFL_LEGENDS_RACE:black bullheads,黑鯰魚,[REVIEWED:1]
DFL_LEGENDS_RACE:black mamba,黑曼巴蛇,[REVIEWED:1]
DFL_LEGENDS_RACE:black mamba man,黑曼巴蛇人,[REVIEWED:1]
DFL_LEGENDS_RACE:black mamba men,黑曼巴蛇人,[REVIEWED:1]
DFL_LEGENDS_RACE:black mamba woman,雌黑曼巴蛇人,[REVIEWED:1]
DFL_LEGENDS_RACE:black mamba women,雌黑曼巴蛇人,[REVIEWED:1]
DFL_LEGENDS_RACE:black mambas,黑曼巴蛇,[REVIEWED:1]
DFL_LEGENDS_RACE:black-crested gibbon,黑冠長臂猿,[REVIEWED:1]
DFL_LEGENDS_RACE:black-crested gibbons,黑冠長臂猿,[REVIEWED:1]
DFL_LEGENDS_RACE:black-handed gibbon,黑掌長臂猿,[REVIEWED:1]
DFL_LEGENDS_RACE:black-handed gibbons,黑掌長臂猿,[REVIEWED:1]
DFL_LEGENDS_RACE:blacktip reef shark,黑鰭礁鯊,[REVIEWED:1]
DFL_LEGENDS_RACE:blacktip reef sharks,黑鰭礁鯊,[REVIEWED:1]
DFL_LEGENDS_RACE:blind cave bear,盲洞穴熊,[REVIEWED:1]
DFL_LEGENDS_RACE:blind cave bears,盲洞穴熊,[REVIEWED:1]
DFL_LEGENDS_RACE:blind cave ogre,盲洞穴食人魔,[REVIEWED:1]
DFL_LEGENDS_RACE:blind cave ogres,盲洞穴食人魔,[REVIEWED:1]
DFL_LEGENDS_RACE:blizzard man,暴風雪人,[REVIEWED:1]
DFL_LEGENDS_RACE:blizzard men,暴風雪人,[REVIEWED:1]
DFL_LEGENDS_RACE:blood gnat,血飛蟲,[REVIEWED:1]
DFL_LEGENDS_RACE:blood gnats,血飛蟲,[REVIEWED:1]
DFL_LEGENDS_RACE:blood man,血人,[REVIEWED:1]
DFL_LEGENDS_RACE:blood men,血人,[REVIEWED:1]
DFL_LEGENDS_RACE:blue jay,冠藍鴉,[REVIEWED:1]
DFL_LEGENDS_RACE:blue jays,冠藍鴉,[REVIEWED:1]
DFL_LEGENDS_RACE:blue peacock,藍孔雀雄鳥,[REVIEWED:1]
DFL_LEGENDS_RACE:blue peacocks,藍孔雀雄鳥,[REVIEWED:1]
DFL_LEGENDS_RACE:blue peafowl,藍孔雀,[REVIEWED:1]
DFL_LEGENDS_RACE:blue peafowls,藍孔雀,[REVIEWED:1]
DFL_LEGENDS_RACE:blue peahen,藍孔雀雌鳥,[REVIEWED:1]
DFL_LEGENDS_RACE:blue peahens,藍孔雀雌鳥,[REVIEWED:1]
DFL_LEGENDS_RACE:blue shark,大青鯊,[REVIEWED:1]
DFL_LEGENDS_RACE:blue sharks,大青鯊,[REVIEWED:1]
DFL_LEGENDS_RACE:bluefin tuna,藍鰭金槍魚,[REVIEWED:1]
DFL_LEGENDS_RACE:bluefish,扁鰺,[REVIEWED:1]
DFL_LEGENDS_RACE:bluejay man,冠藍鴉人,[REVIEWED:1]
DFL_LEGENDS_RACE:bluejay men,冠藍鴉人,[REVIEWED:1]
DFL_LEGENDS_RACE:bluejay woman,雌冠藍鴉人,[REVIEWED:1]
DFL_LEGENDS_RACE:bluejay women,雌冠藍鴉人,[REVIEWED:1]
DFL_LEGENDS_RACE:boar,公豬,[REVIEWED:1]
DFL_LEGENDS_RACE:boars,公豬,[REVIEWED:1]
DFL_LEGENDS_RACE:bobcat,短尾貓,[REVIEWED:1]
DFL_LEGENDS_RACE:bobcat man,短尾貓人,[REVIEWED:1]
DFL_LEGENDS_RACE:bobcat men,短尾貓人,[REVIEWED:1]
DFL_LEGENDS_RACE:bobcat woman,女短尾貓人,[REVIEWED:1]
DFL_LEGENDS_RACE:bobcat women,女短尾貓人,[REVIEWED:1]
DFL_LEGENDS_RACE:bobcats,短尾貓,[REVIEWED:1]
DFL_LEGENDS_RACE:bonobo,倭黑猩猩,[REVIEWED:1]
DFL_LEGENDS_RACE:bonobos,倭黑猩猩,[REVIEWED:1]
DFL_LEGENDS_RACE:brachiosaurus,腕龍,[REVIEWED:1]
DFL_LEGENDS_RACE:brachiosaurus man,腕龍人,[REVIEWED:1]
DFL_LEGENDS_RACE:brachiosaurus men,腕龍人,[REVIEWED:1]
DFL_LEGENDS_RACE:brachiosaurus woman,雌腕龍人,[REVIEWED:1]
DFL_LEGENDS_RACE:brachiosaurus women,雌腕龍人,[REVIEWED:1]
DFL_LEGENDS_RACE:brontosaurus,雷龍,[REVIEWED:1]
DFL_LEGENDS_RACE:brontosaurus man,雷龍人,[REVIEWED:1]
DFL_LEGENDS_RACE:brontosaurus men,雷龍人,[REVIEWED:1]
DFL_LEGENDS_RACE:brontosaurus woman,雌雷龍人,[REVIEWED:1]
DFL_LEGENDS_RACE:brontosaurus women,雌雷龍人,[REVIEWED:1]
DFL_LEGENDS_RACE:bronze colossus,青銅巨像,[REVIEWED:1]
DFL_LEGENDS_RACE:bronze colossuses,青銅巨像,[REVIEWED:1]
DFL_LEGENDS_RACE:brook lamprey,河七鰓鰻,[REVIEWED:1]
DFL_LEGENDS_RACE:brook lampreys,河七鰓鰻,[REVIEWED:1]
DFL_LEGENDS_RACE:brown bullhead,棕鯰魚,[REVIEWED:1]
DFL_LEGENDS_RACE:brown bullheads,棕鯰魚,[REVIEWED:1]
DFL_LEGENDS_RACE:brown recluse spider,棕色遁蛛,[REVIEWED:1]
DFL_LEGENDS_RACE:brown recluse spider man,棕色遁蛛人,[REVIEWED:1]
DFL_LEGENDS_RACE:brown recluse spider men,棕色遁蛛人,[REVIEWED:1]
DFL_LEGENDS_RACE:brown recluse spider woman,女棕色遁蛛人,[REVIEWED:1]
DFL_LEGENDS_RACE:brown recluse spider women,女棕色遁蛛人,[REVIEWED:1]
DFL_LEGENDS_RACE:brown recluse spiders,棕色遁蛛,[REVIEWED:1]
DFL_LEGENDS_RACE:buck hare,雄野兔,[REVIEWED:1]
DFL_LEGENDS_RACE:buck hares,雄野兔,[REVIEWED:1]
DFL_LEGENDS_RACE:buck rabbit,公家兔,[REVIEWED:1]
DFL_LEGENDS_RACE:buck rabbits,公家兔,[REVIEWED:1]
DFL_LEGENDS_RACE:bugbat,蟲蝠,[REVIEWED:1]
DFL_LEGENDS_RACE:bugbats,蟲蝠,[REVIEWED:1]
DFL_LEGENDS_RACE:buitreraptor,鷲龍,[REVIEWED:1]
DFL_LEGENDS_RACE:buitreraptor man,鷲龍人,[REVIEWED:1]
DFL_LEGENDS_RACE:buitreraptor men,鷲龍人,[REVIEWED:1]
DFL_LEGENDS_RACE:buitreraptor woman,雌鷲龍人,[REVIEWED:1]
DFL_LEGENDS_RACE:buitreraptor women,雌鷲龍人,[REVIEWED:1]
DFL_LEGENDS_RACE:bull,公牛,[REVIEWED:1]
DFL_LEGENDS_RACE:bull moose,雄駝鹿,[REVIEWED:1]
DFL_LEGENDS_RACE:bull shark,牛鯊,[REVIEWED:1]
DFL_LEGENDS_RACE:bull sharks,牛鯊,[REVIEWED:1]
DFL_LEGENDS_RACE:bulls,公牛,[REVIEWED:1]
DFL_LEGENDS_RACE:bumblebee,大黃蜂,[REVIEWED:1]
DFL_LEGENDS_RACE:bumblebee drone,大黃蜂雄蜂,[REVIEWED:1]
DFL_LEGENDS_RACE:bumblebee drones,大黃蜂雄蜂,[REVIEWED:1]
DFL_LEGENDS_RACE:bumblebee queen,大黃蜂蜂后,[REVIEWED:1]
DFL_LEGENDS_RACE:bumblebee queens,大黃蜂蜂后,[REVIEWED:1]
DFL_LEGENDS_RACE:bumblebee worker,大黃蜂工蜂,[REVIEWED:1]
DFL_LEGENDS_RACE:bumblebee workers,大黃蜂工蜂,[REVIEWED:1]
DFL_LEGENDS_RACE:bumblebees,大黃蜂,[REVIEWED:1]
DFL_LEGENDS_RACE:bushmaster,巨蝮,[REVIEWED:1]
DFL_LEGENDS_RACE:bushmaster man,巨蝮人,[REVIEWED:1]
DFL_LEGENDS_RACE:bushmaster men,巨蝮人,[REVIEWED:1]
DFL_LEGENDS_RACE:bushmaster woman,雌巨蝮人,[REVIEWED:1]
DFL_LEGENDS_RACE:bushmaster women,雌巨蝮人,[REVIEWED:1]
DFL_LEGENDS_RACE:bushmasters,巨蝮,[REVIEWED:1]
DFL_LEGENDS_RACE:bushtit,叢山雀,[REVIEWED:1]
DFL_LEGENDS_RACE:bushtit man,叢山雀人,[REVIEWED:1]
DFL_LEGENDS_RACE:bushtit men,叢山雀人,[REVIEWED:1]
DFL_LEGENDS_RACE:bushtit woman,雌叢山雀人,[REVIEWED:1]
DFL_LEGENDS_RACE:bushtit women,雌叢山雀人,[REVIEWED:1]
DFL_LEGENDS_RACE:bushtits,叢山雀,[REVIEWED:1]
DFL_LEGENDS_RACE:buzzard,禿鷹,[REVIEWED:1]
DFL_LEGENDS_RACE:buzzard man,禿鷹人,[REVIEWED:1]
DFL_LEGENDS_RACE:buzzard men,禿鷹人,[REVIEWED:1]
DFL_LEGENDS_RACE:buzzard woman,女禿鷹人,[REVIEWED:1]
DFL_LEGENDS_RACE:buzzard women,女禿鷹人,[REVIEWED:1]
DFL_LEGENDS_RACE:buzzards,禿鷹,[REVIEWED:1]
DFL_LEGENDS_RACE:cap hopper,菌蓋跳蟲,[REVIEWED:1]
DFL_LEGENDS_RACE:cap hoppers,菌蓋跳蟲,[REVIEWED:1]
DFL_LEGENDS_RACE:capuchin,捲尾猴,[REVIEWED:1]
DFL_LEGENDS_RACE:capuchin man,捲尾猴人,[REVIEWED:1]
DFL_LEGENDS_RACE:capuchin men,捲尾猴人,[REVIEWED:1]
DFL_LEGENDS_RACE:capuchin woman,雌捲尾猴人,[REVIEWED:1]
DFL_LEGENDS_RACE:capuchin women,雌捲尾猴人,[REVIEWED:1]
DFL_LEGENDS_RACE:capuchins,捲尾猴,[REVIEWED:1]
DFL_LEGENDS_RACE:capybara,水豚,[REVIEWED:1]
DFL_LEGENDS_RACE:capybara man,水豚人,[REVIEWED:1]
DFL_LEGENDS_RACE:capybara men,水豚人,[REVIEWED:1]
DFL_LEGENDS_RACE:capybara woman,女水豚人,[REVIEWED:1]
DFL_LEGENDS_RACE:capybara women,女水豚人,[REVIEWED:1]
DFL_LEGENDS_RACE:capybaras,水豚,[REVIEWED:1]
DFL_LEGENDS_RACE:cardinal,紅衣鳳頭鳥,[REVIEWED:1]
DFL_LEGENDS_RACE:cardinal man,紅衣鳳頭鳥人,[REVIEWED:1]
DFL_LEGENDS_RACE:cardinal men,紅衣鳳頭鳥人,[REVIEWED:1]
DFL_LEGENDS_RACE:cardinal woman,雌紅衣鳳頭鳥人,[REVIEWED:1]
DFL_LEGENDS_RACE:cardinal women,雌紅衣鳳頭鳥人,[REVIEWED:1]
DFL_LEGENDS_RACE:cardinals,紅衣鳳頭鳥,[REVIEWED:1]
DFL_LEGENDS_RACE:carnotaurus,食肉牛龍,[REVIEWED:1]
DFL_LEGENDS_RACE:carnotaurus man,食肉牛龍人,[REVIEWED:1]
DFL_LEGENDS_RACE:carnotaurus men,食肉牛龍人,[REVIEWED:1]
DFL_LEGENDS_RACE:carnotaurus woman,雌食肉牛龍人,[REVIEWED:1]
DFL_LEGENDS_RACE:carnotaurus women,雌食肉牛龍人,[REVIEWED:1]
DFL_LEGENDS_RACE:carp,鯉魚,[REVIEWED:1]
DFL_LEGENDS_RACE:cassowaries,鶴鴕,[REVIEWED:1]
DFL_LEGENDS_RACE:cassowary,鶴鴕,[REVIEWED:1]
DFL_LEGENDS_RACE:cassowary man,鶴鴕人,[REVIEWED:1]
DFL_LEGENDS_RACE:cassowary men,鶴鴕人,[REVIEWED:1]
DFL_LEGENDS_RACE:cassowary woman,雌鶴鴕人,[REVIEWED:1]
DFL_LEGENDS_RACE:cassowary women,雌鶴鴕人,[REVIEWED:1]
DFL_LEGENDS_RACE:cat,家貓,[REVIEWED:1]
DFL_LEGENDS_RACE:cats,家貓,[REVIEWED:1]
DFL_LEGENDS_RACE:cave blob,洞穴滴團,[REVIEWED:1]
DFL_LEGENDS_RACE:cave blobs,洞穴滴團,[REVIEWED:1]
DFL_LEGENDS_RACE:cave crocodile,洞穴鱷魚,[REVIEWED:1]
DFL_LEGENDS_RACE:cave crocodiles,洞穴鱷魚,[REVIEWED:1]
DFL_LEGENDS_RACE:cave dragon,洞穴龍,[REVIEWED:1]
DFL_LEGENDS_RACE:cave dragons,洞穴龍,[REVIEWED:1]
DFL_LEGENDS_RACE:cave fish,洞穴魚,[REVIEWED:1]
DFL_LEGENDS_RACE:cave fish man,洞穴魚人,[REVIEWED:1]
DFL_LEGENDS_RACE:cave fish men,洞穴魚人,[REVIEWED:1]
DFL_LEGENDS_RACE:cave fish woman,雌洞穴魚人,[REVIEWED:1]
DFL_LEGENDS_RACE:cave fish women,雌洞穴魚人,[REVIEWED:1]
DFL_LEGENDS_RACE:cave floater,洞穴飄浮者,[REVIEWED:1]
DFL_LEGENDS_RACE:cave floaters,洞穴飄浮者,[REVIEWED:1]
DFL_LEGENDS_RACE:cave lobster,洞穴龍蝦,[REVIEWED:1]
DFL_LEGENDS_RACE:cave lobsters,洞穴龍蝦,[REVIEWED:1]
DFL_LEGENDS_RACE:cave spider,洞穴蜘蛛,[REVIEWED:1]
DFL_LEGENDS_RACE:cave spiders,洞穴蜘蛛,[REVIEWED:1]
DFL_LEGENDS_RACE:cave swallow,洞穴燕,[REVIEWED:1]
DFL_LEGENDS_RACE:cave swallow man,洞穴燕人,[REVIEWED:1]
DFL_LEGENDS_RACE:cave swallow men,洞穴燕人,[REVIEWED:1]
DFL_LEGENDS_RACE:cave swallow woman,雌洞穴燕人,[REVIEWED:1]
DFL_LEGENDS_RACE:cave swallow women,雌洞穴燕人,[REVIEWED:1]
DFL_LEGENDS_RACE:cave swallows,洞穴燕,[REVIEWED:1]
DFL_LEGENDS_RACE:cavies,豚鼠,[REVIEWED:1]
DFL_LEGENDS_RACE:cavy,豚鼠,[REVIEWED:1]
DFL_LEGENDS_RACE:cavy boar,公豚鼠,[REVIEWED:1]
DFL_LEGENDS_RACE:cavy boars,公豚鼠,[REVIEWED:1]
DFL_LEGENDS_RACE:cavy sow,母豚鼠,[REVIEWED:1]
DFL_LEGENDS_RACE:cavy sows,母豚鼠,[REVIEWED:1]
DFL_LEGENDS_RACE:centaur,半人馬,[REVIEWED:1]
DFL_LEGENDS_RACE:centauress,女性半人馬,[REVIEWED:1]
DFL_LEGENDS_RACE:centauresses,女性半人馬,[REVIEWED:1]
DFL_LEGENDS_RACE:centaurs,半人馬,[REVIEWED:1]
DFL_LEGENDS_RACE:ceratosaurus,角鼻龍,[REVIEWED:1]
DFL_LEGENDS_RACE:ceratosaurus man,角鼻龍人,[REVIEWED:1]
DFL_LEGENDS_RACE:ceratosaurus men,角鼻龍人,[REVIEWED:1]
DFL_LEGENDS_RACE:ceratosaurus woman,雌角鼻龍人,[REVIEWED:1]
DFL_LEGENDS_RACE:ceratosaurus women,雌角鼻龍人,[REVIEWED:1]
DFL_LEGENDS_RACE:chameleon,變色蜥,[REVIEWED:1]
DFL_LEGENDS_RACE:chameleon man,變色蜥人,[REVIEWED:1]
DFL_LEGENDS_RACE:chameleon men,變色蜥人,[REVIEWED:1]
DFL_LEGENDS_RACE:chameleon woman,女變色蜥人,[REVIEWED:1]
DFL_LEGENDS_RACE:chameleon women,女變色蜥人,[REVIEWED:1]
DFL_LEGENDS_RACE:chameleons,變色蜥,[REVIEWED:1]
DFL_LEGENDS_RACE:char,紅點鮭,[REVIEWED:1]
DFL_LEGENDS_RACE:cheetah,獵豹,[REVIEWED:1]
DFL_LEGENDS_RACE:cheetah man,獵豹人,[REVIEWED:1]
DFL_LEGENDS_RACE:cheetah men,獵豹人,[REVIEWED:1]
DFL_LEGENDS_RACE:cheetah woman,女獵豹人,[REVIEWED:1]
DFL_LEGENDS_RACE:cheetah women,女獵豹人,[REVIEWED:1]
DFL_LEGENDS_RACE:cheetahs,獵豹,[REVIEWED:1]
DFL_LEGENDS_RACE:chicken,家雞,[REVIEWED:1]
DFL_LEGENDS_RACE:chickens,家雞,[REVIEWED:1]
DFL_LEGENDS_RACE:chimera,奇美拉,[REVIEWED:1]
DFL_LEGENDS_RACE:chimeras,奇美拉,[REVIEWED:1]
DFL_LEGENDS_RACE:chimpanzee,黑猩猩,[REVIEWED:1]
DFL_LEGENDS_RACE:chimpanzees,黑猩猩,[REVIEWED:1]
DFL_LEGENDS_RACE:chinchilla,毛絲鼠,[REVIEWED:1]
DFL_LEGENDS_RACE:chinchilla man,毛絲鼠人,[REVIEWED:1]
DFL_LEGENDS_RACE:chinchilla men,毛絲鼠人,[REVIEWED:1]
DFL_LEGENDS_RACE:chinchilla woman,女毛絲鼠人,[REVIEWED:1]
DFL_LEGENDS_RACE:chinchilla women,女毛絲鼠人,[REVIEWED:1]
DFL_LEGENDS_RACE:chinchillas,毛絲鼠,[REVIEWED:1]
DFL_LEGENDS_RACE:chipmunk,花栗鼠,[REVIEWED:1]
DFL_LEGENDS_RACE:chipmunk man,花栗鼠人,[REVIEWED:1]
DFL_LEGENDS_RACE:chipmunk men,花栗鼠人,[REVIEWED:1]
DFL_LEGENDS_RACE:chipmunk woman,雌花栗鼠人,[REVIEWED:1]
DFL_LEGENDS_RACE:chipmunk women,雌花栗鼠人,[REVIEWED:1]
DFL_LEGENDS_RACE:chipmunks,花栗鼠,[REVIEWED:1]
DFL_LEGENDS_RACE:clown loach,醜鰍魚,[REVIEWED:1]
DFL_LEGENDS_RACE:clown loaches,醜鰍魚,[REVIEWED:1]
DFL_LEGENDS_RACE:clownfish,小丑魚,[REVIEWED:1]
DFL_LEGENDS_RACE:coati,長鼻浣熊,[REVIEWED:1]
DFL_LEGENDS_RACE:coati man,長鼻浣熊人,[REVIEWED:1]
DFL_LEGENDS_RACE:coati men,長鼻浣熊人,[REVIEWED:1]
DFL_LEGENDS_RACE:coati woman,雌長鼻浣熊人,[REVIEWED:1]
DFL_LEGENDS_RACE:coati women,雌長鼻浣熊人,[REVIEWED:1]
DFL_LEGENDS_RACE:coatis,長鼻浣熊,[REVIEWED:1]
DFL_LEGENDS_RACE:cob swan,雄天鵝,[REVIEWED:1]
DFL_LEGENDS_RACE:cob swans,雄天鵝,[REVIEWED:1]
DFL_LEGENDS_RACE:cockatiel,玄鳳鸚鵡,[REVIEWED:1]
DFL_LEGENDS_RACE:cockatiel man,玄鳳鸚鵡人,[REVIEWED:1]
DFL_LEGENDS_RACE:cockatiel men,玄鳳鸚鵡人,[REVIEWED:1]
DFL_LEGENDS_RACE:cockatiel woman,雌玄鳳鸚鵡人,[REVIEWED:1]
DFL_LEGENDS_RACE:cockatiel women,雌玄鳳鸚鵡人,[REVIEWED:1]
DFL_LEGENDS_RACE:cockatiels,玄鳳鸚鵡,[REVIEWED:1]
DFL_LEGENDS_RACE:cod,鱈魚,[REVIEWED:1]
DFL_LEGENDS_RACE:coelacanth,腔棘魚,[REVIEWED:1]
DFL_LEGENDS_RACE:coelacanths,腔棘魚,[REVIEWED:1]
DFL_LEGENDS_RACE:colepiocephale,結頭龍,[REVIEWED:1]
DFL_LEGENDS_RACE:colepiocephale man,結頭龍人,[REVIEWED:1]
DFL_LEGENDS_RACE:colepiocephale men,結頭龍人,[REVIEWED:1]
DFL_LEGENDS_RACE:colepiocephale woman,雌結頭龍人,[REVIEWED:1]
DFL_LEGENDS_RACE:colepiocephale women,雌結頭龍人,[REVIEWED:1]
DFL_LEGENDS_RACE:common skate,鰩魚,[REVIEWED:1]
DFL_LEGENDS_RACE:common skates,鰩魚,[REVIEWED:1]
DFL_LEGENDS_RACE:common snapping turtle,鷹嘴龜,[REVIEWED:1]
DFL_LEGENDS_RACE:common snapping turtles,鷹嘴龜,[REVIEWED:1]
DFL_LEGENDS_RACE:conger eel,康吉鰻,[REVIEWED:1]
DFL_LEGENDS_RACE:conger eels,康吉鰻,[REVIEWED:1]
DFL_LEGENDS_RACE:copperhead snake,銅頭蛇,[REVIEWED:1]
DFL_LEGENDS_RACE:copperhead snake man,銅頭蛇人,[REVIEWED:1]
DFL_LEGENDS_RACE:copperhead snake men,銅頭蛇人,[REVIEWED:1]
DFL_LEGENDS_RACE:copperhead snake woman,雌銅頭蛇人,[REVIEWED:1]
DFL_LEGENDS_RACE:copperhead snake women,雌銅頭蛇人,[REVIEWED:1]
DFL_LEGENDS_RACE:copperhead snakes,銅頭蛇,[REVIEWED:1]
DFL_LEGENDS_RACE:cougar,美洲獅,[REVIEWED:1]
DFL_LEGENDS_RACE:cougar man,美洲獅人,[REVIEWED:1]
DFL_LEGENDS_RACE:cougar men,美洲獅人,[REVIEWED:1]
DFL_LEGENDS_RACE:cougar woman,女美洲獅人,[REVIEWED:1]
DFL_LEGENDS_RACE:cougar women,女美洲獅人,[REVIEWED:1]
DFL_LEGENDS_RACE:cougars,美洲獅,[REVIEWED:1]
DFL_LEGENDS_RACE:cow,奶牛,[REVIEWED:1]
DFL_LEGENDS_RACE:cow moose,雌駝鹿,[REVIEWED:1]
DFL_LEGENDS_RACE:cows,奶牛,[REVIEWED:1]
DFL_LEGENDS_RACE:coyote,郊狼,[REVIEWED:1]
DFL_LEGENDS_RACE:coyote man,郊狼人,[REVIEWED:1]
DFL_LEGENDS_RACE:coyote men,郊狼人,[REVIEWED:1]
DFL_LEGENDS_RACE:coyote woman,女郊狼人,[REVIEWED:1]
DFL_LEGENDS_RACE:coyote women,女郊狼人,[REVIEWED:1]
DFL_LEGENDS_RACE:coyotes,郊狼,[REVIEWED:1]
DFL_LEGENDS_RACE:crab,螃蟹,[REVIEWED:1]
DFL_LEGENDS_RACE:crab man,螃蟹人,[REVIEWED:1]
DFL_LEGENDS_RACE:crab men,螃蟹人,[REVIEWED:1]
DFL_LEGENDS_RACE:crab woman,女螃蟹人,[REVIEWED:1]
DFL_LEGENDS_RACE:crab women,女螃蟹人,[REVIEWED:1]
DFL_LEGENDS_RACE:crabs,螃蟹,[REVIEWED:1]
DFL_LEGENDS_RACE:creeping eye,爬行之眼,[REVIEWED:1]
DFL_LEGENDS_RACE:creeping eyes,爬行之眼,[REVIEWED:1]
DFL_LEGENDS_RACE:creepy crawler,恐怖爬行者,[REVIEWED:1]
DFL_LEGENDS_RACE:creepy crawlers,恐怖爬行者,[REVIEWED:1]
DFL_LEGENDS_RACE:crow,烏鴉,[REVIEWED:1]
DFL_LEGENDS_RACE:crow man,烏鴉人,[REVIEWED:1]
DFL_LEGENDS_RACE:crow men,烏鴉人,[REVIEWED:1]
DFL_LEGENDS_RACE:crow woman,雌烏鴉人,[REVIEWED:1]
DFL_LEGENDS_RACE:crow women,雌烏鴉人,[REVIEWED:1]
DFL_LEGENDS_RACE:crows,烏鴉,[REVIEWED:1]
DFL_LEGENDS_RACE:crundle,爪角怪,[REVIEWED:1]
DFL_LEGENDS_RACE:crundles,爪角怪,[REVIEWED:1]
DFL_LEGENDS_RACE:cuttlefish,墨魚,[REVIEWED:1]
DFL_LEGENDS_RACE:cuttlefish man,墨魚人,[REVIEWED:1]
DFL_LEGENDS_RACE:cuttlefish men,墨魚人,[REVIEWED:1]
DFL_LEGENDS_RACE:cuttlefish woman,女墨魚人,[REVIEWED:1]
DFL_LEGENDS_RACE:cuttlefish women,女墨魚人,[REVIEWED:1]
DFL_LEGENDS_RACE:cyclopes,獨眼巨人,[REVIEWED:1]
DFL_LEGENDS_RACE:cyclops,獨眼巨人,[REVIEWED:1]
DFL_LEGENDS_RACE:damselflies,藍蜻蛉,[REVIEWED:1]
DFL_LEGENDS_RACE:damselfly,藍蜻蛉,[REVIEWED:1]
DFL_LEGENDS_RACE:damselfly man,藍蜻蛉人,[REVIEWED:1]
DFL_LEGENDS_RACE:damselfly men,藍蜻蛉人,[REVIEWED:1]
DFL_LEGENDS_RACE:damselfly woman,雌藍蜻蛉人,[REVIEWED:1]
DFL_LEGENDS_RACE:damselfly women,雌藍蜻蛉人,[REVIEWED:1]
DFL_LEGENDS_RACE:dark gnome,黑暗地精,[REVIEWED:1]
DFL_LEGENDS_RACE:dark gnomes,黑暗地精,[REVIEWED:1]
DFL_LEGENDS_RACE:deer,鹿,[REVIEWED:1]
DFL_LEGENDS_RACE:deer man,鹿人,[REVIEWED:1]
DFL_LEGENDS_RACE:deer men,鹿人,[REVIEWED:1]
DFL_LEGENDS_RACE:deer woman,女鹿人,[REVIEWED:1]
DFL_LEGENDS_RACE:deer women,女鹿人,[REVIEWED:1]
DFL_LEGENDS_RACE:deinonychus,恐爪龍,[REVIEWED:1]
DFL_LEGENDS_RACE:deinonychus man,恐爪龍人,[REVIEWED:1]
DFL_LEGENDS_RACE:deinonychus men,恐爪龍人,[REVIEWED:1]
DFL_LEGENDS_RACE:deinonychus woman,雌恐爪龍人,[REVIEWED:1]
DFL_LEGENDS_RACE:deinonychus women,雌恐爪龍人,[REVIEWED:1]
DFL_LEGENDS_RACE:deinotherium,恐象,[REVIEWED:1]
DFL_LEGENDS_RACE:deinotherium man,恐象人,[REVIEWED:1]
DFL_LEGENDS_RACE:deinotherium men,恐象人,[REVIEWED:1]
DFL_LEGENDS_RACE:deinotherium woman,雌恐象人,[REVIEWED:1]
DFL_LEGENDS_RACE:deinotherium women,雌恐象人,[REVIEWED:1]
DFL_LEGENDS_RACE:demon rat,惡魔老鼠,[REVIEWED:1]
DFL_LEGENDS_RACE:demon rats,惡魔老鼠,[REVIEWED:1]
DFL_LEGENDS_RACE:desert tortoise,沙漠陸龜,[REVIEWED:1]
DFL_LEGENDS_RACE:desert tortoise man,沙漠陸龜人,[REVIEWED:1]
DFL_LEGENDS_RACE:desert tortoise men,沙漠陸龜人,[REVIEWED:1]
DFL_LEGENDS_RACE:desert tortoise woman,女沙漠陸龜人,[REVIEWED:1]
DFL_LEGENDS_RACE:desert tortoise women,女沙漠陸龜人,[REVIEWED:1]
DFL_LEGENDS_RACE:desert tortoises,沙漠陸龜,[REVIEWED:1]
DFL_LEGENDS_RACE:diadectes,闊齒龍,[REVIEWED:1]
DFL_LEGENDS_RACE:diadectes man,闊齒龍人,[REVIEWED:1]
DFL_LEGENDS_RACE:diadectes men,闊齒龍人,[REVIEWED:1]
DFL_LEGENDS_RACE:diadectes woman,雌闊齒龍人,[REVIEWED:1]
DFL_LEGENDS_RACE:diadectes women,雌闊齒龍人,[REVIEWED:1]
DFL_LEGENDS_RACE:dilophosaurus,雙脊龍,[REVIEWED:1]
DFL_LEGENDS_RACE:dilophosaurus man,雙脊龍人,[REVIEWED:1]
DFL_LEGENDS_RACE:dilophosaurus men,雙脊龍人,[REVIEWED:1]
DFL_LEGENDS_RACE:dilophosaurus woman,雌雙脊龍人,[REVIEWED:1]
DFL_LEGENDS_RACE:dilophosaurus women,雌雙脊龍人,[REVIEWED:1]
DFL_LEGENDS_RACE:dimetrodon,異齒龍,[REVIEWED:1]
DFL_LEGENDS_RACE:dimetrodon man,異齒龍人,[REVIEWED:1]
DFL_LEGENDS_RACE:dimetrodon men,異齒龍人,[REVIEWED:1]
DFL_LEGENDS_RACE:dimetrodon woman,雌異齒龍人,[REVIEWED:1]
DFL_LEGENDS_RACE:dimetrodon women,雌異齒龍人,[REVIEWED:1]
DFL_LEGENDS_RACE:dingo,野狗,[REVIEWED:1]
DFL_LEGENDS_RACE:dingo man,野狗人,[REVIEWED:1]
DFL_LEGENDS_RACE:dingo men,野狗人,[REVIEWED:1]
DFL_LEGENDS_RACE:dingo woman,雌野狗人,[REVIEWED:1]
DFL_LEGENDS_RACE:dingo women,雌野狗人,[REVIEWED:1]
DFL_LEGENDS_RACE:dingoes,野狗,[REVIEWED:1]
DFL_LEGENDS_RACE:diplocaulus,笠頭螈,[REVIEWED:1]
DFL_LEGENDS_RACE:diplocaulus man,笠頭螈人,[REVIEWED:1]
DFL_LEGENDS_RACE:diplocaulus men,笠頭螈人,[REVIEWED:1]
DFL_LEGENDS_RACE:diplocaulus woman,雌笠頭螈人,[REVIEWED:1]
DFL_LEGENDS_RACE:diplocaulus women,雌笠頭螈人,[REVIEWED:1]
DFL_LEGENDS_RACE:diplodocus,梁龍,[REVIEWED:1]
DFL_LEGENDS_RACE:diplodocus man,梁龍人,[REVIEWED:1]
DFL_LEGENDS_RACE:diplodocus men,梁龍人,[REVIEWED:1]
DFL_LEGENDS_RACE:diplodocus woman,雌梁龍人,[REVIEWED:1]
DFL_LEGENDS_RACE:diplodocus women,雌梁龍人,[REVIEWED:1]
DFL_LEGENDS_RACE:dodo,渡渡鳥,[REVIEWED:1]
DFL_LEGENDS_RACE:dodo cock,雄渡渡鳥,[REVIEWED:1]
DFL_LEGENDS_RACE:dodo cocks,雄渡渡鳥,[REVIEWED:1]
DFL_LEGENDS_RACE:dodo hen,雌渡渡鳥,[REVIEWED:1]
DFL_LEGENDS_RACE:dodo hens,雌渡渡鳥,[REVIEWED:1]
DFL_LEGENDS_RACE:dodo man,渡渡鳥人,[REVIEWED:1]
DFL_LEGENDS_RACE:dodo men,渡渡鳥人,[REVIEWED:1]
DFL_LEGENDS_RACE:dodo woman,雌渡渡鳥人,[REVIEWED:1]
DFL_LEGENDS_RACE:dodo women,雌渡渡鳥人,[REVIEWED:1]
DFL_LEGENDS_RACE:doe hare,雌野兔,[REVIEWED:1]
DFL_LEGENDS_RACE:doe hares,雌野兔,[REVIEWED:1]
DFL_LEGENDS_RACE:doe rabbit,母家兔,[REVIEWED:1]
DFL_LEGENDS_RACE:doe rabbits,母家兔,[REVIEWED:1]
DFL_LEGENDS_RACE:dog,家犬,[REVIEWED:1]
DFL_LEGENDS_RACE:dogs,家犬,[REVIEWED:1]
DFL_LEGENDS_RACE:donkey,驢,[REVIEWED:1]
DFL_LEGENDS_RACE:donkeys,驢,[REVIEWED:1]
DFL_LEGENDS_RACE:dragon,巨龍,[REVIEWED:1]
DFL_LEGENDS_RACE:dragonflies,蜻蜓,[REVIEWED:1]
DFL_LEGENDS_RACE:dragonfly,蜻蜓,[REVIEWED:1]
DFL_LEGENDS_RACE:dragonfly man,蜻蜓人,[REVIEWED:1]
DFL_LEGENDS_RACE:dragonfly men,蜻蜓人,[REVIEWED:1]
DFL_LEGENDS_RACE:dragonfly woman,女蜻蜓人,[REVIEWED:1]
DFL_LEGENDS_RACE:dragonfly women,女蜻蜓人,[REVIEWED:1]
DFL_LEGENDS_RACE:dragons,巨龍,[REVIEWED:1]
DFL_LEGENDS_RACE:drake,公鴨,[REVIEWED:1]
DFL_LEGENDS_RACE:drakes,公鴨,[REVIEWED:1]
DFL_LEGENDS_RACE:draltha,食菇獸,[REVIEWED:1]
DFL_LEGENDS_RACE:dralthas,食菇獸,[REVIEWED:1]
DFL_LEGENDS_RACE:drepanopterus,鐮翅獸,[REVIEWED:1]
DFL_LEGENDS_RACE:drepanopterus man,鐮翅鱟人,[REVIEWED:1]
DFL_LEGENDS_RACE:drepanopterus men,鐮翅鱟人,[REVIEWED:1]
DFL_LEGENDS_RACE:drepanopterus woman,雌鐮翅鱟人,[REVIEWED:1]
DFL_LEGENDS_RACE:drepanopterus women,雌鐮翅鱟人,[REVIEWED:1]
DFL_LEGENDS_RACE:drepanosaurus,鐮龍,[REVIEWED:1]
DFL_LEGENDS_RACE:drepanosaurus man,鐮龍人,[REVIEWED:1]
DFL_LEGENDS_RACE:drepanosaurus men,鐮龍人,[REVIEWED:1]
DFL_LEGENDS_RACE:drepanosaurus woman,雌鐮龍人,[REVIEWED:1]
DFL_LEGENDS_RACE:drepanosaurus women,雌鐮龍人,[REVIEWED:1]
DFL_LEGENDS_RACE:drone ant,螞蟻蟻王,[REVIEWED:1]
DFL_LEGENDS_RACE:drone ant man,雄蟻人,[REVIEWED:1]
DFL_LEGENDS_RACE:drone ant men,雄蟻人,[REVIEWED:1]
DFL_LEGENDS_RACE:drone ants,螞蟻蟻王,[REVIEWED:1]
DFL_LEGENDS_RACE:drunian,德魯尼安人,[REVIEWED:1]
DFL_LEGENDS_RACE:drunians,德魯尼安人,[REVIEWED:1]
DFL_LEGENDS_RACE:duck,家鴨,[REVIEWED:1]
DFL_LEGENDS_RACE:ducks,家鴨,[REVIEWED:1]
DFL_LEGENDS_RACE:dunkleosteus,鄧氏魚,[REVIEWED:1]
DFL_LEGENDS_RACE:dunkleosteus man,鄧氏魚人,[REVIEWED:1]
DFL_LEGENDS_RACE:dunkleosteus men,鄧氏魚人,[REVIEWED:1]
DFL_LEGENDS_RACE:dunkleosteus woman,雌鄧氏魚人,[REVIEWED:1]
DFL_LEGENDS_RACE:dunkleosteus women,雌鄧氏魚人,[REVIEWED:1]
DFL_LEGENDS_RACE:dwarf,矮人,[REVIEWED:1]
DFL_LEGENDS_RACE:dwarves,矮人,[REVIEWED:1]
DFL_LEGENDS_RACE:eagle,鷹,[REVIEWED:1]
DFL_LEGENDS_RACE:eagle man,鷹人,[REVIEWED:1]
DFL_LEGENDS_RACE:eagle men,鷹人,[REVIEWED:1]
DFL_LEGENDS_RACE:eagle woman,雌鷹人,[REVIEWED:1]
DFL_LEGENDS_RACE:eagle women,雌鷹人,[REVIEWED:1]
DFL_LEGENDS_RACE:eagles,鷹,[REVIEWED:1]
DFL_LEGENDS_RACE:echidna,針鼴,[REVIEWED:1]
DFL_LEGENDS_RACE:echidna man,針鼴人,[REVIEWED:1]
DFL_LEGENDS_RACE:echidna men,針鼴人,[REVIEWED:1]
DFL_LEGENDS_RACE:echidna woman,女針鼴人,[REVIEWED:1]
DFL_LEGENDS_RACE:echidna women,女針鼴人,[REVIEWED:1]
DFL_LEGENDS_RACE:echidnas,針鼴,[REVIEWED:1]
DFL_LEGENDS_RACE:elephant,大象,[REVIEWED:1]
DFL_LEGENDS_RACE:elephant man,大象人,[REVIEWED:1]
DFL_LEGENDS_RACE:elephant men,大象人,[REVIEWED:1]
DFL_LEGENDS_RACE:elephant seal,象海豹,[REVIEWED:1]
DFL_LEGENDS_RACE:elephant seal man,象海豹人,[REVIEWED:1]
DFL_LEGENDS_RACE:elephant seal men,象海豹人,[REVIEWED:1]
DFL_LEGENDS_RACE:elephant seal woman,女象海豹人,[REVIEWED:1]
DFL_LEGENDS_RACE:elephant seal women,女象海豹人,[REVIEWED:1]
DFL_LEGENDS_RACE:elephant seals,象海豹,[REVIEWED:1]
DFL_LEGENDS_RACE:elephant woman,女大象人,[REVIEWED:1]
DFL_LEGENDS_RACE:elephant women,女大象人,[REVIEWED:1]
DFL_LEGENDS_RACE:elephants,大象,[REVIEWED:1]
DFL_LEGENDS_RACE:elf,精靈,[REVIEWED:1]
DFL_LEGENDS_RACE:elk,麋鹿,[REVIEWED:1]
DFL_LEGENDS_RACE:elk bird,麋鹿鳥,[REVIEWED:1]
DFL_LEGENDS_RACE:elk birds,麋鹿鳥,[REVIEWED:1]
DFL_LEGENDS_RACE:elk man,麋鹿人,[REVIEWED:1]
DFL_LEGENDS_RACE:elk men,麋鹿人,[REVIEWED:1]
DFL_LEGENDS_RACE:elk woman,女麋鹿人,[REVIEWED:1]
DFL_LEGENDS_RACE:elk women,女麋鹿人,[REVIEWED:1]
DFL_LEGENDS_RACE:elves,精靈,[REVIEWED:1]
DFL_LEGENDS_RACE:emperor penguin,帝企鵝,[REVIEWED:1]
DFL_LEGENDS_RACE:emperor penguins,帝企鵝,[REVIEWED:1]
DFL_LEGENDS_RACE:emu,鴯鶓,[REVIEWED:1]
DFL_LEGENDS_RACE:emu man,鴯鶓人,[REVIEWED:1]
DFL_LEGENDS_RACE:emu men,鴯鶓人,[REVIEWED:1]
DFL_LEGENDS_RACE:emu woman,雌鴯鶓人,[REVIEWED:1]
DFL_LEGENDS_RACE:emu women,雌鴯鶓人,[REVIEWED:1]
DFL_LEGENDS_RACE:emus,鴯鶓,[REVIEWED:1]
DFL_LEGENDS_RACE:entelodon,完齒獸,[REVIEWED:1]
DFL_LEGENDS_RACE:entelodon man,完齒獸人,[REVIEWED:1]
DFL_LEGENDS_RACE:entelodon men,完齒獸人,[REVIEWED:1]
DFL_LEGENDS_RACE:entelodon woman,雌完齒獸人,[REVIEWED:1]
DFL_LEGENDS_RACE:entelodon women,雌完齒獸人,[REVIEWED:1]
DFL_LEGENDS_RACE:eoraptor,始盜龍,[REVIEWED:1]
DFL_LEGENDS_RACE:eoraptor man,始盜龍人,[REVIEWED:1]
DFL_LEGENDS_RACE:eoraptor men,始盜龍人,[REVIEWED:1]
DFL_LEGENDS_RACE:eoraptor woman,雌始盜龍人,[REVIEWED:1]
DFL_LEGENDS_RACE:eoraptor women,雌始盜龍人,[REVIEWED:1]
DFL_LEGENDS_RACE:eryops,引螈,[REVIEWED:1]
DFL_LEGENDS_RACE:eryops man,引螈人,[REVIEWED:1]
DFL_LEGENDS_RACE:eryops men,引螈人,[REVIEWED:1]
DFL_LEGENDS_RACE:eryops woman,雌引螈人,[REVIEWED:1]
DFL_LEGENDS_RACE:eryops women,雌引螈人,[REVIEWED:1]
DFL_LEGENDS_RACE:ettin,雙頭巨人,[REVIEWED:1]
DFL_LEGENDS_RACE:ettins,雙頭巨人,[REVIEWED:1]
DFL_LEGENDS_RACE:europasaurus,歐羅巴龍,[REVIEWED:1]
DFL_LEGENDS_RACE:europasaurus man,歐羅巴龍人,[REVIEWED:1]
DFL_LEGENDS_RACE:europasaurus men,歐羅巴龍人,[REVIEWED:1]
DFL_LEGENDS_RACE:europasaurus woman,雌歐羅巴龍人,[REVIEWED:1]
DFL_LEGENDS_RACE:europasaurus women,雌歐羅巴龍人,[REVIEWED:1]
DFL_LEGENDS_RACE:ewe,母羊,[REVIEWED:1]
DFL_LEGENDS_RACE:ewes,母羊,[REVIEWED:1]
DFL_LEGENDS_RACE:fairies,小仙子,[REVIEWED:1]
DFL_LEGENDS_RACE:fairy,小仙子,[REVIEWED:1]
DFL_LEGENDS_RACE:fire imp,火焰小鬼,[REVIEWED:1]
DFL_LEGENDS_RACE:fire imps,火焰小鬼,[REVIEWED:1]
DFL_LEGENDS_RACE:fire man,火人,[REVIEWED:1]
DFL_LEGENDS_RACE:fire men,火人,[REVIEWED:1]
DFL_LEGENDS_RACE:fire snake,火蛇,[REVIEWED:1]
DFL_LEGENDS_RACE:fire snakes,火蛇,[REVIEWED:1]
DFL_LEGENDS_RACE:fireflies,螢火蟲,[REVIEWED:1]
DFL_LEGENDS_RACE:firefly,螢火蟲,[REVIEWED:1]
DFL_LEGENDS_RACE:firefly man,螢火蟲人,[REVIEWED:1]
DFL_LEGENDS_RACE:firefly men,螢火蟲人,[REVIEWED:1]
DFL_LEGENDS_RACE:firefly woman,女螢火蟲人,[REVIEWED:1]
DFL_LEGENDS_RACE:firefly women,女螢火蟲人,[REVIEWED:1]
DFL_LEGENDS_RACE:flesh ball,血肉之球,[REVIEWED:1]
DFL_LEGENDS_RACE:flesh balls,血肉之球,[REVIEWED:1]
DFL_LEGENDS_RACE:flies,蒼蠅,[REVIEWED:1]
DFL_LEGENDS_RACE:floating guts,飄浮內臟,[REVIEWED:1]
DFL_LEGENDS_RACE:flounder,鰈魚,[REVIEWED:1]
DFL_LEGENDS_RACE:flounders,鰈魚,[REVIEWED:1]
DFL_LEGENDS_RACE:fluffy wambler,蓬鬆毛球,[REVIEWED:1]
DFL_LEGENDS_RACE:fluffy wamblers,蓬鬆毛球,[REVIEWED:1]
DFL_LEGENDS_RACE:fly,蒼蠅,[REVIEWED:1]
DFL_LEGENDS_RACE:fly man,蒼蠅人,[REVIEWED:1]
DFL_LEGENDS_RACE:fly men,蒼蠅人,[REVIEWED:1]
DFL_LEGENDS_RACE:fly woman,女蒼蠅人,[REVIEWED:1]
DFL_LEGENDS_RACE:fly women,女蒼蠅人,[REVIEWED:1]
DFL_LEGENDS_RACE:flying squirrel,鼯鼠,[REVIEWED:1]
DFL_LEGENDS_RACE:flying squirrel man,鼯鼠人,[REVIEWED:1]
DFL_LEGENDS_RACE:flying squirrel men,鼯鼠人,[REVIEWED:1]
DFL_LEGENDS_RACE:flying squirrel woman,雌鼯鼠人,[REVIEWED:1]
DFL_LEGENDS_RACE:flying squirrel women,雌鼯鼠人,[REVIEWED:1]
DFL_LEGENDS_RACE:flying squirrels,鼯鼠,[REVIEWED:1]
DFL_LEGENDS_RACE:foul blendec,汙邪雜種,[REVIEWED:1]
DFL_LEGENDS_RACE:foul blendecs,汙邪雜種,[REVIEWED:1]
DFL_LEGENDS_RACE:fox,狐狸,[REVIEWED:1]
DFL_LEGENDS_RACE:fox man,狐狸人,[REVIEWED:1]
DFL_LEGENDS_RACE:fox men,狐狸人,[REVIEWED:1]
DFL_LEGENDS_RACE:fox squirrel,狐松鼠,[REVIEWED:1]
DFL_LEGENDS_RACE:fox squirrels,狐松鼠,[REVIEWED:1]
DFL_LEGENDS_RACE:fox woman,女狐狸人,[REVIEWED:1]
DFL_LEGENDS_RACE:fox women,女狐狸人,[REVIEWED:1]
DFL_LEGENDS_RACE:foxes,狐狸,[REVIEWED:1]
DFL_LEGENDS_RACE:frill shark,皺鰓鯊,[REVIEWED:1]
DFL_LEGENDS_RACE:frill sharks,皺鰓鯊,[REVIEWED:1]
DFL_LEGENDS_RACE:gabbro man,輝長岩人,[REVIEWED:1]
DFL_LEGENDS_RACE:gabbro men,輝長岩人,[REVIEWED:1]
DFL_LEGENDS_RACE:gander,公鵝,[REVIEWED:1]
DFL_LEGENDS_RACE:ganders,公鵝,[REVIEWED:1]
DFL_LEGENDS_RACE:gazelle,瞪羚,[REVIEWED:1]
DFL_LEGENDS_RACE:gazelle man,瞪羚人,[REVIEWED:1]
DFL_LEGENDS_RACE:gazelle men,瞪羚人,[REVIEWED:1]
DFL_LEGENDS_RACE:gazelle woman,女瞪羚人,[REVIEWED:1]
DFL_LEGENDS_RACE:gazelle women,女瞪羚人,[REVIEWED:1]
DFL_LEGENDS_RACE:gazelles,瞪羚,[REVIEWED:1]
DFL_LEGENDS_RACE:geese,家鵝,[REVIEWED:1]
DFL_LEGENDS_RACE:gerrothorax,胃螈,[REVIEWED:1]
DFL_LEGENDS_RACE:gerrothorax man,胃螈人,[REVIEWED:1]
DFL_LEGENDS_RACE:gerrothorax men,胃螈人,[REVIEWED:1]
DFL_LEGENDS_RACE:gerrothorax woman,雌胃螈人,[REVIEWED:1]
DFL_LEGENDS_RACE:gerrothorax women,雌胃螈人,[REVIEWED:1]
DFL_LEGENDS_RACE:giant,巨人,[REVIEWED:1]
DFL_LEGENDS_RACE:giant aardvark,巨型土豚,[REVIEWED:1]
DFL_LEGENDS_RACE:giant aardvarks,巨型土豚,[REVIEWED:1]
DFL_LEGENDS_RACE:giant adder,巨型蝰蛇,[REVIEWED:1]
DFL_LEGENDS_RACE:giant adders,巨型蝰蛇,[REVIEWED:1]
DFL_LEGENDS_RACE:giant albatross,巨型信天翁,[REVIEWED:1]
DFL_LEGENDS_RACE:giant albatrosses,巨型信天翁,[REVIEWED:1]
DFL_LEGENDS_RACE:giant alligator,巨型短吻鱷,[REVIEWED:1]
DFL_LEGENDS_RACE:giant alligators,巨型短吻鱷,[REVIEWED:1]
DFL_LEGENDS_RACE:giant anaconda,巨型水蟒,[REVIEWED:1]
DFL_LEGENDS_RACE:giant anacondas,巨型水蟒,[REVIEWED:1]
DFL_LEGENDS_RACE:giant anole,巨型安樂蜥,[REVIEWED:1]
DFL_LEGENDS_RACE:giant anoles,巨型安樂蜥,[REVIEWED:1]
DFL_LEGENDS_RACE:giant armadillo,巨型犰狳,[REVIEWED:1]
DFL_LEGENDS_RACE:giant armadillo boar,巨型雄犰狳,[REVIEWED:1]
DFL_LEGENDS_RACE:giant armadillo boars,巨型雄犰狳,[REVIEWED:1]
DFL_LEGENDS_RACE:giant armadillo sow,巨型雌犰狳,[REVIEWED:1]
DFL_LEGENDS_RACE:giant armadillo sows,巨型雌犰狳,[REVIEWED:1]
DFL_LEGENDS_RACE:giant armadillos,巨型犰狳,[REVIEWED:1]
DFL_LEGENDS_RACE:giant axolotl,巨型蠑螈,[REVIEWED:1]
DFL_LEGENDS_RACE:giant axolotls,巨型蠑螈,[REVIEWED:1]
DFL_LEGENDS_RACE:giant aye-aye,巨型指猴,[REVIEWED:1]
DFL_LEGENDS_RACE:giant aye-ayes,巨型指猴,[REVIEWED:1]
DFL_LEGENDS_RACE:giant badger,巨型鼬獾,[REVIEWED:1]
DFL_LEGENDS_RACE:giant badger boar,巨型雄鼬獾,[REVIEWED:1]
DFL_LEGENDS_RACE:giant badger boars,巨型雄鼬獾,[REVIEWED:1]
DFL_LEGENDS_RACE:giant badger sow,巨型雌鼬獾,[REVIEWED:1]
DFL_LEGENDS_RACE:giant badger sows,巨型雌鼬獾,[REVIEWED:1]
DFL_LEGENDS_RACE:giant badgers,巨型鼬獾,[REVIEWED:1]
DFL_LEGENDS_RACE:giant bark scorpion,巨型樹皮蠍,[REVIEWED:1]
DFL_LEGENDS_RACE:giant bark scorpions,巨型樹皮蠍,[REVIEWED:1]
DFL_LEGENDS_RACE:giant barn owl,巨型倉鴞,[REVIEWED:1]
DFL_LEGENDS_RACE:giant barn owls,巨型倉鴞,[REVIEWED:1]
DFL_LEGENDS_RACE:giant bat,蝙蝠,[REVIEWED:1]
DFL_LEGENDS_RACE:giant bats,蝙蝠,[REVIEWED:1]
DFL_LEGENDS_RACE:giant beaver,巨型海狸,[REVIEWED:1]
DFL_LEGENDS_RACE:giant beavers,巨型海狸,[REVIEWED:1]
DFL_LEGENDS_RACE:giant beetle,巨型甲蟲,[REVIEWED:1]
DFL_LEGENDS_RACE:giant beetles,巨型甲蟲,[REVIEWED:1]
DFL_LEGENDS_RACE:giant black bear,巨型黑熊,[REVIEWED:1]
DFL_LEGENDS_RACE:giant black bears,巨型黑熊,[REVIEWED:1]
DFL_LEGENDS_RACE:giant black mamba,巨型黑曼巴蛇,[REVIEWED:1]
DFL_LEGENDS_RACE:giant black mambas,巨型黑曼巴蛇,[REVIEWED:1]
DFL_LEGENDS_RACE:giant bluejay,巨型冠藍鴉,[REVIEWED:1]
DFL_LEGENDS_RACE:giant bluejays,巨型冠藍鴉,[REVIEWED:1]
DFL_LEGENDS_RACE:giant bobcat,巨型短尾貓,[REVIEWED:1]
DFL_LEGENDS_RACE:giant bobcats,巨型短尾貓,[REVIEWED:1]
DFL_LEGENDS_RACE:giant brown recluse spider,巨型棕色遁蛛,[REVIEWED:1]
DFL_LEGENDS_RACE:giant brown recluse spiders,巨型棕色遁蛛,[REVIEWED:1]
DFL_LEGENDS_RACE:giant bushmaster,巨型巨蝮,[REVIEWED:1]
DFL_LEGENDS_RACE:giant bushmasters,巨型巨蝮,[REVIEWED:1]
DFL_LEGENDS_RACE:giant bushtit,巨型叢山雀,[REVIEWED:1]
DFL_LEGENDS_RACE:giant bushtits,巨型叢山雀,[REVIEWED:1]
DFL_LEGENDS_RACE:giant buzzard,巨型禿鷹,[REVIEWED:1]
DFL_LEGENDS_RACE:giant buzzards,巨型禿鷹,[REVIEWED:1]
DFL_LEGENDS_RACE:giant capuchin,巨型捲尾猴,[REVIEWED:1]
DFL_LEGENDS_RACE:giant capuchins,巨型捲尾猴,[REVIEWED:1]
DFL_LEGENDS_RACE:giant capybara,巨型水豚,[REVIEWED:1]
DFL_LEGENDS_RACE:giant capybaras,巨型水豚,[REVIEWED:1]
DFL_LEGENDS_RACE:giant cardinal,巨型紅衣鳳頭鳥,[REVIEWED:1]
DFL_LEGENDS_RACE:giant cardinals,巨型紅衣鳳頭鳥,[REVIEWED:1]
DFL_LEGENDS_RACE:giant cassowaries,巨型鶴鴕,[REVIEWED:1]
DFL_LEGENDS_RACE:giant cassowary,巨型鶴鴕,[REVIEWED:1]
DFL_LEGENDS_RACE:giant cave spider,巨型洞穴蜘蛛,[REVIEWED:1]
DFL_LEGENDS_RACE:giant cave spiders,巨型洞穴蜘蛛,[REVIEWED:1]
DFL_LEGENDS_RACE:giant cave swallow,巨型洞穴燕,[REVIEWED:1]
DFL_LEGENDS_RACE:giant cave swallows,巨型洞穴燕,[REVIEWED:1]
DFL_LEGENDS_RACE:giant cave toad,巨型洞穴蟾蜍,[REVIEWED:1]
DFL_LEGENDS_RACE:giant cave toads,巨型洞穴蟾蜍,[REVIEWED:1]
DFL_LEGENDS_RACE:giant chameleon,巨型變色蜥,[REVIEWED:1]
DFL_LEGENDS_RACE:giant chameleons,巨型變色蜥,[REVIEWED:1]
DFL_LEGENDS_RACE:giant cheetah,巨型獵豹,[REVIEWED:1]
DFL_LEGENDS_RACE:giant cheetahs,巨型獵豹,[REVIEWED:1]
DFL_LEGENDS_RACE:giant chinchilla,巨型毛絲鼠,[REVIEWED:1]
DFL_LEGENDS_RACE:giant chinchillas,巨型毛絲鼠,[REVIEWED:1]
DFL_LEGENDS_RACE:giant chipmunk,巨型花栗鼠,[REVIEWED:1]
DFL_LEGENDS_RACE:giant chipmunks,巨型花栗鼠,[REVIEWED:1]
DFL_LEGENDS_RACE:giant coati,巨型長鼻浣熊,[REVIEWED:1]
DFL_LEGENDS_RACE:giant coatis,巨型長鼻浣熊,[REVIEWED:1]
DFL_LEGENDS_RACE:giant cockatiel,巨型玄鳳鸚鵡,[REVIEWED:1]
DFL_LEGENDS_RACE:giant cockatiels,巨型玄鳳鸚鵡,[REVIEWED:1]
DFL_LEGENDS_RACE:giant copperhead snake,巨型銅頭蛇,[REVIEWED:1]
DFL_LEGENDS_RACE:giant copperhead snakes,巨型銅頭蛇,[REVIEWED:1]
DFL_LEGENDS_RACE:giant cougar,巨型美洲獅,[REVIEWED:1]
DFL_LEGENDS_RACE:giant cougars,巨型美洲獅,[REVIEWED:1]
DFL_LEGENDS_RACE:giant coyote,巨型郊狼,[REVIEWED:1]
DFL_LEGENDS_RACE:giant coyotes,巨型郊狼,[REVIEWED:1]
DFL_LEGENDS_RACE:giant crab,巨型螃蟹,[REVIEWED:1]
DFL_LEGENDS_RACE:giant crabs,巨型螃蟹,[REVIEWED:1]
DFL_LEGENDS_RACE:giant crow,巨型烏鴉,[REVIEWED:1]
DFL_LEGENDS_RACE:giant crows,巨型烏鴉,[REVIEWED:1]
DFL_LEGENDS_RACE:giant cuttlefish,巨型墨魚,[REVIEWED:1]
DFL_LEGENDS_RACE:giant damselflies,巨型藍蜻蛉,[REVIEWED:1]
DFL_LEGENDS_RACE:giant damselfly,巨型藍蜻蛉,[REVIEWED:1]
DFL_LEGENDS_RACE:giant deer,巨型鹿,[REVIEWED:1]
DFL_LEGENDS_RACE:giant desert tortoise,巨型沙漠陸龜,[REVIEWED:1]
DFL_LEGENDS_RACE:giant desert tortoises,巨型沙漠陸龜,[REVIEWED:1]
DFL_LEGENDS_RACE:giant dingo,巨型野狗,[REVIEWED:1]
DFL_LEGENDS_RACE:giant dingoes,巨型野狗,[REVIEWED:1]
DFL_LEGENDS_RACE:giant dragonflies,巨型蜻蜓,[REVIEWED:1]
DFL_LEGENDS_RACE:giant dragonfly,巨型蜻蜓,[REVIEWED:1]
DFL_LEGENDS_RACE:giant eagle,巨型鷹,[REVIEWED:1]
DFL_LEGENDS_RACE:giant eagles,巨型鷹,[REVIEWED:1]
DFL_LEGENDS_RACE:giant earthworm,巨型蚯蚓,[REVIEWED:1]
DFL_LEGENDS_RACE:giant earthworms,巨型蚯蚓,[REVIEWED:1]
DFL_LEGENDS_RACE:giant echidna,巨型針鼴,[REVIEWED:1]
DFL_LEGENDS_RACE:giant echidnas,巨型針鼴,[REVIEWED:1]
DFL_LEGENDS_RACE:giant elephant,巨型大象,[REVIEWED:1]
DFL_LEGENDS_RACE:giant elephant seal,巨型象海豹,[REVIEWED:1]
DFL_LEGENDS_RACE:giant elephant seals,巨型象海豹,[REVIEWED:1]
DFL_LEGENDS_RACE:giant elephants,巨型大象,[REVIEWED:1]
DFL_LEGENDS_RACE:giant elk,巨型麋鹿,[REVIEWED:1]
DFL_LEGENDS_RACE:giant emu,巨型鴯鶓,[REVIEWED:1]
DFL_LEGENDS_RACE:giant emus,巨型鴯鶓,[REVIEWED:1]
DFL_LEGENDS_RACE:giant fireflies,巨型螢火蟲,[REVIEWED:1]
DFL_LEGENDS_RACE:giant firefly,巨型螢火蟲,[REVIEWED:1]
DFL_LEGENDS_RACE:giant flies,巨型蒼蠅,[REVIEWED:1]
DFL_LEGENDS_RACE:giant fly,巨型蒼蠅,[REVIEWED:1]
DFL_LEGENDS_RACE:giant flying squirrel,巨型鼯鼠,[REVIEWED:1]
DFL_LEGENDS_RACE:giant flying squirrels,巨型鼯鼠,[REVIEWED:1]
DFL_LEGENDS_RACE:giant fox,巨型狐狸,[REVIEWED:1]
DFL_LEGENDS_RACE:giant foxes,巨型狐狸,[REVIEWED:1]
DFL_LEGENDS_RACE:giant gazelle,巨型瞪羚,[REVIEWED:1]
DFL_LEGENDS_RACE:giant gazelles,巨型瞪羚,[REVIEWED:1]
DFL_LEGENDS_RACE:giant gila monster,巨型毒蜥,[REVIEWED:1]
DFL_LEGENDS_RACE:giant gila monsters,巨型毒蜥,[REVIEWED:1]
DFL_LEGENDS_RACE:giant giraffe,巨型長頸鹿,[REVIEWED:1]
DFL_LEGENDS_RACE:giant giraffes,巨型長頸鹿,[REVIEWED:1]
DFL_LEGENDS_RACE:giant grackle,巨型黑羽椋鳥,[REVIEWED:1]
DFL_LEGENDS_RACE:giant grackles,巨型黑羽椋鳥,[REVIEWED:1]
DFL_LEGENDS_RACE:giant grasshopper,巨型蚱蜢,[REVIEWED:1]
DFL_LEGENDS_RACE:giant grasshoppers,巨型蚱蜢,[REVIEWED:1]
DFL_LEGENDS_RACE:giant gray langur,巨型灰葉猴,[REVIEWED:1]
DFL_LEGENDS_RACE:giant gray langurs,巨型灰葉猴,[REVIEWED:1]
DFL_LEGENDS_RACE:giant gray squirrel,巨型灰松鼠,[REVIEWED:1]
DFL_LEGENDS_RACE:giant gray squirrels,巨型灰松鼠,[REVIEWED:1]
DFL_LEGENDS_RACE:giant great horned owl,巨型大角鴞,[REVIEWED:1]
DFL_LEGENDS_RACE:giant great horned owls,巨型大角鴞,[REVIEWED:1]
DFL_LEGENDS_RACE:giant green tree frog,巨型綠樹蛙,[REVIEWED:1]
DFL_LEGENDS_RACE:giant green tree frogs,巨型綠樹蛙,[REVIEWED:1]
DFL_LEGENDS_RACE:giant grey parrot,巨型灰鸚鵡,[REVIEWED:1]
DFL_LEGENDS_RACE:giant grey parrots,巨型灰鸚鵡,[REVIEWED:1]
DFL_LEGENDS_RACE:giant grizzly bear,巨型灰熊,[REVIEWED:1]
DFL_LEGENDS_RACE:giant grizzly bears,巨型灰熊,[REVIEWED:1]
DFL_LEGENDS_RACE:giant groundhog,巨型土撥鼠,[REVIEWED:1]
DFL_LEGENDS_RACE:giant groundhogs,巨型土撥鼠,[REVIEWED:1]
DFL_LEGENDS_RACE:giant grouper,巨型石斑魚,[REVIEWED:1]
DFL_LEGENDS_RACE:giant groupers,巨型石斑魚,[REVIEWED:1]
DFL_LEGENDS_RACE:giant hamster,巨型倉鼠,[REVIEWED:1]
DFL_LEGENDS_RACE:giant hamsters,巨型倉鼠,[REVIEWED:1]
DFL_LEGENDS_RACE:giant hare,巨型野兔,[REVIEWED:1]
DFL_LEGENDS_RACE:giant hares,巨型野兔,[REVIEWED:1]
DFL_LEGENDS_RACE:giant harp seal,巨型豎琴海豹,[REVIEWED:1]
DFL_LEGENDS_RACE:giant harp seals,巨型豎琴海豹,[REVIEWED:1]
DFL_LEGENDS_RACE:giant hedgehog,巨型刺蝟,[REVIEWED:1]
DFL_LEGENDS_RACE:giant hedgehogs,巨型刺蝟,[REVIEWED:1]
DFL_LEGENDS_RACE:giant hippo,巨型河馬,[REVIEWED:1]
DFL_LEGENDS_RACE:giant hippos,巨型河馬,[REVIEWED:1]
DFL_LEGENDS_RACE:giant hoary marmot,巨型花白旱獺,[REVIEWED:1]
DFL_LEGENDS_RACE:giant hoary marmots,巨型花白旱獺,[REVIEWED:1]
DFL_LEGENDS_RACE:giant honey badger,巨型蜜獾,[REVIEWED:1]
DFL_LEGENDS_RACE:giant honey badgers,巨型蜜獾,[REVIEWED:1]
DFL_LEGENDS_RACE:giant hornbill,巨型犀鳥,[REVIEWED:1]
DFL_LEGENDS_RACE:giant hornbills,巨型犀鳥,[REVIEWED:1]
DFL_LEGENDS_RACE:giant horseshoe crab,巨型馬蹄蟹,[REVIEWED:1]
DFL_LEGENDS_RACE:giant horseshoe crabs,巨型馬蹄蟹,[REVIEWED:1]
DFL_LEGENDS_RACE:giant hyena,巨型鬣狗,[REVIEWED:1]
DFL_LEGENDS_RACE:giant hyenas,巨型鬣狗,[REVIEWED:1]
DFL_LEGENDS_RACE:giant ibex,巨型羱羊,[REVIEWED:1]
DFL_LEGENDS_RACE:giant ibexes,巨型羱羊,[REVIEWED:1]
DFL_LEGENDS_RACE:giant iguana,巨型鬣蜥,[REVIEWED:1]
DFL_LEGENDS_RACE:giant iguanas,巨型鬣蜥,[REVIEWED:1]
DFL_LEGENDS_RACE:giant impala,巨型高角羚,[REVIEWED:1]
DFL_LEGENDS_RACE:giant impalas,巨型高角羚,[REVIEWED:1]
DFL_LEGENDS_RACE:giant jackal,巨型豺,[REVIEWED:1]
DFL_LEGENDS_RACE:giant jackals,巨型豺,[REVIEWED:1]
DFL_LEGENDS_RACE:giant jaguar,巨型美洲豹,[REVIEWED:1]
DFL_LEGENDS_RACE:giant jaguars,巨型美洲豹,[REVIEWED:1]
DFL_LEGENDS_RACE:giant jumping spider,巨型跳蛛,[REVIEWED:1]
DFL_LEGENDS_RACE:giant jumping spiders,巨型跳蛛,[REVIEWED:1]
DFL_LEGENDS_RACE:giant kakapo,巨型鴞鸚鵡,[REVIEWED:1]
DFL_LEGENDS_RACE:giant kangaroo,巨型袋鼠,[REVIEWED:1]
DFL_LEGENDS_RACE:giant kangaroos,巨型袋鼠,[REVIEWED:1]
DFL_LEGENDS_RACE:giant kea,巨型啄羊鸚鵡,[REVIEWED:1]
DFL_LEGENDS_RACE:giant kestrel,巨型紅隼,[REVIEWED:1]
DFL_LEGENDS_RACE:giant kestrels,巨型紅隼,[REVIEWED:1]
DFL_LEGENDS_RACE:giant king cobra,巨型眼鏡王蛇,[REVIEWED:1]
DFL_LEGENDS_RACE:giant king cobras,巨型眼鏡王蛇,[REVIEWED:1]
DFL_LEGENDS_RACE:giant kingsnake,巨型皇帝蛇,[REVIEWED:1]
DFL_LEGENDS_RACE:giant kingsnakes,巨型皇帝蛇,[REVIEWED:1]
DFL_LEGENDS_RACE:giant kiwi,巨型鷸鴕,[REVIEWED:1]
DFL_LEGENDS_RACE:giant kiwi cock,巨型雄鷸鴕,[REVIEWED:1]
DFL_LEGENDS_RACE:giant kiwi cocks,巨型雄鷸鴕,[REVIEWED:1]
DFL_LEGENDS_RACE:giant kiwi hen,巨型雌鷸鴕,[REVIEWED:1]
DFL_LEGENDS_RACE:giant kiwi hens,巨型雌鷸鴕,[REVIEWED:1]
DFL_LEGENDS_RACE:giant kiwis,巨型鷸鴕,[REVIEWED:1]
DFL_LEGENDS_RACE:giant koala,巨型樹袋熊,[REVIEWED:1]
DFL_LEGENDS_RACE:giant koalas,巨型樹袋熊,[REVIEWED:1]
DFL_LEGENDS_RACE:giant leech,巨型水蛭,[REVIEWED:1]
DFL_LEGENDS_RACE:giant leeches,巨型水蛭,[REVIEWED:1]
DFL_LEGENDS_RACE:giant leopard,巨型花豹,[REVIEWED:1]
DFL_LEGENDS_RACE:giant leopard gecko,巨型豹紋壁虎,[REVIEWED:1]
DFL_LEGENDS_RACE:giant leopard geckos,巨型豹紋壁虎,[REVIEWED:1]
DFL_LEGENDS_RACE:giant leopard seal,巨型豹形海豹,[REVIEWED:1]
DFL_LEGENDS_RACE:giant leopard seals,巨型豹形海豹,[REVIEWED:1]
DFL_LEGENDS_RACE:giant leopards,巨型花豹,[REVIEWED:1]
DFL_LEGENDS_RACE:giant lice,巨型蝨子,[REVIEWED:1]
DFL_LEGENDS_RACE:giant lion,巨型獅子,[REVIEWED:1]
DFL_LEGENDS_RACE:giant lion tamarin,巨型獅狨猴,[REVIEWED:1]
DFL_LEGENDS_RACE:giant lion tamarins,巨型獅狨猴,[REVIEWED:1]
DFL_LEGENDS_RACE:giant lions,巨型獅子,[REVIEWED:1]
DFL_LEGENDS_RACE:giant lizard,巨型蜥蜴,[REVIEWED:1]
DFL_LEGENDS_RACE:giant lizards,巨型蜥蜴,[REVIEWED:1]
DFL_LEGENDS_RACE:giant loon,巨型潛鳥,[REVIEWED:1]
DFL_LEGENDS_RACE:giant loons,巨型潛鳥,[REVIEWED:1]
DFL_LEGENDS_RACE:giant lorikeet,巨型吸蜜鸚鵡,[REVIEWED:1]
DFL_LEGENDS_RACE:giant lorikeets,巨型吸蜜鸚鵡,[REVIEWED:1]
DFL_LEGENDS_RACE:giant louse,巨型蝨子,[REVIEWED:1]
DFL_LEGENDS_RACE:giant lynx,巨型猞猁,[REVIEWED:1]
DFL_LEGENDS_RACE:giant magpie,巨型喜鵲,[REVIEWED:1]
DFL_LEGENDS_RACE:giant magpies,巨型喜鵲,[REVIEWED:1]
DFL_LEGENDS_RACE:giant mandrill,巨型山魈,[REVIEWED:1]
DFL_LEGENDS_RACE:giant mandrills,巨型山魈,[REVIEWED:1]
DFL_LEGENDS_RACE:giant mantis,巨型螳螂,[REVIEWED:1]
DFL_LEGENDS_RACE:giant mantises,巨型螳螂,[REVIEWED:1]
DFL_LEGENDS_RACE:giant masked lovebird,巨型蒙面愛情鳥,[REVIEWED:1]
DFL_LEGENDS_RACE:giant masked lovebirds,巨型蒙面愛情鳥,[REVIEWED:1]
DFL_LEGENDS_RACE:giant mink,巨型水貂,[REVIEWED:1]
DFL_LEGENDS_RACE:giant minks,巨型水貂,[REVIEWED:1]
DFL_LEGENDS_RACE:giant mole,巨型鼴鼠,[REVIEWED:1]
DFL_LEGENDS_RACE:giant moles,巨型鼴鼠,[REVIEWED:1]
DFL_LEGENDS_RACE:giant monarch butterflies,巨型帝王蝶,[REVIEWED:1]
DFL_LEGENDS_RACE:giant monarch butterfly,巨型帝王蝶,[REVIEWED:1]
DFL_LEGENDS_RACE:giant mongoose,巨型獴,[REVIEWED:1]
DFL_LEGENDS_RACE:giant mongooses,巨型獴,[REVIEWED:1]
DFL_LEGENDS_RACE:giant monitor lizard,巨型巨蜥,[REVIEWED:1]
DFL_LEGENDS_RACE:giant monitor lizards,巨型巨蜥,[REVIEWED:1]
DFL_LEGENDS_RACE:giant moon snail,巨型月亮蝸牛,[REVIEWED:1]
DFL_LEGENDS_RACE:giant moon snails,巨型月亮蝸牛,[REVIEWED:1]
DFL_LEGENDS_RACE:giant moose,巨型駝鹿,[REVIEWED:1]
DFL_LEGENDS_RACE:giant moose bull,巨型雄駝鹿,[REVIEWED:1]
DFL_LEGENDS_RACE:giant moose bulls,巨型雄駝鹿,[REVIEWED:1]
DFL_LEGENDS_RACE:giant moose cow,巨型雌駝鹿,[REVIEWED:1]
DFL_LEGENDS_RACE:giant moose cows,巨型雌駝鹿,[REVIEWED:1]
DFL_LEGENDS_RACE:giant mosquito,巨型蚊子,[REVIEWED:1]
DFL_LEGENDS_RACE:giant mosquitos,巨型蚊子,[REVIEWED:1]
DFL_LEGENDS_RACE:giant moth,巨型飛蛾,[REVIEWED:1]
DFL_LEGENDS_RACE:giant moths,巨型飛蛾,[REVIEWED:1]
DFL_LEGENDS_RACE:giant mountain goat,巨型雪羊,[REVIEWED:1]
DFL_LEGENDS_RACE:giant mountain goats,巨型雪羊,[REVIEWED:1]
DFL_LEGENDS_RACE:giant muskox,巨型麝牛,[REVIEWED:1]
DFL_LEGENDS_RACE:giant muskoxen,巨型麝牛,[REVIEWED:1]
DFL_LEGENDS_RACE:giant narwhal,巨型獨角鯨,[REVIEWED:1]
DFL_LEGENDS_RACE:giant narwhals,巨型獨角鯨,[REVIEWED:1]
DFL_LEGENDS_RACE:giant nautilus,巨型鸚鵡螺,[REVIEWED:1]
DFL_LEGENDS_RACE:giant nautiluses,巨型鸚鵡螺,[REVIEWED:1]
DFL_LEGENDS_RACE:giant ocelot,巨型豹貓,[REVIEWED:1]
DFL_LEGENDS_RACE:giant ocelots,巨型豹貓,[REVIEWED:1]
DFL_LEGENDS_RACE:giant octopus,巨型章魚,[REVIEWED:1]
DFL_LEGENDS_RACE:giant octopuses,巨型章魚,[REVIEWED:1]
DFL_LEGENDS_RACE:giant olm,巨型洞螈,[REVIEWED:1]
DFL_LEGENDS_RACE:giant olms,巨型洞螈,[REVIEWED:1]
DFL_LEGENDS_RACE:giant one-humped camel,巨型單峰駱駝,[REVIEWED:1]
DFL_LEGENDS_RACE:giant one-humped camels,巨型單峰駱駝,[REVIEWED:1]
DFL_LEGENDS_RACE:giant opossum,巨型負鼠,[REVIEWED:1]
DFL_LEGENDS_RACE:giant opossums,巨型負鼠,[REVIEWED:1]
DFL_LEGENDS_RACE:giant orca,巨型逆戟鯨,[REVIEWED:1]
DFL_LEGENDS_RACE:giant orcas,巨型逆戟鯨,[REVIEWED:1]
DFL_LEGENDS_RACE:giant oriole,巨型黃鸝,[REVIEWED:1]
DFL_LEGENDS_RACE:giant orioles,巨型黃鸝,[REVIEWED:1]
DFL_LEGENDS_RACE:giant osprey,巨型魚鷹,[REVIEWED:1]
DFL_LEGENDS_RACE:giant ospreys,巨型魚鷹,[REVIEWED:1]
DFL_LEGENDS_RACE:giant ostrich,巨型鴕鳥,[REVIEWED:1]
DFL_LEGENDS_RACE:giant ostrich cock,巨型雄鴕鳥,[REVIEWED:1]
DFL_LEGENDS_RACE:giant ostrich cocks,巨型雄鴕鳥,[REVIEWED:1]
DFL_LEGENDS_RACE:giant ostrich hen,巨型雌鴕鳥,[REVIEWED:1]
DFL_LEGENDS_RACE:giant ostrich hens,巨型雌鴕鳥,[REVIEWED:1]
DFL_LEGENDS_RACE:giant ostriches,巨型鴕鳥,[REVIEWED:1]
DFL_LEGENDS_RACE:giant otter,巨型海獺,[REVIEWED:1]
DFL_LEGENDS_RACE:giant otters,巨型海獺,[REVIEWED:1]
DFL_LEGENDS_RACE:giant pangolin,巨型穿山甲,[REVIEWED:1]
DFL_LEGENDS_RACE:giant pangolins,巨型穿山甲,[REVIEWED:1]
DFL_LEGENDS_RACE:giant parakeet,巨型長尾鸚鵡,[REVIEWED:1]
DFL_LEGENDS_RACE:giant parakeets,巨型長尾鸚鵡,[REVIEWED:1]
DFL_LEGENDS_RACE:giant peach-faced lovebird,巨型桃面愛情鳥,[REVIEWED:1]
DFL_LEGENDS_RACE:giant peach-faced lovebirds,巨型桃面愛情鳥,[REVIEWED:1]
DFL_LEGENDS_RACE:giant penguin,巨型企鵝,[REVIEWED:1]
DFL_LEGENDS_RACE:giant penguins,巨型企鵝,[REVIEWED:1]
DFL_LEGENDS_RACE:giant peregrine falcon,巨型遊隼,[REVIEWED:1]
DFL_LEGENDS_RACE:giant peregrine falcons,巨型遊隼,[REVIEWED:1]
DFL_LEGENDS_RACE:giant platypus,巨型鴨嘴獸,[REVIEWED:1]
DFL_LEGENDS_RACE:giant platypuses,巨型鴨嘴獸,[REVIEWED:1]
DFL_LEGENDS_RACE:giant polar bear,巨型北極熊,[REVIEWED:1]
DFL_LEGENDS_RACE:giant polar bears,巨型北極熊,[REVIEWED:1]
DFL_LEGENDS_RACE:giant pond turtle,巨型池龜,[REVIEWED:1]
DFL_LEGENDS_RACE:giant pond turtles,巨型池龜,[REVIEWED:1]
DFL_LEGENDS_RACE:giant porcupine,巨型豪豬,[REVIEWED:1]
DFL_LEGENDS_RACE:giant porcupines,巨型豪豬,[REVIEWED:1]
DFL_LEGENDS_RACE:giant puffin,巨型海鸚,[REVIEWED:1]
DFL_LEGENDS_RACE:giant puffins,巨型海鸚,[REVIEWED:1]
DFL_LEGENDS_RACE:giant python,巨型巨蟒,[REVIEWED:1]
DFL_LEGENDS_RACE:giant pythons,巨型巨蟒,[REVIEWED:1]
DFL_LEGENDS_RACE:giant raccoon,巨型浣熊,[REVIEWED:1]
DFL_LEGENDS_RACE:giant raccoons,巨型浣熊,[REVIEWED:1]
DFL_LEGENDS_RACE:giant rat,巨型老鼠,[REVIEWED:1]
DFL_LEGENDS_RACE:giant rats,巨型老鼠,[REVIEWED:1]
DFL_LEGENDS_RACE:giant rattlesnake,巨型響尾蛇,[REVIEWED:1]
DFL_LEGENDS_RACE:giant rattlesnakes,巨型響尾蛇,[REVIEWED:1]
DFL_LEGENDS_RACE:giant raven,巨型渡鴉,[REVIEWED:1]
DFL_LEGENDS_RACE:giant ravens,巨型渡鴉,[REVIEWED:1]
DFL_LEGENDS_RACE:giant red panda,巨型紅熊貓,[REVIEWED:1]
DFL_LEGENDS_RACE:giant red panda boar,巨型雄紅熊貓,[REVIEWED:1]
DFL_LEGENDS_RACE:giant red panda boars,巨型雄紅熊貓,[REVIEWED:1]
DFL_LEGENDS_RACE:giant red panda sow,巨型雌紅熊貓,[REVIEWED:1]
DFL_LEGENDS_RACE:giant red panda sows,巨型雌紅熊貓,[REVIEWED:1]
DFL_LEGENDS_RACE:giant red pandas,巨型紅熊貓,[REVIEWED:1]
DFL_LEGENDS_RACE:giant red squirrel,巨型紅松鼠,[REVIEWED:1]
DFL_LEGENDS_RACE:giant red squirrels,巨型紅松鼠,[REVIEWED:1]
DFL_LEGENDS_RACE:giant red-winged blackbird,巨型紅翅黑鸝,[REVIEWED:1]
DFL_LEGENDS_RACE:giant red-winged blackbirds,巨型紅翅黑鸝,[REVIEWED:1]
DFL_LEGENDS_RACE:giant rhesus macaque,巨型獼猴,[REVIEWED:1]
DFL_LEGENDS_RACE:giant rhesus macaques,巨型獼猴,[REVIEWED:1]
DFL_LEGENDS_RACE:giant rhinoceros,巨型犀牛,[REVIEWED:1]
DFL_LEGENDS_RACE:giant rhinoceroses,巨型犀牛,[REVIEWED:1]
DFL_LEGENDS_RACE:giant roach,巨型蟑螂,[REVIEWED:1]
DFL_LEGENDS_RACE:giant roaches,巨型蟑螂,[REVIEWED:1]
DFL_LEGENDS_RACE:giant saltwater crocodile,巨型鹹水鱷,[REVIEWED:1]
DFL_LEGENDS_RACE:giant saltwater crocodiles,巨型鹹水鱷,[REVIEWED:1]
DFL_LEGENDS_RACE:giant skink,巨型彩舌蜥,[REVIEWED:1]
DFL_LEGENDS_RACE:giant skinks,巨型彩舌蜥,[REVIEWED:1]
DFL_LEGENDS_RACE:giant skunk,巨型臭鼬,[REVIEWED:1]
DFL_LEGENDS_RACE:giant skunks,巨型臭鼬,[REVIEWED:1]
DFL_LEGENDS_RACE:giant sloth,巨型樹懶,[REVIEWED:1]
DFL_LEGENDS_RACE:giant sloth bear,巨型懶熊,[REVIEWED:1]
DFL_LEGENDS_RACE:giant sloth bears,巨型懶熊,[REVIEWED:1]
DFL_LEGENDS_RACE:giant sloths,巨型樹懶,[REVIEWED:1]
DFL_LEGENDS_RACE:giant slug,巨型蛞蝓,[REVIEWED:1]
DFL_LEGENDS_RACE:giant slugs,巨型蛞蝓,[REVIEWED:1]
DFL_LEGENDS_RACE:giant snail,巨型蝸牛,[REVIEWED:1]
DFL_LEGENDS_RACE:giant snails,巨型蝸牛,[REVIEWED:1]
DFL_LEGENDS_RACE:giant snapping turtle,巨型大鱷龜,[REVIEWED:1]
DFL_LEGENDS_RACE:giant snapping turtles,巨型大鱷龜,[REVIEWED:1]
DFL_LEGENDS_RACE:giant snowy owl,巨型雪鴞,[REVIEWED:1]
DFL_LEGENDS_RACE:giant snowy owls,巨型雪鴞,[REVIEWED:1]
DFL_LEGENDS_RACE:giant sparrow,巨型麻雀,[REVIEWED:1]
DFL_LEGENDS_RACE:giant sparrows,巨型麻雀,[REVIEWED:1]
DFL_LEGENDS_RACE:giant sperm whale,巨型抹香鯨,[REVIEWED:1]
DFL_LEGENDS_RACE:giant sperm whales,巨型抹香鯨,[REVIEWED:1]
DFL_LEGENDS_RACE:giant spider monkey,巨型蜘蛛猴,[REVIEWED:1]
DFL_LEGENDS_RACE:giant spider monkeys,巨型蜘蛛猴,[REVIEWED:1]
DFL_LEGENDS_RACE:giant sponge,巨型海綿,[REVIEWED:1]
DFL_LEGENDS_RACE:giant sponges,巨型海綿,[REVIEWED:1]
DFL_LEGENDS_RACE:giant stoat,巨型白鼬,[REVIEWED:1]
DFL_LEGENDS_RACE:giant stoats,巨型白鼬,[REVIEWED:1]
DFL_LEGENDS_RACE:giant swan,巨型天鵝,[REVIEWED:1]
DFL_LEGENDS_RACE:giant swans,巨型天鵝,[REVIEWED:1]
DFL_LEGENDS_RACE:giant tapir,巨型貘,[REVIEWED:1]
DFL_LEGENDS_RACE:giant tapirs,巨型貘,[REVIEWED:1]
DFL_LEGENDS_RACE:giant thrips,巨型薊馬,[REVIEWED:1]
DFL_LEGENDS_RACE:giant tick,巨型蜱蟲,[REVIEWED:1]
DFL_LEGENDS_RACE:giant ticks,巨型蜱蟲,[REVIEWED:1]
DFL_LEGENDS_RACE:giant tiercel peregrine,巨型雄遊隼,[REVIEWED:1]
DFL_LEGENDS_RACE:giant tiercel peregrines,巨型雄遊隼,[REVIEWED:1]
DFL_LEGENDS_RACE:giant tiger,巨型虎,[REVIEWED:1]
DFL_LEGENDS_RACE:giant tigers,巨型虎,[REVIEWED:1]
DFL_LEGENDS_RACE:giant toad,巨型蟾蜍,[REVIEWED:1]
DFL_LEGENDS_RACE:giant toads,巨型蟾蜍,[REVIEWED:1]
DFL_LEGENDS_RACE:giant tortoise,巨型陸龜,[REVIEWED:1]
DFL_LEGENDS_RACE:giant tortoise man,巨型陸龜人,[REVIEWED:1]
DFL_LEGENDS_RACE:giant tortoise men,巨型陸龜人,[REVIEWED:1]
DFL_LEGENDS_RACE:giant tortoise woman,女巨型陸龜人,[REVIEWED:1]
DFL_LEGENDS_RACE:giant tortoise women,女巨型陸龜人,[REVIEWED:1]
DFL_LEGENDS_RACE:giant tortoises,巨型陸龜,[REVIEWED:1]
DFL_LEGENDS_RACE:giant two-humped camel,巨型雙峰駱駝,[REVIEWED:1]
DFL_LEGENDS_RACE:giant two-humped camels,巨型雙峰駱駝,[REVIEWED:1]
DFL_LEGENDS_RACE:giant vulture,巨型禿鷲,[REVIEWED:1]
DFL_LEGENDS_RACE:giant vultures,巨型禿鷲,[REVIEWED:1]
DFL_LEGENDS_RACE:giant walrus,巨型海象,[REVIEWED:1]
DFL_LEGENDS_RACE:giant walruss,巨型海象,[REVIEWED:1]
DFL_LEGENDS_RACE:giant warthog,巨型疣豬,[REVIEWED:1]
DFL_LEGENDS_RACE:giant warthogs,巨型疣豬,[REVIEWED:1]
DFL_LEGENDS_RACE:giant weasel,巨型黃鼬,[REVIEWED:1]
DFL_LEGENDS_RACE:giant weasels,巨型黃鼬,[REVIEWED:1]
DFL_LEGENDS_RACE:giant white stork,巨型白鸛,[REVIEWED:1]
DFL_LEGENDS_RACE:giant white storks,巨型白鸛,[REVIEWED:1]
DFL_LEGENDS_RACE:giant wild boar,巨型野豬,[REVIEWED:1]
DFL_LEGENDS_RACE:giant wild boars,巨型野豬,[REVIEWED:1]
DFL_LEGENDS_RACE:giant wolf,巨型狼,[REVIEWED:1]
DFL_LEGENDS_RACE:giant wolverine,巨型狼獾,[REVIEWED:1]
DFL_LEGENDS_RACE:giant wolverines,巨型狼獾,[REVIEWED:1]
DFL_LEGENDS_RACE:giant wolves,巨型狼,[REVIEWED:1]
DFL_LEGENDS_RACE:giant wombat,巨型袋熊,[REVIEWED:1]
DFL_LEGENDS_RACE:giant wombats,巨型袋熊,[REVIEWED:1]
DFL_LEGENDS_RACE:giant wren,巨型鷦鷯,[REVIEWED:1]
DFL_LEGENDS_RACE:giant wrens,巨型鷦鷯,[REVIEWED:1]
DFL_LEGENDS_RACE:giantess,雌巨人,[REVIEWED:1]
DFL_LEGENDS_RACE:giantesses,雌巨人,[REVIEWED:1]
DFL_LEGENDS_RACE:giants,巨人,[REVIEWED:1]
DFL_LEGENDS_RACE:gigantic panda,超巨型熊貓,[REVIEWED:1]
DFL_LEGENDS_RACE:gigantic pandas,超巨型熊貓,[REVIEWED:1]
DFL_LEGENDS_RACE:gigantic squid,超巨型魷魚,[REVIEWED:1]
DFL_LEGENDS_RACE:gigantic squids,超巨型魷魚,[REVIEWED:1]
DFL_LEGENDS_RACE:gigantic tortoise,超巨型陸龜,[REVIEWED:1]
DFL_LEGENDS_RACE:gigantic tortoises,超巨型陸龜,[REVIEWED:1]
DFL_LEGENDS_RACE:gila monster,毒蜥,[REVIEWED:1]
DFL_LEGENDS_RACE:gila monster man,毒蜥人,[REVIEWED:1]
DFL_LEGENDS_RACE:gila monster men,毒蜥人,[REVIEWED:1]
DFL_LEGENDS_RACE:gila monster woman,女毒蜥人,[REVIEWED:1]
DFL_LEGENDS_RACE:gila monster women,女毒蜥人,[REVIEWED:1]
DFL_LEGENDS_RACE:gila monsters,毒蜥,[REVIEWED:1]
DFL_LEGENDS_RACE:giraffe,長頸鹿,[REVIEWED:1]
DFL_LEGENDS_RACE:giraffe man,長頸鹿人,[REVIEWED:1]
DFL_LEGENDS_RACE:giraffe men,長頸鹿人,[REVIEWED:1]
DFL_LEGENDS_RACE:giraffe woman,女長頸鹿人,[REVIEWED:1]
DFL_LEGENDS_RACE:giraffe women,女長頸鹿人,[REVIEWED:1]
DFL_LEGENDS_RACE:giraffes,長頸鹿,[REVIEWED:1]
DFL_LEGENDS_RACE:glasseye,斑鰭大眼鯛,[REVIEWED:1]
DFL_LEGENDS_RACE:glyptodon,雕齒獸,[REVIEWED:1]
DFL_LEGENDS_RACE:glyptodon boar,雄雕齒獸,[REVIEWED:1]
DFL_LEGENDS_RACE:glyptodon boars,雄雕齒獸,[REVIEWED:1]
DFL_LEGENDS_RACE:glyptodon man,雕齒獸人,[REVIEWED:1]
DFL_LEGENDS_RACE:glyptodon men,雕齒獸人,[REVIEWED:1]
DFL_LEGENDS_RACE:glyptodon sow,雌雕齒獸,[REVIEWED:1]
DFL_LEGENDS_RACE:glyptodon sows,雌雕齒獸,[REVIEWED:1]
DFL_LEGENDS_RACE:glyptodon woman,雌雕齒獸人,[REVIEWED:1]
DFL_LEGENDS_RACE:glyptodon women,雌雕齒獸人,[REVIEWED:1]
DFL_LEGENDS_RACE:goat,山羊,[REVIEWED:1]
DFL_LEGENDS_RACE:goats,山羊,[REVIEWED:1]
DFL_LEGENDS_RACE:goblin,哥布林,[REVIEWED:1]
DFL_LEGENDS_RACE:goblins,哥布林,[REVIEWED:1]
DFL_LEGENDS_RACE:goose,家鵝,[REVIEWED:1]
DFL_LEGENDS_RACE:gorilla,大猩猩,[REVIEWED:1]
DFL_LEGENDS_RACE:gorillas,大猩猩,[REVIEWED:1]
DFL_LEGENDS_RACE:gorlak,獠牙怪,[REVIEWED:1]
DFL_LEGENDS_RACE:gorlaks,獠牙怪,[REVIEWED:1]
DFL_LEGENDS_RACE:grackle,黑羽椋鳥,[REVIEWED:1]
DFL_LEGENDS_RACE:grackle man,黑羽椋鳥人,[REVIEWED:1]
DFL_LEGENDS_RACE:grackle men,黑羽椋鳥人,[REVIEWED:1]
DFL_LEGENDS_RACE:grackle woman,雌黑羽椋鳥人,[REVIEWED:1]
DFL_LEGENDS_RACE:grackle women,雌黑羽椋鳥人,[REVIEWED:1]
DFL_LEGENDS_RACE:grackles,黑羽椋鳥,[REVIEWED:1]
DFL_LEGENDS_RACE:grasshopper,蚱蜢,[REVIEWED:1]
DFL_LEGENDS_RACE:grasshopper man,蚱蜢人,[REVIEWED:1]
DFL_LEGENDS_RACE:grasshopper men,蚱蜢人,[REVIEWED:1]
DFL_LEGENDS_RACE:grasshopper woman,雌蚱蜢人,[REVIEWED:1]
DFL_LEGENDS_RACE:grasshopper women,雌蚱蜢人,[REVIEWED:1]
DFL_LEGENDS_RACE:grasshoppers,蚱蜢,[REVIEWED:1]
DFL_LEGENDS_RACE:gray gibbon,灰長臂猿,[REVIEWED:1]
DFL_LEGENDS_RACE:gray gibbons,灰長臂猿,[REVIEWED:1]
DFL_LEGENDS_RACE:gray langur,灰葉猴,[REVIEWED:1]
DFL_LEGENDS_RACE:gray langur man,灰葉猴人,[REVIEWED:1]
DFL_LEGENDS_RACE:gray langur men,灰葉猴人,[REVIEWED:1]
DFL_LEGENDS_RACE:gray langur woman,女灰葉猴人,[REVIEWED:1]
DFL_LEGENDS_RACE:gray langur women,女灰葉猴人,[REVIEWED:1]
DFL_LEGENDS_RACE:gray langurs,灰葉猴,[REVIEWED:1]
DFL_LEGENDS_RACE:gray squirrel,灰松鼠,[REVIEWED:1]
DFL_LEGENDS_RACE:gray squirrel man,灰松鼠人,[REVIEWED:1]
DFL_LEGENDS_RACE:gray squirrel men,灰松鼠人,[REVIEWED:1]
DFL_LEGENDS_RACE:gray squirrel woman,雌灰松鼠人,[REVIEWED:1]
DFL_LEGENDS_RACE:gray squirrel women,雌灰松鼠人,[REVIEWED:1]
DFL_LEGENDS_RACE:gray squirrels,灰松鼠,[REVIEWED:1]
DFL_LEGENDS_RACE:great barracuda,大梭魚,[REVIEWED:1]
DFL_LEGENDS_RACE:great barracudas,大梭魚,[REVIEWED:1]
DFL_LEGENDS_RACE:great horned owl,大角鴞,[REVIEWED:1]
DFL_LEGENDS_RACE:great horned owl man,大角鴞人,[REVIEWED:1]
DFL_LEGENDS_RACE:great horned owl men,大角鴞人,[REVIEWED:1]
DFL_LEGENDS_RACE:great horned owl woman,雌大角鴞人,[REVIEWED:1]
DFL_LEGENDS_RACE:great horned owl women,雌大角鴞人,[REVIEWED:1]
DFL_LEGENDS_RACE:great horned owls,大角鴞,[REVIEWED:1]
DFL_LEGENDS_RACE:great white shark,大白鯊,[REVIEWED:1]
DFL_LEGENDS_RACE:great white sharks,大白鯊,[REVIEWED:1]
DFL_LEGENDS_RACE:green devourer,綠色吞噬者,[REVIEWED:1]
DFL_LEGENDS_RACE:green devourers,綠色吞噬者,[REVIEWED:1]
DFL_LEGENDS_RACE:green tree frog,綠樹蛙,[REVIEWED:1]
DFL_LEGENDS_RACE:green tree frog man,綠樹蛙人,[REVIEWED:1]
DFL_LEGENDS_RACE:green tree frog men,綠樹蛙人,[REVIEWED:1]
DFL_LEGENDS_RACE:green tree frog woman,女綠樹蛙人,[REVIEWED:1]
DFL_LEGENDS_RACE:green tree frog women,女綠樹蛙人,[REVIEWED:1]
DFL_LEGENDS_RACE:green tree frogs,綠樹蛙,[REVIEWED:1]
DFL_LEGENDS_RACE:gremlin,麻煩鬼,[REVIEWED:1]
DFL_LEGENDS_RACE:gremlins,麻煩鬼,[REVIEWED:1]
DFL_LEGENDS_RACE:grey parrot,灰鸚鵡,[REVIEWED:1]
DFL_LEGENDS_RACE:grey parrot man,灰鸚鵡人,[REVIEWED:1]
DFL_LEGENDS_RACE:grey parrot men,灰鸚鵡人,[REVIEWED:1]
DFL_LEGENDS_RACE:grey parrot woman,雌灰鸚鵡人,[REVIEWED:1]
DFL_LEGENDS_RACE:grey parrot women,雌灰鸚鵡人,[REVIEWED:1]
DFL_LEGENDS_RACE:grey parrots,灰鸚鵡,[REVIEWED:1]
DFL_LEGENDS_RACE:griffon,獅鷲,[REVIEWED:1]
DFL_LEGENDS_RACE:griffons,獅鷲,[REVIEWED:1]
DFL_LEGENDS_RACE:grimeling,水鬼,[REVIEWED:1]
DFL_LEGENDS_RACE:grimelings,水鬼,[REVIEWED:1]
DFL_LEGENDS_RACE:grizzly bear,灰熊,[REVIEWED:1]
DFL_LEGENDS_RACE:grizzly bear man,灰熊人,[REVIEWED:1]
DFL_LEGENDS_RACE:grizzly bear men,灰熊人,[REVIEWED:1]
DFL_LEGENDS_RACE:grizzly bear woman,女灰熊人,[REVIEWED:1]
DFL_LEGENDS_RACE:grizzly bear women,女灰熊人,[REVIEWED:1]
DFL_LEGENDS_RACE:grizzly bears,灰熊,[REVIEWED:1]
DFL_LEGENDS_RACE:groundhog,土撥鼠,[REVIEWED:1]
DFL_LEGENDS_RACE:groundhog man,土撥鼠人,[REVIEWED:1]
DFL_LEGENDS_RACE:groundhog men,土撥鼠人,[REVIEWED:1]
DFL_LEGENDS_RACE:groundhog woman,女土撥鼠人,[REVIEWED:1]
DFL_LEGENDS_RACE:groundhog women,女土撥鼠人,[REVIEWED:1]
DFL_LEGENDS_RACE:groundhogs,土撥鼠,[REVIEWED:1]
DFL_LEGENDS_RACE:guineacock,公珍珠雞,[REVIEWED:1]
DFL_LEGENDS_RACE:guineacocks,公珍珠雞,[REVIEWED:1]
DFL_LEGENDS_RACE:guineafowl,珍珠雞,[REVIEWED:1]
DFL_LEGENDS_RACE:guineafowls,珍珠雞,[REVIEWED:1]
DFL_LEGENDS_RACE:guineahen,母珍珠雞,[REVIEWED:1]
DFL_LEGENDS_RACE:guineahens,母珍珠雞,[REVIEWED:1]
DFL_LEGENDS_RACE:guppies,虹鱂,[REVIEWED:1]
DFL_LEGENDS_RACE:guppy,虹鱂,[REVIEWED:1]
DFL_LEGENDS_RACE:hagfish,盲鰻,[REVIEWED:1]
DFL_LEGENDS_RACE:haikouichthys,海口魚,[REVIEWED:1]
DFL_LEGENDS_RACE:haikouichthys man,海口魚人,[REVIEWED:1]
DFL_LEGENDS_RACE:haikouichthys men,海口魚人,[REVIEWED:1]
DFL_LEGENDS_RACE:haikouichthys woman,雌海口魚人,[REVIEWED:1]
DFL_LEGENDS_RACE:haikouichthys women,雌海口魚人,[REVIEWED:1]
DFL_LEGENDS_RACE:hake,無須鱈,[REVIEWED:1]
DFL_LEGENDS_RACE:halibut,大比目魚,[REVIEWED:1]
DFL_LEGENDS_RACE:hallucigenia,怪誕蟲,[REVIEWED:1]
DFL_LEGENDS_RACE:hallucigenia man,怪誕蟲人,[REVIEWED:1]
DFL_LEGENDS_RACE:hallucigenia men,怪誕蟲人,[REVIEWED:1]
DFL_LEGENDS_RACE:hallucigenia woman,雌怪誕蟲人,[REVIEWED:1]
DFL_LEGENDS_RACE:hallucigenia women,雌怪誕蟲人,[REVIEWED:1]
DFL_LEGENDS_RACE:hammerhead shark,錘頭鯊,[REVIEWED:1]
DFL_LEGENDS_RACE:hammerhead sharks,錘頭鯊,[REVIEWED:1]
DFL_LEGENDS_RACE:hamster,倉鼠,[REVIEWED:1]
DFL_LEGENDS_RACE:hamster man,倉鼠人,[REVIEWED:1]
DFL_LEGENDS_RACE:hamster men,倉鼠人,[REVIEWED:1]
DFL_LEGENDS_RACE:hamster woman,雌倉鼠人,[REVIEWED:1]
DFL_LEGENDS_RACE:hamster women,雌倉鼠人,[REVIEWED:1]
DFL_LEGENDS_RACE:hamsters,倉鼠,[REVIEWED:1]
DFL_LEGENDS_RACE:hare,野兔,[REVIEWED:1]
DFL_LEGENDS_RACE:hare man,野兔人,[REVIEWED:1]
DFL_LEGENDS_RACE:hare men,野兔人,[REVIEWED:1]
DFL_LEGENDS_RACE:hare woman,女野兔人,[REVIEWED:1]
DFL_LEGENDS_RACE:hare women,女野兔人,[REVIEWED:1]
DFL_LEGENDS_RACE:hares,野兔,[REVIEWED:1]
DFL_LEGENDS_RACE:harp seal,豎琴海豹,[REVIEWED:1]
DFL_LEGENDS_RACE:harp seal man,豎琴海豹人,[REVIEWED:1]
DFL_LEGENDS_RACE:harp seal men,豎琴海豹人,[REVIEWED:1]
DFL_LEGENDS_RACE:harp seal woman,女豎琴海豹人,[REVIEWED:1]
DFL_LEGENDS_RACE:harp seal women,女豎琴海豹人,[REVIEWED:1]
DFL_LEGENDS_RACE:harp seals,豎琴海豹,[REVIEWED:1]
DFL_LEGENDS_RACE:harpies,鷹身女妖,[REVIEWED:1]
DFL_LEGENDS_RACE:harpy,鷹身女妖,[REVIEWED:1]
DFL_LEGENDS_RACE:hedgehog,刺蝟,[REVIEWED:1]
DFL_LEGENDS_RACE:hedgehog man,刺蝟人,[REVIEWED:1]
DFL_LEGENDS_RACE:hedgehog men,刺蝟人,[REVIEWED:1]
DFL_LEGENDS_RACE:hedgehog woman,雌刺蝟人,[REVIEWED:1]
DFL_LEGENDS_RACE:hedgehog women,雌刺蝟人,[REVIEWED:1]
DFL_LEGENDS_RACE:hedgehogs,刺蝟,[REVIEWED:1]
DFL_LEGENDS_RACE:helicoprion,旋齒鯊,[REVIEWED:1]
DFL_LEGENDS_RACE:helicoprion man,旋齒鯊人,[REVIEWED:1]
DFL_LEGENDS_RACE:helicoprion men,旋齒鯊人,[REVIEWED:1]
DFL_LEGENDS_RACE:helicoprion woman,雌旋齒鯊人,[REVIEWED:1]
DFL_LEGENDS_RACE:helicoprion women,雌旋齒鯊人,[REVIEWED:1]
DFL_LEGENDS_RACE:helmet snake,頭盔蛇,[REVIEWED:1]
DFL_LEGENDS_RACE:helmet snakes,頭盔蛇,[REVIEWED:1]
DFL_LEGENDS_RACE:hen,母雞,[REVIEWED:1]
DFL_LEGENDS_RACE:hens,母雞,[REVIEWED:1]
DFL_LEGENDS_RACE:herring,鯡魚,[REVIEWED:1]
DFL_LEGENDS_RACE:herrings,鯡魚,[REVIEWED:1]
DFL_LEGENDS_RACE:hibbertopterus peachi,希氏廣翅鱟·皮氏亞種,[REVIEWED:1]
DFL_LEGENDS_RACE:hibbertopterus peachi man,希氏廣翅鱟·皮氏亞種人,[REVIEWED:1]
DFL_LEGENDS_RACE:hibbertopterus peachi men,希氏廣翅鱟·皮氏亞種人,[REVIEWED:1]
DFL_LEGENDS_RACE:hibbertopterus peachi woman,雌希氏廣翅鱟·皮氏亞種人,[REVIEWED:1]
DFL_LEGENDS_RACE:hibbertopterus peachi women,雌希氏廣翅鱟·皮氏亞種人,[REVIEWED:1]
DFL_LEGENDS_RACE:hibbertopterus scouleri,希氏廣翅鱟·斯氏亞種,[REVIEWED:1]
DFL_LEGENDS_RACE:hibbertopterus scouleri man,希氏廣翅鱟·斯氏亞種人,[REVIEWED:1]
DFL_LEGENDS_RACE:hibbertopterus scouleri men,希氏廣翅鱟·斯氏亞種人,[REVIEWED:1]
DFL_LEGENDS_RACE:hibbertopterus scouleri woman,雌希氏廣翅鱟·斯氏亞種人,[REVIEWED:1]
DFL_LEGENDS_RACE:hibbertopterus scouleri women,雌希氏廣翅鱟·斯氏亞種人,[REVIEWED:1]
DFL_LEGENDS_RACE:hippo,河馬,[REVIEWED:1]
DFL_LEGENDS_RACE:hippo man,河馬人,[REVIEWED:1]
DFL_LEGENDS_RACE:hippo men,河馬人,[REVIEWED:1]
DFL_LEGENDS_RACE:hippo woman,女河馬人,[REVIEWED:1]
DFL_LEGENDS_RACE:hippo women,女河馬人,[REVIEWED:1]
DFL_LEGENDS_RACE:hippos,河馬,[REVIEWED:1]
DFL_LEGENDS_RACE:hoary marmot,花白旱獺,[REVIEWED:1]
DFL_LEGENDS_RACE:hoary marmot man,花白旱獺人,[REVIEWED:1]
DFL_LEGENDS_RACE:hoary marmot men,花白旱獺人,[REVIEWED:1]
DFL_LEGENDS_RACE:hoary marmot woman,女花白旱獺人,[REVIEWED:1]
DFL_LEGENDS_RACE:hoary marmot women,女花白旱獺人,[REVIEWED:1]
DFL_LEGENDS_RACE:hoary marmots,花白旱獺,[REVIEWED:1]
DFL_LEGENDS_RACE:honey badger,蜜獾,[REVIEWED:1]
DFL_LEGENDS_RACE:honey badger man,蜜獾人,[REVIEWED:1]
DFL_LEGENDS_RACE:honey badger men,蜜獾人,[REVIEWED:1]
DFL_LEGENDS_RACE:honey badger woman,女蜜獾人,[REVIEWED:1]
DFL_LEGENDS_RACE:honey badger women,女蜜獾人,[REVIEWED:1]
DFL_LEGENDS_RACE:honey badgers,蜜獾,[REVIEWED:1]
DFL_LEGENDS_RACE:honey bee,蜜蜂,[REVIEWED:1]
DFL_LEGENDS_RACE:honey bee drone,蜜蜂雄蜂,[REVIEWED:1]
DFL_LEGENDS_RACE:honey bee drones,蜜蜂雄蜂,[REVIEWED:1]
DFL_LEGENDS_RACE:honey bee queen,蜜蜂蜂后,[REVIEWED:1]
DFL_LEGENDS_RACE:honey bee queens,蜜蜂蜂后,[REVIEWED:1]
DFL_LEGENDS_RACE:honey bee worker,蜜蜂工蜂,[REVIEWED:1]
DFL_LEGENDS_RACE:honey bee workers,蜜蜂工蜂,[REVIEWED:1]
DFL_LEGENDS_RACE:honey bees,蜜蜂,[REVIEWED:1]
DFL_LEGENDS_RACE:hornbill,犀鳥,[REVIEWED:1]
DFL_LEGENDS_RACE:hornbill man,犀鳥人,[REVIEWED:1]
DFL_LEGENDS_RACE:hornbill men,犀鳥人,[REVIEWED:1]
DFL_LEGENDS_RACE:hornbill woman,雌犀鳥人,[REVIEWED:1]
DFL_LEGENDS_RACE:hornbill women,雌犀鳥人,[REVIEWED:1]
DFL_LEGENDS_RACE:hornbills,犀鳥,[REVIEWED:1]
DFL_LEGENDS_RACE:horse,馬,[REVIEWED:1]
DFL_LEGENDS_RACE:horses,馬,[REVIEWED:1]
DFL_LEGENDS_RACE:horseshoe crab,馬蹄蟹,[REVIEWED:1]
DFL_LEGENDS_RACE:horseshoe crab man,馬蹄蟹人,[REVIEWED:1]
DFL_LEGENDS_RACE:horseshoe crab men,馬蹄蟹人,[REVIEWED:1]
DFL_LEGENDS_RACE:horseshoe crab woman,女馬蹄蟹人,[REVIEWED:1]
DFL_LEGENDS_RACE:horseshoe crab women,女馬蹄蟹人,[REVIEWED:1]
DFL_LEGENDS_RACE:horseshoe crabs,馬蹄蟹,[REVIEWED:1]
DFL_LEGENDS_RACE:human,人類,[REVIEWED:1]
DFL_LEGENDS_RACE:humans,人類,[REVIEWED:1]
DFL_LEGENDS_RACE:hungry head,飢餓之顱,[REVIEWED:1]
DFL_LEGENDS_RACE:hungry heads,飢餓之顱,[REVIEWED:1]
DFL_LEGENDS_RACE:hydra,七頭蛇,[REVIEWED:1]
DFL_LEGENDS_RACE:hydras,七頭蛇,[REVIEWED:1]
DFL_LEGENDS_RACE:hyena,鬣狗,[REVIEWED:1]
DFL_LEGENDS_RACE:hyena man,鬣狗人,[REVIEWED:1]
DFL_LEGENDS_RACE:hyena men,鬣狗人,[REVIEWED:1]
DFL_LEGENDS_RACE:hyena woman,雌鬣狗人,[REVIEWED:1]
DFL_LEGENDS_RACE:hyena women,雌鬣狗人,[REVIEWED:1]
DFL_LEGENDS_RACE:hyenas,鬣狗,[REVIEWED:1]
DFL_LEGENDS_RACE:hypsilophodon,稜齒龍,[REVIEWED:1]
DFL_LEGENDS_RACE:hypsilophodon man,稜齒龍人,[REVIEWED:1]
DFL_LEGENDS_RACE:hypsilophodon men,稜齒龍人,[REVIEWED:1]
DFL_LEGENDS_RACE:hypsilophodon woman,雌稜齒龍人,[REVIEWED:1]
DFL_LEGENDS_RACE:hypsilophodon women,雌稜齒龍人,[REVIEWED:1]
DFL_LEGENDS_RACE:ibex,羱羊,[REVIEWED:1]
DFL_LEGENDS_RACE:ibex man,羱羊人,[REVIEWED:1]
DFL_LEGENDS_RACE:ibex men,羱羊人,[REVIEWED:1]
DFL_LEGENDS_RACE:ibex woman,雌羱羊人,[REVIEWED:1]
DFL_LEGENDS_RACE:ibex women,雌羱羊人,[REVIEWED:1]
DFL_LEGENDS_RACE:ibexes,羱羊,[REVIEWED:1]
DFL_LEGENDS_RACE:ice wolf,冰原狼,[REVIEWED:1]
DFL_LEGENDS_RACE:ice wolves,冰原狼,[REVIEWED:1]
DFL_LEGENDS_RACE:ichthyosaurus,魚龍,[REVIEWED:1]
DFL_LEGENDS_RACE:ichthyosaurus man,魚龍人,[REVIEWED:1]
DFL_LEGENDS_RACE:ichthyosaurus men,魚龍人,[REVIEWED:1]
DFL_LEGENDS_RACE:ichthyosaurus woman,雌魚龍人,[REVIEWED:1]
DFL_LEGENDS_RACE:ichthyosaurus women,雌魚龍人,[REVIEWED:1]
DFL_LEGENDS_RACE:iguana,鬣蜥,[REVIEWED:1]
DFL_LEGENDS_RACE:iguana man,鬣蜥人,[REVIEWED:1]
DFL_LEGENDS_RACE:iguana men,鬣蜥人,[REVIEWED:1]
DFL_LEGENDS_RACE:iguana woman,女鬣蜥人,[REVIEWED:1]
DFL_LEGENDS_RACE:iguana women,女鬣蜥人,[REVIEWED:1]
DFL_LEGENDS_RACE:iguanas,鬣蜥,[REVIEWED:1]
DFL_LEGENDS_RACE:iguanodon,禽龍,[REVIEWED:1]
DFL_LEGENDS_RACE:iguanodon man,禽龍人,[REVIEWED:1]
DFL_LEGENDS_RACE:iguanodon men,禽龍人,[REVIEWED:1]
DFL_LEGENDS_RACE:iguanodon woman,雌禽龍人,[REVIEWED:1]
DFL_LEGENDS_RACE:iguanodon women,雌禽龍人,[REVIEWED:1]
DFL_LEGENDS_RACE:impala,高角羚,[REVIEWED:1]
DFL_LEGENDS_RACE:impala man,高角羚人,[REVIEWED:1]
DFL_LEGENDS_RACE:impala men,高角羚人,[REVIEWED:1]
DFL_LEGENDS_RACE:impala woman,雌高角羚人,[REVIEWED:1]
DFL_LEGENDS_RACE:impala women,雌高角羚人,[REVIEWED:1]
DFL_LEGENDS_RACE:impalas,高角羚,[REVIEWED:1]
DFL_LEGENDS_RACE:iron man,鐵人,[REVIEWED:1]
DFL_LEGENDS_RACE:iron men,鐵人,[REVIEWED:1]
DFL_LEGENDS_RACE:jabberer,寬喙巨獸,[REVIEWED:1]
DFL_LEGENDS_RACE:jabberers,寬喙巨獸,[REVIEWED:1]
DFL_LEGENDS_RACE:jackal,豺,[REVIEWED:1]
DFL_LEGENDS_RACE:jackal man,豺人,[REVIEWED:1]
DFL_LEGENDS_RACE:jackal men,豺人,[REVIEWED:1]
DFL_LEGENDS_RACE:jackal woman,雌豺人,[REVIEWED:1]
DFL_LEGENDS_RACE:jackal women,雌豺人,[REVIEWED:1]
DFL_LEGENDS_RACE:jackals,豺,[REVIEWED:1]
DFL_LEGENDS_RACE:jaekelopterus,耶克爾翼鱟,[REVIEWED:1]
DFL_LEGENDS_RACE:jaekelopterus man,耶克爾翼鱟人,[REVIEWED:1]
DFL_LEGENDS_RACE:jaekelopterus men,耶克爾翼鱟人,[REVIEWED:1]
DFL_LEGENDS_RACE:jaekelopterus woman,雌耶克爾翼鱟人,[REVIEWED:1]
DFL_LEGENDS_RACE:jaekelopterus women,雌耶克爾翼鱟人,[REVIEWED:1]
DFL_LEGENDS_RACE:jaguar,美洲豹,[REVIEWED:1]
DFL_LEGENDS_RACE:jaguar man,美洲豹人,[REVIEWED:1]
DFL_LEGENDS_RACE:jaguar men,美洲豹人,[REVIEWED:1]
DFL_LEGENDS_RACE:jaguar woman,女美洲豹人,[REVIEWED:1]
DFL_LEGENDS_RACE:jaguar women,女美洲豹人,[REVIEWED:1]
DFL_LEGENDS_RACE:jaguars,美洲豹,[REVIEWED:1]
DFL_LEGENDS_RACE:jeholopterus,熱河翼龍,[REVIEWED:1]
DFL_LEGENDS_RACE:jeholopterus man,熱河翼龍人,[REVIEWED:1]
DFL_LEGENDS_RACE:jeholopterus men,熱河翼龍人,[REVIEWED:1]
DFL_LEGENDS_RACE:jeholopterus woman,雌熱河翼龍人,[REVIEWED:1]
DFL_LEGENDS_RACE:jeholopterus women,雌熱河翼龍人,[REVIEWED:1]
DFL_LEGENDS_RACE:jumping spider,跳蛛,[REVIEWED:1]
DFL_LEGENDS_RACE:jumping spider man,跳蛛人,[REVIEWED:1]
DFL_LEGENDS_RACE:jumping spider men,跳蛛人,[REVIEWED:1]
DFL_LEGENDS_RACE:jumping spider woman,女跳蛛人,[REVIEWED:1]
DFL_LEGENDS_RACE:jumping spider women,女跳蛛人,[REVIEWED:1]
DFL_LEGENDS_RACE:jumping spiders,跳蛛,[REVIEWED:1]
DFL_LEGENDS_RACE:kakapo,鴞鸚鵡,[REVIEWED:1]
DFL_LEGENDS_RACE:kakapo man,鴞鸚鵡人,[REVIEWED:1]
DFL_LEGENDS_RACE:kakapo men,鴞鸚鵡人,[REVIEWED:1]
DFL_LEGENDS_RACE:kakapo woman,雌鴞鸚鵡人,[REVIEWED:1]
DFL_LEGENDS_RACE:kakapo women,雌鴞鸚鵡人,[REVIEWED:1]
DFL_LEGENDS_RACE:kangaroo,袋鼠,[REVIEWED:1]
DFL_LEGENDS_RACE:kangaroo buck,雄袋鼠,[REVIEWED:1]
DFL_LEGENDS_RACE:kangaroo bucks,雄袋鼠,[REVIEWED:1]
DFL_LEGENDS_RACE:kangaroo doe,雌袋鼠,[REVIEWED:1]
DFL_LEGENDS_RACE:kangaroo does,雌袋鼠,[REVIEWED:1]
DFL_LEGENDS_RACE:kangaroo man,袋鼠人,[REVIEWED:1]
DFL_LEGENDS_RACE:kangaroo men,袋鼠人,[REVIEWED:1]
DFL_LEGENDS_RACE:kangaroo woman,女袋鼠人,[REVIEWED:1]
DFL_LEGENDS_RACE:kangaroo women,女袋鼠人,[REVIEWED:1]
DFL_LEGENDS_RACE:kangaroos,袋鼠,[REVIEWED:1]
DFL_LEGENDS_RACE:kea,啄羊鸚鵡,[REVIEWED:1]
DFL_LEGENDS_RACE:kea man,啄羊鸚鵡人,[REVIEWED:1]
DFL_LEGENDS_RACE:kea men,啄羊鸚鵡人,[REVIEWED:1]
DFL_LEGENDS_RACE:kea woman,雌啄羊鸚鵡人,[REVIEWED:1]
DFL_LEGENDS_RACE:kea women,雌啄羊鸚鵡人,[REVIEWED:1]
DFL_LEGENDS_RACE:kelenken,凱倫肯,[REVIEWED:1]
DFL_LEGENDS_RACE:kelenken cock,雄凱倫肯,[REVIEWED:1]
DFL_LEGENDS_RACE:kelenken cocks,雄凱倫肯,[REVIEWED:1]
DFL_LEGENDS_RACE:kelenken hen,雌凱倫肯,[REVIEWED:1]
DFL_LEGENDS_RACE:kelenken hens,雌凱倫肯,[REVIEWED:1]
DFL_LEGENDS_RACE:kelenken man,凱倫肯人,[REVIEWED:1]
DFL_LEGENDS_RACE:kelenken men,凱倫肯人,[REVIEWED:1]
DFL_LEGENDS_RACE:kelenken woman,雌凱倫肯人,[REVIEWED:1]
DFL_LEGENDS_RACE:kelenken women,雌凱倫肯人,[REVIEWED:1]
DFL_LEGENDS_RACE:kentrosaurus,釘狀龍,[REVIEWED:1]
DFL_LEGENDS_RACE:kentrosaurus man,釘狀龍人,[REVIEWED:1]
DFL_LEGENDS_RACE:kentrosaurus men,釘狀龍人,[REVIEWED:1]
DFL_LEGENDS_RACE:kentrosaurus woman,雌釘狀龍人,[REVIEWED:1]
DFL_LEGENDS_RACE:kentrosaurus women,雌釘狀龍人,[REVIEWED:1]
DFL_LEGENDS_RACE:kestrel,紅隼,[REVIEWED:1]
DFL_LEGENDS_RACE:kestrel man,紅隼人,[REVIEWED:1]
DFL_LEGENDS_RACE:kestrel men,紅隼人,[REVIEWED:1]
DFL_LEGENDS_RACE:kestrel woman,雌紅隼人,[REVIEWED:1]
DFL_LEGENDS_RACE:kestrel women,雌紅隼人,[REVIEWED:1]
DFL_LEGENDS_RACE:kestrels,紅隼,[REVIEWED:1]
DFL_LEGENDS_RACE:king cobra,眼鏡王蛇,[REVIEWED:1]
DFL_LEGENDS_RACE:king cobra man,眼鏡王蛇人,[REVIEWED:1]
DFL_LEGENDS_RACE:king cobra men,眼鏡王蛇人,[REVIEWED:1]
DFL_LEGENDS_RACE:king cobra woman,雌眼鏡王蛇人,[REVIEWED:1]
DFL_LEGENDS_RACE:king cobra women,雌眼鏡王蛇人,[REVIEWED:1]
DFL_LEGENDS_RACE:king cobras,眼鏡王蛇,[REVIEWED:1]
DFL_LEGENDS_RACE:king termite,白蟻蟻王,[REVIEWED:1]
DFL_LEGENDS_RACE:king termites,白蟻蟻王,[REVIEWED:1]
DFL_LEGENDS_RACE:kingsnake,皇帝蛇,[REVIEWED:1]
DFL_LEGENDS_RACE:kingsnake man,皇帝蛇人,[REVIEWED:1]
DFL_LEGENDS_RACE:kingsnake men,皇帝蛇人,[REVIEWED:1]
DFL_LEGENDS_RACE:kingsnake woman,女皇帝蛇人,[REVIEWED:1]
DFL_LEGENDS_RACE:kingsnake women,女皇帝蛇人,[REVIEWED:1]
DFL_LEGENDS_RACE:kingsnakes,皇帝蛇,[REVIEWED:1]
DFL_LEGENDS_RACE:kiwi,鷸鴕,[REVIEWED:1]
DFL_LEGENDS_RACE:kiwi cock,雄鷸鴕,[REVIEWED:1]
DFL_LEGENDS_RACE:kiwi cocks,雄鷸鴕,[REVIEWED:1]
DFL_LEGENDS_RACE:kiwi hen,雌鷸鴕,[REVIEWED:1]
DFL_LEGENDS_RACE:kiwi hens,雌鷸鴕,[REVIEWED:1]
DFL_LEGENDS_RACE:kiwi man,鷸鴕人,[REVIEWED:1]
DFL_LEGENDS_RACE:kiwi men,鷸鴕人,[REVIEWED:1]
DFL_LEGENDS_RACE:kiwi woman,雌鷸鴕人,[REVIEWED:1]
DFL_LEGENDS_RACE:kiwi women,雌鷸鴕人,[REVIEWED:1]
DFL_LEGENDS_RACE:kiwis,鷸鴕,[REVIEWED:1]
DFL_LEGENDS_RACE:knuckle worm,關節蠕蟲,[REVIEWED:1]
DFL_LEGENDS_RACE:knuckle worms,關節蠕蟲,[REVIEWED:1]
DFL_LEGENDS_RACE:koala,樹袋熊,[REVIEWED:1]
DFL_LEGENDS_RACE:koala man,樹袋熊人,[REVIEWED:1]
DFL_LEGENDS_RACE:koala men,樹袋熊人,[REVIEWED:1]
DFL_LEGENDS_RACE:koala woman,女樹袋熊人,[REVIEWED:1]
DFL_LEGENDS_RACE:koala women,女樹袋熊人,[REVIEWED:1]
DFL_LEGENDS_RACE:koalas,樹袋熊,[REVIEWED:1]
DFL_LEGENDS_RACE:kobold,狗頭人,[REVIEWED:1]
DFL_LEGENDS_RACE:kobolds,狗頭人,[REVIEWED:1]
DFL_LEGENDS_RACE:kosmoceratops,華麗角龍,[REVIEWED:1]
DFL_LEGENDS_RACE:kosmoceratops man,華麗角龍人,[REVIEWED:1]
DFL_LEGENDS_RACE:kosmoceratops men,華麗角龍人,[REVIEWED:1]
DFL_LEGENDS_RACE:kosmoceratops woman,雌華麗角龍人,[REVIEWED:1]
DFL_LEGENDS_RACE:kosmoceratops women,雌華麗角龍人,[REVIEWED:1]
DFL_LEGENDS_RACE:large rat,碩鼠,[REVIEWED:1]
DFL_LEGENDS_RACE:large rats,碩鼠,[REVIEWED:1]
DFL_LEGENDS_RACE:large roach,大蟑螂,[REVIEWED:1]
DFL_LEGENDS_RACE:large roaches,大蟑螂,[REVIEWED:1]
DFL_LEGENDS_RACE:leech,水蛭,[REVIEWED:1]
DFL_LEGENDS_RACE:leech man,水蛭人,[REVIEWED:1]
DFL_LEGENDS_RACE:leech men,水蛭人,[REVIEWED:1]
DFL_LEGENDS_RACE:leeches,水蛭,[REVIEWED:1]
DFL_LEGENDS_RACE:leopard,花豹,[REVIEWED:1]
DFL_LEGENDS_RACE:leopard gecko,豹紋壁虎,[REVIEWED:1]
DFL_LEGENDS_RACE:leopard gecko man,豹紋壁虎人,[REVIEWED:1]
DFL_LEGENDS_RACE:leopard gecko men,豹紋壁虎人,[REVIEWED:1]
DFL_LEGENDS_RACE:leopard gecko woman,女豹紋壁虎人,[REVIEWED:1]
DFL_LEGENDS_RACE:leopard gecko women,女豹紋壁虎人,[REVIEWED:1]
DFL_LEGENDS_RACE:leopard geckos,豹紋壁虎,[REVIEWED:1]
DFL_LEGENDS_RACE:leopard man,花豹人,[REVIEWED:1]
DFL_LEGENDS_RACE:leopard men,花豹人,[REVIEWED:1]
DFL_LEGENDS_RACE:leopard seal,豹形海豹,[REVIEWED:1]
DFL_LEGENDS_RACE:leopard seal man,豹形海豹人,[REVIEWED:1]
DFL_LEGENDS_RACE:leopard seal men,豹形海豹人,[REVIEWED:1]
DFL_LEGENDS_RACE:leopard seal woman,女豹形海豹人,[REVIEWED:1]
DFL_LEGENDS_RACE:leopard seal women,女豹形海豹人,[REVIEWED:1]
DFL_LEGENDS_RACE:leopard seals,豹形海豹,[REVIEWED:1]
DFL_LEGENDS_RACE:leopard woman,女花豹人,[REVIEWED:1]
DFL_LEGENDS_RACE:leopard women,女花豹人,[REVIEWED:1]
DFL_LEGENDS_RACE:leopards,花豹,[REVIEWED:1]
DFL_LEGENDS_RACE:lice,蝨子,[REVIEWED:1]
DFL_LEGENDS_RACE:linhenykus,臨河爪龍,[REVIEWED:1]
DFL_LEGENDS_RACE:linhenykus man,臨河爪龍人,[REVIEWED:1]
DFL_LEGENDS_RACE:linhenykus men,臨河爪龍人,[REVIEWED:1]
DFL_LEGENDS_RACE:linhenykus woman,雌臨河爪龍人,[REVIEWED:1]
DFL_LEGENDS_RACE:linhenykus women,雌臨河爪龍人,[REVIEWED:1]
DFL_LEGENDS_RACE:lion,獅子,[REVIEWED:1]
DFL_LEGENDS_RACE:lion man,獅子人,[REVIEWED:1]
DFL_LEGENDS_RACE:lion men,獅子人,[REVIEWED:1]
DFL_LEGENDS_RACE:lion tamarin,獅狨猴,[REVIEWED:1]
DFL_LEGENDS_RACE:lion tamarin man,獅狨猴人,[REVIEWED:1]
DFL_LEGENDS_RACE:lion tamarin men,獅狨猴人,[REVIEWED:1]
DFL_LEGENDS_RACE:lion tamarin woman,雌獅狨猴人,[REVIEWED:1]
DFL_LEGENDS_RACE:lion tamarin women,雌獅狨猴人,[REVIEWED:1]
DFL_LEGENDS_RACE:lion tamarins,獅狨猴,[REVIEWED:1]
DFL_LEGENDS_RACE:lion woman,女獅子人,[REVIEWED:1]
DFL_LEGENDS_RACE:lion women,女獅子人,[REVIEWED:1]
DFL_LEGENDS_RACE:lions,獅子,[REVIEWED:1]
DFL_LEGENDS_RACE:little penguin,小企鵝,[REVIEWED:1]
DFL_LEGENDS_RACE:little penguins,小企鵝,[REVIEWED:1]
DFL_LEGENDS_RACE:lizard,蜥蜴,[REVIEWED:1]
DFL_LEGENDS_RACE:lizard man,蜥蜴人,[REVIEWED:1]
DFL_LEGENDS_RACE:lizard men,蜥蜴人,[REVIEWED:1]
DFL_LEGENDS_RACE:lizard woman,女蜥蜴人,[REVIEWED:1]
DFL_LEGENDS_RACE:lizard women,女蜥蜴人,[REVIEWED:1]
DFL_LEGENDS_RACE:lizards,蜥蜴,[REVIEWED:1]
DFL_LEGENDS_RACE:llama,無峰駝,[REVIEWED:1]
DFL_LEGENDS_RACE:llamas,無峰駝,[REVIEWED:1]
DFL_LEGENDS_RACE:longfin mako shark,長鰭鯖鯊,[REVIEWED:1]
DFL_LEGENDS_RACE:longfin mako sharks,長鰭鯖鯊,[REVIEWED:1]
DFL_LEGENDS_RACE:longnose gar,長鼻雀鱔,[REVIEWED:1]
DFL_LEGENDS_RACE:longnose gars,長鼻雀鱔,[REVIEWED:1]
DFL_LEGENDS_RACE:loon,潛鳥,[REVIEWED:1]
DFL_LEGENDS_RACE:loon man,潛鳥人,[REVIEWED:1]
DFL_LEGENDS_RACE:loon men,潛鳥人,[REVIEWED:1]
DFL_LEGENDS_RACE:loon woman,雌潛鳥人,[REVIEWED:1]
DFL_LEGENDS_RACE:loon women,雌潛鳥人,[REVIEWED:1]
DFL_LEGENDS_RACE:loons,潛鳥,[REVIEWED:1]
DFL_LEGENDS_RACE:lorikeet,吸蜜鸚鵡,[REVIEWED:1]
DFL_LEGENDS_RACE:lorikeet man,吸蜜鸚鵡人,[REVIEWED:1]
DFL_LEGENDS_RACE:lorikeet men,吸蜜鸚鵡人,[REVIEWED:1]
DFL_LEGENDS_RACE:lorikeet woman,雌吸蜜鸚鵡人,[REVIEWED:1]
DFL_LEGENDS_RACE:lorikeet women,雌吸蜜鸚鵡人,[REVIEWED:1]
DFL_LEGENDS_RACE:lorikeets,吸蜜鸚鵡,[REVIEWED:1]
DFL_LEGENDS_RACE:louse,蝨子,[REVIEWED:1]
DFL_LEGENDS_RACE:louse man,蝨子人,[REVIEWED:1]
DFL_LEGENDS_RACE:louse men,蝨子人,[REVIEWED:1]
DFL_LEGENDS_RACE:louse woman,女蝨子人,[REVIEWED:1]
DFL_LEGENDS_RACE:louse women,女蝨子人,[REVIEWED:1]
DFL_LEGENDS_RACE:lungfish,肺魚,[REVIEWED:1]
DFL_LEGENDS_RACE:lynx,猞猁,[REVIEWED:1]
DFL_LEGENDS_RACE:lynx man,猞猁人,[REVIEWED:1]
DFL_LEGENDS_RACE:lynx men,猞猁人,[REVIEWED:1]
DFL_LEGENDS_RACE:lynx woman,雌猞猁人,[REVIEWED:1]
DFL_LEGENDS_RACE:lynx women,雌猞猁人,[REVIEWED:1]
DFL_LEGENDS_RACE:lystrosaurus,水龍獸,[REVIEWED:1]
DFL_LEGENDS_RACE:lystrosaurus man,水龍獸人,[REVIEWED:1]
DFL_LEGENDS_RACE:lystrosaurus men,水龍獸人,[REVIEWED:1]
DFL_LEGENDS_RACE:lystrosaurus woman,雌水龍獸人,[REVIEWED:1]
DFL_LEGENDS_RACE:lystrosaurus women,雌水龍獸人,[REVIEWED:1]
DFL_LEGENDS_RACE:mackerel,鯖魚,[REVIEWED:1]
DFL_LEGENDS_RACE:magma crab,熔岩螃蟹,[REVIEWED:1]
DFL_LEGENDS_RACE:magma crabs,熔岩螃蟹,[REVIEWED:1]
DFL_LEGENDS_RACE:magma man,岩漿人,[REVIEWED:1]
DFL_LEGENDS_RACE:magma men,岩漿人,[REVIEWED:1]
DFL_LEGENDS_RACE:magpie,喜鵲,[REVIEWED:1]
DFL_LEGENDS_RACE:magpie man,喜鵲人,[REVIEWED:1]
DFL_LEGENDS_RACE:magpie men,喜鵲人,[REVIEWED:1]
DFL_LEGENDS_RACE:magpie woman,雌喜鵲人,[REVIEWED:1]
DFL_LEGENDS_RACE:magpie women,雌喜鵲人,[REVIEWED:1]
DFL_LEGENDS_RACE:magpies,喜鵲,[REVIEWED:1]
DFL_LEGENDS_RACE:mandrill,山魈,[REVIEWED:1]
DFL_LEGENDS_RACE:mandrill man,山魈人,[REVIEWED:1]
DFL_LEGENDS_RACE:mandrill men,山魈人,[REVIEWED:1]
DFL_LEGENDS_RACE:mandrill woman,女山魈人,[REVIEWED:1]
DFL_LEGENDS_RACE:mandrill women,女山魈人,[REVIEWED:1]
DFL_LEGENDS_RACE:mandrills,山魈,[REVIEWED:1]
DFL_LEGENDS_RACE:manera,倒吊鯊齒怪,[REVIEWED:1]
DFL_LEGENDS_RACE:maneras,倒吊鯊齒怪,[REVIEWED:1]
DFL_LEGENDS_RACE:manta ray,蝠鱝,[REVIEWED:1]
DFL_LEGENDS_RACE:manta rays,蝠鱝,[REVIEWED:1]
DFL_LEGENDS_RACE:mantis,螳螂,[REVIEWED:1]
DFL_LEGENDS_RACE:mantis man,螳螂人,[REVIEWED:1]
DFL_LEGENDS_RACE:mantis men,螳螂人,[REVIEWED:1]
DFL_LEGENDS_RACE:mantis woman,女螳螂人,[REVIEWED:1]
DFL_LEGENDS_RACE:mantis women,女螳螂人,[REVIEWED:1]
DFL_LEGENDS_RACE:mantises,螳螂,[REVIEWED:1]
DFL_LEGENDS_RACE:marlin,槍魚,[REVIEWED:1]
DFL_LEGENDS_RACE:marlins,槍魚,[REVIEWED:1]
DFL_LEGENDS_RACE:masked lovebird,蒙面愛情鳥,[REVIEWED:1]
DFL_LEGENDS_RACE:masked lovebird man,蒙面愛情鳥人,[REVIEWED:1]
DFL_LEGENDS_RACE:masked lovebird men,蒙面愛情鳥人,[REVIEWED:1]
DFL_LEGENDS_RACE:masked lovebird woman,雌蒙面愛情鳥人,[REVIEWED:1]
DFL_LEGENDS_RACE:masked lovebird women,雌蒙面愛情鳥人,[REVIEWED:1]
DFL_LEGENDS_RACE:masked lovebirds,蒙面愛情鳥,[REVIEWED:1]
DFL_LEGENDS_RACE:megacerops,巨角犀,[REVIEWED:1]
DFL_LEGENDS_RACE:megacerops man,巨角犀人,[REVIEWED:1]
DFL_LEGENDS_RACE:megacerops men,巨角犀人,[REVIEWED:1]
DFL_LEGENDS_RACE:megacerops woman,雌巨角犀人,[REVIEWED:1]
DFL_LEGENDS_RACE:megacerops women,雌巨角犀人,[REVIEWED:1]
DFL_LEGENDS_RACE:megalania,巨蜥,[REVIEWED:1]
DFL_LEGENDS_RACE:megalania man,巨蜥人,[REVIEWED:1]
DFL_LEGENDS_RACE:megalania men,巨蜥人,[REVIEWED:1]
DFL_LEGENDS_RACE:megalania woman,雌巨蜥人,[REVIEWED:1]
DFL_LEGENDS_RACE:megalania women,雌巨蜥人,[REVIEWED:1]
DFL_LEGENDS_RACE:megalodon,巨齒鯊,[REVIEWED:1]
DFL_LEGENDS_RACE:megalodon man,巨齒鯊人,[REVIEWED:1]
DFL_LEGENDS_RACE:megalodon men,巨齒鯊人,[REVIEWED:1]
DFL_LEGENDS_RACE:megalodon woman,雌巨齒鯊人,[REVIEWED:1]
DFL_LEGENDS_RACE:megalodon women,雌巨齒鯊人,[REVIEWED:1]
DFL_LEGENDS_RACE:meganeura,巨脈蜻蜓,[REVIEWED:1]
DFL_LEGENDS_RACE:meganeura man,巨脈蜻蜓人,[REVIEWED:1]
DFL_LEGENDS_RACE:meganeura men,巨脈蜻蜓人,[REVIEWED:1]
DFL_LEGENDS_RACE:meganeura woman,雌巨脈蜻蜓人,[REVIEWED:1]
DFL_LEGENDS_RACE:meganeura women,雌巨脈蜻蜓人,[REVIEWED:1]
DFL_LEGENDS_RACE:megatherium,大地懶,[REVIEWED:1]
DFL_LEGENDS_RACE:megatherium man,大地懶人,[REVIEWED:1]
DFL_LEGENDS_RACE:megatherium men,大地懶人,[REVIEWED:1]
DFL_LEGENDS_RACE:megatherium woman,雌大地懶人,[REVIEWED:1]
DFL_LEGENDS_RACE:megatherium women,雌大地懶人,[REVIEWED:1]
DFL_LEGENDS_RACE:mermaid,雌人魚,[REVIEWED:1]
DFL_LEGENDS_RACE:mermaids,雌人魚,[REVIEWED:1]
DFL_LEGENDS_RACE:merman,雄人魚,[REVIEWED:1]
DFL_LEGENDS_RACE:mermen,雄人魚,[REVIEWED:1]
DFL_LEGENDS_RACE:merpeople,人魚,[REVIEWED:1]
DFL_LEGENDS_RACE:merperson,人魚,[REVIEWED:1]
DFL_LEGENDS_RACE:microceratus,微角龍,[REVIEWED:1]
DFL_LEGENDS_RACE:microceratus man,微角龍人,[REVIEWED:1]
DFL_LEGENDS_RACE:microceratus men,微角龍人,[REVIEWED:1]
DFL_LEGENDS_RACE:microceratus woman,雌微角龍人,[REVIEWED:1]
DFL_LEGENDS_RACE:microceratus women,雌微角龍人,[REVIEWED:1]
DFL_LEGENDS_RACE:milkfish,遮目魚,[REVIEWED:1]
DFL_LEGENDS_RACE:mimetaster,仿星蟲,[REVIEWED:1]
DFL_LEGENDS_RACE:mimetaster man,仿星蟲人,[REVIEWED:1]
DFL_LEGENDS_RACE:mimetaster men,仿星蟲人,[REVIEWED:1]
DFL_LEGENDS_RACE:mimetaster woman,雌仿星蟲人,[REVIEWED:1]
DFL_LEGENDS_RACE:mimetaster women,雌仿星蟲人,[REVIEWED:1]
DFL_LEGENDS_RACE:mink,水貂,[REVIEWED:1]
DFL_LEGENDS_RACE:mink man,水貂人,[REVIEWED:1]
DFL_LEGENDS_RACE:mink men,水貂人,[REVIEWED:1]
DFL_LEGENDS_RACE:mink woman,女水貂人,[REVIEWED:1]
DFL_LEGENDS_RACE:mink women,女水貂人,[REVIEWED:1]
DFL_LEGENDS_RACE:minks,水貂,[REVIEWED:1]
DFL_LEGENDS_RACE:minotaur,牛頭人,[REVIEWED:1]
DFL_LEGENDS_RACE:minotaurs,牛頭人,[REVIEWED:1]
DFL_LEGENDS_RACE:miohippus,漸新馬,[REVIEWED:1]
DFL_LEGENDS_RACE:miohippus man,漸新馬人,[REVIEWED:1]
DFL_LEGENDS_RACE:miohippus men,漸新馬人,[REVIEWED:1]
DFL_LEGENDS_RACE:miohippus woman,雌漸新馬人,[REVIEWED:1]
DFL_LEGENDS_RACE:miohippus women,雌漸新馬人,[REVIEWED:1]
DFL_LEGENDS_RACE:moa,恐鳥,[REVIEWED:1]
DFL_LEGENDS_RACE:moa cock,雄恐鳥,[REVIEWED:1]
DFL_LEGENDS_RACE:moa cocks,雄恐鳥,[REVIEWED:1]
DFL_LEGENDS_RACE:moa hen,雌恐鳥,[REVIEWED:1]
DFL_LEGENDS_RACE:moa hens,雌恐鳥,[REVIEWED:1]
DFL_LEGENDS_RACE:moa man,恐鳥人,[REVIEWED:1]
DFL_LEGENDS_RACE:moa men,恐鳥人,[REVIEWED:1]
DFL_LEGENDS_RACE:moa woman,雌恐鳥人,[REVIEWED:1]
DFL_LEGENDS_RACE:moa women,雌恐鳥人,[REVIEWED:1]
DFL_LEGENDS_RACE:moghopper,泥跳蟲,[REVIEWED:1]
DFL_LEGENDS_RACE:moghoppers,泥跳蟲,[REVIEWED:1]
DFL_LEGENDS_RACE:molemarian,半身鼴鼠獸,[REVIEWED:1]
DFL_LEGENDS_RACE:molemarians,半身鼴鼠獸,[REVIEWED:1]
DFL_LEGENDS_RACE:monarch butterflies,帝王蝶,[REVIEWED:1]
DFL_LEGENDS_RACE:monarch butterfly,帝王蝶,[REVIEWED:1]
DFL_LEGENDS_RACE:monarch butterfly man,帝王蝶人,[REVIEWED:1]
DFL_LEGENDS_RACE:monarch butterfly men,帝王蝶人,[REVIEWED:1]
DFL_LEGENDS_RACE:monarch butterfly woman,女帝王蝶人,[REVIEWED:1]
DFL_LEGENDS_RACE:monarch butterfly women,女帝王蝶人,[REVIEWED:1]
DFL_LEGENDS_RACE:mongoose,獴,[REVIEWED:1]
DFL_LEGENDS_RACE:mongoose man,獴人,[REVIEWED:1]
DFL_LEGENDS_RACE:mongoose men,獴人,[REVIEWED:1]
DFL_LEGENDS_RACE:mongoose woman,雌獴人,[REVIEWED:1]
DFL_LEGENDS_RACE:mongoose women,雌獴人,[REVIEWED:1]
DFL_LEGENDS_RACE:mongooses,獴,[REVIEWED:1]
DFL_LEGENDS_RACE:monitor lizard,巨蜥,[REVIEWED:1]
DFL_LEGENDS_RACE:monitor lizard man,巨蜥人,[REVIEWED:1]
DFL_LEGENDS_RACE:monitor lizard men,巨蜥人,[REVIEWED:1]
DFL_LEGENDS_RACE:monitor lizard woman,雌巨蜥人,[REVIEWED:1]
DFL_LEGENDS_RACE:monitor lizard women,雌巨蜥人,[REVIEWED:1]
DFL_LEGENDS_RACE:monitor lizards,巨蜥,[REVIEWED:1]
DFL_LEGENDS_RACE:mononykus,單爪龍,[REVIEWED:1]
DFL_LEGENDS_RACE:mononykus man,單爪龍人,[REVIEWED:1]
DFL_LEGENDS_RACE:mononykus men,單爪龍人,[REVIEWED:1]
DFL_LEGENDS_RACE:mononykus woman,雌單爪龍人,[REVIEWED:1]
DFL_LEGENDS_RACE:mononykus women,雌單爪龍人,[REVIEWED:1]
DFL_LEGENDS_RACE:moon snail,月亮蝸牛,[REVIEWED:1]
DFL_LEGENDS_RACE:moon snail man,月亮蝸牛人,[REVIEWED:1]
DFL_LEGENDS_RACE:moon snail men,月亮蝸牛人,[REVIEWED:1]
DFL_LEGENDS_RACE:moon snail woman,女月亮蝸牛人,[REVIEWED:1]
DFL_LEGENDS_RACE:moon snail women,女月亮蝸牛人,[REVIEWED:1]
DFL_LEGENDS_RACE:moon snails,月亮蝸牛,[REVIEWED:1]
DFL_LEGENDS_RACE:moose,駝鹿,[REVIEWED:1]
DFL_LEGENDS_RACE:moose man,駝鹿人,[REVIEWED:1]
DFL_LEGENDS_RACE:moose men,駝鹿人,[REVIEWED:1]
DFL_LEGENDS_RACE:moose woman,女駝鹿人,[REVIEWED:1]
DFL_LEGENDS_RACE:moose women,女駝鹿人,[REVIEWED:1]
DFL_LEGENDS_RACE:mosasaurus,滄龍,[REVIEWED:1]
DFL_LEGENDS_RACE:mosasaurus man,滄龍人,[REVIEWED:1]
DFL_LEGENDS_RACE:mosasaurus men,滄龍人,[REVIEWED:1]
DFL_LEGENDS_RACE:mosasaurus woman,雌滄龍人,[REVIEWED:1]
DFL_LEGENDS_RACE:mosasaurus women,雌滄龍人,[REVIEWED:1]
DFL_LEGENDS_RACE:mosquito,蚊子,[REVIEWED:1]
DFL_LEGENDS_RACE:mosquito man,蚊子人,[REVIEWED:1]
DFL_LEGENDS_RACE:mosquito men,蚊子人,[REVIEWED:1]
DFL_LEGENDS_RACE:mosquito woman,女蚊子人,[REVIEWED:1]
DFL_LEGENDS_RACE:mosquito women,女蚊子人,[REVIEWED:1]
DFL_LEGENDS_RACE:mosquitos,蚊子,[REVIEWED:1]
DFL_LEGENDS_RACE:moth,飛蛾,[REVIEWED:1]
DFL_LEGENDS_RACE:moth man,飛蛾人,[REVIEWED:1]
DFL_LEGENDS_RACE:moth men,飛蛾人,[REVIEWED:1]
DFL_LEGENDS_RACE:moth woman,雌飛蛾人,[REVIEWED:1]
DFL_LEGENDS_RACE:moth women,雌飛蛾人,[REVIEWED:1]
DFL_LEGENDS_RACE:moths,飛蛾,[REVIEWED:1]
DFL_LEGENDS_RACE:mountain gnome,山嶺地精,[REVIEWED:1]
DFL_LEGENDS_RACE:mountain gnomes,山嶺地精,[REVIEWED:1]
DFL_LEGENDS_RACE:mountain goat,雪羊,[REVIEWED:1]
DFL_LEGENDS_RACE:mountain goat man,雪羊人,[REVIEWED:1]
DFL_LEGENDS_RACE:mountain goat men,雪羊人,[REVIEWED:1]
DFL_LEGENDS_RACE:mountain goat woman,女雪羊人,[REVIEWED:1]
DFL_LEGENDS_RACE:mountain goat women,女雪羊人,[REVIEWED:1]
DFL_LEGENDS_RACE:mountain goats,雪羊,[REVIEWED:1]
DFL_LEGENDS_RACE:mud man,泥人,[REVIEWED:1]
DFL_LEGENDS_RACE:mud men,泥人,[REVIEWED:1]
DFL_LEGENDS_RACE:mule,騾子,[REVIEWED:1]
DFL_LEGENDS_RACE:mules,騾子,[REVIEWED:1]
DFL_LEGENDS_RACE:muskox,麝牛,[REVIEWED:1]
DFL_LEGENDS_RACE:muskox man,麝牛人,[REVIEWED:1]
DFL_LEGENDS_RACE:muskox men,麝牛人,[REVIEWED:1]
DFL_LEGENDS_RACE:muskox woman,女麝牛人,[REVIEWED:1]
DFL_LEGENDS_RACE:muskox women,女麝牛人,[REVIEWED:1]
DFL_LEGENDS_RACE:muskoxen,麝牛,[REVIEWED:1]
DFL_LEGENDS_RACE:mussel,貽貝,[REVIEWED:1]
DFL_LEGENDS_RACE:mussels,貽貝,[REVIEWED:1]
DFL_LEGENDS_RACE:naked mole dog,裸鼴鼠狗,[REVIEWED:1]
DFL_LEGENDS_RACE:naked mole dogs,裸鼴鼠狗,[REVIEWED:1]
DFL_LEGENDS_RACE:nanny goat,母山羊,[REVIEWED:1]
DFL_LEGENDS_RACE:nanny goats,母山羊,[REVIEWED:1]
DFL_LEGENDS_RACE:narwhal,獨角鯨,[REVIEWED:1]
DFL_LEGENDS_RACE:narwhal man,獨角鯨人,[REVIEWED:1]
DFL_LEGENDS_RACE:narwhal men,獨角鯨人,[REVIEWED:1]
DFL_LEGENDS_RACE:narwhal woman,女獨角鯨人,[REVIEWED:1]
DFL_LEGENDS_RACE:narwhal women,女獨角鯨人,[REVIEWED:1]
DFL_LEGENDS_RACE:narwhals,獨角鯨,[REVIEWED:1]
DFL_LEGENDS_RACE:nautilus,鸚鵡螺,[REVIEWED:1]
DFL_LEGENDS_RACE:nautilus man,鸚鵡螺人,[REVIEWED:1]
DFL_LEGENDS_RACE:nautilus men,鸚鵡螺人,[REVIEWED:1]
DFL_LEGENDS_RACE:nautilus woman,女鸚鵡螺人,[REVIEWED:1]
DFL_LEGENDS_RACE:nautilus women,女鸚鵡螺人,[REVIEWED:1]
DFL_LEGENDS_RACE:nautiluses,鸚鵡螺,[REVIEWED:1]
DFL_LEGENDS_RACE:nightwing,夜翼,[REVIEWED:1]
DFL_LEGENDS_RACE:nightwings,夜翼,[REVIEWED:1]
DFL_LEGENDS_RACE:nodosaurus,結節龍,[REVIEWED:1]
DFL_LEGENDS_RACE:nodosaurus man,結節龍人,[REVIEWED:1]
DFL_LEGENDS_RACE:nodosaurus men,結節龍人,[REVIEWED:1]
DFL_LEGENDS_RACE:nodosaurus woman,雌結節龍人,[REVIEWED:1]
DFL_LEGENDS_RACE:nodosaurus women,雌結節龍人,[REVIEWED:1]
DFL_LEGENDS_RACE:nothronychus,懶爪龍,[REVIEWED:1]
DFL_LEGENDS_RACE:nothronychus man,懶爪龍人,[REVIEWED:1]
DFL_LEGENDS_RACE:nothronychus men,懶爪龍人,[REVIEWED:1]
DFL_LEGENDS_RACE:nothronychus woman,雌懶爪龍人,[REVIEWED:1]
DFL_LEGENDS_RACE:nothronychus women,雌懶爪龍人,[REVIEWED:1]
DFL_LEGENDS_RACE:nurse shark,鉸口鯊,[REVIEWED:1]
DFL_LEGENDS_RACE:nurse sharks,鉸口鯊,[REVIEWED:1]
DFL_LEGENDS_RACE:ocean sunfish,翻車魨,[REVIEWED:1]
DFL_LEGENDS_RACE:ocelot,豹貓,[REVIEWED:1]
DFL_LEGENDS_RACE:ocelot man,豹貓人,[REVIEWED:1]
DFL_LEGENDS_RACE:ocelot men,豹貓人,[REVIEWED:1]
DFL_LEGENDS_RACE:ocelot woman,雌豹貓人,[REVIEWED:1]
DFL_LEGENDS_RACE:ocelot women,雌豹貓人,[REVIEWED:1]
DFL_LEGENDS_RACE:ocelots,豹貓,[REVIEWED:1]
DFL_LEGENDS_RACE:octopus,章魚,[REVIEWED:1]
DFL_LEGENDS_RACE:octopus man,章魚人,[REVIEWED:1]
DFL_LEGENDS_RACE:octopus men,章魚人,[REVIEWED:1]
DFL_LEGENDS_RACE:octopus woman,女章魚人,[REVIEWED:1]
DFL_LEGENDS_RACE:octopus women,女章魚人,[REVIEWED:1]
DFL_LEGENDS_RACE:octopuses,章魚,[REVIEWED:1]
DFL_LEGENDS_RACE:oestocephalus,歐斯托頭螈,[REVIEWED:1]
DFL_LEGENDS_RACE:oestocephalus man,骨首螈人,[REVIEWED:1]
DFL_LEGENDS_RACE:oestocephalus men,骨首螈人,[REVIEWED:1]
DFL_LEGENDS_RACE:oestocephalus woman,雌骨首螈人,[REVIEWED:1]
DFL_LEGENDS_RACE:oestocephalus women,雌骨首螈人,[REVIEWED:1]
DFL_LEGENDS_RACE:ogre,食人魔,[REVIEWED:1]
DFL_LEGENDS_RACE:ogres,食人魔,[REVIEWED:1]
DFL_LEGENDS_RACE:ogress,雌食人魔,[REVIEWED:1]
DFL_LEGENDS_RACE:ogresses,雌食人魔,[REVIEWED:1]
DFL_LEGENDS_RACE:olm,洞螈,[REVIEWED:1]
DFL_LEGENDS_RACE:olm man,洞螈人,[REVIEWED:1]
DFL_LEGENDS_RACE:olm men,洞螈人,[REVIEWED:1]
DFL_LEGENDS_RACE:olm woman,雌洞螈人,[REVIEWED:1]
DFL_LEGENDS_RACE:olm women,雌洞螈人,[REVIEWED:1]
DFL_LEGENDS_RACE:olms,洞螈,[REVIEWED:1]
DFL_LEGENDS_RACE:one-humped camel,單峰駱駝,[REVIEWED:1]
DFL_LEGENDS_RACE:one-humped camel man,單峰駱駝人,[REVIEWED:1]
DFL_LEGENDS_RACE:one-humped camel men,單峰駱駝人,[REVIEWED:1]
DFL_LEGENDS_RACE:one-humped camel woman,女單峰駱駝人,[REVIEWED:1]
DFL_LEGENDS_RACE:one-humped camel women,女單峰駱駝人,[REVIEWED:1]
DFL_LEGENDS_RACE:one-humped camels,單峰駱駝,[REVIEWED:1]
DFL_LEGENDS_RACE:opabinia,歐巴賓海蠍,[REVIEWED:1]
DFL_LEGENDS_RACE:opabinia man,歐巴賓海蠍人,[REVIEWED:1]
DFL_LEGENDS_RACE:opabinia men,歐巴賓海蠍人,[REVIEWED:1]
DFL_LEGENDS_RACE:opabinia woman,雌歐巴賓海蠍人,[REVIEWED:1]
DFL_LEGENDS_RACE:opabinia women,雌歐巴賓海蠍人,[REVIEWED:1]
DFL_LEGENDS_RACE:opah,圓月魚,[REVIEWED:1]
DFL_LEGENDS_RACE:opossum,負鼠,[REVIEWED:1]
DFL_LEGENDS_RACE:opossum man,負鼠人,[REVIEWED:1]
DFL_LEGENDS_RACE:opossum men,負鼠人,[REVIEWED:1]
DFL_LEGENDS_RACE:opossum woman,雌負鼠人,[REVIEWED:1]
DFL_LEGENDS_RACE:opossum women,雌負鼠人,[REVIEWED:1]
DFL_LEGENDS_RACE:opossums,負鼠,[REVIEWED:1]
DFL_LEGENDS_RACE:orangutan,紅毛猩猩,[REVIEWED:1]
DFL_LEGENDS_RACE:orangutans,紅毛猩猩,[REVIEWED:1]
DFL_LEGENDS_RACE:orca,逆戟鯨,[REVIEWED:1]
DFL_LEGENDS_RACE:orca man,逆戟鯨人,[REVIEWED:1]
DFL_LEGENDS_RACE:orca men,逆戟鯨人,[REVIEWED:1]
DFL_LEGENDS_RACE:orca woman,女逆戟鯨人,[REVIEWED:1]
DFL_LEGENDS_RACE:orca women,女逆戟鯨人,[REVIEWED:1]
DFL_LEGENDS_RACE:orcas,逆戟鯨,[REVIEWED:1]
DFL_LEGENDS_RACE:oriole,黃鸝,[REVIEWED:1]
DFL_LEGENDS_RACE:oriole man,黃鸝人,[REVIEWED:1]
DFL_LEGENDS_RACE:oriole men,黃鸝人,[REVIEWED:1]
DFL_LEGENDS_RACE:oriole woman,雌黃鸝人,[REVIEWED:1]
DFL_LEGENDS_RACE:oriole women,雌黃鸝人,[REVIEWED:1]
DFL_LEGENDS_RACE:orioles,黃鸝,[REVIEWED:1]
DFL_LEGENDS_RACE:osprey,魚鷹,[REVIEWED:1]
DFL_LEGENDS_RACE:osprey man,魚鷹人,[REVIEWED:1]
DFL_LEGENDS_RACE:osprey men,魚鷹人,[REVIEWED:1]
DFL_LEGENDS_RACE:osprey woman,雌魚鷹人,[REVIEWED:1]
DFL_LEGENDS_RACE:osprey women,雌魚鷹人,[REVIEWED:1]
DFL_LEGENDS_RACE:ospreys,魚鷹,[REVIEWED:1]
DFL_LEGENDS_RACE:ostenocaris,東方蝦,[REVIEWED:1]
DFL_LEGENDS_RACE:ostenocaris man,奧斯坦蟲人,[REVIEWED:1]
DFL_LEGENDS_RACE:ostenocaris men,奧斯坦蟲人,[REVIEWED:1]
DFL_LEGENDS_RACE:ostenocaris woman,雌奧斯坦蟲人,[REVIEWED:1]
DFL_LEGENDS_RACE:ostenocaris women,雌奧斯坦蟲人,[REVIEWED:1]
DFL_LEGENDS_RACE:ostrich,鴕鳥,[REVIEWED:1]
DFL_LEGENDS_RACE:ostrich cock,雄鴕鳥,[REVIEWED:1]
DFL_LEGENDS_RACE:ostrich cocks,雄鴕鳥,[REVIEWED:1]
DFL_LEGENDS_RACE:ostrich hen,雌鴕鳥,[REVIEWED:1]
DFL_LEGENDS_RACE:ostrich hens,雌鴕鳥,[REVIEWED:1]
DFL_LEGENDS_RACE:ostrich man,鴕鳥人,[REVIEWED:1]
DFL_LEGENDS_RACE:ostrich men,鴕鳥人,[REVIEWED:1]
DFL_LEGENDS_RACE:ostrich woman,雌鴕鳥人,[REVIEWED:1]
DFL_LEGENDS_RACE:ostrich women,雌鴕鳥人,[REVIEWED:1]
DFL_LEGENDS_RACE:ostriches,鴕鳥,[REVIEWED:1]
DFL_LEGENDS_RACE:otter man,海獺人,[REVIEWED:1]
DFL_LEGENDS_RACE:otter men,海獺人,[REVIEWED:1]
DFL_LEGENDS_RACE:otter woman,女海獺人,[REVIEWED:1]
DFL_LEGENDS_RACE:otter women,女海獺人,[REVIEWED:1]
DFL_LEGENDS_RACE:oviraptor,竊蛋龍,[REVIEWED:1]
DFL_LEGENDS_RACE:oviraptor man,竊蛋龍人,[REVIEWED:1]
DFL_LEGENDS_RACE:oviraptor men,竊蛋龍人,[REVIEWED:1]
DFL_LEGENDS_RACE:oviraptor woman,雌竊蛋龍人,[REVIEWED:1]
DFL_LEGENDS_RACE:oviraptor women,雌竊蛋龍人,[REVIEWED:1]
DFL_LEGENDS_RACE:oyster,牡蠣,[REVIEWED:1]
DFL_LEGENDS_RACE:oysters,牡蠣,[REVIEWED:1]
DFL_LEGENDS_RACE:pachycephalosaurus,腫頭龍,[REVIEWED:1]
DFL_LEGENDS_RACE:pachycephalosaurus man,腫頭龍人,[REVIEWED:1]
DFL_LEGENDS_RACE:pachycephalosaurus men,腫頭龍人,[REVIEWED:1]
DFL_LEGENDS_RACE:pachycephalosaurus woman,雌腫頭龍人,[REVIEWED:1]
DFL_LEGENDS_RACE:pachycephalosaurus women,雌腫頭龍人,[REVIEWED:1]
DFL_LEGENDS_RACE:panda,熊貓,[REVIEWED:1]
DFL_LEGENDS_RACE:panda man,熊貓人,[REVIEWED:1]
DFL_LEGENDS_RACE:panda men,熊貓人,[REVIEWED:1]
DFL_LEGENDS_RACE:panda woman,女熊貓人,[REVIEWED:1]
DFL_LEGENDS_RACE:panda women,女熊貓人,[REVIEWED:1]
DFL_LEGENDS_RACE:pandas,熊貓,[REVIEWED:1]
DFL_LEGENDS_RACE:pangolin,穿山甲,[REVIEWED:1]
DFL_LEGENDS_RACE:pangolin man,穿山甲人,[REVIEWED:1]
DFL_LEGENDS_RACE:pangolin men,穿山甲人,[REVIEWED:1]
DFL_LEGENDS_RACE:pangolin woman,雌穿山甲人,[REVIEWED:1]
DFL_LEGENDS_RACE:pangolin women,雌穿山甲人,[REVIEWED:1]
DFL_LEGENDS_RACE:pangolins,穿山甲,[REVIEWED:1]
DFL_LEGENDS_RACE:paraceratherium,巨犀,[REVIEWED:1]
DFL_LEGENDS_RACE:paraceratherium man,巨犀人,[REVIEWED:1]
DFL_LEGENDS_RACE:paraceratherium men,巨犀人,[REVIEWED:1]
DFL_LEGENDS_RACE:paraceratherium woman,雌巨犀人,[REVIEWED:1]
DFL_LEGENDS_RACE:paraceratherium women,雌巨犀人,[REVIEWED:1]
DFL_LEGENDS_RACE:parakeet,長尾鸚鵡,[REVIEWED:1]
DFL_LEGENDS_RACE:parakeet man,長尾鸚鵡人,[REVIEWED:1]
DFL_LEGENDS_RACE:parakeet men,長尾鸚鵡人,[REVIEWED:1]
DFL_LEGENDS_RACE:parakeet woman,雌長尾鸚鵡人,[REVIEWED:1]
DFL_LEGENDS_RACE:parakeet women,雌長尾鸚鵡人,[REVIEWED:1]
DFL_LEGENDS_RACE:parakeets,長尾鸚鵡,[REVIEWED:1]
DFL_LEGENDS_RACE:parasaurolophus,副櫛龍,[REVIEWED:1]
DFL_LEGENDS_RACE:parasaurolophus man,副櫛龍人,[REVIEWED:1]
DFL_LEGENDS_RACE:parasaurolophus men,副櫛龍人,[REVIEWED:1]
DFL_LEGENDS_RACE:parasaurolophus woman,雌副櫛龍人,[REVIEWED:1]
DFL_LEGENDS_RACE:parasaurolophus women,雌副櫛龍人,[REVIEWED:1]
DFL_LEGENDS_RACE:peach-faced lovebird,桃面愛情鳥,[REVIEWED:1]
DFL_LEGENDS_RACE:peach-faced lovebird man,桃面愛情鳥人,[REVIEWED:1]
DFL_LEGENDS_RACE:peach-faced lovebird men,桃面愛情鳥人,[REVIEWED:1]
DFL_LEGENDS_RACE:peach-faced lovebird woman,雌桃面愛情鳥人,[REVIEWED:1]
DFL_LEGENDS_RACE:peach-faced lovebird women,雌桃面愛情鳥人,[REVIEWED:1]
DFL_LEGENDS_RACE:peach-faced lovebirds,桃面愛情鳥,[REVIEWED:1]
DFL_LEGENDS_RACE:pen swan,雌天鵝,[REVIEWED:1]
DFL_LEGENDS_RACE:pen swans,雌天鵝,[REVIEWED:1]
DFL_LEGENDS_RACE:penguin,企鵝,[REVIEWED:1]
DFL_LEGENDS_RACE:penguin man,企鵝人,[REVIEWED:1]
DFL_LEGENDS_RACE:penguin men,企鵝人,[REVIEWED:1]
DFL_LEGENDS_RACE:penguin woman,雌企鵝人,[REVIEWED:1]
DFL_LEGENDS_RACE:penguin women,雌企鵝人,[REVIEWED:1]
DFL_LEGENDS_RACE:penguins,企鵝,[REVIEWED:1]
DFL_LEGENDS_RACE:perch,鱸魚,[REVIEWED:1]
DFL_LEGENDS_RACE:peregrine falcon,遊隼,[REVIEWED:1]
DFL_LEGENDS_RACE:peregrine falcon man,遊隼人,[REVIEWED:1]
DFL_LEGENDS_RACE:peregrine falcon men,遊隼人,[REVIEWED:1]
DFL_LEGENDS_RACE:peregrine falcon woman,雌遊隼人,[REVIEWED:1]
DFL_LEGENDS_RACE:peregrine falcon women,雌遊隼人,[REVIEWED:1]
DFL_LEGENDS_RACE:peregrine falcons,遊隼,[REVIEWED:1]
DFL_LEGENDS_RACE:phantom spider,幻影蜘蛛,[REVIEWED:1]
DFL_LEGENDS_RACE:phantom spiders,幻影蜘蛛,[REVIEWED:1]
DFL_LEGENDS_RACE:pig,家豬,[REVIEWED:1]
DFL_LEGENDS_RACE:pigs,家豬,[REVIEWED:1]
DFL_LEGENDS_RACE:pike,海狼魚,[REVIEWED:1]
DFL_LEGENDS_RACE:pileated gibbon,羽冠長臂猿,[REVIEWED:1]
DFL_LEGENDS_RACE:pileated gibbons,羽冠長臂猿,[REVIEWED:1]
DFL_LEGENDS_RACE:pixie,小精靈,[REVIEWED:1]
DFL_LEGENDS_RACE:pixies,小精靈,[REVIEWED:1]
DFL_LEGENDS_RACE:platybelodon,鏟齒象,[REVIEWED:1]
DFL_LEGENDS_RACE:platybelodon man,鏟齒象人,[REVIEWED:1]
DFL_LEGENDS_RACE:platybelodon men,鏟齒象人,[REVIEWED:1]
DFL_LEGENDS_RACE:platybelodon woman,雌鏟齒象人,[REVIEWED:1]
DFL_LEGENDS_RACE:platybelodon women,雌鏟齒象人,[REVIEWED:1]
DFL_LEGENDS_RACE:platypus,鴨嘴獸,[REVIEWED:1]
DFL_LEGENDS_RACE:platypus man,鴨嘴獸人,[REVIEWED:1]
DFL_LEGENDS_RACE:platypus men,鴨嘴獸人,[REVIEWED:1]
DFL_LEGENDS_RACE:platypus woman,女鴨嘴獸人,[REVIEWED:1]
DFL_LEGENDS_RACE:platypus women,女鴨嘴獸人,[REVIEWED:1]
DFL_LEGENDS_RACE:platypuses,鴨嘴獸,[REVIEWED:1]
DFL_LEGENDS_RACE:plesiosaurus,蛇頸龍,[REVIEWED:1]
DFL_LEGENDS_RACE:plesiosaurus man,蛇頸龍人,[REVIEWED:1]
DFL_LEGENDS_RACE:plesiosaurus men,蛇頸龍人,[REVIEWED:1]
DFL_LEGENDS_RACE:plesiosaurus woman,雌蛇頸龍人,[REVIEWED:1]
DFL_LEGENDS_RACE:plesiosaurus women,雌蛇頸龍人,[REVIEWED:1]
DFL_LEGENDS_RACE:plump helmet man,洞穴飄浮者人,[REVIEWED:1]
DFL_LEGENDS_RACE:plump helmet men,洞穴飄浮者人,[REVIEWED:1]
DFL_LEGENDS_RACE:polar bear,北極熊,[REVIEWED:1]
DFL_LEGENDS_RACE:polar bear man,北極熊人,[REVIEWED:1]
DFL_LEGENDS_RACE:polar bear men,北極熊人,[REVIEWED:1]
DFL_LEGENDS_RACE:polar bear woman,女北極熊人,[REVIEWED:1]
DFL_LEGENDS_RACE:polar bear women,女北極熊人,[REVIEWED:1]
DFL_LEGENDS_RACE:polar bears,北極熊,[REVIEWED:1]
DFL_LEGENDS_RACE:pond grabber,池塘掠取者,[REVIEWED:1]
DFL_LEGENDS_RACE:pond grabbers,池塘掠取者,[REVIEWED:1]
DFL_LEGENDS_RACE:pond turtle,池龜,[REVIEWED:1]
DFL_LEGENDS_RACE:pond turtle man,池龜人,[REVIEWED:1]
DFL_LEGENDS_RACE:pond turtle men,池龜人,[REVIEWED:1]
DFL_LEGENDS_RACE:pond turtle woman,女池龜人,[REVIEWED:1]
DFL_LEGENDS_RACE:pond turtle women,女池龜人,[REVIEWED:1]
DFL_LEGENDS_RACE:pond turtles,池龜,[REVIEWED:1]
DFL_LEGENDS_RACE:porcupine,豪豬,[REVIEWED:1]
DFL_LEGENDS_RACE:porcupine man,豪豬人,[REVIEWED:1]
DFL_LEGENDS_RACE:porcupine men,豪豬人,[REVIEWED:1]
DFL_LEGENDS_RACE:porcupine woman,女豪豬人,[REVIEWED:1]
DFL_LEGENDS_RACE:porcupine women,女豪豬人,[REVIEWED:1]
DFL_LEGENDS_RACE:porcupines,豪豬,[REVIEWED:1]
DFL_LEGENDS_RACE:procompsognathus,原美頜龍,[REVIEWED:1]
DFL_LEGENDS_RACE:procompsognathus man,原美頜龍人,[REVIEWED:1]
DFL_LEGENDS_RACE:procompsognathus men,原美頜龍人,[REVIEWED:1]
DFL_LEGENDS_RACE:procompsognathus woman,雌原美頜龍人,[REVIEWED:1]
DFL_LEGENDS_RACE:procompsognathus women,雌原美頜龍人,[REVIEWED:1]
DFL_LEGENDS_RACE:psephoderma,礫甲龍,[REVIEWED:1]
DFL_LEGENDS_RACE:psephoderma man,礫甲龍人,[REVIEWED:1]
DFL_LEGENDS_RACE:psephoderma men,礫甲龍人,[REVIEWED:1]
DFL_LEGENDS_RACE:psephoderma woman,雌礫甲龍人,[REVIEWED:1]
DFL_LEGENDS_RACE:psephoderma women,雌礫甲龍人,[REVIEWED:1]
DFL_LEGENDS_RACE:pterodactylus,翼手龍,[REVIEWED:1]
DFL_LEGENDS_RACE:pterodactylus man,翼手龍人,[REVIEWED:1]
DFL_LEGENDS_RACE:pterodactylus men,翼手龍人,[REVIEWED:1]
DFL_LEGENDS_RACE:pterodactylus woman,雌翼手龍人,[REVIEWED:1]
DFL_LEGENDS_RACE:pterodactylus women,雌翼手龍人,[REVIEWED:1]
DFL_LEGENDS_RACE:puffin,海鸚,[REVIEWED:1]
DFL_LEGENDS_RACE:puffin man,海鸚人,[REVIEWED:1]
DFL_LEGENDS_RACE:puffin men,海鸚人,[REVIEWED:1]
DFL_LEGENDS_RACE:puffin woman,雌海鸚人,[REVIEWED:1]
DFL_LEGENDS_RACE:puffin women,雌海鸚人,[REVIEWED:1]
DFL_LEGENDS_RACE:puffins,海鸚,[REVIEWED:1]
DFL_LEGENDS_RACE:purring maggot,呼嚕蛆,[REVIEWED:1]
DFL_LEGENDS_RACE:purring maggots,呼嚕蛆,[REVIEWED:1]
DFL_LEGENDS_RACE:pygmy mammoth,侏儒猛獁,[REVIEWED:1]
DFL_LEGENDS_RACE:pygmy mammoth man,侏儒猛獁人,[REVIEWED:1]
DFL_LEGENDS_RACE:pygmy mammoth men,侏儒猛獁人,[REVIEWED:1]
DFL_LEGENDS_RACE:pygmy mammoth woman,雌侏儒猛獁人,[REVIEWED:1]
DFL_LEGENDS_RACE:pygmy mammoth women,雌侏儒猛獁人,[REVIEWED:1]
DFL_LEGENDS_RACE:python,巨蟒,[REVIEWED:1]
DFL_LEGENDS_RACE:python man,巨蟒人,[REVIEWED:1]
DFL_LEGENDS_RACE:python men,巨蟒人,[REVIEWED:1]
DFL_LEGENDS_RACE:python woman,雌巨蟒人,[REVIEWED:1]
DFL_LEGENDS_RACE:python women,雌巨蟒人,[REVIEWED:1]
DFL_LEGENDS_RACE:pythons,巨蟒,[REVIEWED:1]
DFL_LEGENDS_RACE:queen ant,螞蟻蟻后,[REVIEWED:1]
DFL_LEGENDS_RACE:queen ant woman,蟻后人,[REVIEWED:1]
DFL_LEGENDS_RACE:queen ant women,蟻后人,[REVIEWED:1]
DFL_LEGENDS_RACE:queen ants,螞蟻蟻后,[REVIEWED:1]
DFL_LEGENDS_RACE:queen termite,白蟻蟻后,[REVIEWED:1]
DFL_LEGENDS_RACE:queen termites,白蟻蟻后,[REVIEWED:1]
DFL_LEGENDS_RACE:quetzalcoatlus,風神翼龍,[REVIEWED:1]
DFL_LEGENDS_RACE:quetzalcoatlus man,風神翼龍人,[REVIEWED:1]
DFL_LEGENDS_RACE:quetzalcoatlus men,風神翼龍人,[REVIEWED:1]
DFL_LEGENDS_RACE:quetzalcoatlus woman,雌風神翼龍人,[REVIEWED:1]
DFL_LEGENDS_RACE:quetzalcoatlus women,雌風神翼龍人,[REVIEWED:1]
DFL_LEGENDS_RACE:rabbit,家兔,[REVIEWED:1]
DFL_LEGENDS_RACE:rabbits,家兔,[REVIEWED:1]
DFL_LEGENDS_RACE:raccoon,浣熊,[REVIEWED:1]
DFL_LEGENDS_RACE:raccoon man,浣熊人,[REVIEWED:1]
DFL_LEGENDS_RACE:raccoon men,浣熊人,[REVIEWED:1]
DFL_LEGENDS_RACE:raccoon woman,女浣熊人,[REVIEWED:1]
DFL_LEGENDS_RACE:raccoon women,女浣熊人,[REVIEWED:1]
DFL_LEGENDS_RACE:raccoons,浣熊,[REVIEWED:1]
DFL_LEGENDS_RACE:rainbow trout,虹鱒,[REVIEWED:1]
DFL_LEGENDS_RACE:ram,公羊,[REVIEWED:1]
DFL_LEGENDS_RACE:rams,公羊,[REVIEWED:1]
DFL_LEGENDS_RACE:rat,老鼠,[REVIEWED:1]
DFL_LEGENDS_RACE:rat man,老鼠人,[REVIEWED:1]
DFL_LEGENDS_RACE:rat men,老鼠人,[REVIEWED:1]
DFL_LEGENDS_RACE:rat woman,雌老鼠人,[REVIEWED:1]
DFL_LEGENDS_RACE:rat women,雌老鼠人,[REVIEWED:1]
DFL_LEGENDS_RACE:rats,老鼠,[REVIEWED:1]
DFL_LEGENDS_RACE:rattlesnake,響尾蛇,[REVIEWED:1]
DFL_LEGENDS_RACE:rattlesnake man,響尾蛇人,[REVIEWED:1]
DFL_LEGENDS_RACE:rattlesnake men,響尾蛇人,[REVIEWED:1]
DFL_LEGENDS_RACE:rattlesnake woman,女響尾蛇人,[REVIEWED:1]
DFL_LEGENDS_RACE:rattlesnake women,女響尾蛇人,[REVIEWED:1]
DFL_LEGENDS_RACE:rattlesnakes,響尾蛇,[REVIEWED:1]
DFL_LEGENDS_RACE:raven,渡鴉,[REVIEWED:1]
DFL_LEGENDS_RACE:raven man,渡鴉人,[REVIEWED:1]
DFL_LEGENDS_RACE:raven men,渡鴉人,[REVIEWED:1]
DFL_LEGENDS_RACE:raven woman,雌渡鴉人,[REVIEWED:1]
DFL_LEGENDS_RACE:raven women,雌渡鴉人,[REVIEWED:1]
DFL_LEGENDS_RACE:ravens,渡鴉,[REVIEWED:1]
DFL_LEGENDS_RACE:reacher,誘抵者,[REVIEWED:1]
DFL_LEGENDS_RACE:reachers,誘抵者,[REVIEWED:1]
DFL_LEGENDS_RACE:red panda,紅熊貓,[REVIEWED:1]
DFL_LEGENDS_RACE:red panda boar,雄紅熊貓,[REVIEWED:1]
DFL_LEGENDS_RACE:red panda boars,雄紅熊貓,[REVIEWED:1]
DFL_LEGENDS_RACE:red panda man,紅熊貓人,[REVIEWED:1]
DFL_LEGENDS_RACE:red panda men,紅熊貓人,[REVIEWED:1]
DFL_LEGENDS_RACE:red panda sow,雌紅熊貓,[REVIEWED:1]
DFL_LEGENDS_RACE:red panda sows,雌紅熊貓,[REVIEWED:1]
DFL_LEGENDS_RACE:red panda woman,女紅熊貓人,[REVIEWED:1]
DFL_LEGENDS_RACE:red panda women,女紅熊貓人,[REVIEWED:1]
DFL_LEGENDS_RACE:red pandas,紅熊貓,[REVIEWED:1]
DFL_LEGENDS_RACE:red squirrel,紅松鼠,[REVIEWED:1]
DFL_LEGENDS_RACE:red squirrel man,紅松鼠人,[REVIEWED:1]
DFL_LEGENDS_RACE:red squirrel men,紅松鼠人,[REVIEWED:1]
DFL_LEGENDS_RACE:red squirrel woman,雌紅松鼠人,[REVIEWED:1]
DFL_LEGENDS_RACE:red squirrel women,雌紅松鼠人,[REVIEWED:1]
DFL_LEGENDS_RACE:red squirrels,紅松鼠,[REVIEWED:1]
DFL_LEGENDS_RACE:red-winged blackbird,紅翅黑鸝,[REVIEWED:1]
DFL_LEGENDS_RACE:red-winged blackbird man,紅翅黑鸝人,[REVIEWED:1]
DFL_LEGENDS_RACE:red-winged blackbird men,紅翅黑鸝人,[REVIEWED:1]
DFL_LEGENDS_RACE:red-winged blackbird woman,雌紅翅黑鸝人,[REVIEWED:1]
DFL_LEGENDS_RACE:red-winged blackbird women,雌紅翅黑鸝人,[REVIEWED:1]
DFL_LEGENDS_RACE:red-winged blackbirds,紅翅黑鸝,[REVIEWED:1]
DFL_LEGENDS_RACE:reindeer,馴鹿,[REVIEWED:1]
DFL_LEGENDS_RACE:reindeer bull,公馴鹿,[REVIEWED:1]
DFL_LEGENDS_RACE:reindeer bulls,公馴鹿,[REVIEWED:1]
DFL_LEGENDS_RACE:reindeer cow,母馴鹿,[REVIEWED:1]
DFL_LEGENDS_RACE:reindeer cows,母馴鹿,[REVIEWED:1]
DFL_LEGENDS_RACE:reptile man,爬行動物人,[REVIEWED:1]
DFL_LEGENDS_RACE:reptile men,爬行動物人,[REVIEWED:1]
DFL_LEGENDS_RACE:reptile woman,女爬行動物人,[REVIEWED:1]
DFL_LEGENDS_RACE:reptile women,女爬行動物人,[REVIEWED:1]
DFL_LEGENDS_RACE:rhamphorhynchus,喙嘴翼龍,[REVIEWED:1]
DFL_LEGENDS_RACE:rhamphorhynchus man,喙嘴翼龍人,[REVIEWED:1]
DFL_LEGENDS_RACE:rhamphorhynchus men,喙嘴翼龍人,[REVIEWED:1]
DFL_LEGENDS_RACE:rhamphorhynchus woman,雌喙嘴翼龍人,[REVIEWED:1]
DFL_LEGENDS_RACE:rhamphorhynchus women,雌喙嘴翼龍人,[REVIEWED:1]
DFL_LEGENDS_RACE:rhesus macaque,獼猴,[REVIEWED:1]
DFL_LEGENDS_RACE:rhesus macaque man,獼猴人,[REVIEWED:1]
DFL_LEGENDS_RACE:rhesus macaque men,獼猴人,[REVIEWED:1]
DFL_LEGENDS_RACE:rhesus macaque woman,女獼猴人,[REVIEWED:1]
DFL_LEGENDS_RACE:rhesus macaque women,女獼猴人,[REVIEWED:1]
DFL_LEGENDS_RACE:rhesus macaques,獼猴,[REVIEWED:1]
DFL_LEGENDS_RACE:rhinoceros,犀牛,[REVIEWED:1]
DFL_LEGENDS_RACE:rhinoceros man,犀牛人,[REVIEWED:1]
DFL_LEGENDS_RACE:rhinoceros men,犀牛人,[REVIEWED:1]
DFL_LEGENDS_RACE:rhinoceros woman,女犀牛人,[REVIEWED:1]
DFL_LEGENDS_RACE:rhinoceros women,女犀牛人,[REVIEWED:1]
DFL_LEGENDS_RACE:rhinoceroses,犀牛,[REVIEWED:1]
DFL_LEGENDS_RACE:river otter,河獺,[REVIEWED:1]
DFL_LEGENDS_RACE:river otters,河獺,[REVIEWED:1]
DFL_LEGENDS_RACE:roach man,蟑螂人,[REVIEWED:1]
DFL_LEGENDS_RACE:roach men,蟑螂人,[REVIEWED:1]
DFL_LEGENDS_RACE:roach woman,女蟑螂人,[REVIEWED:1]
DFL_LEGENDS_RACE:roach women,女蟑螂人,[REVIEWED:1]
DFL_LEGENDS_RACE:roc,大鵬鳥,[REVIEWED:1]
DFL_LEGENDS_RACE:rocs,大鵬鳥,[REVIEWED:1]
DFL_LEGENDS_RACE:rodent man,齧齒動物人,[REVIEWED:1]
DFL_LEGENDS_RACE:rodent men,齧齒動物人,[REVIEWED:1]
DFL_LEGENDS_RACE:rodent woman,女齧齒動物人,[REVIEWED:1]
DFL_LEGENDS_RACE:rodent women,女齧齒動物人,[REVIEWED:1]
DFL_LEGENDS_RACE:rooster,公雞,[REVIEWED:1]
DFL_LEGENDS_RACE:roosters,公雞,[REVIEWED:1]
DFL_LEGENDS_RACE:rutherer,厚毛巨尾獸,[REVIEWED:1]
DFL_LEGENDS_RACE:rutherers,厚毛巨尾獸,[REVIEWED:1]
DFL_LEGENDS_RACE:sailfin mollies,帆鰭花鱂,[REVIEWED:1]
DFL_LEGENDS_RACE:sailfin molly,帆鰭花鱂,[REVIEWED:1]
DFL_LEGENDS_RACE:salmon,鮭魚,[REVIEWED:1]
DFL_LEGENDS_RACE:saltwater crocodile,鹹水鱷,[REVIEWED:1]
DFL_LEGENDS_RACE:saltwater crocodile man,鹹水鱷人,[REVIEWED:1]
DFL_LEGENDS_RACE:saltwater crocodile men,鹹水鱷人,[REVIEWED:1]
DFL_LEGENDS_RACE:saltwater crocodile woman,女鹹水鱷人,[REVIEWED:1]
DFL_LEGENDS_RACE:saltwater crocodile women,女鹹水鱷人,[REVIEWED:1]
DFL_LEGENDS_RACE:saltwater crocodiles,鹹水鱷,[REVIEWED:1]
DFL_LEGENDS_RACE:sasquatch,野人,[REVIEWED:1]
DFL_LEGENDS_RACE:sasquatches,野人,[REVIEWED:1]
DFL_LEGENDS_RACE:satyr,薩堤爾,[REVIEWED:1]
DFL_LEGENDS_RACE:satyrs,薩堤爾,[REVIEWED:1]
DFL_LEGENDS_RACE:sea lamprey,海七鰓鰻,[REVIEWED:1]
DFL_LEGENDS_RACE:sea lampreys,海七鰓鰻,[REVIEWED:1]
DFL_LEGENDS_RACE:sea monster,海怪,[REVIEWED:1]
DFL_LEGENDS_RACE:sea monsters,海怪,[REVIEWED:1]
DFL_LEGENDS_RACE:sea nettle jellyfish,海蕁麻水母,[REVIEWED:1]
DFL_LEGENDS_RACE:sea otter,海獺,[REVIEWED:1]
DFL_LEGENDS_RACE:sea otters,海獺,[REVIEWED:1]
DFL_LEGENDS_RACE:sea serpent,海蛇,[REVIEWED:1]
DFL_LEGENDS_RACE:sea serpents,海蛇,[REVIEWED:1]
DFL_LEGENDS_RACE:seahorse,海馬,[REVIEWED:1]
DFL_LEGENDS_RACE:seahorses,海馬,[REVIEWED:1]
DFL_LEGENDS_RACE:serpent man,毒蛇人,[REVIEWED:1]
DFL_LEGENDS_RACE:serpent men,毒蛇人,[REVIEWED:1]
DFL_LEGENDS_RACE:serpent woman,女毒蛇人,[REVIEWED:1]
DFL_LEGENDS_RACE:serpent women,女毒蛇人,[REVIEWED:1]
DFL_LEGENDS_RACE:shad,河鯡,[REVIEWED:1]
DFL_LEGENDS_RACE:shads,河鯡,[REVIEWED:1]
DFL_LEGENDS_RACE:sharovipteryx,沙羅翼龍,[REVIEWED:1]
DFL_LEGENDS_RACE:sharovipteryx man,沙羅翼龍人,[REVIEWED:1]
DFL_LEGENDS_RACE:sharovipteryx men,沙羅翼龍人,[REVIEWED:1]
DFL_LEGENDS_RACE:sharovipteryx woman,雌沙羅翼龍人,[REVIEWED:1]
DFL_LEGENDS_RACE:sharovipteryx women,雌沙羅翼龍人,[REVIEWED:1]
DFL_LEGENDS_RACE:sheep,綿羊,[REVIEWED:1]
DFL_LEGENDS_RACE:shortfin mako shark,短鰭鯖鯊,[REVIEWED:1]
DFL_LEGENDS_RACE:shortfin mako sharks,短鰭鯖鯊,[REVIEWED:1]
DFL_LEGENDS_RACE:siamang,合趾猿,[REVIEWED:1]
DFL_LEGENDS_RACE:siamangs,合趾猿,[REVIEWED:1]
DFL_LEGENDS_RACE:silvery gibbon,銀白長臂猿,[REVIEWED:1]
DFL_LEGENDS_RACE:silvery gibbons,銀白長臂猿,[REVIEWED:1]
DFL_LEGENDS_RACE:sinopterus,華夏翼龍,[REVIEWED:1]
DFL_LEGENDS_RACE:sinopterus man,華夏翼龍人,[REVIEWED:1]
DFL_LEGENDS_RACE:sinopterus men,華夏翼龍人,[REVIEWED:1]
DFL_LEGENDS_RACE:sinopterus woman,雌華夏翼龍人,[REVIEWED:1]
DFL_LEGENDS_RACE:sinopterus women,雌華夏翼龍人,[REVIEWED:1]
DFL_LEGENDS_RACE:skink,彩舌蜥,[REVIEWED:1]
DFL_LEGENDS_RACE:skink man,彩舌蜥人,[REVIEWED:1]
DFL_LEGENDS_RACE:skink men,彩舌蜥人,[REVIEWED:1]
DFL_LEGENDS_RACE:skink woman,女彩舌蜥人,[REVIEWED:1]
DFL_LEGENDS_RACE:skink women,女彩舌蜥人,[REVIEWED:1]
DFL_LEGENDS_RACE:skinks,彩舌蜥,[REVIEWED:1]
DFL_LEGENDS_RACE:skunk,臭鼬,[REVIEWED:1]
DFL_LEGENDS_RACE:skunk man,臭鼬人,[REVIEWED:1]
DFL_LEGENDS_RACE:skunk men,臭鼬人,[REVIEWED:1]
DFL_LEGENDS_RACE:skunk woman,女臭鼬人,[REVIEWED:1]
DFL_LEGENDS_RACE:skunk women,女臭鼬人,[REVIEWED:1]
DFL_LEGENDS_RACE:skunks,臭鼬,[REVIEWED:1]
DFL_LEGENDS_RACE:sloth,樹懶,[REVIEWED:1]
DFL_LEGENDS_RACE:sloth bear,懶熊,[REVIEWED:1]
DFL_LEGENDS_RACE:sloth bear man,懶熊人,[REVIEWED:1]
DFL_LEGENDS_RACE:sloth bear men,懶熊人,[REVIEWED:1]
DFL_LEGENDS_RACE:sloth bear woman,雌懶熊人,[REVIEWED:1]
DFL_LEGENDS_RACE:sloth bear women,雌懶熊人,[REVIEWED:1]
DFL_LEGENDS_RACE:sloth bears,懶熊,[REVIEWED:1]
DFL_LEGENDS_RACE:sloth man,樹懶人,[REVIEWED:1]
DFL_LEGENDS_RACE:sloth men,樹懶人,[REVIEWED:1]
DFL_LEGENDS_RACE:sloth woman,雌樹懶人,[REVIEWED:1]
DFL_LEGENDS_RACE:sloth women,雌樹懶人,[REVIEWED:1]
DFL_LEGENDS_RACE:sloths,樹懶,[REVIEWED:1]
DFL_LEGENDS_RACE:slug,蛞蝓,[REVIEWED:1]
DFL_LEGENDS_RACE:slug man,蛞蝓人,[REVIEWED:1]
DFL_LEGENDS_RACE:slug men,蛞蝓人,[REVIEWED:1]
DFL_LEGENDS_RACE:slugs,蛞蝓,[REVIEWED:1]
DFL_LEGENDS_RACE:smilodon,劍齒虎,[REVIEWED:1]
DFL_LEGENDS_RACE:smilodon man,劍齒虎人,[REVIEWED:1]
DFL_LEGENDS_RACE:smilodon men,劍齒虎人,[REVIEWED:1]
DFL_LEGENDS_RACE:smilodon woman,雌劍齒虎人,[REVIEWED:1]
DFL_LEGENDS_RACE:smilodon women,雌劍齒虎人,[REVIEWED:1]
DFL_LEGENDS_RACE:snail,蝸牛,[REVIEWED:1]
DFL_LEGENDS_RACE:snail man,蝸牛人,[REVIEWED:1]
DFL_LEGENDS_RACE:snail men,蝸牛人,[REVIEWED:1]
DFL_LEGENDS_RACE:snails,蝸牛,[REVIEWED:1]
DFL_LEGENDS_RACE:snapping turtle man,大鱷龜人,[REVIEWED:1]
DFL_LEGENDS_RACE:snapping turtle men,大鱷龜人,[REVIEWED:1]
DFL_LEGENDS_RACE:snapping turtle woman,女大鱷龜人,[REVIEWED:1]
DFL_LEGENDS_RACE:snapping turtle women,女大鱷龜人,[REVIEWED:1]
DFL_LEGENDS_RACE:snowy owl,雪鴞,[REVIEWED:1]
DFL_LEGENDS_RACE:snowy owl man,雪鴞人,[REVIEWED:1]
DFL_LEGENDS_RACE:snowy owl men,雪鴞人,[REVIEWED:1]
DFL_LEGENDS_RACE:snowy owl woman,雌雪鴞人,[REVIEWED:1]
DFL_LEGENDS_RACE:snowy owl women,雌雪鴞人,[REVIEWED:1]
DFL_LEGENDS_RACE:snowy owls,雪鴞,[REVIEWED:1]
DFL_LEGENDS_RACE:soldier ant,螞蟻兵蟻,[REVIEWED:1]
DFL_LEGENDS_RACE:soldier ant woman,雌兵蟻人,[REVIEWED:1]
DFL_LEGENDS_RACE:soldier ant women,雌兵蟻人,[REVIEWED:1]
DFL_LEGENDS_RACE:soldier ants,螞蟻兵蟻,[REVIEWED:1]
DFL_LEGENDS_RACE:soldier termite,白蟻兵蟻,[REVIEWED:1]
DFL_LEGENDS_RACE:soldier termites,白蟻兵蟻,[REVIEWED:1]
DFL_LEGENDS_RACE:sole,鰨魚,[REVIEWED:1]
DFL_LEGENDS_RACE:sow,母豬,[REVIEWED:1]
DFL_LEGENDS_RACE:sows,母豬,[REVIEWED:1]
DFL_LEGENDS_RACE:sparrow,麻雀,[REVIEWED:1]
DFL_LEGENDS_RACE:sparrow man,麻雀人,[REVIEWED:1]
DFL_LEGENDS_RACE:sparrow men,麻雀人,[REVIEWED:1]
DFL_LEGENDS_RACE:sparrow woman,雌麻雀人,[REVIEWED:1]
DFL_LEGENDS_RACE:sparrow women,雌麻雀人,[REVIEWED:1]
DFL_LEGENDS_RACE:sparrows,麻雀,[REVIEWED:1]
DFL_LEGENDS_RACE:sperm whale,抹香鯨,[REVIEWED:1]
DFL_LEGENDS_RACE:sperm whale man,抹香鯨人,[REVIEWED:1]
DFL_LEGENDS_RACE:sperm whale men,抹香鯨人,[REVIEWED:1]
DFL_LEGENDS_RACE:sperm whale woman,女抹香鯨人,[REVIEWED:1]
DFL_LEGENDS_RACE:sperm whale women,女抹香鯨人,[REVIEWED:1]
DFL_LEGENDS_RACE:sperm whales,抹香鯨,[REVIEWED:1]
DFL_LEGENDS_RACE:spider monkey,蜘蛛猴,[REVIEWED:1]
DFL_LEGENDS_RACE:spider monkey man,蜘蛛猴人,[REVIEWED:1]
DFL_LEGENDS_RACE:spider monkey men,蜘蛛猴人,[REVIEWED:1]
DFL_LEGENDS_RACE:spider monkey woman,雌蜘蛛猴人,[REVIEWED:1]
DFL_LEGENDS_RACE:spider monkey women,雌蜘蛛猴人,[REVIEWED:1]
DFL_LEGENDS_RACE:spider monkeys,蜘蛛猴,[REVIEWED:1]
DFL_LEGENDS_RACE:spinosaurus aegyptiacus,埃及棘龍,[REVIEWED:1]
DFL_LEGENDS_RACE:spinosaurus aegyptiacus man,埃及棘龍人,[REVIEWED:1]
DFL_LEGENDS_RACE:spinosaurus aegyptiacus men,埃及棘龍人,[REVIEWED:1]
DFL_LEGENDS_RACE:spinosaurus aegyptiacus woman,雌埃及棘龍人,[REVIEWED:1]
DFL_LEGENDS_RACE:spinosaurus aegyptiacus women,雌埃及棘龍人,[REVIEWED:1]
DFL_LEGENDS_RACE:spinosaurus mirabilis,奇異棘龍,[REVIEWED:1]
DFL_LEGENDS_RACE:spinosaurus mirabilis man,奇異棘龍人,[REVIEWED:1]
DFL_LEGENDS_RACE:spinosaurus mirabilis men,奇異棘龍人,[REVIEWED:1]
DFL_LEGENDS_RACE:spinosaurus mirabilis woman,雌奇異棘龍人,[REVIEWED:1]
DFL_LEGENDS_RACE:spinosaurus mirabilis women,雌奇異棘龍人,[REVIEWED:1]
DFL_LEGENDS_RACE:spiny dogfish,白斑角鯊,[REVIEWED:1]
DFL_LEGENDS_RACE:sponge,海綿,[REVIEWED:1]
DFL_LEGENDS_RACE:sponge man,海綿人,[REVIEWED:1]
DFL_LEGENDS_RACE:sponge men,海綿人,[REVIEWED:1]
DFL_LEGENDS_RACE:sponges,海綿,[REVIEWED:1]
DFL_LEGENDS_RACE:spotted ratfish,斑點鼠魚,[REVIEWED:1]
DFL_LEGENDS_RACE:spotted wobbegong,斑紋鬚鯊,[REVIEWED:1]
DFL_LEGENDS_RACE:spotted wobbegongs,斑紋鬚鯊,[REVIEWED:1]
DFL_LEGENDS_RACE:squid,魷魚,[REVIEWED:1]
DFL_LEGENDS_RACE:squid man,魷魚人,[REVIEWED:1]
DFL_LEGENDS_RACE:squid men,魷魚人,[REVIEWED:1]
DFL_LEGENDS_RACE:squid woman,雌魷魚人,[REVIEWED:1]
DFL_LEGENDS_RACE:squid women,雌魷魚人,[REVIEWED:1]
DFL_LEGENDS_RACE:squids,魷魚,[REVIEWED:1]
DFL_LEGENDS_RACE:steelhead trout,硬頭鱒,[REVIEWED:1]
DFL_LEGENDS_RACE:stegosaurus,劍龍,[REVIEWED:1]
DFL_LEGENDS_RACE:stegosaurus man,劍龍人,[REVIEWED:1]
DFL_LEGENDS_RACE:stegosaurus men,劍龍人,[REVIEWED:1]
DFL_LEGENDS_RACE:stegosaurus woman,雌劍龍人,[REVIEWED:1]
DFL_LEGENDS_RACE:stegosaurus women,雌劍龍人,[REVIEWED:1]
DFL_LEGENDS_RACE:stingray,刺魟,[REVIEWED:1]
DFL_LEGENDS_RACE:stingrays,刺魟,[REVIEWED:1]
DFL_LEGENDS_RACE:stoat,白鼬,[REVIEWED:1]
DFL_LEGENDS_RACE:stoat jack,雄鼬鼠,[REVIEWED:1]
DFL_LEGENDS_RACE:stoat jacks,雄鼬鼠,[REVIEWED:1]
DFL_LEGENDS_RACE:stoat jill,雌鼬鼠,[REVIEWED:1]
DFL_LEGENDS_RACE:stoat jills,雌鼬鼠,[REVIEWED:1]
DFL_LEGENDS_RACE:stoat man,白鼬人,[REVIEWED:1]
DFL_LEGENDS_RACE:stoat men,白鼬人,[REVIEWED:1]
DFL_LEGENDS_RACE:stoat woman,雌白鼬人,[REVIEWED:1]
DFL_LEGENDS_RACE:stoat women,雌白鼬人,[REVIEWED:1]
DFL_LEGENDS_RACE:stoats,白鼬,[REVIEWED:1]
DFL_LEGENDS_RACE:strangler,絞殺者,[REVIEWED:1]
DFL_LEGENDS_RACE:stranglers,絞殺者,[REVIEWED:1]
DFL_LEGENDS_RACE:sturgeon,鱘魚,[REVIEWED:1]
DFL_LEGENDS_RACE:sturgeons,鱘魚,[REVIEWED:1]
DFL_LEGENDS_RACE:suzhousaurus,肅州龍,[REVIEWED:1]
DFL_LEGENDS_RACE:suzhousaurus man,肅州龍人,[REVIEWED:1]
DFL_LEGENDS_RACE:suzhousaurus men,肅州龍人,[REVIEWED:1]
DFL_LEGENDS_RACE:suzhousaurus woman,雌肅州龍人,[REVIEWED:1]
DFL_LEGENDS_RACE:suzhousaurus women,雌肅州龍人,[REVIEWED:1]
DFL_LEGENDS_RACE:swan,天鵝,[REVIEWED:1]
DFL_LEGENDS_RACE:swan man,天鵝人,[REVIEWED:1]
DFL_LEGENDS_RACE:swan men,天鵝人,[REVIEWED:1]
DFL_LEGENDS_RACE:swan woman,雌天鵝人,[REVIEWED:1]
DFL_LEGENDS_RACE:swan women,雌天鵝人,[REVIEWED:1]
DFL_LEGENDS_RACE:swans,天鵝,[REVIEWED:1]
DFL_LEGENDS_RACE:swordfish,劍魚,[REVIEWED:1]
DFL_LEGENDS_RACE:tapir,貘,[REVIEWED:1]
DFL_LEGENDS_RACE:tapir man,貘人,[REVIEWED:1]
DFL_LEGENDS_RACE:tapir men,貘人,[REVIEWED:1]
DFL_LEGENDS_RACE:tapir woman,雌貘人,[REVIEWED:1]
DFL_LEGENDS_RACE:tapir women,雌貘人,[REVIEWED:1]
DFL_LEGENDS_RACE:tapirs,貘,[REVIEWED:1]
DFL_LEGENDS_RACE:termite,白蟻,[REVIEWED:1]
DFL_LEGENDS_RACE:termites,白蟻,[REVIEWED:1]
DFL_LEGENDS_RACE:therizinosaurus,鐮刀龍,[REVIEWED:1]
DFL_LEGENDS_RACE:therizinosaurus man,鐮刀龍人,[REVIEWED:1]
DFL_LEGENDS_RACE:therizinosaurus men,鐮刀龍人,[REVIEWED:1]
DFL_LEGENDS_RACE:therizinosaurus woman,雌鐮刀龍人,[REVIEWED:1]
DFL_LEGENDS_RACE:therizinosaurus women,雌鐮刀龍人,[REVIEWED:1]
DFL_LEGENDS_RACE:thornback ray,刺鰩,[REVIEWED:1]
DFL_LEGENDS_RACE:thornback rays,刺鰩,[REVIEWED:1]
DFL_LEGENDS_RACE:thrips,薊馬,[REVIEWED:1]
DFL_LEGENDS_RACE:thrips man,薊馬人,[REVIEWED:1]
DFL_LEGENDS_RACE:thrips men,薊馬人,[REVIEWED:1]
DFL_LEGENDS_RACE:thrips woman,女薊馬人,[REVIEWED:1]
DFL_LEGENDS_RACE:thrips women,女薊馬人,[REVIEWED:1]
DFL_LEGENDS_RACE:thylacine,袋狼,[REVIEWED:1]
DFL_LEGENDS_RACE:thylacine man,袋狼人,[REVIEWED:1]
DFL_LEGENDS_RACE:thylacine men,袋狼人,[REVIEWED:1]
DFL_LEGENDS_RACE:thylacine woman,雌袋狼人,[REVIEWED:1]
DFL_LEGENDS_RACE:thylacine women,雌袋狼人,[REVIEWED:1]
DFL_LEGENDS_RACE:tick,蜱蟲,[REVIEWED:1]
DFL_LEGENDS_RACE:tick man,蜱蟲人,[REVIEWED:1]
DFL_LEGENDS_RACE:tick men,蜱蟲人,[REVIEWED:1]
DFL_LEGENDS_RACE:tick woman,女蜱蟲人,[REVIEWED:1]
DFL_LEGENDS_RACE:tick women,女蜱蟲人,[REVIEWED:1]
DFL_LEGENDS_RACE:ticks,蜱蟲,[REVIEWED:1]
DFL_LEGENDS_RACE:tiercel peregrine,雄遊隼,[REVIEWED:1]
DFL_LEGENDS_RACE:tiercel peregrines,雄遊隼,[REVIEWED:1]
DFL_LEGENDS_RACE:tiger,虎,[REVIEWED:1]
DFL_LEGENDS_RACE:tiger man,虎人,[REVIEWED:1]
DFL_LEGENDS_RACE:tiger men,虎人,[REVIEWED:1]
DFL_LEGENDS_RACE:tiger shark,虎鯊,[REVIEWED:1]
DFL_LEGENDS_RACE:tiger sharks,虎鯊,[REVIEWED:1]
DFL_LEGENDS_RACE:tiger woman,女虎人,[REVIEWED:1]
DFL_LEGENDS_RACE:tiger women,女虎人,[REVIEWED:1]
DFL_LEGENDS_RACE:tigerfish,虎魚,[REVIEWED:1]
DFL_LEGENDS_RACE:tigers,虎,[REVIEWED:1]
DFL_LEGENDS_RACE:tiktaalik,提塔利克魚,[REVIEWED:1]
DFL_LEGENDS_RACE:tiktaalik man,提塔利克魚人,[REVIEWED:1]
DFL_LEGENDS_RACE:tiktaalik men,提塔利克魚人,[REVIEWED:1]
DFL_LEGENDS_RACE:tiktaalik woman,雌提塔利克魚人,[REVIEWED:1]
DFL_LEGENDS_RACE:tiktaalik women,雌提塔利克魚人,[REVIEWED:1]
DFL_LEGENDS_RACE:titanoboa,泰坦巨蟒,[REVIEWED:1]
DFL_LEGENDS_RACE:titanoboa man,泰坦巨蟒人,[REVIEWED:1]
DFL_LEGENDS_RACE:titanoboa men,泰坦巨蟒人,[REVIEWED:1]
DFL_LEGENDS_RACE:titanoboa woman,雌泰坦巨蟒人,[REVIEWED:1]
DFL_LEGENDS_RACE:titanoboa women,雌泰坦巨蟒人,[REVIEWED:1]
DFL_LEGENDS_RACE:toad,蟾蜍,[REVIEWED:1]
DFL_LEGENDS_RACE:toad man,蟾蜍人,[REVIEWED:1]
DFL_LEGENDS_RACE:toad men,蟾蜍人,[REVIEWED:1]
DFL_LEGENDS_RACE:toad woman,雌蟾蜍人,[REVIEWED:1]
DFL_LEGENDS_RACE:toad women,雌蟾蜍人,[REVIEWED:1]
DFL_LEGENDS_RACE:toads,蟾蜍,[REVIEWED:1]
DFL_LEGENDS_RACE:torvosaurus,蠻龍,[REVIEWED:1]
DFL_LEGENDS_RACE:torvosaurus man,蠻龍人,[REVIEWED:1]
DFL_LEGENDS_RACE:torvosaurus men,蠻龍人,[REVIEWED:1]
DFL_LEGENDS_RACE:torvosaurus woman,雌蠻龍人,[REVIEWED:1]
DFL_LEGENDS_RACE:torvosaurus women,雌蠻龍人,[REVIEWED:1]
DFL_LEGENDS_RACE:triceratops,三角龍,[REVIEWED:1]
DFL_LEGENDS_RACE:triceratops man,三角龍人,[REVIEWED:1]
DFL_LEGENDS_RACE:triceratops men,三角龍人,[REVIEWED:1]
DFL_LEGENDS_RACE:triceratops woman,雌三角龍人,[REVIEWED:1]
DFL_LEGENDS_RACE:triceratops women,雌三角龍人,[REVIEWED:1]
DFL_LEGENDS_RACE:trilobite,三葉蟲,[REVIEWED:1]
DFL_LEGENDS_RACE:trilobite man,三葉蟲人,[REVIEWED:1]
DFL_LEGENDS_RACE:trilobite men,三葉蟲人,[REVIEWED:1]
DFL_LEGENDS_RACE:trilobite woman,雌三葉蟲人,[REVIEWED:1]
DFL_LEGENDS_RACE:trilobite women,雌三葉蟲人,[REVIEWED:1]
DFL_LEGENDS_RACE:troglodyte,穴居人,[REVIEWED:1]
DFL_LEGENDS_RACE:troglodytes,穴居人,[REVIEWED:1]
DFL_LEGENDS_RACE:troll,巨魔,[REVIEWED:1]
DFL_LEGENDS_RACE:trolls,巨魔,[REVIEWED:1]
DFL_LEGENDS_RACE:tsintaosaurus,青島龍,[REVIEWED:1]
DFL_LEGENDS_RACE:tsintaosaurus man,青島龍人,[REVIEWED:1]
DFL_LEGENDS_RACE:tsintaosaurus men,青島龍人,[REVIEWED:1]
DFL_LEGENDS_RACE:tsintaosaurus woman,雌青島龍人,[REVIEWED:1]
DFL_LEGENDS_RACE:tsintaosaurus women,雌青島龍人,[REVIEWED:1]
DFL_LEGENDS_RACE:tullimonstrum,塔利怪物,[REVIEWED:1]
DFL_LEGENDS_RACE:tullimonstrum man,塔利怪物人,[REVIEWED:1]
DFL_LEGENDS_RACE:tullimonstrum men,塔利怪物人,[REVIEWED:1]
DFL_LEGENDS_RACE:tullimonstrum woman,雌塔利怪物人,[REVIEWED:1]
DFL_LEGENDS_RACE:tullimonstrum women,雌塔利怪物人,[REVIEWED:1]
DFL_LEGENDS_RACE:turkey,火雞,[REVIEWED:1]
DFL_LEGENDS_RACE:turkey gobbler,公火雞,[REVIEWED:1]
DFL_LEGENDS_RACE:turkey gobblers,公火雞,[REVIEWED:1]
DFL_LEGENDS_RACE:turkey hen,母火雞,[REVIEWED:1]
DFL_LEGENDS_RACE:turkey hens,母火雞,[REVIEWED:1]
DFL_LEGENDS_RACE:turkeys,火雞,[REVIEWED:1]
DFL_LEGENDS_RACE:two-humped camel,雙峰駱駝,[REVIEWED:1]
DFL_LEGENDS_RACE:two-humped camel man,雙峰駱駝人,[REVIEWED:1]
DFL_LEGENDS_RACE:two-humped camel men,雙峰駱駝人,[REVIEWED:1]
DFL_LEGENDS_RACE:two-humped camel woman,女雙峰駱駝人,[REVIEWED:1]
DFL_LEGENDS_RACE:two-humped camel women,女雙峰駱駝人,[REVIEWED:1]
DFL_LEGENDS_RACE:two-humped camels,雙峰駱駝,[REVIEWED:1]
DFL_LEGENDS_RACE:two-legged rhino lizard,雙足犀蜥蜴,[REVIEWED:1]
DFL_LEGENDS_RACE:two-legged rhino lizards,雙足犀蜥蜴,[REVIEWED:1]
DFL_LEGENDS_RACE:tyrannosaurus,霸王龍,[REVIEWED:1]
DFL_LEGENDS_RACE:tyrannosaurus man,霸王龍人,[REVIEWED:1]
DFL_LEGENDS_RACE:tyrannosaurus men,霸王龍人,[REVIEWED:1]
DFL_LEGENDS_RACE:tyrannosaurus woman,雌霸王龍人,[REVIEWED:1]
DFL_LEGENDS_RACE:tyrannosaurus women,雌霸王龍人,[REVIEWED:1]
DFL_LEGENDS_RACE:unicorn,獨角獸,[REVIEWED:1]
DFL_LEGENDS_RACE:unicorns,獨角獸,[REVIEWED:1]
DFL_LEGENDS_RACE:utahraptor,猶他盜龍,[REVIEWED:1]
DFL_LEGENDS_RACE:utahraptor man,猶他盜龍人,[REVIEWED:1]
DFL_LEGENDS_RACE:utahraptor men,猶他盜龍人,[REVIEWED:1]
DFL_LEGENDS_RACE:utahraptor woman,雌猶他盜龍人,[REVIEWED:1]
DFL_LEGENDS_RACE:utahraptor women,雌猶他盜龍人,[REVIEWED:1]
DFL_LEGENDS_RACE:velociraptor,伶盜龍,[REVIEWED:1]
DFL_LEGENDS_RACE:velociraptor man,伶盜龍人,[REVIEWED:1]
DFL_LEGENDS_RACE:velociraptor men,伶盜龍人,[REVIEWED:1]
DFL_LEGENDS_RACE:velociraptor woman,雌伶盜龍人,[REVIEWED:1]
DFL_LEGENDS_RACE:velociraptor women,雌伶盜龍人,[REVIEWED:1]
DFL_LEGENDS_RACE:voracious cave crawler,貪婪的洞穴爬蟲,[REVIEWED:1]
DFL_LEGENDS_RACE:voracious cave crawlers,貪婪的洞穴爬蟲,[REVIEWED:1]
DFL_LEGENDS_RACE:vulture,禿鷲,[REVIEWED:1]
DFL_LEGENDS_RACE:vulture man,禿鷲人,[REVIEWED:1]
DFL_LEGENDS_RACE:vulture men,禿鷲人,[REVIEWED:1]
DFL_LEGENDS_RACE:vulture woman,女禿鷲人,[REVIEWED:1]
DFL_LEGENDS_RACE:vulture women,女禿鷲人,[REVIEWED:1]
DFL_LEGENDS_RACE:vultures,禿鷲,[REVIEWED:1]
DFL_LEGENDS_RACE:wagon,貨車,[REVIEWED:1]
DFL_LEGENDS_RACE:wagons,貨車,[REVIEWED:1]
DFL_LEGENDS_RACE:walrus,海象,[REVIEWED:1]
DFL_LEGENDS_RACE:walrus man,海象人,[REVIEWED:1]
DFL_LEGENDS_RACE:walrus men,海象人,[REVIEWED:1]
DFL_LEGENDS_RACE:walrus woman,女海象人,[REVIEWED:1]
DFL_LEGENDS_RACE:walrus women,女海象人,[REVIEWED:1]
DFL_LEGENDS_RACE:walruses,海象,[REVIEWED:1]
DFL_LEGENDS_RACE:warthog,疣豬,[REVIEWED:1]
DFL_LEGENDS_RACE:warthog man,疣豬人,[REVIEWED:1]
DFL_LEGENDS_RACE:warthog men,疣豬人,[REVIEWED:1]
DFL_LEGENDS_RACE:warthog woman,女疣豬人,[REVIEWED:1]
DFL_LEGENDS_RACE:warthog women,女疣豬人,[REVIEWED:1]
DFL_LEGENDS_RACE:warthogs,疣豬,[REVIEWED:1]
DFL_LEGENDS_RACE:water buffalo,水牛,[REVIEWED:1]
DFL_LEGENDS_RACE:water buffalo bull,公水牛,[REVIEWED:1]
DFL_LEGENDS_RACE:water buffalo bulls,公水牛,[REVIEWED:1]
DFL_LEGENDS_RACE:water buffalo cow,母水牛,[REVIEWED:1]
DFL_LEGENDS_RACE:water buffalo cows,母水牛,[REVIEWED:1]
DFL_LEGENDS_RACE:water buffalos,水牛,[REVIEWED:1]
DFL_LEGENDS_RACE:weasel,黃鼬,[REVIEWED:1]
DFL_LEGENDS_RACE:weasel man,黃鼬人,[REVIEWED:1]
DFL_LEGENDS_RACE:weasel men,黃鼬人,[REVIEWED:1]
DFL_LEGENDS_RACE:weasel woman,雌黃鼬人,[REVIEWED:1]
DFL_LEGENDS_RACE:weasel women,雌黃鼬人,[REVIEWED:1]
DFL_LEGENDS_RACE:weasels,黃鼬,[REVIEWED:1]
DFL_LEGENDS_RACE:whale shark,鯨鯊,[REVIEWED:1]
DFL_LEGENDS_RACE:whale sharks,鯨鯊,[REVIEWED:1]
DFL_LEGENDS_RACE:white stork,白鸛,[REVIEWED:1]
DFL_LEGENDS_RACE:white stork man,白鸛人,[REVIEWED:1]
DFL_LEGENDS_RACE:white stork men,白鸛人,[REVIEWED:1]
DFL_LEGENDS_RACE:white stork woman,雌白鸛人,[REVIEWED:1]
DFL_LEGENDS_RACE:white stork women,雌白鸛人,[REVIEWED:1]
DFL_LEGENDS_RACE:white storks,白鸛,[REVIEWED:1]
DFL_LEGENDS_RACE:white-browed gibbon,白眉長臂猿,[REVIEWED:1]
DFL_LEGENDS_RACE:white-browed gibbons,白眉長臂猿,[REVIEWED:1]
DFL_LEGENDS_RACE:white-handed gibbon,白掌長臂猿,[REVIEWED:1]
DFL_LEGENDS_RACE:white-handed gibbons,白掌長臂猿,[REVIEWED:1]
DFL_LEGENDS_RACE:white-spotted puffer,白斑河豚,[REVIEWED:1]
DFL_LEGENDS_RACE:white-spotted puffers,白斑河豚,[REVIEWED:1]
DFL_LEGENDS_RACE:whitetip reef shark,白鰭礁鯊,[REVIEWED:1]
DFL_LEGENDS_RACE:whitetip reef sharks,白鰭礁鯊,[REVIEWED:1]
DFL_LEGENDS_RACE:wild boar,野豬,[REVIEWED:1]
DFL_LEGENDS_RACE:wild boar man,野豬人,[REVIEWED:1]
DFL_LEGENDS_RACE:wild boar men,野豬人,[REVIEWED:1]
DFL_LEGENDS_RACE:wild boar sow,雌野豬,[REVIEWED:1]
DFL_LEGENDS_RACE:wild boar sows,雌野豬,[REVIEWED:1]
DFL_LEGENDS_RACE:wild boar woman,女野豬人,[REVIEWED:1]
DFL_LEGENDS_RACE:wild boar women,女野豬人,[REVIEWED:1]
DFL_LEGENDS_RACE:wild boars,野豬,[REVIEWED:1]
DFL_LEGENDS_RACE:wiwaxia,威瓦克蟲,[REVIEWED:1]
DFL_LEGENDS_RACE:wiwaxia man,威瓦西蟲人,[REVIEWED:1]
DFL_LEGENDS_RACE:wiwaxia men,威瓦西蟲人,[REVIEWED:1]
DFL_LEGENDS_RACE:wiwaxia woman,雌威瓦西蟲人,[REVIEWED:1]
DFL_LEGENDS_RACE:wiwaxia women,雌威瓦西蟲人,[REVIEWED:1]
DFL_LEGENDS_RACE:wolf,狼,[REVIEWED:1]
DFL_LEGENDS_RACE:wolf man,狼人,[REVIEWED:1]
DFL_LEGENDS_RACE:wolf men,狼人,[REVIEWED:1]
DFL_LEGENDS_RACE:wolf woman,女狼人,[REVIEWED:1]
DFL_LEGENDS_RACE:wolf women,女狼人,[REVIEWED:1]
DFL_LEGENDS_RACE:wolverine,狼獾,[REVIEWED:1]
DFL_LEGENDS_RACE:wolverine man,狼獾人,[REVIEWED:1]
DFL_LEGENDS_RACE:wolverine men,狼獾人,[REVIEWED:1]
DFL_LEGENDS_RACE:wolverine woman,女狼獾人,[REVIEWED:1]
DFL_LEGENDS_RACE:wolverine women,女狼獾人,[REVIEWED:1]
DFL_LEGENDS_RACE:wolverines,狼獾,[REVIEWED:1]
DFL_LEGENDS_RACE:wolves,狼,[REVIEWED:1]
DFL_LEGENDS_RACE:wombat,袋熊,[REVIEWED:1]
DFL_LEGENDS_RACE:wombat man,袋熊人,[REVIEWED:1]
DFL_LEGENDS_RACE:wombat men,袋熊人,[REVIEWED:1]
DFL_LEGENDS_RACE:wombat woman,雌袋熊人,[REVIEWED:1]
DFL_LEGENDS_RACE:wombat women,雌袋熊人,[REVIEWED:1]
DFL_LEGENDS_RACE:wombats,袋熊,[REVIEWED:1]
DFL_LEGENDS_RACE:woolly mammoth,猛獁象,[REVIEWED:1]
DFL_LEGENDS_RACE:woolly mammoth man,猛獁象人,[REVIEWED:1]
DFL_LEGENDS_RACE:woolly mammoth men,猛獁象人,[REVIEWED:1]
DFL_LEGENDS_RACE:woolly mammoth woman,雌猛獁象人,[REVIEWED:1]
DFL_LEGENDS_RACE:woolly mammoth women,雌猛獁象人,[REVIEWED:1]
DFL_LEGENDS_RACE:woolly rhinoceros,披毛犀,[REVIEWED:1]
DFL_LEGENDS_RACE:woolly rhinoceros man,披毛犀人,[REVIEWED:1]
DFL_LEGENDS_RACE:woolly rhinoceros men,披毛犀人,[REVIEWED:1]
DFL_LEGENDS_RACE:woolly rhinoceros woman,雌披毛犀人,[REVIEWED:1]
DFL_LEGENDS_RACE:woolly rhinoceros women,雌披毛犀人,[REVIEWED:1]
DFL_LEGENDS_RACE:worker ant,螞蟻工蟻,[REVIEWED:1]
DFL_LEGENDS_RACE:worker ant woman,雌工蟻人,[REVIEWED:1]
DFL_LEGENDS_RACE:worker ant women,雌工蟻人,[REVIEWED:1]
DFL_LEGENDS_RACE:worker ants,螞蟻工蟻,[REVIEWED:1]
DFL_LEGENDS_RACE:worker termite,白蟻工蟻,[REVIEWED:1]
DFL_LEGENDS_RACE:worker termites,白蟻工蟻,[REVIEWED:1]
DFL_LEGENDS_RACE:worm,蠕蟲,[REVIEWED:1]
DFL_LEGENDS_RACE:worm man,蠕蟲人,[REVIEWED:1]
DFL_LEGENDS_RACE:worm men,蠕蟲人,[REVIEWED:1]
DFL_LEGENDS_RACE:worms,蠕蟲,[REVIEWED:1]
DFL_LEGENDS_RACE:wren,鷦鷯,[REVIEWED:1]
DFL_LEGENDS_RACE:wren man,鷦鷯人,[REVIEWED:1]
DFL_LEGENDS_RACE:wren men,鷦鷯人,[REVIEWED:1]
DFL_LEGENDS_RACE:wren woman,雌鷦鷯人,[REVIEWED:1]
DFL_LEGENDS_RACE:wren women,雌鷦鷯人,[REVIEWED:1]
DFL_LEGENDS_RACE:wrens,鷦鷯,[REVIEWED:1]
DFL_LEGENDS_RACE:yak,犛牛,[REVIEWED:1]
DFL_LEGENDS_RACE:yak bull,公犛牛,[REVIEWED:1]
DFL_LEGENDS_RACE:yak bulls,公犛牛,[REVIEWED:1]
DFL_LEGENDS_RACE:yak cow,母犛牛,[REVIEWED:1]
DFL_LEGENDS_RACE:yak cows,母犛牛,[REVIEWED:1]
DFL_LEGENDS_RACE:yaks,犛牛,[REVIEWED:1]
DFL_LEGENDS_RACE:yellow bullhead,黃鯰魚,[REVIEWED:1]
DFL_LEGENDS_RACE:yellow bullheads,黃鯰魚,[REVIEWED:1]
DFL_LEGENDS_RACE:yeti,雪怪,[REVIEWED:1]
DFL_LEGENDS_RACE:yetis,雪怪,[REVIEWED:1]
