text,translation,tags
DFL_APPEARANCE:subject:long moustache,長長的髭鬚,[REVIEWED:1][PROSE:appearance]
DFL_APPEARANCE:subject:medium-length sideburns,中等長度的鬢角,[REVIEWED:1][PROSE:appearance]
DFL_APPEARANCE:subject:medium-length moustache,中等長度的髭鬚,[REVIEWED:1][PROSE:appearance]
DFL_APPEARANCE:subject:hair,頭髮,[REVIEWED:1][PROSE:appearance]
DFL_APPEARANCE:subject:beard,鬍鬚,[REVIEWED:1][PROSE:appearance]
DFL_APPEARANCE:subject:moustache,髭鬚,[REVIEWED:1][PROSE:appearance]
DFL_APPEARANCE:subject:sideburns,鬢角,[REVIEWED:1][PROSE:appearance]
DFL_APPEARANCE:subject:eyes,眼睛,[REVIEWED:1][PROSE:appearance]
DFL_APPEARANCE:subject:ears,耳朵,[REVIEWED:1][PROSE:appearance]
DFL_APPEARANCE:subject:nose,鼻子,[REVIEWED:1][PROSE:appearance]
DFL_APPEARANCE:subject:nose bridge,鼻樑,[REVIEWED:1][PROSE:appearance]
DFL_APPEARANCE:subject:head,頭部,[REVIEWED:1][PROSE:appearance]
DFL_APPEARANCE:subject:skin,皮膚,[REVIEWED:1][PROSE:appearance]
DFL_APPEARANCE:subject:teeth,牙齒,[REVIEWED:1][PROSE:appearance]
DFL_APPEARANCE:subject:lips,嘴唇,[REVIEWED:1][PROSE:appearance]
DFL_APPEARANCE:subject:voice,聲音,[REVIEWED:1][PROSE:appearance]
DFL_APPEARANCE:subject:very long hair,長長的頭髮,[REVIEWED:1][PROSE:appearance]
DFL_APPEARANCE:subject:long hair,長髮,[REVIEWED:1][PROSE:appearance]
DFL_APPEARANCE:subject:short hair,短髮,[REVIEWED:1][PROSE:appearance]
DFL_APPEARANCE:subject:very short hair,極短的頭髮,[REVIEWED:1][PROSE:appearance]
DFL_APPEARANCE:subject:somewhat long hair,較長的頭髮,[REVIEWED:1][PROSE:appearance]
DFL_APPEARANCE:subject:somewhat short hair,較短的頭髮,[REVIEWED:1][PROSE:appearance]
DFL_APPEARANCE:subject:somewhat narrow ears,略窄的耳朵,[REVIEWED:1][PROSE:appearance]
DFL_APPEARANCE:subject:somewhat splayed out ears,略向外張開的耳朵,[REVIEWED:1][PROSE:appearance]
DFL_APPEARANCE:subject:eyelashes,睫毛,[REVIEWED:1][PROSE:appearance]
DFL_APPEARANCE:subject:very long beard,長長的鬍鬚,[REVIEWED:1][PROSE:appearance]
DFL_APPEARANCE:subject:very long sideburns,長長的鬢角,[REVIEWED:1][PROSE:appearance]
DFL_APPEARANCE:subject:very long moustache,長長的髭鬚,[REVIEWED:1][PROSE:appearance]
DFL_APPEARANCE:subject:nearly fuse-lobed ears,耳垂幾乎貼連的耳朵,[REVIEWED:1][PROSE:appearance]
DFL_APPEARANCE:subject:somewhat tall ears,略高的耳朵,[REVIEWED:1][PROSE:appearance]
DFL_APPEARANCE:subject:quite dense hair,相當濃密的頭髮,[REVIEWED:1][PROSE:appearance]
DFL_APPEARANCE:subject:somewhat short head,略短的頭部,[REVIEWED:1][PROSE:appearance]
DFL_APPEARANCE:predicate:hair:clean-shaven,剃得乾乾淨淨,[REVIEWED:1][PROSE:appearance]
DFL_APPEARANCE:predicate:hair:neatly combed,梳理得很整齊,[REVIEWED:1][PROSE:appearance]
DFL_APPEARANCE:predicate:hair:combed,梳理整齊,[REVIEWED:1][PROSE:appearance]
DFL_APPEARANCE:predicate:hair:unkempt,凌亂,[REVIEWED:1][PROSE:appearance]
DFL_APPEARANCE:predicate:hair:braided,編成辮子,[REVIEWED:1][PROSE:appearance]
DFL_APPEARANCE:predicate:hair:tied back,束在腦後,[REVIEWED:1][PROSE:appearance]
DFL_APPEARANCE:predicate:hair:tied in a pony tail,束成馬尾,[REVIEWED:1][PROSE:appearance]
DFL_APPEARANCE:predicate:hair:curly,捲曲,[REVIEWED:1][PROSE:appearance]
DFL_APPEARANCE:predicate:hair:straight,筆直,[REVIEWED:1][PROSE:appearance]
DFL_APPEARANCE:predicate:hair:wavy,呈波浪狀,[REVIEWED:1][PROSE:appearance]
DFL_APPEARANCE:predicate:hair:arranged in double braids,編成雙辮,[REVIEWED:1][PROSE:appearance]
DFL_APPEARANCE:predicate:beard:neatly combed,梳理得很整齊,[REVIEWED:1][PROSE:appearance]
DFL_APPEARANCE:predicate:beard:combed,梳理整齊,[REVIEWED:1][PROSE:appearance]
DFL_APPEARANCE:predicate:beard:unkempt,凌亂,[REVIEWED:1][PROSE:appearance]
DFL_APPEARANCE:predicate:beard:braided,編成辮子,[REVIEWED:1][PROSE:appearance]
DFL_APPEARANCE:predicate:moustache:neatly combed,梳理得很整齊,[REVIEWED:1][PROSE:appearance]
DFL_APPEARANCE:predicate:moustache:combed,梳理整齊,[REVIEWED:1][PROSE:appearance]
DFL_APPEARANCE:predicate:moustache:unkempt,凌亂,[REVIEWED:1][PROSE:appearance]
DFL_APPEARANCE:predicate:moustache:braided,編成辮子,[REVIEWED:1][PROSE:appearance]
DFL_APPEARANCE:predicate:sideburns:clean-shaven,剃得乾乾淨淨,[REVIEWED:1][PROSE:appearance]
DFL_APPEARANCE:predicate:sideburns:neatly combed,梳理得很整齊,[REVIEWED:1][PROSE:appearance]
DFL_APPEARANCE:predicate:sideburns:combed,梳理整齊,[REVIEWED:1][PROSE:appearance]
DFL_APPEARANCE:predicate:sideburns:unkempt,凌亂,[REVIEWED:1][PROSE:appearance]
DFL_APPEARANCE:predicate:sideburns:braided,編成辮子,[REVIEWED:1][PROSE:appearance]
DFL_APPEARANCE:predicate:eyes:bulging,向外凸出,[REVIEWED:1][PROSE:appearance]
DFL_APPEARANCE:predicate:eyes:sunken,深陷,[REVIEWED:1][PROSE:appearance]
DFL_APPEARANCE:predicate:eyes:close-set,間距狹窄,[REVIEWED:1][PROSE:appearance]
DFL_APPEARANCE:predicate:eyes:incredibly close-set,間距極為狹窄,[REVIEWED:1][PROSE:appearance]
DFL_APPEARANCE:predicate:eyes:slightly wide-set,間距略寬,[REVIEWED:1][PROSE:appearance]
DFL_APPEARANCE:predicate:eyes:wide-set,間距寬闊,[REVIEWED:1][PROSE:appearance]
DFL_APPEARANCE:predicate:eyes:round,圓潤,[REVIEWED:1][PROSE:appearance]
DFL_APPEARANCE:predicate:eyes:slightly rounded,略呈圓形,[REVIEWED:1][PROSE:appearance]
DFL_APPEARANCE:predicate:eyes:narrow,狹長,[REVIEWED:1][PROSE:appearance]
DFL_APPEARANCE:predicate:ears:splayed out,向外張開,[REVIEWED:1][PROSE:appearance]
DFL_APPEARANCE:predicate:ears:very splayed out,大幅向外張開,[REVIEWED:1][PROSE:appearance]
DFL_APPEARANCE:predicate:ears:broad,寬闊,[REVIEWED:1][PROSE:appearance]
DFL_APPEARANCE:predicate:ears:narrow,窄小,[REVIEWED:1][PROSE:appearance]
DFL_APPEARANCE:predicate:ears:fuse-lobed,耳垂貼連,[REVIEWED:1][PROSE:appearance]
DFL_APPEARANCE:predicate:nose bridge:convex,向外凸起,[REVIEWED:1][PROSE:appearance]
DFL_APPEARANCE:predicate:nose bridge:very convex,明顯向外凸起,[REVIEWED:1][PROSE:appearance]
DFL_APPEARANCE:predicate:nose bridge:concave,向內凹陷,[REVIEWED:1][PROSE:appearance]
DFL_APPEARANCE:predicate:nose bridge:straight,平直,[REVIEWED:1][PROSE:appearance]
DFL_APPEARANCE:predicate:nose:broad,寬大,[REVIEWED:1][PROSE:appearance]
DFL_APPEARANCE:predicate:nose:narrow,窄小,[REVIEWED:1][PROSE:appearance]
DFL_APPEARANCE:predicate:nose:somewhat narrow,略窄,[REVIEWED:1][PROSE:appearance]
DFL_APPEARANCE:predicate:nose:long,修長,[REVIEWED:1][PROSE:appearance]
DFL_APPEARANCE:predicate:nose:short,短小,[REVIEWED:1][PROSE:appearance]
DFL_APPEARANCE:predicate:nose:upturned,上翹,[REVIEWED:1][PROSE:appearance]
DFL_APPEARANCE:predicate:nose:hooked,呈鉤狀,[REVIEWED:1][PROSE:appearance]
DFL_APPEARANCE:predicate:nose:slightly hooked,略呈鉤狀,[REVIEWED:1][PROSE:appearance]
DFL_APPEARANCE:predicate:head:broad,寬闊,[REVIEWED:1][PROSE:appearance]
DFL_APPEARANCE:predicate:head:narrow,狹窄,[REVIEWED:1][PROSE:appearance]
DFL_APPEARANCE:predicate:head:somewhat narrow,略顯狹窄,[REVIEWED:1][PROSE:appearance]
DFL_APPEARANCE:predicate:head:long,修長,[REVIEWED:1][PROSE:appearance]
DFL_APPEARANCE:predicate:head:short,短小,[REVIEWED:1][PROSE:appearance]
DFL_APPEARANCE:predicate:teeth:tangled,交錯不齊,[REVIEWED:1][PROSE:appearance]
DFL_APPEARANCE:predicate:teeth:gapped,間隙明顯,[REVIEWED:1][PROSE:appearance]
DFL_APPEARANCE:predicate:teeth:long,很長,[REVIEWED:1][PROSE:appearance]
DFL_APPEARANCE:predicate:teeth:short,很短,[REVIEWED:1][PROSE:appearance]
DFL_APPEARANCE:predicate:lips:thick,厚實,[REVIEWED:1][PROSE:appearance]
DFL_APPEARANCE:predicate:lips:thin,纖薄,[REVIEWED:1][PROSE:appearance]
DFL_APPEARANCE:predicate:voice:deep,低沉,[REVIEWED:1][PROSE:appearance]
DFL_APPEARANCE:predicate:voice:raspy,沙啞,[REVIEWED:1][PROSE:appearance]
DFL_APPEARANCE:predicate:eyelashes:extremely long,極長,[REVIEWED:1][PROSE:appearance]
DFL_APPEARANCE:predicate:eyelashes:short,很短,[REVIEWED:1][PROSE:appearance]
DFL_APPEARANCE:feature:ears:great swinging lobes,有又大又晃動的耳垂,[REVIEWED:1][PROSE:appearance]
DFL_APPEARANCE:has:very low cheekbones,顴骨很低,[REVIEWED:1][PROSE:appearance]
DFL_APPEARANCE:has:low cheekbones,顴骨低平,[REVIEWED:1][PROSE:appearance]
DFL_APPEARANCE:has:somewhat low cheekbones,顴骨略低,[REVIEWED:1][PROSE:appearance]
DFL_APPEARANCE:has:very high cheekbones,顴骨很高,[REVIEWED:1][PROSE:appearance]
DFL_APPEARANCE:has:high cheekbones,顴骨高聳,[REVIEWED:1][PROSE:appearance]
DFL_APPEARANCE:has:somewhat high cheekbones,顴骨略高,[REVIEWED:1][PROSE:appearance]
DFL_APPEARANCE:has:a broad chin,下巴寬闊,[REVIEWED:1][PROSE:appearance]
DFL_APPEARANCE:has:a narrow chin,下巴狹窄,[REVIEWED:1][PROSE:appearance]
DFL_APPEARANCE:has:a square chin,下巴方正,[REVIEWED:1][PROSE:appearance]
DFL_APPEARANCE:has:a jutting chin,下巴突出,[REVIEWED:1][PROSE:appearance]
DFL_APPEARANCE:has:a round chin,下巴圓潤,[REVIEWED:1][PROSE:appearance]
DFL_APPEARANCE:has:a deep voice,聲音低沉,[REVIEWED:1][PROSE:appearance]
DFL_APPEARANCE:has:a raspy voice,聲音沙啞,[REVIEWED:1][PROSE:appearance]
"DFL_APPEARANCE:has:a grating, raspy voice",聲音刺耳而沙啞,[REVIEWED:1][PROSE:appearance]
DFL_APPEARANCE:has:a scratchy voice,聲音粗啞,[REVIEWED:1][PROSE:appearance]
DFL_APPEARANCE:self:average in size,體型中等,[REVIEWED:1][PROSE:appearance]
DFL_APPEARANCE:subject:amber hair,琥珀色頭髮,[REVIEWED:1][PROSE:appearance]
DFL_APPEARANCE:predicate:hair:amber,呈琥珀色,[REVIEWED:1][PROSE:appearance]
DFL_APPEARANCE:subject:amber beard,琥珀色鬍鬚,[REVIEWED:1][PROSE:appearance]
DFL_APPEARANCE:predicate:beard:amber,呈琥珀色,[REVIEWED:1][PROSE:appearance]
DFL_APPEARANCE:subject:amber moustache,琥珀色髭鬚,[REVIEWED:1][PROSE:appearance]
DFL_APPEARANCE:predicate:moustache:amber,呈琥珀色,[REVIEWED:1][PROSE:appearance]
DFL_APPEARANCE:subject:amber sideburns,琥珀色鬢角,[REVIEWED:1][PROSE:appearance]
DFL_APPEARANCE:predicate:sideburns:amber,呈琥珀色,[REVIEWED:1][PROSE:appearance]
DFL_APPEARANCE:subject:amber eyes,琥珀色眼睛,[REVIEWED:1][PROSE:appearance]
DFL_APPEARANCE:predicate:eyes:amber,呈琥珀色,[REVIEWED:1][PROSE:appearance]
DFL_APPEARANCE:subject:amber skin,琥珀色皮膚,[REVIEWED:1][PROSE:appearance]
DFL_APPEARANCE:predicate:skin:amber,呈琥珀色,[REVIEWED:1][PROSE:appearance]
DFL_APPEARANCE:subject:slightly close-set amber eyes,間距略窄的琥珀色眼睛,[REVIEWED:1][PROSE:appearance]
DFL_APPEARANCE:subject:sunken narrow amber eyes,深陷狹長的琥珀色眼睛,[REVIEWED:1][PROSE:appearance]
DFL_APPEARANCE:subject:slightly wide-set narrow amber eyes,間距略寬且狹長的琥珀色眼睛,[REVIEWED:1][PROSE:appearance]
DFL_APPEARANCE:subject:amethyst hair,紫水晶色頭髮,[REVIEWED:1][PROSE:appearance]
DFL_APPEARANCE:predicate:hair:amethyst,呈紫水晶色,[REVIEWED:1][PROSE:appearance]
DFL_APPEARANCE:subject:amethyst beard,紫水晶色鬍鬚,[REVIEWED:1][PROSE:appearance]
DFL_APPEARANCE:predicate:beard:amethyst,呈紫水晶色,[REVIEWED:1][PROSE:appearance]
DFL_APPEARANCE:subject:amethyst moustache,紫水晶色髭鬚,[REVIEWED:1][PROSE:appearance]
DFL_APPEARANCE:predicate:moustache:amethyst,呈紫水晶色,[REVIEWED:1][PROSE:appearance]
DFL_APPEARANCE:subject:amethyst sideburns,紫水晶色鬢角,[REVIEWED:1][PROSE:appearance]
DFL_APPEARANCE:predicate:sideburns:amethyst,呈紫水晶色,[REVIEWED:1][PROSE:appearance]
DFL_APPEARANCE:subject:amethyst eyes,紫水晶色眼睛,[REVIEWED:1][PROSE:appearance]
DFL_APPEARANCE:predicate:eyes:amethyst,呈紫水晶色,[REVIEWED:1][PROSE:appearance]
DFL_APPEARANCE:subject:amethyst skin,紫水晶色皮膚,[REVIEWED:1][PROSE:appearance]
DFL_APPEARANCE:predicate:skin:amethyst,呈紫水晶色,[REVIEWED:1][PROSE:appearance]
DFL_APPEARANCE:subject:slightly close-set amethyst eyes,間距略窄的紫水晶色眼睛,[REVIEWED:1][PROSE:appearance]
DFL_APPEARANCE:subject:sunken narrow amethyst eyes,深陷狹長的紫水晶色眼睛,[REVIEWED:1][PROSE:appearance]
DFL_APPEARANCE:subject:slightly wide-set narrow amethyst eyes,間距略寬且狹長的紫水晶色眼睛,[REVIEWED:1][PROSE:appearance]
DFL_APPEARANCE:subject:apple green hair,蘋果綠頭髮,[REVIEWED:1][PROSE:appearance]
DFL_APPEARANCE:predicate:hair:apple green,呈蘋果綠,[REVIEWED:1][PROSE:appearance]
DFL_APPEARANCE:subject:apple green beard,蘋果綠鬍鬚,[REVIEWED:1][PROSE:appearance]
DFL_APPEARANCE:predicate:beard:apple green,呈蘋果綠,[REVIEWED:1][PROSE:appearance]
DFL_APPEARANCE:subject:apple green moustache,蘋果綠髭鬚,[REVIEWED:1][PROSE:appearance]
DFL_APPEARANCE:predicate:moustache:apple green,呈蘋果綠,[REVIEWED:1][PROSE:appearance]
DFL_APPEARANCE:subject:apple green sideburns,蘋果綠鬢角,[REVIEWED:1][PROSE:appearance]
DFL_APPEARANCE:predicate:sideburns:apple green,呈蘋果綠,[REVIEWED:1][PROSE:appearance]
DFL_APPEARANCE:subject:apple green eyes,蘋果綠眼睛,[REVIEWED:1][PROSE:appearance]
DFL_APPEARANCE:predicate:eyes:apple green,呈蘋果綠,[REVIEWED:1][PROSE:appearance]
DFL_APPEARANCE:subject:apple green skin,蘋果綠皮膚,[REVIEWED:1][PROSE:appearance]
DFL_APPEARANCE:predicate:skin:apple green,呈蘋果綠,[REVIEWED:1][PROSE:appearance]
DFL_APPEARANCE:subject:slightly close-set apple green eyes,間距略窄的蘋果綠眼睛,[REVIEWED:1][PROSE:appearance]
DFL_APPEARANCE:subject:sunken narrow apple green eyes,深陷狹長的蘋果綠眼睛,[REVIEWED:1][PROSE:appearance]
DFL_APPEARANCE:subject:slightly wide-set narrow apple green eyes,間距略寬且狹長的蘋果綠眼睛,[REVIEWED:1][PROSE:appearance]
DFL_APPEARANCE:subject:aqua hair,水色頭髮,[REVIEWED:1][PROSE:appearance]
DFL_APPEARANCE:predicate:hair:aqua,呈水色,[REVIEWED:1][PROSE:appearance]
DFL_APPEARANCE:subject:aqua beard,水色鬍鬚,[REVIEWED:1][PROSE:appearance]
DFL_APPEARANCE:predicate:beard:aqua,呈水色,[REVIEWED:1][PROSE:appearance]
DFL_APPEARANCE:subject:aqua moustache,水色髭鬚,[REVIEWED:1][PROSE:appearance]
DFL_APPEARANCE:predicate:moustache:aqua,呈水色,[REVIEWED:1][PROSE:appearance]
DFL_APPEARANCE:subject:aqua sideburns,水色鬢角,[REVIEWED:1][PROSE:appearance]
DFL_APPEARANCE:predicate:sideburns:aqua,呈水色,[REVIEWED:1][PROSE:appearance]
DFL_APPEARANCE:subject:aqua eyes,水色眼睛,[REVIEWED:1][PROSE:appearance]
DFL_APPEARANCE:predicate:eyes:aqua,呈水色,[REVIEWED:1][PROSE:appearance]
DFL_APPEARANCE:subject:aqua skin,水色皮膚,[REVIEWED:1][PROSE:appearance]
DFL_APPEARANCE:predicate:skin:aqua,呈水色,[REVIEWED:1][PROSE:appearance]
DFL_APPEARANCE:subject:slightly close-set aqua eyes,間距略窄的水色眼睛,[REVIEWED:1][PROSE:appearance]
DFL_APPEARANCE:subject:sunken narrow aqua eyes,深陷狹長的水色眼睛,[REVIEWED:1][PROSE:appearance]
DFL_APPEARANCE:subject:slightly wide-set narrow aqua eyes,間距略寬且狹長的水色眼睛,[REVIEWED:1][PROSE:appearance]
DFL_APPEARANCE:subject:aquamarine hair,海藍寶色頭髮,[REVIEWED:1][PROSE:appearance]
DFL_APPEARANCE:predicate:hair:aquamarine,呈海藍寶色,[REVIEWED:1][PROSE:appearance]
DFL_APPEARANCE:subject:aquamarine beard,海藍寶色鬍鬚,[REVIEWED:1][PROSE:appearance]
DFL_APPEARANCE:predicate:beard:aquamarine,呈海藍寶色,[REVIEWED:1][PROSE:appearance]
DFL_APPEARANCE:subject:aquamarine moustache,海藍寶色髭鬚,[REVIEWED:1][PROSE:appearance]
DFL_APPEARANCE:predicate:moustache:aquamarine,呈海藍寶色,[REVIEWED:1][PROSE:appearance]
DFL_APPEARANCE:subject:aquamarine sideburns,海藍寶色鬢角,[REVIEWED:1][PROSE:appearance]
DFL_APPEARANCE:predicate:sideburns:aquamarine,呈海藍寶色,[REVIEWED:1][PROSE:appearance]
DFL_APPEARANCE:subject:aquamarine eyes,海藍寶色眼睛,[REVIEWED:1][PROSE:appearance]
DFL_APPEARANCE:predicate:eyes:aquamarine,呈海藍寶色,[REVIEWED:1][PROSE:appearance]
DFL_APPEARANCE:subject:aquamarine skin,海藍寶色皮膚,[REVIEWED:1][PROSE:appearance]
DFL_APPEARANCE:predicate:skin:aquamarine,呈海藍寶色,[REVIEWED:1][PROSE:appearance]
DFL_APPEARANCE:subject:slightly close-set aquamarine eyes,間距略窄的海藍寶色眼睛,[REVIEWED:1][PROSE:appearance]
DFL_APPEARANCE:subject:sunken narrow aquamarine eyes,深陷狹長的海藍寶色眼睛,[REVIEWED:1][PROSE:appearance]
DFL_APPEARANCE:subject:slightly wide-set narrow aquamarine eyes,間距略寬且狹長的海藍寶色眼睛,[REVIEWED:1][PROSE:appearance]
DFL_APPEARANCE:subject:ash gray hair,灰白色頭髮,[REVIEWED:1][PROSE:appearance]
DFL_APPEARANCE:predicate:hair:ash gray,呈灰白色,[REVIEWED:1][PROSE:appearance]
DFL_APPEARANCE:subject:ash gray beard,灰白色鬍鬚,[REVIEWED:1][PROSE:appearance]
DFL_APPEARANCE:predicate:beard:ash gray,呈灰白色,[REVIEWED:1][PROSE:appearance]
DFL_APPEARANCE:subject:ash gray moustache,灰白色髭鬚,[REVIEWED:1][PROSE:appearance]
DFL_APPEARANCE:predicate:moustache:ash gray,呈灰白色,[REVIEWED:1][PROSE:appearance]
DFL_APPEARANCE:subject:ash gray sideburns,灰白色鬢角,[REVIEWED:1][PROSE:appearance]
DFL_APPEARANCE:predicate:sideburns:ash gray,呈灰白色,[REVIEWED:1][PROSE:appearance]
DFL_APPEARANCE:subject:ash gray eyes,灰白色眼睛,[REVIEWED:1][PROSE:appearance]
DFL_APPEARANCE:predicate:eyes:ash gray,呈灰白色,[REVIEWED:1][PROSE:appearance]
DFL_APPEARANCE:subject:ash gray skin,灰白色皮膚,[REVIEWED:1][PROSE:appearance]
DFL_APPEARANCE:predicate:skin:ash gray,呈灰白色,[REVIEWED:1][PROSE:appearance]
DFL_APPEARANCE:subject:slightly close-set ash gray eyes,間距略窄的灰白色眼睛,[REVIEWED:1][PROSE:appearance]
DFL_APPEARANCE:subject:sunken narrow ash gray eyes,深陷狹長的灰白色眼睛,[REVIEWED:1][PROSE:appearance]
DFL_APPEARANCE:subject:slightly wide-set narrow ash gray eyes,間距略寬且狹長的灰白色眼睛,[REVIEWED:1][PROSE:appearance]
DFL_APPEARANCE:subject:auburn hair,赤褐色頭髮,[REVIEWED:1][PROSE:appearance]
DFL_APPEARANCE:predicate:hair:auburn,呈赤褐色,[REVIEWED:1][PROSE:appearance]
DFL_APPEARANCE:subject:auburn beard,赤褐色鬍鬚,[REVIEWED:1][PROSE:appearance]
DFL_APPEARANCE:predicate:beard:auburn,呈赤褐色,[REVIEWED:1][PROSE:appearance]
DFL_APPEARANCE:subject:auburn moustache,赤褐色髭鬚,[REVIEWED:1][PROSE:appearance]
DFL_APPEARANCE:predicate:moustache:auburn,呈赤褐色,[REVIEWED:1][PROSE:appearance]
DFL_APPEARANCE:subject:auburn sideburns,赤褐色鬢角,[REVIEWED:1][PROSE:appearance]
DFL_APPEARANCE:predicate:sideburns:auburn,呈赤褐色,[REVIEWED:1][PROSE:appearance]
DFL_APPEARANCE:subject:auburn eyes,赤褐色眼睛,[REVIEWED:1][PROSE:appearance]
DFL_APPEARANCE:predicate:eyes:auburn,呈赤褐色,[REVIEWED:1][PROSE:appearance]
DFL_APPEARANCE:subject:auburn skin,赤褐色皮膚,[REVIEWED:1][PROSE:appearance]
DFL_APPEARANCE:predicate:skin:auburn,呈赤褐色,[REVIEWED:1][PROSE:appearance]
DFL_APPEARANCE:subject:slightly close-set auburn eyes,間距略窄的赤褐色眼睛,[REVIEWED:1][PROSE:appearance]
DFL_APPEARANCE:subject:sunken narrow auburn eyes,深陷狹長的赤褐色眼睛,[REVIEWED:1][PROSE:appearance]
DFL_APPEARANCE:subject:slightly wide-set narrow auburn eyes,間距略寬且狹長的赤褐色眼睛,[REVIEWED:1][PROSE:appearance]
DFL_APPEARANCE:subject:azure hair,天青色頭髮,[REVIEWED:1][PROSE:appearance]
DFL_APPEARANCE:predicate:hair:azure,呈天青色,[REVIEWED:1][PROSE:appearance]
DFL_APPEARANCE:subject:azure beard,天青色鬍鬚,[REVIEWED:1][PROSE:appearance]
DFL_APPEARANCE:predicate:beard:azure,呈天青色,[REVIEWED:1][PROSE:appearance]
DFL_APPEARANCE:subject:azure moustache,天青色髭鬚,[REVIEWED:1][PROSE:appearance]
DFL_APPEARANCE:predicate:moustache:azure,呈天青色,[REVIEWED:1][PROSE:appearance]
DFL_APPEARANCE:subject:azure sideburns,天青色鬢角,[REVIEWED:1][PROSE:appearance]
DFL_APPEARANCE:predicate:sideburns:azure,呈天青色,[REVIEWED:1][PROSE:appearance]
DFL_APPEARANCE:subject:azure eyes,天青色眼睛,[REVIEWED:1][PROSE:appearance]
DFL_APPEARANCE:predicate:eyes:azure,呈天青色,[REVIEWED:1][PROSE:appearance]
DFL_APPEARANCE:subject:azure skin,天青色皮膚,[REVIEWED:1][PROSE:appearance]
DFL_APPEARANCE:predicate:skin:azure,呈天青色,[REVIEWED:1][PROSE:appearance]
DFL_APPEARANCE:subject:slightly close-set azure eyes,間距略窄的天青色眼睛,[REVIEWED:1][PROSE:appearance]
DFL_APPEARANCE:subject:sunken narrow azure eyes,深陷狹長的天青色眼睛,[REVIEWED:1][PROSE:appearance]
DFL_APPEARANCE:subject:slightly wide-set narrow azure eyes,間距略寬且狹長的天青色眼睛,[REVIEWED:1][PROSE:appearance]
DFL_APPEARANCE:subject:beige hair,米色頭髮,[REVIEWED:1][PROSE:appearance]
DFL_APPEARANCE:predicate:hair:beige,呈米色,[REVIEWED:1][PROSE:appearance]
DFL_APPEARANCE:subject:beige beard,米色鬍鬚,[REVIEWED:1][PROSE:appearance]
DFL_APPEARANCE:predicate:beard:beige,呈米色,[REVIEWED:1][PROSE:appearance]
DFL_APPEARANCE:subject:beige moustache,米色髭鬚,[REVIEWED:1][PROSE:appearance]
DFL_APPEARANCE:predicate:moustache:beige,呈米色,[REVIEWED:1][PROSE:appearance]
DFL_APPEARANCE:subject:beige sideburns,米色鬢角,[REVIEWED:1][PROSE:appearance]
DFL_APPEARANCE:predicate:sideburns:beige,呈米色,[REVIEWED:1][PROSE:appearance]
DFL_APPEARANCE:subject:beige eyes,米色眼睛,[REVIEWED:1][PROSE:appearance]
DFL_APPEARANCE:predicate:eyes:beige,呈米色,[REVIEWED:1][PROSE:appearance]
DFL_APPEARANCE:subject:beige skin,米色皮膚,[REVIEWED:1][PROSE:appearance]
DFL_APPEARANCE:predicate:skin:beige,呈米色,[REVIEWED:1][PROSE:appearance]
DFL_APPEARANCE:subject:slightly close-set beige eyes,間距略窄的米色眼睛,[REVIEWED:1][PROSE:appearance]
DFL_APPEARANCE:subject:sunken narrow beige eyes,深陷狹長的米色眼睛,[REVIEWED:1][PROSE:appearance]
DFL_APPEARANCE:subject:slightly wide-set narrow beige eyes,間距略寬且狹長的米色眼睛,[REVIEWED:1][PROSE:appearance]
DFL_APPEARANCE:subject:black hair,黑色頭髮,[REVIEWED:1][PROSE:appearance]
DFL_APPEARANCE:predicate:hair:black,呈黑色,[REVIEWED:1][PROSE:appearance]
DFL_APPEARANCE:subject:black beard,黑色鬍鬚,[REVIEWED:1][PROSE:appearance]
DFL_APPEARANCE:predicate:beard:black,呈黑色,[REVIEWED:1][PROSE:appearance]
DFL_APPEARANCE:subject:black moustache,黑色髭鬚,[REVIEWED:1][PROSE:appearance]
DFL_APPEARANCE:predicate:moustache:black,呈黑色,[REVIEWED:1][PROSE:appearance]
DFL_APPEARANCE:subject:black sideburns,黑色鬢角,[REVIEWED:1][PROSE:appearance]
DFL_APPEARANCE:predicate:sideburns:black,呈黑色,[REVIEWED:1][PROSE:appearance]
DFL_APPEARANCE:subject:black eyes,黑色眼睛,[REVIEWED:1][PROSE:appearance]
DFL_APPEARANCE:predicate:eyes:black,呈黑色,[REVIEWED:1][PROSE:appearance]
DFL_APPEARANCE:subject:black skin,黑色皮膚,[REVIEWED:1][PROSE:appearance]
DFL_APPEARANCE:predicate:skin:black,呈黑色,[REVIEWED:1][PROSE:appearance]
DFL_APPEARANCE:subject:slightly close-set black eyes,間距略窄的黑色眼睛,[REVIEWED:1][PROSE:appearance]
DFL_APPEARANCE:subject:sunken narrow black eyes,深陷狹長的黑色眼睛,[REVIEWED:1][PROSE:appearance]
DFL_APPEARANCE:subject:slightly wide-set narrow black eyes,間距略寬且狹長的黑色眼睛,[REVIEWED:1][PROSE:appearance]
DFL_APPEARANCE:subject:blue hair,藍色頭髮,[REVIEWED:1][PROSE:appearance]
DFL_APPEARANCE:predicate:hair:blue,呈藍色,[REVIEWED:1][PROSE:appearance]
DFL_APPEARANCE:subject:blue beard,藍色鬍鬚,[REVIEWED:1][PROSE:appearance]
DFL_APPEARANCE:predicate:beard:blue,呈藍色,[REVIEWED:1][PROSE:appearance]
DFL_APPEARANCE:subject:blue moustache,藍色髭鬚,[REVIEWED:1][PROSE:appearance]
DFL_APPEARANCE:predicate:moustache:blue,呈藍色,[REVIEWED:1][PROSE:appearance]
DFL_APPEARANCE:subject:blue sideburns,藍色鬢角,[REVIEWED:1][PROSE:appearance]
DFL_APPEARANCE:predicate:sideburns:blue,呈藍色,[REVIEWED:1][PROSE:appearance]
DFL_APPEARANCE:subject:blue eyes,藍色眼睛,[REVIEWED:1][PROSE:appearance]
DFL_APPEARANCE:predicate:eyes:blue,呈藍色,[REVIEWED:1][PROSE:appearance]
DFL_APPEARANCE:subject:blue skin,藍色皮膚,[REVIEWED:1][PROSE:appearance]
DFL_APPEARANCE:predicate:skin:blue,呈藍色,[REVIEWED:1][PROSE:appearance]
DFL_APPEARANCE:subject:slightly close-set blue eyes,間距略窄的藍色眼睛,[REVIEWED:1][PROSE:appearance]
DFL_APPEARANCE:subject:sunken narrow blue eyes,深陷狹長的藍色眼睛,[REVIEWED:1][PROSE:appearance]
DFL_APPEARANCE:subject:slightly wide-set narrow blue eyes,間距略寬且狹長的藍色眼睛,[REVIEWED:1][PROSE:appearance]
DFL_APPEARANCE:subject:blue-gray hair,藍灰色頭髮,[REVIEWED:1][PROSE:appearance]
DFL_APPEARANCE:predicate:hair:blue-gray,呈藍灰色,[REVIEWED:1][PROSE:appearance]
DFL_APPEARANCE:subject:blue-gray beard,藍灰色鬍鬚,[REVIEWED:1][PROSE:appearance]
DFL_APPEARANCE:predicate:beard:blue-gray,呈藍灰色,[REVIEWED:1][PROSE:appearance]
DFL_APPEARANCE:subject:blue-gray moustache,藍灰色髭鬚,[REVIEWED:1][PROSE:appearance]
DFL_APPEARANCE:predicate:moustache:blue-gray,呈藍灰色,[REVIEWED:1][PROSE:appearance]
DFL_APPEARANCE:subject:blue-gray sideburns,藍灰色鬢角,[REVIEWED:1][PROSE:appearance]
DFL_APPEARANCE:predicate:sideburns:blue-gray,呈藍灰色,[REVIEWED:1][PROSE:appearance]
DFL_APPEARANCE:subject:blue-gray eyes,藍灰色眼睛,[REVIEWED:1][PROSE:appearance]
DFL_APPEARANCE:predicate:eyes:blue-gray,呈藍灰色,[REVIEWED:1][PROSE:appearance]
DFL_APPEARANCE:subject:blue-gray skin,藍灰色皮膚,[REVIEWED:1][PROSE:appearance]
DFL_APPEARANCE:predicate:skin:blue-gray,呈藍灰色,[REVIEWED:1][PROSE:appearance]
DFL_APPEARANCE:subject:slightly close-set blue-gray eyes,間距略窄的藍灰色眼睛,[REVIEWED:1][PROSE:appearance]
DFL_APPEARANCE:subject:sunken narrow blue-gray eyes,深陷狹長的藍灰色眼睛,[REVIEWED:1][PROSE:appearance]
DFL_APPEARANCE:subject:slightly wide-set narrow blue-gray eyes,間距略寬且狹長的藍灰色眼睛,[REVIEWED:1][PROSE:appearance]
DFL_APPEARANCE:subject:brass hair,黃銅色頭髮,[REVIEWED:1][PROSE:appearance]
DFL_APPEARANCE:predicate:hair:brass,呈黃銅色,[REVIEWED:1][PROSE:appearance]
DFL_APPEARANCE:subject:brass beard,黃銅色鬍鬚,[REVIEWED:1][PROSE:appearance]
DFL_APPEARANCE:predicate:beard:brass,呈黃銅色,[REVIEWED:1][PROSE:appearance]
DFL_APPEARANCE:subject:brass moustache,黃銅色髭鬚,[REVIEWED:1][PROSE:appearance]
DFL_APPEARANCE:predicate:moustache:brass,呈黃銅色,[REVIEWED:1][PROSE:appearance]
DFL_APPEARANCE:subject:brass sideburns,黃銅色鬢角,[REVIEWED:1][PROSE:appearance]
DFL_APPEARANCE:predicate:sideburns:brass,呈黃銅色,[REVIEWED:1][PROSE:appearance]
DFL_APPEARANCE:subject:brass eyes,黃銅色眼睛,[REVIEWED:1][PROSE:appearance]
DFL_APPEARANCE:predicate:eyes:brass,呈黃銅色,[REVIEWED:1][PROSE:appearance]
DFL_APPEARANCE:subject:brass skin,黃銅色皮膚,[REVIEWED:1][PROSE:appearance]
DFL_APPEARANCE:predicate:skin:brass,呈黃銅色,[REVIEWED:1][PROSE:appearance]
DFL_APPEARANCE:subject:slightly close-set brass eyes,間距略窄的黃銅色眼睛,[REVIEWED:1][PROSE:appearance]
DFL_APPEARANCE:subject:sunken narrow brass eyes,深陷狹長的黃銅色眼睛,[REVIEWED:1][PROSE:appearance]
DFL_APPEARANCE:subject:slightly wide-set narrow brass eyes,間距略寬且狹長的黃銅色眼睛,[REVIEWED:1][PROSE:appearance]
DFL_APPEARANCE:subject:bright green hair,亮綠色頭髮,[REVIEWED:1][PROSE:appearance]
DFL_APPEARANCE:predicate:hair:bright green,呈亮綠色,[REVIEWED:1][PROSE:appearance]
DFL_APPEARANCE:subject:bright green beard,亮綠色鬍鬚,[REVIEWED:1][PROSE:appearance]
DFL_APPEARANCE:predicate:beard:bright green,呈亮綠色,[REVIEWED:1][PROSE:appearance]
DFL_APPEARANCE:subject:bright green moustache,亮綠色髭鬚,[REVIEWED:1][PROSE:appearance]
DFL_APPEARANCE:predicate:moustache:bright green,呈亮綠色,[REVIEWED:1][PROSE:appearance]
DFL_APPEARANCE:subject:bright green sideburns,亮綠色鬢角,[REVIEWED:1][PROSE:appearance]
DFL_APPEARANCE:predicate:sideburns:bright green,呈亮綠色,[REVIEWED:1][PROSE:appearance]
DFL_APPEARANCE:subject:bright green eyes,亮綠色眼睛,[REVIEWED:1][PROSE:appearance]
DFL_APPEARANCE:predicate:eyes:bright green,呈亮綠色,[REVIEWED:1][PROSE:appearance]
DFL_APPEARANCE:subject:bright green skin,亮綠色皮膚,[REVIEWED:1][PROSE:appearance]
DFL_APPEARANCE:predicate:skin:bright green,呈亮綠色,[REVIEWED:1][PROSE:appearance]
DFL_APPEARANCE:subject:slightly close-set bright green eyes,間距略窄的亮綠色眼睛,[REVIEWED:1][PROSE:appearance]
DFL_APPEARANCE:subject:sunken narrow bright green eyes,深陷狹長的亮綠色眼睛,[REVIEWED:1][PROSE:appearance]
DFL_APPEARANCE:subject:slightly wide-set narrow bright green eyes,間距略寬且狹長的亮綠色眼睛,[REVIEWED:1][PROSE:appearance]
DFL_APPEARANCE:subject:bronze hair,青銅色頭髮,[REVIEWED:1][PROSE:appearance]
DFL_APPEARANCE:predicate:hair:bronze,呈青銅色,[REVIEWED:1][PROSE:appearance]
DFL_APPEARANCE:subject:bronze beard,青銅色鬍鬚,[REVIEWED:1][PROSE:appearance]
DFL_APPEARANCE:predicate:beard:bronze,呈青銅色,[REVIEWED:1][PROSE:appearance]
DFL_APPEARANCE:subject:bronze moustache,青銅色髭鬚,[REVIEWED:1][PROSE:appearance]
DFL_APPEARANCE:predicate:moustache:bronze,呈青銅色,[REVIEWED:1][PROSE:appearance]
DFL_APPEARANCE:subject:bronze sideburns,青銅色鬢角,[REVIEWED:1][PROSE:appearance]
DFL_APPEARANCE:predicate:sideburns:bronze,呈青銅色,[REVIEWED:1][PROSE:appearance]
DFL_APPEARANCE:subject:bronze eyes,青銅色眼睛,[REVIEWED:1][PROSE:appearance]
DFL_APPEARANCE:predicate:eyes:bronze,呈青銅色,[REVIEWED:1][PROSE:appearance]
DFL_APPEARANCE:subject:bronze skin,青銅色皮膚,[REVIEWED:1][PROSE:appearance]
DFL_APPEARANCE:predicate:skin:bronze,呈青銅色,[REVIEWED:1][PROSE:appearance]
DFL_APPEARANCE:subject:slightly close-set bronze eyes,間距略窄的青銅色眼睛,[REVIEWED:1][PROSE:appearance]
DFL_APPEARANCE:subject:sunken narrow bronze eyes,深陷狹長的青銅色眼睛,[REVIEWED:1][PROSE:appearance]
DFL_APPEARANCE:subject:slightly wide-set narrow bronze eyes,間距略寬且狹長的青銅色眼睛,[REVIEWED:1][PROSE:appearance]
DFL_APPEARANCE:subject:brown hair,棕色頭髮,[REVIEWED:1][PROSE:appearance]
DFL_APPEARANCE:predicate:hair:brown,呈棕色,[REVIEWED:1][PROSE:appearance]
DFL_APPEARANCE:subject:brown beard,棕色鬍鬚,[REVIEWED:1][PROSE:appearance]
DFL_APPEARANCE:predicate:beard:brown,呈棕色,[REVIEWED:1][PROSE:appearance]
DFL_APPEARANCE:subject:brown moustache,棕色髭鬚,[REVIEWED:1][PROSE:appearance]
DFL_APPEARANCE:predicate:moustache:brown,呈棕色,[REVIEWED:1][PROSE:appearance]
DFL_APPEARANCE:subject:brown sideburns,棕色鬢角,[REVIEWED:1][PROSE:appearance]
DFL_APPEARANCE:predicate:sideburns:brown,呈棕色,[REVIEWED:1][PROSE:appearance]
DFL_APPEARANCE:subject:brown eyes,棕色眼睛,[REVIEWED:1][PROSE:appearance]
DFL_APPEARANCE:predicate:eyes:brown,呈棕色,[REVIEWED:1][PROSE:appearance]
DFL_APPEARANCE:subject:brown skin,棕色皮膚,[REVIEWED:1][PROSE:appearance]
DFL_APPEARANCE:predicate:skin:brown,呈棕色,[REVIEWED:1][PROSE:appearance]
DFL_APPEARANCE:subject:slightly close-set brown eyes,間距略窄的棕色眼睛,[REVIEWED:1][PROSE:appearance]
DFL_APPEARANCE:subject:sunken narrow brown eyes,深陷狹長的棕色眼睛,[REVIEWED:1][PROSE:appearance]
DFL_APPEARANCE:subject:slightly wide-set narrow brown eyes,間距略寬且狹長的棕色眼睛,[REVIEWED:1][PROSE:appearance]
DFL_APPEARANCE:subject:buff hair,淺黃褐色頭髮,[REVIEWED:1][PROSE:appearance]
DFL_APPEARANCE:predicate:hair:buff,呈淺黃褐色,[REVIEWED:1][PROSE:appearance]
DFL_APPEARANCE:subject:buff beard,淺黃褐色鬍鬚,[REVIEWED:1][PROSE:appearance]
DFL_APPEARANCE:predicate:beard:buff,呈淺黃褐色,[REVIEWED:1][PROSE:appearance]
DFL_APPEARANCE:subject:buff moustache,淺黃褐色髭鬚,[REVIEWED:1][PROSE:appearance]
DFL_APPEARANCE:predicate:moustache:buff,呈淺黃褐色,[REVIEWED:1][PROSE:appearance]
DFL_APPEARANCE:subject:buff sideburns,淺黃褐色鬢角,[REVIEWED:1][PROSE:appearance]
DFL_APPEARANCE:predicate:sideburns:buff,呈淺黃褐色,[REVIEWED:1][PROSE:appearance]
DFL_APPEARANCE:subject:buff eyes,淺黃褐色眼睛,[REVIEWED:1][PROSE:appearance]
DFL_APPEARANCE:predicate:eyes:buff,呈淺黃褐色,[REVIEWED:1][PROSE:appearance]
DFL_APPEARANCE:subject:buff skin,淺黃褐色皮膚,[REVIEWED:1][PROSE:appearance]
DFL_APPEARANCE:predicate:skin:buff,呈淺黃褐色,[REVIEWED:1][PROSE:appearance]
DFL_APPEARANCE:subject:slightly close-set buff eyes,間距略窄的淺黃褐色眼睛,[REVIEWED:1][PROSE:appearance]
DFL_APPEARANCE:subject:sunken narrow buff eyes,深陷狹長的淺黃褐色眼睛,[REVIEWED:1][PROSE:appearance]
DFL_APPEARANCE:subject:slightly wide-set narrow buff eyes,間距略寬且狹長的淺黃褐色眼睛,[REVIEWED:1][PROSE:appearance]
DFL_APPEARANCE:subject:burnt sienna hair,焦赭色頭髮,[REVIEWED:1][PROSE:appearance]
DFL_APPEARANCE:predicate:hair:burnt sienna,呈焦赭色,[REVIEWED:1][PROSE:appearance]
DFL_APPEARANCE:subject:burnt sienna beard,焦赭色鬍鬚,[REVIEWED:1][PROSE:appearance]
DFL_APPEARANCE:predicate:beard:burnt sienna,呈焦赭色,[REVIEWED:1][PROSE:appearance]
DFL_APPEARANCE:subject:burnt sienna moustache,焦赭色髭鬚,[REVIEWED:1][PROSE:appearance]
DFL_APPEARANCE:predicate:moustache:burnt sienna,呈焦赭色,[REVIEWED:1][PROSE:appearance]
DFL_APPEARANCE:subject:burnt sienna sideburns,焦赭色鬢角,[REVIEWED:1][PROSE:appearance]
DFL_APPEARANCE:predicate:sideburns:burnt sienna,呈焦赭色,[REVIEWED:1][PROSE:appearance]
DFL_APPEARANCE:subject:burnt sienna eyes,焦赭色眼睛,[REVIEWED:1][PROSE:appearance]
DFL_APPEARANCE:predicate:eyes:burnt sienna,呈焦赭色,[REVIEWED:1][PROSE:appearance]
DFL_APPEARANCE:subject:burnt sienna skin,焦赭色皮膚,[REVIEWED:1][PROSE:appearance]
DFL_APPEARANCE:predicate:skin:burnt sienna,呈焦赭色,[REVIEWED:1][PROSE:appearance]
DFL_APPEARANCE:subject:slightly close-set burnt sienna eyes,間距略窄的焦赭色眼睛,[REVIEWED:1][PROSE:appearance]
DFL_APPEARANCE:subject:sunken narrow burnt sienna eyes,深陷狹長的焦赭色眼睛,[REVIEWED:1][PROSE:appearance]
DFL_APPEARANCE:subject:slightly wide-set narrow burnt sienna eyes,間距略寬且狹長的焦赭色眼睛,[REVIEWED:1][PROSE:appearance]
DFL_APPEARANCE:subject:burnt umber hair,焦棕色頭髮,[REVIEWED:1][PROSE:appearance]
DFL_APPEARANCE:predicate:hair:burnt umber,呈焦棕色,[REVIEWED:1][PROSE:appearance]
DFL_APPEARANCE:subject:burnt umber beard,焦棕色鬍鬚,[REVIEWED:1][PROSE:appearance]
DFL_APPEARANCE:predicate:beard:burnt umber,呈焦棕色,[REVIEWED:1][PROSE:appearance]
DFL_APPEARANCE:subject:burnt umber moustache,焦棕色髭鬚,[REVIEWED:1][PROSE:appearance]
DFL_APPEARANCE:predicate:moustache:burnt umber,呈焦棕色,[REVIEWED:1][PROSE:appearance]
DFL_APPEARANCE:subject:burnt umber sideburns,焦棕色鬢角,[REVIEWED:1][PROSE:appearance]
DFL_APPEARANCE:predicate:sideburns:burnt umber,呈焦棕色,[REVIEWED:1][PROSE:appearance]
DFL_APPEARANCE:subject:burnt umber eyes,焦棕色眼睛,[REVIEWED:1][PROSE:appearance]
DFL_APPEARANCE:predicate:eyes:burnt umber,呈焦棕色,[REVIEWED:1][PROSE:appearance]
DFL_APPEARANCE:subject:burnt umber skin,焦棕色皮膚,[REVIEWED:1][PROSE:appearance]
DFL_APPEARANCE:predicate:skin:burnt umber,呈焦棕色,[REVIEWED:1][PROSE:appearance]
DFL_APPEARANCE:subject:slightly close-set burnt umber eyes,間距略窄的焦棕色眼睛,[REVIEWED:1][PROSE:appearance]
DFL_APPEARANCE:subject:sunken narrow burnt umber eyes,深陷狹長的焦棕色眼睛,[REVIEWED:1][PROSE:appearance]
DFL_APPEARANCE:subject:slightly wide-set narrow burnt umber eyes,間距略寬且狹長的焦棕色眼睛,[REVIEWED:1][PROSE:appearance]
DFL_APPEARANCE:subject:cardinal hair,深猩紅色頭髮,[REVIEWED:1][PROSE:appearance]
DFL_APPEARANCE:predicate:hair:cardinal,呈深猩紅色,[REVIEWED:1][PROSE:appearance]
DFL_APPEARANCE:subject:cardinal beard,深猩紅色鬍鬚,[REVIEWED:1][PROSE:appearance]
DFL_APPEARANCE:predicate:beard:cardinal,呈深猩紅色,[REVIEWED:1][PROSE:appearance]
DFL_APPEARANCE:subject:cardinal moustache,深猩紅色髭鬚,[REVIEWED:1][PROSE:appearance]
DFL_APPEARANCE:predicate:moustache:cardinal,呈深猩紅色,[REVIEWED:1][PROSE:appearance]
DFL_APPEARANCE:subject:cardinal sideburns,深猩紅色鬢角,[REVIEWED:1][PROSE:appearance]
DFL_APPEARANCE:predicate:sideburns:cardinal,呈深猩紅色,[REVIEWED:1][PROSE:appearance]
DFL_APPEARANCE:subject:cardinal eyes,深猩紅色眼睛,[REVIEWED:1][PROSE:appearance]
DFL_APPEARANCE:predicate:eyes:cardinal,呈深猩紅色,[REVIEWED:1][PROSE:appearance]
DFL_APPEARANCE:subject:cardinal skin,深猩紅色皮膚,[REVIEWED:1][PROSE:appearance]
DFL_APPEARANCE:predicate:skin:cardinal,呈深猩紅色,[REVIEWED:1][PROSE:appearance]
DFL_APPEARANCE:subject:slightly close-set cardinal eyes,間距略窄的深猩紅色眼睛,[REVIEWED:1][PROSE:appearance]
DFL_APPEARANCE:subject:sunken narrow cardinal eyes,深陷狹長的深猩紅色眼睛,[REVIEWED:1][PROSE:appearance]
DFL_APPEARANCE:subject:slightly wide-set narrow cardinal eyes,間距略寬且狹長的深猩紅色眼睛,[REVIEWED:1][PROSE:appearance]
DFL_APPEARANCE:subject:carmine hair,胭脂紅頭髮,[REVIEWED:1][PROSE:appearance]
DFL_APPEARANCE:predicate:hair:carmine,呈胭脂紅,[REVIEWED:1][PROSE:appearance]
DFL_APPEARANCE:subject:carmine beard,胭脂紅鬍鬚,[REVIEWED:1][PROSE:appearance]
DFL_APPEARANCE:predicate:beard:carmine,呈胭脂紅,[REVIEWED:1][PROSE:appearance]
DFL_APPEARANCE:subject:carmine moustache,胭脂紅髭鬚,[REVIEWED:1][PROSE:appearance]
DFL_APPEARANCE:predicate:moustache:carmine,呈胭脂紅,[REVIEWED:1][PROSE:appearance]
DFL_APPEARANCE:subject:carmine sideburns,胭脂紅鬢角,[REVIEWED:1][PROSE:appearance]
DFL_APPEARANCE:predicate:sideburns:carmine,呈胭脂紅,[REVIEWED:1][PROSE:appearance]
DFL_APPEARANCE:subject:carmine eyes,胭脂紅眼睛,[REVIEWED:1][PROSE:appearance]
DFL_APPEARANCE:predicate:eyes:carmine,呈胭脂紅,[REVIEWED:1][PROSE:appearance]
DFL_APPEARANCE:subject:carmine skin,胭脂紅皮膚,[REVIEWED:1][PROSE:appearance]
DFL_APPEARANCE:predicate:skin:carmine,呈胭脂紅,[REVIEWED:1][PROSE:appearance]
DFL_APPEARANCE:subject:slightly close-set carmine eyes,間距略窄的胭脂紅眼睛,[REVIEWED:1][PROSE:appearance]
DFL_APPEARANCE:subject:sunken narrow carmine eyes,深陷狹長的胭脂紅眼睛,[REVIEWED:1][PROSE:appearance]
DFL_APPEARANCE:subject:slightly wide-set narrow carmine eyes,間距略寬且狹長的胭脂紅眼睛,[REVIEWED:1][PROSE:appearance]
DFL_APPEARANCE:subject:cerulean hair,蔚藍色頭髮,[REVIEWED:1][PROSE:appearance]
DFL_APPEARANCE:predicate:hair:cerulean,呈蔚藍色,[REVIEWED:1][PROSE:appearance]
DFL_APPEARANCE:subject:cerulean beard,蔚藍色鬍鬚,[REVIEWED:1][PROSE:appearance]
DFL_APPEARANCE:predicate:beard:cerulean,呈蔚藍色,[REVIEWED:1][PROSE:appearance]
DFL_APPEARANCE:subject:cerulean moustache,蔚藍色髭鬚,[REVIEWED:1][PROSE:appearance]
DFL_APPEARANCE:predicate:moustache:cerulean,呈蔚藍色,[REVIEWED:1][PROSE:appearance]
DFL_APPEARANCE:subject:cerulean sideburns,蔚藍色鬢角,[REVIEWED:1][PROSE:appearance]
DFL_APPEARANCE:predicate:sideburns:cerulean,呈蔚藍色,[REVIEWED:1][PROSE:appearance]
DFL_APPEARANCE:subject:cerulean eyes,蔚藍色眼睛,[REVIEWED:1][PROSE:appearance]
DFL_APPEARANCE:predicate:eyes:cerulean,呈蔚藍色,[REVIEWED:1][PROSE:appearance]
DFL_APPEARANCE:subject:cerulean skin,蔚藍色皮膚,[REVIEWED:1][PROSE:appearance]
DFL_APPEARANCE:predicate:skin:cerulean,呈蔚藍色,[REVIEWED:1][PROSE:appearance]
DFL_APPEARANCE:subject:slightly close-set cerulean eyes,間距略窄的蔚藍色眼睛,[REVIEWED:1][PROSE:appearance]
DFL_APPEARANCE:subject:sunken narrow cerulean eyes,深陷狹長的蔚藍色眼睛,[REVIEWED:1][PROSE:appearance]
DFL_APPEARANCE:subject:slightly wide-set narrow cerulean eyes,間距略寬且狹長的蔚藍色眼睛,[REVIEWED:1][PROSE:appearance]
DFL_APPEARANCE:subject:charcoal hair,木炭灰頭髮,[REVIEWED:1][PROSE:appearance]
DFL_APPEARANCE:predicate:hair:charcoal,呈木炭灰,[REVIEWED:1][PROSE:appearance]
DFL_APPEARANCE:subject:charcoal beard,木炭灰鬍鬚,[REVIEWED:1][PROSE:appearance]
DFL_APPEARANCE:predicate:beard:charcoal,呈木炭灰,[REVIEWED:1][PROSE:appearance]
DFL_APPEARANCE:subject:charcoal moustache,木炭灰髭鬚,[REVIEWED:1][PROSE:appearance]
DFL_APPEARANCE:predicate:moustache:charcoal,呈木炭灰,[REVIEWED:1][PROSE:appearance]
DFL_APPEARANCE:subject:charcoal sideburns,木炭灰鬢角,[REVIEWED:1][PROSE:appearance]
DFL_APPEARANCE:predicate:sideburns:charcoal,呈木炭灰,[REVIEWED:1][PROSE:appearance]
DFL_APPEARANCE:subject:charcoal eyes,木炭灰眼睛,[REVIEWED:1][PROSE:appearance]
DFL_APPEARANCE:predicate:eyes:charcoal,呈木炭灰,[REVIEWED:1][PROSE:appearance]
DFL_APPEARANCE:subject:charcoal skin,木炭灰皮膚,[REVIEWED:1][PROSE:appearance]
DFL_APPEARANCE:predicate:skin:charcoal,呈木炭灰,[REVIEWED:1][PROSE:appearance]
DFL_APPEARANCE:subject:slightly close-set charcoal eyes,間距略窄的木炭灰眼睛,[REVIEWED:1][PROSE:appearance]
DFL_APPEARANCE:subject:sunken narrow charcoal eyes,深陷狹長的木炭灰眼睛,[REVIEWED:1][PROSE:appearance]
DFL_APPEARANCE:subject:slightly wide-set narrow charcoal eyes,間距略寬且狹長的木炭灰眼睛,[REVIEWED:1][PROSE:appearance]
DFL_APPEARANCE:subject:chartreuse hair,查特酒綠頭髮,[REVIEWED:1][PROSE:appearance]
DFL_APPEARANCE:predicate:hair:chartreuse,呈查特酒綠,[REVIEWED:1][PROSE:appearance]
DFL_APPEARANCE:subject:chartreuse beard,查特酒綠鬍鬚,[REVIEWED:1][PROSE:appearance]
DFL_APPEARANCE:predicate:beard:chartreuse,呈查特酒綠,[REVIEWED:1][PROSE:appearance]
DFL_APPEARANCE:subject:chartreuse moustache,查特酒綠髭鬚,[REVIEWED:1][PROSE:appearance]
DFL_APPEARANCE:predicate:moustache:chartreuse,呈查特酒綠,[REVIEWED:1][PROSE:appearance]
DFL_APPEARANCE:subject:chartreuse sideburns,查特酒綠鬢角,[REVIEWED:1][PROSE:appearance]
DFL_APPEARANCE:predicate:sideburns:chartreuse,呈查特酒綠,[REVIEWED:1][PROSE:appearance]
DFL_APPEARANCE:subject:chartreuse eyes,查特酒綠眼睛,[REVIEWED:1][PROSE:appearance]
DFL_APPEARANCE:predicate:eyes:chartreuse,呈查特酒綠,[REVIEWED:1][PROSE:appearance]
DFL_APPEARANCE:subject:chartreuse skin,查特酒綠皮膚,[REVIEWED:1][PROSE:appearance]
DFL_APPEARANCE:predicate:skin:chartreuse,呈查特酒綠,[REVIEWED:1][PROSE:appearance]
DFL_APPEARANCE:subject:slightly close-set chartreuse eyes,間距略窄的查特酒綠眼睛,[REVIEWED:1][PROSE:appearance]
DFL_APPEARANCE:subject:sunken narrow chartreuse eyes,深陷狹長的查特酒綠眼睛,[REVIEWED:1][PROSE:appearance]
DFL_APPEARANCE:subject:slightly wide-set narrow chartreuse eyes,間距略寬且狹長的查特酒綠眼睛,[REVIEWED:1][PROSE:appearance]
DFL_APPEARANCE:subject:chestnut hair,栗色頭髮,[REVIEWED:1][PROSE:appearance]
DFL_APPEARANCE:predicate:hair:chestnut,呈栗色,[REVIEWED:1][PROSE:appearance]
DFL_APPEARANCE:subject:chestnut beard,栗色鬍鬚,[REVIEWED:1][PROSE:appearance]
DFL_APPEARANCE:predicate:beard:chestnut,呈栗色,[REVIEWED:1][PROSE:appearance]
DFL_APPEARANCE:subject:chestnut moustache,栗色髭鬚,[REVIEWED:1][PROSE:appearance]
DFL_APPEARANCE:predicate:moustache:chestnut,呈栗色,[REVIEWED:1][PROSE:appearance]
DFL_APPEARANCE:subject:chestnut sideburns,栗色鬢角,[REVIEWED:1][PROSE:appearance]
DFL_APPEARANCE:predicate:sideburns:chestnut,呈栗色,[REVIEWED:1][PROSE:appearance]
DFL_APPEARANCE:subject:chestnut eyes,栗色眼睛,[REVIEWED:1][PROSE:appearance]
DFL_APPEARANCE:predicate:eyes:chestnut,呈栗色,[REVIEWED:1][PROSE:appearance]
DFL_APPEARANCE:subject:chestnut skin,栗色皮膚,[REVIEWED:1][PROSE:appearance]
DFL_APPEARANCE:predicate:skin:chestnut,呈栗色,[REVIEWED:1][PROSE:appearance]
DFL_APPEARANCE:subject:slightly close-set chestnut eyes,間距略窄的栗色眼睛,[REVIEWED:1][PROSE:appearance]
DFL_APPEARANCE:subject:sunken narrow chestnut eyes,深陷狹長的栗色眼睛,[REVIEWED:1][PROSE:appearance]
DFL_APPEARANCE:subject:slightly wide-set narrow chestnut eyes,間距略寬且狹長的栗色眼睛,[REVIEWED:1][PROSE:appearance]
DFL_APPEARANCE:subject:chocolate hair,巧克力色頭髮,[REVIEWED:1][PROSE:appearance]
DFL_APPEARANCE:predicate:hair:chocolate,呈巧克力色,[REVIEWED:1][PROSE:appearance]
DFL_APPEARANCE:subject:chocolate beard,巧克力色鬍鬚,[REVIEWED:1][PROSE:appearance]
DFL_APPEARANCE:predicate:beard:chocolate,呈巧克力色,[REVIEWED:1][PROSE:appearance]
DFL_APPEARANCE:subject:chocolate moustache,巧克力色髭鬚,[REVIEWED:1][PROSE:appearance]
DFL_APPEARANCE:predicate:moustache:chocolate,呈巧克力色,[REVIEWED:1][PROSE:appearance]
DFL_APPEARANCE:subject:chocolate sideburns,巧克力色鬢角,[REVIEWED:1][PROSE:appearance]
DFL_APPEARANCE:predicate:sideburns:chocolate,呈巧克力色,[REVIEWED:1][PROSE:appearance]
DFL_APPEARANCE:subject:chocolate eyes,巧克力色眼睛,[REVIEWED:1][PROSE:appearance]
DFL_APPEARANCE:predicate:eyes:chocolate,呈巧克力色,[REVIEWED:1][PROSE:appearance]
DFL_APPEARANCE:subject:chocolate skin,巧克力色皮膚,[REVIEWED:1][PROSE:appearance]
DFL_APPEARANCE:predicate:skin:chocolate,呈巧克力色,[REVIEWED:1][PROSE:appearance]
DFL_APPEARANCE:subject:slightly close-set chocolate eyes,間距略窄的巧克力色眼睛,[REVIEWED:1][PROSE:appearance]
DFL_APPEARANCE:subject:sunken narrow chocolate eyes,深陷狹長的巧克力色眼睛,[REVIEWED:1][PROSE:appearance]
DFL_APPEARANCE:subject:slightly wide-set narrow chocolate eyes,間距略寬且狹長的巧克力色眼睛,[REVIEWED:1][PROSE:appearance]
DFL_APPEARANCE:subject:cinnamon hair,肉桂色頭髮,[REVIEWED:1][PROSE:appearance]
DFL_APPEARANCE:predicate:hair:cinnamon,呈肉桂色,[REVIEWED:1][PROSE:appearance]
DFL_APPEARANCE:subject:cinnamon beard,肉桂色鬍鬚,[REVIEWED:1][PROSE:appearance]
DFL_APPEARANCE:predicate:beard:cinnamon,呈肉桂色,[REVIEWED:1][PROSE:appearance]
DFL_APPEARANCE:subject:cinnamon moustache,肉桂色髭鬚,[REVIEWED:1][PROSE:appearance]
DFL_APPEARANCE:predicate:moustache:cinnamon,呈肉桂色,[REVIEWED:1][PROSE:appearance]
DFL_APPEARANCE:subject:cinnamon sideburns,肉桂色鬢角,[REVIEWED:1][PROSE:appearance]
DFL_APPEARANCE:predicate:sideburns:cinnamon,呈肉桂色,[REVIEWED:1][PROSE:appearance]
DFL_APPEARANCE:subject:cinnamon eyes,肉桂色眼睛,[REVIEWED:1][PROSE:appearance]
DFL_APPEARANCE:predicate:eyes:cinnamon,呈肉桂色,[REVIEWED:1][PROSE:appearance]
DFL_APPEARANCE:subject:cinnamon skin,肉桂色皮膚,[REVIEWED:1][PROSE:appearance]
DFL_APPEARANCE:predicate:skin:cinnamon,呈肉桂色,[REVIEWED:1][PROSE:appearance]
DFL_APPEARANCE:subject:slightly close-set cinnamon eyes,間距略窄的肉桂色眼睛,[REVIEWED:1][PROSE:appearance]
DFL_APPEARANCE:subject:sunken narrow cinnamon eyes,深陷狹長的肉桂色眼睛,[REVIEWED:1][PROSE:appearance]
DFL_APPEARANCE:subject:slightly wide-set narrow cinnamon eyes,間距略寬且狹長的肉桂色眼睛,[REVIEWED:1][PROSE:appearance]
DFL_APPEARANCE:subject:clear hair,透明色頭髮,[REVIEWED:1][PROSE:appearance]
DFL_APPEARANCE:predicate:hair:clear,呈透明色,[REVIEWED:1][PROSE:appearance]
DFL_APPEARANCE:subject:clear beard,透明色鬍鬚,[REVIEWED:1][PROSE:appearance]
DFL_APPEARANCE:predicate:beard:clear,呈透明色,[REVIEWED:1][PROSE:appearance]
DFL_APPEARANCE:subject:clear moustache,透明色髭鬚,[REVIEWED:1][PROSE:appearance]
DFL_APPEARANCE:predicate:moustache:clear,呈透明色,[REVIEWED:1][PROSE:appearance]
DFL_APPEARANCE:subject:clear sideburns,透明色鬢角,[REVIEWED:1][PROSE:appearance]
DFL_APPEARANCE:predicate:sideburns:clear,呈透明色,[REVIEWED:1][PROSE:appearance]
DFL_APPEARANCE:subject:clear eyes,透明色眼睛,[REVIEWED:1][PROSE:appearance]
DFL_APPEARANCE:predicate:eyes:clear,呈透明色,[REVIEWED:1][PROSE:appearance]
DFL_APPEARANCE:subject:clear skin,透明色皮膚,[REVIEWED:1][PROSE:appearance]
DFL_APPEARANCE:predicate:skin:clear,呈透明色,[REVIEWED:1][PROSE:appearance]
DFL_APPEARANCE:subject:slightly close-set clear eyes,間距略窄的透明色眼睛,[REVIEWED:1][PROSE:appearance]
DFL_APPEARANCE:subject:sunken narrow clear eyes,深陷狹長的透明色眼睛,[REVIEWED:1][PROSE:appearance]
DFL_APPEARANCE:subject:slightly wide-set narrow clear eyes,間距略寬且狹長的透明色眼睛,[REVIEWED:1][PROSE:appearance]
DFL_APPEARANCE:subject:cobalt hair,鈷藍色頭髮,[REVIEWED:1][PROSE:appearance]
DFL_APPEARANCE:predicate:hair:cobalt,呈鈷藍色,[REVIEWED:1][PROSE:appearance]
DFL_APPEARANCE:subject:cobalt beard,鈷藍色鬍鬚,[REVIEWED:1][PROSE:appearance]
DFL_APPEARANCE:predicate:beard:cobalt,呈鈷藍色,[REVIEWED:1][PROSE:appearance]
DFL_APPEARANCE:subject:cobalt moustache,鈷藍色髭鬚,[REVIEWED:1][PROSE:appearance]
DFL_APPEARANCE:predicate:moustache:cobalt,呈鈷藍色,[REVIEWED:1][PROSE:appearance]
DFL_APPEARANCE:subject:cobalt sideburns,鈷藍色鬢角,[REVIEWED:1][PROSE:appearance]
DFL_APPEARANCE:predicate:sideburns:cobalt,呈鈷藍色,[REVIEWED:1][PROSE:appearance]
DFL_APPEARANCE:subject:cobalt eyes,鈷藍色眼睛,[REVIEWED:1][PROSE:appearance]
DFL_APPEARANCE:predicate:eyes:cobalt,呈鈷藍色,[REVIEWED:1][PROSE:appearance]
DFL_APPEARANCE:subject:cobalt skin,鈷藍色皮膚,[REVIEWED:1][PROSE:appearance]
DFL_APPEARANCE:predicate:skin:cobalt,呈鈷藍色,[REVIEWED:1][PROSE:appearance]
DFL_APPEARANCE:subject:slightly close-set cobalt eyes,間距略窄的鈷藍色眼睛,[REVIEWED:1][PROSE:appearance]
DFL_APPEARANCE:subject:sunken narrow cobalt eyes,深陷狹長的鈷藍色眼睛,[REVIEWED:1][PROSE:appearance]
DFL_APPEARANCE:subject:slightly wide-set narrow cobalt eyes,間距略寬且狹長的鈷藍色眼睛,[REVIEWED:1][PROSE:appearance]
DFL_APPEARANCE:subject:copper hair,銅色頭髮,[REVIEWED:1][PROSE:appearance]
DFL_APPEARANCE:predicate:hair:copper,呈銅色,[REVIEWED:1][PROSE:appearance]
DFL_APPEARANCE:subject:copper beard,銅色鬍鬚,[REVIEWED:1][PROSE:appearance]
DFL_APPEARANCE:predicate:beard:copper,呈銅色,[REVIEWED:1][PROSE:appearance]
DFL_APPEARANCE:subject:copper moustache,銅色髭鬚,[REVIEWED:1][PROSE:appearance]
DFL_APPEARANCE:predicate:moustache:copper,呈銅色,[REVIEWED:1][PROSE:appearance]
DFL_APPEARANCE:subject:copper sideburns,銅色鬢角,[REVIEWED:1][PROSE:appearance]
DFL_APPEARANCE:predicate:sideburns:copper,呈銅色,[REVIEWED:1][PROSE:appearance]
DFL_APPEARANCE:subject:copper eyes,銅色眼睛,[REVIEWED:1][PROSE:appearance]
DFL_APPEARANCE:predicate:eyes:copper,呈銅色,[REVIEWED:1][PROSE:appearance]
DFL_APPEARANCE:subject:copper skin,銅色皮膚,[REVIEWED:1][PROSE:appearance]
DFL_APPEARANCE:predicate:skin:copper,呈銅色,[REVIEWED:1][PROSE:appearance]
DFL_APPEARANCE:subject:slightly close-set copper eyes,間距略窄的銅色眼睛,[REVIEWED:1][PROSE:appearance]
DFL_APPEARANCE:subject:sunken narrow copper eyes,深陷狹長的銅色眼睛,[REVIEWED:1][PROSE:appearance]
DFL_APPEARANCE:subject:slightly wide-set narrow copper eyes,間距略寬且狹長的銅色眼睛,[REVIEWED:1][PROSE:appearance]
DFL_APPEARANCE:subject:cornflower hair,矢車菊藍頭髮,[REVIEWED:1][PROSE:appearance]
DFL_APPEARANCE:predicate:hair:cornflower,呈矢車菊藍,[REVIEWED:1][PROSE:appearance]
DFL_APPEARANCE:subject:cornflower beard,矢車菊藍鬍鬚,[REVIEWED:1][PROSE:appearance]
DFL_APPEARANCE:predicate:beard:cornflower,呈矢車菊藍,[REVIEWED:1][PROSE:appearance]
DFL_APPEARANCE:subject:cornflower moustache,矢車菊藍髭鬚,[REVIEWED:1][PROSE:appearance]
DFL_APPEARANCE:predicate:moustache:cornflower,呈矢車菊藍,[REVIEWED:1][PROSE:appearance]
DFL_APPEARANCE:subject:cornflower sideburns,矢車菊藍鬢角,[REVIEWED:1][PROSE:appearance]
DFL_APPEARANCE:predicate:sideburns:cornflower,呈矢車菊藍,[REVIEWED:1][PROSE:appearance]
DFL_APPEARANCE:subject:cornflower eyes,矢車菊藍眼睛,[REVIEWED:1][PROSE:appearance]
DFL_APPEARANCE:predicate:eyes:cornflower,呈矢車菊藍,[REVIEWED:1][PROSE:appearance]
DFL_APPEARANCE:subject:cornflower skin,矢車菊藍皮膚,[REVIEWED:1][PROSE:appearance]
DFL_APPEARANCE:predicate:skin:cornflower,呈矢車菊藍,[REVIEWED:1][PROSE:appearance]
DFL_APPEARANCE:subject:slightly close-set cornflower eyes,間距略窄的矢車菊藍眼睛,[REVIEWED:1][PROSE:appearance]
DFL_APPEARANCE:subject:sunken narrow cornflower eyes,深陷狹長的矢車菊藍眼睛,[REVIEWED:1][PROSE:appearance]
DFL_APPEARANCE:subject:slightly wide-set narrow cornflower eyes,間距略寬且狹長的矢車菊藍眼睛,[REVIEWED:1][PROSE:appearance]
DFL_APPEARANCE:subject:cream hair,奶油色頭髮,[REVIEWED:1][PROSE:appearance]
DFL_APPEARANCE:predicate:hair:cream,呈奶油色,[REVIEWED:1][PROSE:appearance]
DFL_APPEARANCE:subject:cream beard,奶油色鬍鬚,[REVIEWED:1][PROSE:appearance]
DFL_APPEARANCE:predicate:beard:cream,呈奶油色,[REVIEWED:1][PROSE:appearance]
DFL_APPEARANCE:subject:cream moustache,奶油色髭鬚,[REVIEWED:1][PROSE:appearance]
DFL_APPEARANCE:predicate:moustache:cream,呈奶油色,[REVIEWED:1][PROSE:appearance]
DFL_APPEARANCE:subject:cream sideburns,奶油色鬢角,[REVIEWED:1][PROSE:appearance]
DFL_APPEARANCE:predicate:sideburns:cream,呈奶油色,[REVIEWED:1][PROSE:appearance]
DFL_APPEARANCE:subject:cream eyes,奶油色眼睛,[REVIEWED:1][PROSE:appearance]
DFL_APPEARANCE:predicate:eyes:cream,呈奶油色,[REVIEWED:1][PROSE:appearance]
DFL_APPEARANCE:subject:cream skin,奶油色皮膚,[REVIEWED:1][PROSE:appearance]
DFL_APPEARANCE:predicate:skin:cream,呈奶油色,[REVIEWED:1][PROSE:appearance]
DFL_APPEARANCE:subject:slightly close-set cream eyes,間距略窄的奶油色眼睛,[REVIEWED:1][PROSE:appearance]
DFL_APPEARANCE:subject:sunken narrow cream eyes,深陷狹長的奶油色眼睛,[REVIEWED:1][PROSE:appearance]
DFL_APPEARANCE:subject:slightly wide-set narrow cream eyes,間距略寬且狹長的奶油色眼睛,[REVIEWED:1][PROSE:appearance]
DFL_APPEARANCE:subject:crimson hair,緋紅色頭髮,[REVIEWED:1][PROSE:appearance]
DFL_APPEARANCE:predicate:hair:crimson,呈緋紅色,[REVIEWED:1][PROSE:appearance]
DFL_APPEARANCE:subject:crimson beard,緋紅色鬍鬚,[REVIEWED:1][PROSE:appearance]
DFL_APPEARANCE:predicate:beard:crimson,呈緋紅色,[REVIEWED:1][PROSE:appearance]
DFL_APPEARANCE:subject:crimson moustache,緋紅色髭鬚,[REVIEWED:1][PROSE:appearance]
DFL_APPEARANCE:predicate:moustache:crimson,呈緋紅色,[REVIEWED:1][PROSE:appearance]
DFL_APPEARANCE:subject:crimson sideburns,緋紅色鬢角,[REVIEWED:1][PROSE:appearance]
DFL_APPEARANCE:predicate:sideburns:crimson,呈緋紅色,[REVIEWED:1][PROSE:appearance]
DFL_APPEARANCE:subject:crimson eyes,緋紅色眼睛,[REVIEWED:1][PROSE:appearance]
DFL_APPEARANCE:predicate:eyes:crimson,呈緋紅色,[REVIEWED:1][PROSE:appearance]
DFL_APPEARANCE:subject:crimson skin,緋紅色皮膚,[REVIEWED:1][PROSE:appearance]
DFL_APPEARANCE:predicate:skin:crimson,呈緋紅色,[REVIEWED:1][PROSE:appearance]
DFL_APPEARANCE:subject:slightly close-set crimson eyes,間距略窄的緋紅色眼睛,[REVIEWED:1][PROSE:appearance]
DFL_APPEARANCE:subject:sunken narrow crimson eyes,深陷狹長的緋紅色眼睛,[REVIEWED:1][PROSE:appearance]
DFL_APPEARANCE:subject:slightly wide-set narrow crimson eyes,間距略寬且狹長的緋紅色眼睛,[REVIEWED:1][PROSE:appearance]
DFL_APPEARANCE:subject:crocus purple hair,番紅花紫頭髮,[REVIEWED:1][PROSE:appearance]
DFL_APPEARANCE:predicate:hair:crocus purple,呈番紅花紫,[REVIEWED:1][PROSE:appearance]
DFL_APPEARANCE:subject:crocus purple beard,番紅花紫鬍鬚,[REVIEWED:1][PROSE:appearance]
DFL_APPEARANCE:predicate:beard:crocus purple,呈番紅花紫,[REVIEWED:1][PROSE:appearance]
DFL_APPEARANCE:subject:crocus purple moustache,番紅花紫髭鬚,[REVIEWED:1][PROSE:appearance]
DFL_APPEARANCE:predicate:moustache:crocus purple,呈番紅花紫,[REVIEWED:1][PROSE:appearance]
DFL_APPEARANCE:subject:crocus purple sideburns,番紅花紫鬢角,[REVIEWED:1][PROSE:appearance]
DFL_APPEARANCE:predicate:sideburns:crocus purple,呈番紅花紫,[REVIEWED:1][PROSE:appearance]
DFL_APPEARANCE:subject:crocus purple eyes,番紅花紫眼睛,[REVIEWED:1][PROSE:appearance]
DFL_APPEARANCE:predicate:eyes:crocus purple,呈番紅花紫,[REVIEWED:1][PROSE:appearance]
DFL_APPEARANCE:subject:crocus purple skin,番紅花紫皮膚,[REVIEWED:1][PROSE:appearance]
DFL_APPEARANCE:predicate:skin:crocus purple,呈番紅花紫,[REVIEWED:1][PROSE:appearance]
DFL_APPEARANCE:subject:slightly close-set crocus purple eyes,間距略窄的番紅花紫眼睛,[REVIEWED:1][PROSE:appearance]
DFL_APPEARANCE:subject:sunken narrow crocus purple eyes,深陷狹長的番紅花紫眼睛,[REVIEWED:1][PROSE:appearance]
DFL_APPEARANCE:subject:slightly wide-set narrow crocus purple eyes,間距略寬且狹長的番紅花紫眼睛,[REVIEWED:1][PROSE:appearance]
DFL_APPEARANCE:subject:dark azure hair,深天青色頭髮,[REVIEWED:1][PROSE:appearance]
DFL_APPEARANCE:predicate:hair:dark azure,呈深天青色,[REVIEWED:1][PROSE:appearance]
DFL_APPEARANCE:subject:dark azure beard,深天青色鬍鬚,[REVIEWED:1][PROSE:appearance]
DFL_APPEARANCE:predicate:beard:dark azure,呈深天青色,[REVIEWED:1][PROSE:appearance]
DFL_APPEARANCE:subject:dark azure moustache,深天青色髭鬚,[REVIEWED:1][PROSE:appearance]
DFL_APPEARANCE:predicate:moustache:dark azure,呈深天青色,[REVIEWED:1][PROSE:appearance]
DFL_APPEARANCE:subject:dark azure sideburns,深天青色鬢角,[REVIEWED:1][PROSE:appearance]
DFL_APPEARANCE:predicate:sideburns:dark azure,呈深天青色,[REVIEWED:1][PROSE:appearance]
DFL_APPEARANCE:subject:dark azure eyes,深天青色眼睛,[REVIEWED:1][PROSE:appearance]
DFL_APPEARANCE:predicate:eyes:dark azure,呈深天青色,[REVIEWED:1][PROSE:appearance]
DFL_APPEARANCE:subject:dark azure skin,深天青色皮膚,[REVIEWED:1][PROSE:appearance]
DFL_APPEARANCE:predicate:skin:dark azure,呈深天青色,[REVIEWED:1][PROSE:appearance]
DFL_APPEARANCE:subject:slightly close-set dark azure eyes,間距略窄的深天青色眼睛,[REVIEWED:1][PROSE:appearance]
DFL_APPEARANCE:subject:sunken narrow dark azure eyes,深陷狹長的深天青色眼睛,[REVIEWED:1][PROSE:appearance]
DFL_APPEARANCE:subject:slightly wide-set narrow dark azure eyes,間距略寬且狹長的深天青色眼睛,[REVIEWED:1][PROSE:appearance]
DFL_APPEARANCE:subject:dark blue hair,深藍色頭髮,[REVIEWED:1][PROSE:appearance]
DFL_APPEARANCE:predicate:hair:dark blue,呈深藍色,[REVIEWED:1][PROSE:appearance]
DFL_APPEARANCE:subject:dark blue beard,深藍色鬍鬚,[REVIEWED:1][PROSE:appearance]
DFL_APPEARANCE:predicate:beard:dark blue,呈深藍色,[REVIEWED:1][PROSE:appearance]
DFL_APPEARANCE:subject:dark blue moustache,深藍色髭鬚,[REVIEWED:1][PROSE:appearance]
DFL_APPEARANCE:predicate:moustache:dark blue,呈深藍色,[REVIEWED:1][PROSE:appearance]
DFL_APPEARANCE:subject:dark blue sideburns,深藍色鬢角,[REVIEWED:1][PROSE:appearance]
DFL_APPEARANCE:predicate:sideburns:dark blue,呈深藍色,[REVIEWED:1][PROSE:appearance]
DFL_APPEARANCE:subject:dark blue eyes,深藍色眼睛,[REVIEWED:1][PROSE:appearance]
DFL_APPEARANCE:predicate:eyes:dark blue,呈深藍色,[REVIEWED:1][PROSE:appearance]
DFL_APPEARANCE:subject:dark blue skin,深藍色皮膚,[REVIEWED:1][PROSE:appearance]
DFL_APPEARANCE:predicate:skin:dark blue,呈深藍色,[REVIEWED:1][PROSE:appearance]
DFL_APPEARANCE:subject:slightly close-set dark blue eyes,間距略窄的深藍色眼睛,[REVIEWED:1][PROSE:appearance]
DFL_APPEARANCE:subject:sunken narrow dark blue eyes,深陷狹長的深藍色眼睛,[REVIEWED:1][PROSE:appearance]
DFL_APPEARANCE:subject:slightly wide-set narrow dark blue eyes,間距略寬且狹長的深藍色眼睛,[REVIEWED:1][PROSE:appearance]
DFL_APPEARANCE:subject:dark brown hair,深棕色頭髮,[REVIEWED:1][PROSE:appearance]
DFL_APPEARANCE:predicate:hair:dark brown,呈深棕色,[REVIEWED:1][PROSE:appearance]
DFL_APPEARANCE:subject:dark brown beard,深棕色鬍鬚,[REVIEWED:1][PROSE:appearance]
DFL_APPEARANCE:predicate:beard:dark brown,呈深棕色,[REVIEWED:1][PROSE:appearance]
DFL_APPEARANCE:subject:dark brown moustache,深棕色髭鬚,[REVIEWED:1][PROSE:appearance]
DFL_APPEARANCE:predicate:moustache:dark brown,呈深棕色,[REVIEWED:1][PROSE:appearance]
DFL_APPEARANCE:subject:dark brown sideburns,深棕色鬢角,[REVIEWED:1][PROSE:appearance]
DFL_APPEARANCE:predicate:sideburns:dark brown,呈深棕色,[REVIEWED:1][PROSE:appearance]
DFL_APPEARANCE:subject:dark brown eyes,深棕色眼睛,[REVIEWED:1][PROSE:appearance]
DFL_APPEARANCE:predicate:eyes:dark brown,呈深棕色,[REVIEWED:1][PROSE:appearance]
DFL_APPEARANCE:subject:dark brown skin,深棕色皮膚,[REVIEWED:1][PROSE:appearance]
DFL_APPEARANCE:predicate:skin:dark brown,呈深棕色,[REVIEWED:1][PROSE:appearance]
DFL_APPEARANCE:subject:slightly close-set dark brown eyes,間距略窄的深棕色眼睛,[REVIEWED:1][PROSE:appearance]
DFL_APPEARANCE:subject:sunken narrow dark brown eyes,深陷狹長的深棕色眼睛,[REVIEWED:1][PROSE:appearance]
DFL_APPEARANCE:subject:slightly wide-set narrow dark brown eyes,間距略寬且狹長的深棕色眼睛,[REVIEWED:1][PROSE:appearance]
DFL_APPEARANCE:subject:dark chestnut hair,深栗色頭髮,[REVIEWED:1][PROSE:appearance]
DFL_APPEARANCE:predicate:hair:dark chestnut,呈深栗色,[REVIEWED:1][PROSE:appearance]
DFL_APPEARANCE:subject:dark chestnut beard,深栗色鬍鬚,[REVIEWED:1][PROSE:appearance]
DFL_APPEARANCE:predicate:beard:dark chestnut,呈深栗色,[REVIEWED:1][PROSE:appearance]
DFL_APPEARANCE:subject:dark chestnut moustache,深栗色髭鬚,[REVIEWED:1][PROSE:appearance]
DFL_APPEARANCE:predicate:moustache:dark chestnut,呈深栗色,[REVIEWED:1][PROSE:appearance]
DFL_APPEARANCE:subject:dark chestnut sideburns,深栗色鬢角,[REVIEWED:1][PROSE:appearance]
DFL_APPEARANCE:predicate:sideburns:dark chestnut,呈深栗色,[REVIEWED:1][PROSE:appearance]
DFL_APPEARANCE:subject:dark chestnut eyes,深栗色眼睛,[REVIEWED:1][PROSE:appearance]
DFL_APPEARANCE:predicate:eyes:dark chestnut,呈深栗色,[REVIEWED:1][PROSE:appearance]
DFL_APPEARANCE:subject:dark chestnut skin,深栗色皮膚,[REVIEWED:1][PROSE:appearance]
DFL_APPEARANCE:predicate:skin:dark chestnut,呈深栗色,[REVIEWED:1][PROSE:appearance]
DFL_APPEARANCE:subject:slightly close-set dark chestnut eyes,間距略窄的深栗色眼睛,[REVIEWED:1][PROSE:appearance]
DFL_APPEARANCE:subject:sunken narrow dark chestnut eyes,深陷狹長的深栗色眼睛,[REVIEWED:1][PROSE:appearance]
DFL_APPEARANCE:subject:slightly wide-set narrow dark chestnut eyes,間距略寬且狹長的深栗色眼睛,[REVIEWED:1][PROSE:appearance]
DFL_APPEARANCE:subject:dark green hair,深綠色頭髮,[REVIEWED:1][PROSE:appearance]
DFL_APPEARANCE:predicate:hair:dark green,呈深綠色,[REVIEWED:1][PROSE:appearance]
DFL_APPEARANCE:subject:dark green beard,深綠色鬍鬚,[REVIEWED:1][PROSE:appearance]
DFL_APPEARANCE:predicate:beard:dark green,呈深綠色,[REVIEWED:1][PROSE:appearance]
DFL_APPEARANCE:subject:dark green moustache,深綠色髭鬚,[REVIEWED:1][PROSE:appearance]
DFL_APPEARANCE:predicate:moustache:dark green,呈深綠色,[REVIEWED:1][PROSE:appearance]
DFL_APPEARANCE:subject:dark green sideburns,深綠色鬢角,[REVIEWED:1][PROSE:appearance]
DFL_APPEARANCE:predicate:sideburns:dark green,呈深綠色,[REVIEWED:1][PROSE:appearance]
DFL_APPEARANCE:subject:dark green eyes,深綠色眼睛,[REVIEWED:1][PROSE:appearance]
DFL_APPEARANCE:predicate:eyes:dark green,呈深綠色,[REVIEWED:1][PROSE:appearance]
DFL_APPEARANCE:subject:dark green skin,深綠色皮膚,[REVIEWED:1][PROSE:appearance]
DFL_APPEARANCE:predicate:skin:dark green,呈深綠色,[REVIEWED:1][PROSE:appearance]
DFL_APPEARANCE:subject:slightly close-set dark green eyes,間距略窄的深綠色眼睛,[REVIEWED:1][PROSE:appearance]
DFL_APPEARANCE:subject:sunken narrow dark green eyes,深陷狹長的深綠色眼睛,[REVIEWED:1][PROSE:appearance]
DFL_APPEARANCE:subject:slightly wide-set narrow dark green eyes,間距略寬且狹長的深綠色眼睛,[REVIEWED:1][PROSE:appearance]
DFL_APPEARANCE:subject:dark indigo hair,深靛藍頭髮,[REVIEWED:1][PROSE:appearance]
DFL_APPEARANCE:predicate:hair:dark indigo,呈深靛藍,[REVIEWED:1][PROSE:appearance]
DFL_APPEARANCE:subject:dark indigo beard,深靛藍鬍鬚,[REVIEWED:1][PROSE:appearance]
DFL_APPEARANCE:predicate:beard:dark indigo,呈深靛藍,[REVIEWED:1][PROSE:appearance]
DFL_APPEARANCE:subject:dark indigo moustache,深靛藍髭鬚,[REVIEWED:1][PROSE:appearance]
DFL_APPEARANCE:predicate:moustache:dark indigo,呈深靛藍,[REVIEWED:1][PROSE:appearance]
DFL_APPEARANCE:subject:dark indigo sideburns,深靛藍鬢角,[REVIEWED:1][PROSE:appearance]
DFL_APPEARANCE:predicate:sideburns:dark indigo,呈深靛藍,[REVIEWED:1][PROSE:appearance]
DFL_APPEARANCE:subject:dark indigo eyes,深靛藍眼睛,[REVIEWED:1][PROSE:appearance]
DFL_APPEARANCE:predicate:eyes:dark indigo,呈深靛藍,[REVIEWED:1][PROSE:appearance]
DFL_APPEARANCE:subject:dark indigo skin,深靛藍皮膚,[REVIEWED:1][PROSE:appearance]
DFL_APPEARANCE:predicate:skin:dark indigo,呈深靛藍,[REVIEWED:1][PROSE:appearance]
DFL_APPEARANCE:subject:slightly close-set dark indigo eyes,間距略窄的深靛藍眼睛,[REVIEWED:1][PROSE:appearance]
DFL_APPEARANCE:subject:sunken narrow dark indigo eyes,深陷狹長的深靛藍眼睛,[REVIEWED:1][PROSE:appearance]
DFL_APPEARANCE:subject:slightly wide-set narrow dark indigo eyes,間距略寬且狹長的深靛藍眼睛,[REVIEWED:1][PROSE:appearance]
DFL_APPEARANCE:subject:dark olive hair,深橄欖色頭髮,[REVIEWED:1][PROSE:appearance]
DFL_APPEARANCE:predicate:hair:dark olive,呈深橄欖色,[REVIEWED:1][PROSE:appearance]
DFL_APPEARANCE:subject:dark olive beard,深橄欖色鬍鬚,[REVIEWED:1][PROSE:appearance]
DFL_APPEARANCE:predicate:beard:dark olive,呈深橄欖色,[REVIEWED:1][PROSE:appearance]
DFL_APPEARANCE:subject:dark olive moustache,深橄欖色髭鬚,[REVIEWED:1][PROSE:appearance]
DFL_APPEARANCE:predicate:moustache:dark olive,呈深橄欖色,[REVIEWED:1][PROSE:appearance]
DFL_APPEARANCE:subject:dark olive sideburns,深橄欖色鬢角,[REVIEWED:1][PROSE:appearance]
DFL_APPEARANCE:predicate:sideburns:dark olive,呈深橄欖色,[REVIEWED:1][PROSE:appearance]
DFL_APPEARANCE:subject:dark olive eyes,深橄欖色眼睛,[REVIEWED:1][PROSE:appearance]
DFL_APPEARANCE:predicate:eyes:dark olive,呈深橄欖色,[REVIEWED:1][PROSE:appearance]
DFL_APPEARANCE:subject:dark olive skin,深橄欖色皮膚,[REVIEWED:1][PROSE:appearance]
DFL_APPEARANCE:predicate:skin:dark olive,呈深橄欖色,[REVIEWED:1][PROSE:appearance]
DFL_APPEARANCE:subject:slightly close-set dark olive eyes,間距略窄的深橄欖色眼睛,[REVIEWED:1][PROSE:appearance]
DFL_APPEARANCE:subject:sunken narrow dark olive eyes,深陷狹長的深橄欖色眼睛,[REVIEWED:1][PROSE:appearance]
DFL_APPEARANCE:subject:slightly wide-set narrow dark olive eyes,間距略寬且狹長的深橄欖色眼睛,[REVIEWED:1][PROSE:appearance]
DFL_APPEARANCE:subject:dark peach hair,深桃色頭髮,[REVIEWED:1][PROSE:appearance]
DFL_APPEARANCE:predicate:hair:dark peach,呈深桃色,[REVIEWED:1][PROSE:appearance]
DFL_APPEARANCE:subject:dark peach beard,深桃色鬍鬚,[REVIEWED:1][PROSE:appearance]
DFL_APPEARANCE:predicate:beard:dark peach,呈深桃色,[REVIEWED:1][PROSE:appearance]
DFL_APPEARANCE:subject:dark peach moustache,深桃色髭鬚,[REVIEWED:1][PROSE:appearance]
DFL_APPEARANCE:predicate:moustache:dark peach,呈深桃色,[REVIEWED:1][PROSE:appearance]
DFL_APPEARANCE:subject:dark peach sideburns,深桃色鬢角,[REVIEWED:1][PROSE:appearance]
DFL_APPEARANCE:predicate:sideburns:dark peach,呈深桃色,[REVIEWED:1][PROSE:appearance]
DFL_APPEARANCE:subject:dark peach eyes,深桃色眼睛,[REVIEWED:1][PROSE:appearance]
DFL_APPEARANCE:predicate:eyes:dark peach,呈深桃色,[REVIEWED:1][PROSE:appearance]
DFL_APPEARANCE:subject:dark peach skin,深桃色皮膚,[REVIEWED:1][PROSE:appearance]
DFL_APPEARANCE:predicate:skin:dark peach,呈深桃色,[REVIEWED:1][PROSE:appearance]
DFL_APPEARANCE:subject:slightly close-set dark peach eyes,間距略窄的深桃色眼睛,[REVIEWED:1][PROSE:appearance]
DFL_APPEARANCE:subject:sunken narrow dark peach eyes,深陷狹長的深桃色眼睛,[REVIEWED:1][PROSE:appearance]
DFL_APPEARANCE:subject:slightly wide-set narrow dark peach eyes,間距略寬且狹長的深桃色眼睛,[REVIEWED:1][PROSE:appearance]
DFL_APPEARANCE:subject:dark pink hair,深粉色頭髮,[REVIEWED:1][PROSE:appearance]
DFL_APPEARANCE:predicate:hair:dark pink,呈深粉色,[REVIEWED:1][PROSE:appearance]
DFL_APPEARANCE:subject:dark pink beard,深粉色鬍鬚,[REVIEWED:1][PROSE:appearance]
DFL_APPEARANCE:predicate:beard:dark pink,呈深粉色,[REVIEWED:1][PROSE:appearance]
DFL_APPEARANCE:subject:dark pink moustache,深粉色髭鬚,[REVIEWED:1][PROSE:appearance]
DFL_APPEARANCE:predicate:moustache:dark pink,呈深粉色,[REVIEWED:1][PROSE:appearance]
DFL_APPEARANCE:subject:dark pink sideburns,深粉色鬢角,[REVIEWED:1][PROSE:appearance]
DFL_APPEARANCE:predicate:sideburns:dark pink,呈深粉色,[REVIEWED:1][PROSE:appearance]
DFL_APPEARANCE:subject:dark pink eyes,深粉色眼睛,[REVIEWED:1][PROSE:appearance]
DFL_APPEARANCE:predicate:eyes:dark pink,呈深粉色,[REVIEWED:1][PROSE:appearance]
DFL_APPEARANCE:subject:dark pink skin,深粉色皮膚,[REVIEWED:1][PROSE:appearance]
DFL_APPEARANCE:predicate:skin:dark pink,呈深粉色,[REVIEWED:1][PROSE:appearance]
DFL_APPEARANCE:subject:slightly close-set dark pink eyes,間距略窄的深粉色眼睛,[REVIEWED:1][PROSE:appearance]
DFL_APPEARANCE:subject:sunken narrow dark pink eyes,深陷狹長的深粉色眼睛,[REVIEWED:1][PROSE:appearance]
DFL_APPEARANCE:subject:slightly wide-set narrow dark pink eyes,間距略寬且狹長的深粉色眼睛,[REVIEWED:1][PROSE:appearance]
DFL_APPEARANCE:subject:dark scarlet hair,深猩紅頭髮,[REVIEWED:1][PROSE:appearance]
DFL_APPEARANCE:predicate:hair:dark scarlet,呈深猩紅,[REVIEWED:1][PROSE:appearance]
DFL_APPEARANCE:subject:dark scarlet beard,深猩紅鬍鬚,[REVIEWED:1][PROSE:appearance]
DFL_APPEARANCE:predicate:beard:dark scarlet,呈深猩紅,[REVIEWED:1][PROSE:appearance]
DFL_APPEARANCE:subject:dark scarlet moustache,深猩紅髭鬚,[REVIEWED:1][PROSE:appearance]
DFL_APPEARANCE:predicate:moustache:dark scarlet,呈深猩紅,[REVIEWED:1][PROSE:appearance]
DFL_APPEARANCE:subject:dark scarlet sideburns,深猩紅鬢角,[REVIEWED:1][PROSE:appearance]
DFL_APPEARANCE:predicate:sideburns:dark scarlet,呈深猩紅,[REVIEWED:1][PROSE:appearance]
DFL_APPEARANCE:subject:dark scarlet eyes,深猩紅眼睛,[REVIEWED:1][PROSE:appearance]
DFL_APPEARANCE:predicate:eyes:dark scarlet,呈深猩紅,[REVIEWED:1][PROSE:appearance]
DFL_APPEARANCE:subject:dark scarlet skin,深猩紅皮膚,[REVIEWED:1][PROSE:appearance]
DFL_APPEARANCE:predicate:skin:dark scarlet,呈深猩紅,[REVIEWED:1][PROSE:appearance]
DFL_APPEARANCE:subject:slightly close-set dark scarlet eyes,間距略窄的深猩紅眼睛,[REVIEWED:1][PROSE:appearance]
DFL_APPEARANCE:subject:sunken narrow dark scarlet eyes,深陷狹長的深猩紅眼睛,[REVIEWED:1][PROSE:appearance]
DFL_APPEARANCE:subject:slightly wide-set narrow dark scarlet eyes,間距略寬且狹長的深猩紅眼睛,[REVIEWED:1][PROSE:appearance]
DFL_APPEARANCE:subject:dark tan hair,深棕褐色頭髮,[REVIEWED:1][PROSE:appearance]
DFL_APPEARANCE:predicate:hair:dark tan,呈深棕褐色,[REVIEWED:1][PROSE:appearance]
DFL_APPEARANCE:subject:dark tan beard,深棕褐色鬍鬚,[REVIEWED:1][PROSE:appearance]
DFL_APPEARANCE:predicate:beard:dark tan,呈深棕褐色,[REVIEWED:1][PROSE:appearance]
DFL_APPEARANCE:subject:dark tan moustache,深棕褐色髭鬚,[REVIEWED:1][PROSE:appearance]
DFL_APPEARANCE:predicate:moustache:dark tan,呈深棕褐色,[REVIEWED:1][PROSE:appearance]
DFL_APPEARANCE:subject:dark tan sideburns,深棕褐色鬢角,[REVIEWED:1][PROSE:appearance]
DFL_APPEARANCE:predicate:sideburns:dark tan,呈深棕褐色,[REVIEWED:1][PROSE:appearance]
DFL_APPEARANCE:subject:dark tan eyes,深棕褐色眼睛,[REVIEWED:1][PROSE:appearance]
DFL_APPEARANCE:predicate:eyes:dark tan,呈深棕褐色,[REVIEWED:1][PROSE:appearance]
DFL_APPEARANCE:subject:dark tan skin,深棕褐色皮膚,[REVIEWED:1][PROSE:appearance]
DFL_APPEARANCE:predicate:skin:dark tan,呈深棕褐色,[REVIEWED:1][PROSE:appearance]
DFL_APPEARANCE:subject:slightly close-set dark tan eyes,間距略窄的深棕褐色眼睛,[REVIEWED:1][PROSE:appearance]
DFL_APPEARANCE:subject:sunken narrow dark tan eyes,深陷狹長的深棕褐色眼睛,[REVIEWED:1][PROSE:appearance]
DFL_APPEARANCE:subject:slightly wide-set narrow dark tan eyes,間距略寬且狹長的深棕褐色眼睛,[REVIEWED:1][PROSE:appearance]
DFL_APPEARANCE:subject:dark violet hair,深紫羅蘭色頭髮,[REVIEWED:1][PROSE:appearance]
DFL_APPEARANCE:predicate:hair:dark violet,呈深紫羅蘭色,[REVIEWED:1][PROSE:appearance]
DFL_APPEARANCE:subject:dark violet beard,深紫羅蘭色鬍鬚,[REVIEWED:1][PROSE:appearance]
DFL_APPEARANCE:predicate:beard:dark violet,呈深紫羅蘭色,[REVIEWED:1][PROSE:appearance]
DFL_APPEARANCE:subject:dark violet moustache,深紫羅蘭色髭鬚,[REVIEWED:1][PROSE:appearance]
DFL_APPEARANCE:predicate:moustache:dark violet,呈深紫羅蘭色,[REVIEWED:1][PROSE:appearance]
DFL_APPEARANCE:subject:dark violet sideburns,深紫羅蘭色鬢角,[REVIEWED:1][PROSE:appearance]
DFL_APPEARANCE:predicate:sideburns:dark violet,呈深紫羅蘭色,[REVIEWED:1][PROSE:appearance]
DFL_APPEARANCE:subject:dark violet eyes,深紫羅蘭色眼睛,[REVIEWED:1][PROSE:appearance]
DFL_APPEARANCE:predicate:eyes:dark violet,呈深紫羅蘭色,[REVIEWED:1][PROSE:appearance]
DFL_APPEARANCE:subject:dark violet skin,深紫羅蘭色皮膚,[REVIEWED:1][PROSE:appearance]
DFL_APPEARANCE:predicate:skin:dark violet,呈深紫羅蘭色,[REVIEWED:1][PROSE:appearance]
DFL_APPEARANCE:subject:slightly close-set dark violet eyes,間距略窄的深紫羅蘭色眼睛,[REVIEWED:1][PROSE:appearance]
DFL_APPEARANCE:subject:sunken narrow dark violet eyes,深陷狹長的深紫羅蘭色眼睛,[REVIEWED:1][PROSE:appearance]
DFL_APPEARANCE:subject:slightly wide-set narrow dark violet eyes,間距略寬且狹長的深紫羅蘭色眼睛,[REVIEWED:1][PROSE:appearance]
DFL_APPEARANCE:subject:deep sea blue hair,深海藍頭髮,[REVIEWED:1][PROSE:appearance]
DFL_APPEARANCE:predicate:hair:deep sea blue,呈深海藍,[REVIEWED:1][PROSE:appearance]
DFL_APPEARANCE:subject:deep sea blue beard,深海藍鬍鬚,[REVIEWED:1][PROSE:appearance]
DFL_APPEARANCE:predicate:beard:deep sea blue,呈深海藍,[REVIEWED:1][PROSE:appearance]
DFL_APPEARANCE:subject:deep sea blue moustache,深海藍髭鬚,[REVIEWED:1][PROSE:appearance]
DFL_APPEARANCE:predicate:moustache:deep sea blue,呈深海藍,[REVIEWED:1][PROSE:appearance]
DFL_APPEARANCE:subject:deep sea blue sideburns,深海藍鬢角,[REVIEWED:1][PROSE:appearance]
DFL_APPEARANCE:predicate:sideburns:deep sea blue,呈深海藍,[REVIEWED:1][PROSE:appearance]
DFL_APPEARANCE:subject:deep sea blue eyes,深海藍眼睛,[REVIEWED:1][PROSE:appearance]
DFL_APPEARANCE:predicate:eyes:deep sea blue,呈深海藍,[REVIEWED:1][PROSE:appearance]
DFL_APPEARANCE:subject:deep sea blue skin,深海藍皮膚,[REVIEWED:1][PROSE:appearance]
DFL_APPEARANCE:predicate:skin:deep sea blue,呈深海藍,[REVIEWED:1][PROSE:appearance]
DFL_APPEARANCE:subject:slightly close-set deep sea blue eyes,間距略窄的深海藍眼睛,[REVIEWED:1][PROSE:appearance]
DFL_APPEARANCE:subject:sunken narrow deep sea blue eyes,深陷狹長的深海藍眼睛,[REVIEWED:1][PROSE:appearance]
DFL_APPEARANCE:subject:slightly wide-set narrow deep sea blue eyes,間距略寬且狹長的深海藍眼睛,[REVIEWED:1][PROSE:appearance]
DFL_APPEARANCE:subject:ecru hair,米白色頭髮,[REVIEWED:1][PROSE:appearance]
DFL_APPEARANCE:predicate:hair:ecru,呈米白色,[REVIEWED:1][PROSE:appearance]
DFL_APPEARANCE:subject:ecru beard,米白色鬍鬚,[REVIEWED:1][PROSE:appearance]
DFL_APPEARANCE:predicate:beard:ecru,呈米白色,[REVIEWED:1][PROSE:appearance]
DFL_APPEARANCE:subject:ecru moustache,米白色髭鬚,[REVIEWED:1][PROSE:appearance]
DFL_APPEARANCE:predicate:moustache:ecru,呈米白色,[REVIEWED:1][PROSE:appearance]
DFL_APPEARANCE:subject:ecru sideburns,米白色鬢角,[REVIEWED:1][PROSE:appearance]
DFL_APPEARANCE:predicate:sideburns:ecru,呈米白色,[REVIEWED:1][PROSE:appearance]
DFL_APPEARANCE:subject:ecru eyes,米白色眼睛,[REVIEWED:1][PROSE:appearance]
DFL_APPEARANCE:predicate:eyes:ecru,呈米白色,[REVIEWED:1][PROSE:appearance]
DFL_APPEARANCE:subject:ecru skin,米白色皮膚,[REVIEWED:1][PROSE:appearance]
DFL_APPEARANCE:predicate:skin:ecru,呈米白色,[REVIEWED:1][PROSE:appearance]
DFL_APPEARANCE:subject:slightly close-set ecru eyes,間距略窄的米白色眼睛,[REVIEWED:1][PROSE:appearance]
DFL_APPEARANCE:subject:sunken narrow ecru eyes,深陷狹長的米白色眼睛,[REVIEWED:1][PROSE:appearance]
DFL_APPEARANCE:subject:slightly wide-set narrow ecru eyes,間距略寬且狹長的米白色眼睛,[REVIEWED:1][PROSE:appearance]
DFL_APPEARANCE:subject:eggplant hair,茄紫色頭髮,[REVIEWED:1][PROSE:appearance]
DFL_APPEARANCE:predicate:hair:eggplant,呈茄紫色,[REVIEWED:1][PROSE:appearance]
DFL_APPEARANCE:subject:eggplant beard,茄紫色鬍鬚,[REVIEWED:1][PROSE:appearance]
DFL_APPEARANCE:predicate:beard:eggplant,呈茄紫色,[REVIEWED:1][PROSE:appearance]
DFL_APPEARANCE:subject:eggplant moustache,茄紫色髭鬚,[REVIEWED:1][PROSE:appearance]
DFL_APPEARANCE:predicate:moustache:eggplant,呈茄紫色,[REVIEWED:1][PROSE:appearance]
DFL_APPEARANCE:subject:eggplant sideburns,茄紫色鬢角,[REVIEWED:1][PROSE:appearance]
DFL_APPEARANCE:predicate:sideburns:eggplant,呈茄紫色,[REVIEWED:1][PROSE:appearance]
DFL_APPEARANCE:subject:eggplant eyes,茄紫色眼睛,[REVIEWED:1][PROSE:appearance]
DFL_APPEARANCE:predicate:eyes:eggplant,呈茄紫色,[REVIEWED:1][PROSE:appearance]
DFL_APPEARANCE:subject:eggplant skin,茄紫色皮膚,[REVIEWED:1][PROSE:appearance]
DFL_APPEARANCE:predicate:skin:eggplant,呈茄紫色,[REVIEWED:1][PROSE:appearance]
DFL_APPEARANCE:subject:slightly close-set eggplant eyes,間距略窄的茄紫色眼睛,[REVIEWED:1][PROSE:appearance]
DFL_APPEARANCE:subject:sunken narrow eggplant eyes,深陷狹長的茄紫色眼睛,[REVIEWED:1][PROSE:appearance]
DFL_APPEARANCE:subject:slightly wide-set narrow eggplant eyes,間距略寬且狹長的茄紫色眼睛,[REVIEWED:1][PROSE:appearance]
DFL_APPEARANCE:subject:emerald hair,祖母綠色頭髮,[REVIEWED:1][PROSE:appearance]
DFL_APPEARANCE:predicate:hair:emerald,呈祖母綠色,[REVIEWED:1][PROSE:appearance]
DFL_APPEARANCE:subject:emerald beard,祖母綠色鬍鬚,[REVIEWED:1][PROSE:appearance]
DFL_APPEARANCE:predicate:beard:emerald,呈祖母綠色,[REVIEWED:1][PROSE:appearance]
DFL_APPEARANCE:subject:emerald moustache,祖母綠色髭鬚,[REVIEWED:1][PROSE:appearance]
DFL_APPEARANCE:predicate:moustache:emerald,呈祖母綠色,[REVIEWED:1][PROSE:appearance]
DFL_APPEARANCE:subject:emerald sideburns,祖母綠色鬢角,[REVIEWED:1][PROSE:appearance]
DFL_APPEARANCE:predicate:sideburns:emerald,呈祖母綠色,[REVIEWED:1][PROSE:appearance]
DFL_APPEARANCE:subject:emerald eyes,祖母綠色眼睛,[REVIEWED:1][PROSE:appearance]
DFL_APPEARANCE:predicate:eyes:emerald,呈祖母綠色,[REVIEWED:1][PROSE:appearance]
DFL_APPEARANCE:subject:emerald skin,祖母綠色皮膚,[REVIEWED:1][PROSE:appearance]
DFL_APPEARANCE:predicate:skin:emerald,呈祖母綠色,[REVIEWED:1][PROSE:appearance]
DFL_APPEARANCE:subject:slightly close-set emerald eyes,間距略窄的祖母綠色眼睛,[REVIEWED:1][PROSE:appearance]
DFL_APPEARANCE:subject:sunken narrow emerald eyes,深陷狹長的祖母綠色眼睛,[REVIEWED:1][PROSE:appearance]
DFL_APPEARANCE:subject:slightly wide-set narrow emerald eyes,間距略寬且狹長的祖母綠色眼睛,[REVIEWED:1][PROSE:appearance]
DFL_APPEARANCE:subject:eucalyptus hair,桉樹綠頭髮,[REVIEWED:1][PROSE:appearance]
DFL_APPEARANCE:predicate:hair:eucalyptus,呈桉樹綠,[REVIEWED:1][PROSE:appearance]
DFL_APPEARANCE:subject:eucalyptus beard,桉樹綠鬍鬚,[REVIEWED:1][PROSE:appearance]
DFL_APPEARANCE:predicate:beard:eucalyptus,呈桉樹綠,[REVIEWED:1][PROSE:appearance]
DFL_APPEARANCE:subject:eucalyptus moustache,桉樹綠髭鬚,[REVIEWED:1][PROSE:appearance]
DFL_APPEARANCE:predicate:moustache:eucalyptus,呈桉樹綠,[REVIEWED:1][PROSE:appearance]
DFL_APPEARANCE:subject:eucalyptus sideburns,桉樹綠鬢角,[REVIEWED:1][PROSE:appearance]
DFL_APPEARANCE:predicate:sideburns:eucalyptus,呈桉樹綠,[REVIEWED:1][PROSE:appearance]
DFL_APPEARANCE:subject:eucalyptus eyes,桉樹綠眼睛,[REVIEWED:1][PROSE:appearance]
DFL_APPEARANCE:predicate:eyes:eucalyptus,呈桉樹綠,[REVIEWED:1][PROSE:appearance]
DFL_APPEARANCE:subject:eucalyptus skin,桉樹綠皮膚,[REVIEWED:1][PROSE:appearance]
DFL_APPEARANCE:predicate:skin:eucalyptus,呈桉樹綠,[REVIEWED:1][PROSE:appearance]
DFL_APPEARANCE:subject:slightly close-set eucalyptus eyes,間距略窄的桉樹綠眼睛,[REVIEWED:1][PROSE:appearance]
DFL_APPEARANCE:subject:sunken narrow eucalyptus eyes,深陷狹長的桉樹綠眼睛,[REVIEWED:1][PROSE:appearance]
DFL_APPEARANCE:subject:slightly wide-set narrow eucalyptus eyes,間距略寬且狹長的桉樹綠眼睛,[REVIEWED:1][PROSE:appearance]
DFL_APPEARANCE:subject:fern green hair,蕨類綠頭髮,[REVIEWED:1][PROSE:appearance]
DFL_APPEARANCE:predicate:hair:fern green,呈蕨類綠,[REVIEWED:1][PROSE:appearance]
DFL_APPEARANCE:subject:fern green beard,蕨類綠鬍鬚,[REVIEWED:1][PROSE:appearance]
DFL_APPEARANCE:predicate:beard:fern green,呈蕨類綠,[REVIEWED:1][PROSE:appearance]
DFL_APPEARANCE:subject:fern green moustache,蕨類綠髭鬚,[REVIEWED:1][PROSE:appearance]
DFL_APPEARANCE:predicate:moustache:fern green,呈蕨類綠,[REVIEWED:1][PROSE:appearance]
DFL_APPEARANCE:subject:fern green sideburns,蕨類綠鬢角,[REVIEWED:1][PROSE:appearance]
DFL_APPEARANCE:predicate:sideburns:fern green,呈蕨類綠,[REVIEWED:1][PROSE:appearance]
DFL_APPEARANCE:subject:fern green eyes,蕨類綠眼睛,[REVIEWED:1][PROSE:appearance]
DFL_APPEARANCE:predicate:eyes:fern green,呈蕨類綠,[REVIEWED:1][PROSE:appearance]
DFL_APPEARANCE:subject:fern green skin,蕨類綠皮膚,[REVIEWED:1][PROSE:appearance]
DFL_APPEARANCE:predicate:skin:fern green,呈蕨類綠,[REVIEWED:1][PROSE:appearance]
DFL_APPEARANCE:subject:slightly close-set fern green eyes,間距略窄的蕨類綠眼睛,[REVIEWED:1][PROSE:appearance]
DFL_APPEARANCE:subject:sunken narrow fern green eyes,深陷狹長的蕨類綠眼睛,[REVIEWED:1][PROSE:appearance]
DFL_APPEARANCE:subject:slightly wide-set narrow fern green eyes,間距略寬且狹長的蕨類綠眼睛,[REVIEWED:1][PROSE:appearance]
DFL_APPEARANCE:subject:flax hair,亞麻色頭髮,[REVIEWED:1][PROSE:appearance]
DFL_APPEARANCE:predicate:hair:flax,呈亞麻色,[REVIEWED:1][PROSE:appearance]
DFL_APPEARANCE:subject:flax beard,亞麻色鬍鬚,[REVIEWED:1][PROSE:appearance]
DFL_APPEARANCE:predicate:beard:flax,呈亞麻色,[REVIEWED:1][PROSE:appearance]
DFL_APPEARANCE:subject:flax moustache,亞麻色髭鬚,[REVIEWED:1][PROSE:appearance]
DFL_APPEARANCE:predicate:moustache:flax,呈亞麻色,[REVIEWED:1][PROSE:appearance]
DFL_APPEARANCE:subject:flax sideburns,亞麻色鬢角,[REVIEWED:1][PROSE:appearance]
DFL_APPEARANCE:predicate:sideburns:flax,呈亞麻色,[REVIEWED:1][PROSE:appearance]
DFL_APPEARANCE:subject:flax eyes,亞麻色眼睛,[REVIEWED:1][PROSE:appearance]
DFL_APPEARANCE:predicate:eyes:flax,呈亞麻色,[REVIEWED:1][PROSE:appearance]
DFL_APPEARANCE:subject:flax skin,亞麻色皮膚,[REVIEWED:1][PROSE:appearance]
DFL_APPEARANCE:predicate:skin:flax,呈亞麻色,[REVIEWED:1][PROSE:appearance]
DFL_APPEARANCE:subject:slightly close-set flax eyes,間距略窄的亞麻色眼睛,[REVIEWED:1][PROSE:appearance]
DFL_APPEARANCE:subject:sunken narrow flax eyes,深陷狹長的亞麻色眼睛,[REVIEWED:1][PROSE:appearance]
DFL_APPEARANCE:subject:slightly wide-set narrow flax eyes,間距略寬且狹長的亞麻色眼睛,[REVIEWED:1][PROSE:appearance]
DFL_APPEARANCE:subject:foxglove hair,毛地黃紫頭髮,[REVIEWED:1][PROSE:appearance]
DFL_APPEARANCE:predicate:hair:foxglove,呈毛地黃紫,[REVIEWED:1][PROSE:appearance]
DFL_APPEARANCE:subject:foxglove beard,毛地黃紫鬍鬚,[REVIEWED:1][PROSE:appearance]
DFL_APPEARANCE:predicate:beard:foxglove,呈毛地黃紫,[REVIEWED:1][PROSE:appearance]
DFL_APPEARANCE:subject:foxglove moustache,毛地黃紫髭鬚,[REVIEWED:1][PROSE:appearance]
DFL_APPEARANCE:predicate:moustache:foxglove,呈毛地黃紫,[REVIEWED:1][PROSE:appearance]
DFL_APPEARANCE:subject:foxglove sideburns,毛地黃紫鬢角,[REVIEWED:1][PROSE:appearance]
DFL_APPEARANCE:predicate:sideburns:foxglove,呈毛地黃紫,[REVIEWED:1][PROSE:appearance]
DFL_APPEARANCE:subject:foxglove eyes,毛地黃紫眼睛,[REVIEWED:1][PROSE:appearance]
DFL_APPEARANCE:predicate:eyes:foxglove,呈毛地黃紫,[REVIEWED:1][PROSE:appearance]
DFL_APPEARANCE:subject:foxglove skin,毛地黃紫皮膚,[REVIEWED:1][PROSE:appearance]
DFL_APPEARANCE:predicate:skin:foxglove,呈毛地黃紫,[REVIEWED:1][PROSE:appearance]
DFL_APPEARANCE:subject:slightly close-set foxglove eyes,間距略窄的毛地黃紫眼睛,[REVIEWED:1][PROSE:appearance]
DFL_APPEARANCE:subject:sunken narrow foxglove eyes,深陷狹長的毛地黃紫眼睛,[REVIEWED:1][PROSE:appearance]
DFL_APPEARANCE:subject:slightly wide-set narrow foxglove eyes,間距略寬且狹長的毛地黃紫眼睛,[REVIEWED:1][PROSE:appearance]
DFL_APPEARANCE:subject:fuchsia hair,紫紅色頭髮,[REVIEWED:1][PROSE:appearance]
DFL_APPEARANCE:predicate:hair:fuchsia,呈紫紅色,[REVIEWED:1][PROSE:appearance]
DFL_APPEARANCE:subject:fuchsia beard,紫紅色鬍鬚,[REVIEWED:1][PROSE:appearance]
DFL_APPEARANCE:predicate:beard:fuchsia,呈紫紅色,[REVIEWED:1][PROSE:appearance]
DFL_APPEARANCE:subject:fuchsia moustache,紫紅色髭鬚,[REVIEWED:1][PROSE:appearance]
DFL_APPEARANCE:predicate:moustache:fuchsia,呈紫紅色,[REVIEWED:1][PROSE:appearance]
DFL_APPEARANCE:subject:fuchsia sideburns,紫紅色鬢角,[REVIEWED:1][PROSE:appearance]
DFL_APPEARANCE:predicate:sideburns:fuchsia,呈紫紅色,[REVIEWED:1][PROSE:appearance]
DFL_APPEARANCE:subject:fuchsia eyes,紫紅色眼睛,[REVIEWED:1][PROSE:appearance]
DFL_APPEARANCE:predicate:eyes:fuchsia,呈紫紅色,[REVIEWED:1][PROSE:appearance]
DFL_APPEARANCE:subject:fuchsia skin,紫紅色皮膚,[REVIEWED:1][PROSE:appearance]
DFL_APPEARANCE:predicate:skin:fuchsia,呈紫紅色,[REVIEWED:1][PROSE:appearance]
DFL_APPEARANCE:subject:slightly close-set fuchsia eyes,間距略窄的紫紅色眼睛,[REVIEWED:1][PROSE:appearance]
DFL_APPEARANCE:subject:sunken narrow fuchsia eyes,深陷狹長的紫紅色眼睛,[REVIEWED:1][PROSE:appearance]
DFL_APPEARANCE:subject:slightly wide-set narrow fuchsia eyes,間距略寬且狹長的紫紅色眼睛,[REVIEWED:1][PROSE:appearance]
DFL_APPEARANCE:subject:glacier blue hair,冰川藍頭髮,[REVIEWED:1][PROSE:appearance]
DFL_APPEARANCE:predicate:hair:glacier blue,呈冰川藍,[REVIEWED:1][PROSE:appearance]
DFL_APPEARANCE:subject:glacier blue beard,冰川藍鬍鬚,[REVIEWED:1][PROSE:appearance]
DFL_APPEARANCE:predicate:beard:glacier blue,呈冰川藍,[REVIEWED:1][PROSE:appearance]
DFL_APPEARANCE:subject:glacier blue moustache,冰川藍髭鬚,[REVIEWED:1][PROSE:appearance]
DFL_APPEARANCE:predicate:moustache:glacier blue,呈冰川藍,[REVIEWED:1][PROSE:appearance]
DFL_APPEARANCE:subject:glacier blue sideburns,冰川藍鬢角,[REVIEWED:1][PROSE:appearance]
DFL_APPEARANCE:predicate:sideburns:glacier blue,呈冰川藍,[REVIEWED:1][PROSE:appearance]
DFL_APPEARANCE:subject:glacier blue eyes,冰川藍眼睛,[REVIEWED:1][PROSE:appearance]
DFL_APPEARANCE:predicate:eyes:glacier blue,呈冰川藍,[REVIEWED:1][PROSE:appearance]
DFL_APPEARANCE:subject:glacier blue skin,冰川藍皮膚,[REVIEWED:1][PROSE:appearance]
DFL_APPEARANCE:predicate:skin:glacier blue,呈冰川藍,[REVIEWED:1][PROSE:appearance]
DFL_APPEARANCE:subject:slightly close-set glacier blue eyes,間距略窄的冰川藍眼睛,[REVIEWED:1][PROSE:appearance]
DFL_APPEARANCE:subject:sunken narrow glacier blue eyes,深陷狹長的冰川藍眼睛,[REVIEWED:1][PROSE:appearance]
DFL_APPEARANCE:subject:slightly wide-set narrow glacier blue eyes,間距略寬且狹長的冰川藍眼睛,[REVIEWED:1][PROSE:appearance]
DFL_APPEARANCE:subject:gold hair,金色頭髮,[REVIEWED:1][PROSE:appearance]
DFL_APPEARANCE:predicate:hair:gold,呈金色,[REVIEWED:1][PROSE:appearance]
DFL_APPEARANCE:subject:gold beard,金色鬍鬚,[REVIEWED:1][PROSE:appearance]
DFL_APPEARANCE:predicate:beard:gold,呈金色,[REVIEWED:1][PROSE:appearance]
DFL_APPEARANCE:subject:gold moustache,金色髭鬚,[REVIEWED:1][PROSE:appearance]
DFL_APPEARANCE:predicate:moustache:gold,呈金色,[REVIEWED:1][PROSE:appearance]
DFL_APPEARANCE:subject:gold sideburns,金色鬢角,[REVIEWED:1][PROSE:appearance]
DFL_APPEARANCE:predicate:sideburns:gold,呈金色,[REVIEWED:1][PROSE:appearance]
DFL_APPEARANCE:subject:gold eyes,金色眼睛,[REVIEWED:1][PROSE:appearance]
DFL_APPEARANCE:predicate:eyes:gold,呈金色,[REVIEWED:1][PROSE:appearance]
DFL_APPEARANCE:subject:gold skin,金色皮膚,[REVIEWED:1][PROSE:appearance]
DFL_APPEARANCE:predicate:skin:gold,呈金色,[REVIEWED:1][PROSE:appearance]
DFL_APPEARANCE:subject:slightly close-set gold eyes,間距略窄的金色眼睛,[REVIEWED:1][PROSE:appearance]
DFL_APPEARANCE:subject:sunken narrow gold eyes,深陷狹長的金色眼睛,[REVIEWED:1][PROSE:appearance]
DFL_APPEARANCE:subject:slightly wide-set narrow gold eyes,間距略寬且狹長的金色眼睛,[REVIEWED:1][PROSE:appearance]
DFL_APPEARANCE:subject:golden yellow hair,金黃色頭髮,[REVIEWED:1][PROSE:appearance]
DFL_APPEARANCE:predicate:hair:golden yellow,呈金黃色,[REVIEWED:1][PROSE:appearance]
DFL_APPEARANCE:subject:golden yellow beard,金黃色鬍鬚,[REVIEWED:1][PROSE:appearance]
DFL_APPEARANCE:predicate:beard:golden yellow,呈金黃色,[REVIEWED:1][PROSE:appearance]
DFL_APPEARANCE:subject:golden yellow moustache,金黃色髭鬚,[REVIEWED:1][PROSE:appearance]
DFL_APPEARANCE:predicate:moustache:golden yellow,呈金黃色,[REVIEWED:1][PROSE:appearance]
DFL_APPEARANCE:subject:golden yellow sideburns,金黃色鬢角,[REVIEWED:1][PROSE:appearance]
DFL_APPEARANCE:predicate:sideburns:golden yellow,呈金黃色,[REVIEWED:1][PROSE:appearance]
DFL_APPEARANCE:subject:golden yellow eyes,金黃色眼睛,[REVIEWED:1][PROSE:appearance]
DFL_APPEARANCE:predicate:eyes:golden yellow,呈金黃色,[REVIEWED:1][PROSE:appearance]
DFL_APPEARANCE:subject:golden yellow skin,金黃色皮膚,[REVIEWED:1][PROSE:appearance]
DFL_APPEARANCE:predicate:skin:golden yellow,呈金黃色,[REVIEWED:1][PROSE:appearance]
DFL_APPEARANCE:subject:slightly close-set golden yellow eyes,間距略窄的金黃色眼睛,[REVIEWED:1][PROSE:appearance]
DFL_APPEARANCE:subject:sunken narrow golden yellow eyes,深陷狹長的金黃色眼睛,[REVIEWED:1][PROSE:appearance]
DFL_APPEARANCE:subject:slightly wide-set narrow golden yellow eyes,間距略寬且狹長的金黃色眼睛,[REVIEWED:1][PROSE:appearance]
DFL_APPEARANCE:subject:goldenrod hair,金麒麟黃頭髮,[REVIEWED:1][PROSE:appearance]
DFL_APPEARANCE:predicate:hair:goldenrod,呈金麒麟黃,[REVIEWED:1][PROSE:appearance]
DFL_APPEARANCE:subject:goldenrod beard,金麒麟黃鬍鬚,[REVIEWED:1][PROSE:appearance]
DFL_APPEARANCE:predicate:beard:goldenrod,呈金麒麟黃,[REVIEWED:1][PROSE:appearance]
DFL_APPEARANCE:subject:goldenrod moustache,金麒麟黃髭鬚,[REVIEWED:1][PROSE:appearance]
DFL_APPEARANCE:predicate:moustache:goldenrod,呈金麒麟黃,[REVIEWED:1][PROSE:appearance]
DFL_APPEARANCE:subject:goldenrod sideburns,金麒麟黃鬢角,[REVIEWED:1][PROSE:appearance]
DFL_APPEARANCE:predicate:sideburns:goldenrod,呈金麒麟黃,[REVIEWED:1][PROSE:appearance]
DFL_APPEARANCE:subject:goldenrod eyes,金麒麟黃眼睛,[REVIEWED:1][PROSE:appearance]
DFL_APPEARANCE:predicate:eyes:goldenrod,呈金麒麟黃,[REVIEWED:1][PROSE:appearance]
DFL_APPEARANCE:subject:goldenrod skin,金麒麟黃皮膚,[REVIEWED:1][PROSE:appearance]
DFL_APPEARANCE:predicate:skin:goldenrod,呈金麒麟黃,[REVIEWED:1][PROSE:appearance]
DFL_APPEARANCE:subject:slightly close-set goldenrod eyes,間距略窄的金麒麟黃眼睛,[REVIEWED:1][PROSE:appearance]
DFL_APPEARANCE:subject:sunken narrow goldenrod eyes,深陷狹長的金麒麟黃眼睛,[REVIEWED:1][PROSE:appearance]
DFL_APPEARANCE:subject:slightly wide-set narrow goldenrod eyes,間距略寬且狹長的金麒麟黃眼睛,[REVIEWED:1][PROSE:appearance]
DFL_APPEARANCE:subject:grass green hair,草綠色頭髮,[REVIEWED:1][PROSE:appearance]
DFL_APPEARANCE:predicate:hair:grass green,呈草綠色,[REVIEWED:1][PROSE:appearance]
DFL_APPEARANCE:subject:grass green beard,草綠色鬍鬚,[REVIEWED:1][PROSE:appearance]
DFL_APPEARANCE:predicate:beard:grass green,呈草綠色,[REVIEWED:1][PROSE:appearance]
DFL_APPEARANCE:subject:grass green moustache,草綠色髭鬚,[REVIEWED:1][PROSE:appearance]
DFL_APPEARANCE:predicate:moustache:grass green,呈草綠色,[REVIEWED:1][PROSE:appearance]
DFL_APPEARANCE:subject:grass green sideburns,草綠色鬢角,[REVIEWED:1][PROSE:appearance]
DFL_APPEARANCE:predicate:sideburns:grass green,呈草綠色,[REVIEWED:1][PROSE:appearance]
DFL_APPEARANCE:subject:grass green eyes,草綠色眼睛,[REVIEWED:1][PROSE:appearance]
DFL_APPEARANCE:predicate:eyes:grass green,呈草綠色,[REVIEWED:1][PROSE:appearance]
DFL_APPEARANCE:subject:grass green skin,草綠色皮膚,[REVIEWED:1][PROSE:appearance]
DFL_APPEARANCE:predicate:skin:grass green,呈草綠色,[REVIEWED:1][PROSE:appearance]
DFL_APPEARANCE:subject:slightly close-set grass green eyes,間距略窄的草綠色眼睛,[REVIEWED:1][PROSE:appearance]
DFL_APPEARANCE:subject:sunken narrow grass green eyes,深陷狹長的草綠色眼睛,[REVIEWED:1][PROSE:appearance]
DFL_APPEARANCE:subject:slightly wide-set narrow grass green eyes,間距略寬且狹長的草綠色眼睛,[REVIEWED:1][PROSE:appearance]
DFL_APPEARANCE:subject:gray hair,灰色頭髮,[REVIEWED:1][PROSE:appearance]
DFL_APPEARANCE:predicate:hair:gray,呈灰色,[REVIEWED:1][PROSE:appearance]
DFL_APPEARANCE:subject:gray beard,灰色鬍鬚,[REVIEWED:1][PROSE:appearance]
DFL_APPEARANCE:predicate:beard:gray,呈灰色,[REVIEWED:1][PROSE:appearance]
DFL_APPEARANCE:subject:gray moustache,灰色髭鬚,[REVIEWED:1][PROSE:appearance]
DFL_APPEARANCE:predicate:moustache:gray,呈灰色,[REVIEWED:1][PROSE:appearance]
DFL_APPEARANCE:subject:gray sideburns,灰色鬢角,[REVIEWED:1][PROSE:appearance]
DFL_APPEARANCE:predicate:sideburns:gray,呈灰色,[REVIEWED:1][PROSE:appearance]
DFL_APPEARANCE:subject:gray eyes,灰色眼睛,[REVIEWED:1][PROSE:appearance]
DFL_APPEARANCE:predicate:eyes:gray,呈灰色,[REVIEWED:1][PROSE:appearance]
DFL_APPEARANCE:subject:gray skin,灰色皮膚,[REVIEWED:1][PROSE:appearance]
DFL_APPEARANCE:predicate:skin:gray,呈灰色,[REVIEWED:1][PROSE:appearance]
DFL_APPEARANCE:subject:slightly close-set gray eyes,間距略窄的灰色眼睛,[REVIEWED:1][PROSE:appearance]
DFL_APPEARANCE:subject:sunken narrow gray eyes,深陷狹長的灰色眼睛,[REVIEWED:1][PROSE:appearance]
DFL_APPEARANCE:subject:slightly wide-set narrow gray eyes,間距略寬且狹長的灰色眼睛,[REVIEWED:1][PROSE:appearance]
DFL_APPEARANCE:subject:green hair,綠色頭髮,[REVIEWED:1][PROSE:appearance]
DFL_APPEARANCE:predicate:hair:green,呈綠色,[REVIEWED:1][PROSE:appearance]
DFL_APPEARANCE:subject:green beard,綠色鬍鬚,[REVIEWED:1][PROSE:appearance]
DFL_APPEARANCE:predicate:beard:green,呈綠色,[REVIEWED:1][PROSE:appearance]
DFL_APPEARANCE:subject:green moustache,綠色髭鬚,[REVIEWED:1][PROSE:appearance]
DFL_APPEARANCE:predicate:moustache:green,呈綠色,[REVIEWED:1][PROSE:appearance]
DFL_APPEARANCE:subject:green sideburns,綠色鬢角,[REVIEWED:1][PROSE:appearance]
DFL_APPEARANCE:predicate:sideburns:green,呈綠色,[REVIEWED:1][PROSE:appearance]
DFL_APPEARANCE:subject:green eyes,綠色眼睛,[REVIEWED:1][PROSE:appearance]
DFL_APPEARANCE:predicate:eyes:green,呈綠色,[REVIEWED:1][PROSE:appearance]
DFL_APPEARANCE:subject:green skin,綠色皮膚,[REVIEWED:1][PROSE:appearance]
DFL_APPEARANCE:predicate:skin:green,呈綠色,[REVIEWED:1][PROSE:appearance]
DFL_APPEARANCE:subject:slightly close-set green eyes,間距略窄的綠色眼睛,[REVIEWED:1][PROSE:appearance]
DFL_APPEARANCE:subject:sunken narrow green eyes,深陷狹長的綠色眼睛,[REVIEWED:1][PROSE:appearance]
DFL_APPEARANCE:subject:slightly wide-set narrow green eyes,間距略寬且狹長的綠色眼睛,[REVIEWED:1][PROSE:appearance]
DFL_APPEARANCE:subject:green-yellow hair,黃綠色頭髮,[REVIEWED:1][PROSE:appearance]
DFL_APPEARANCE:predicate:hair:green-yellow,呈黃綠色,[REVIEWED:1][PROSE:appearance]
DFL_APPEARANCE:subject:green-yellow beard,黃綠色鬍鬚,[REVIEWED:1][PROSE:appearance]
DFL_APPEARANCE:predicate:beard:green-yellow,呈黃綠色,[REVIEWED:1][PROSE:appearance]
DFL_APPEARANCE:subject:green-yellow moustache,黃綠色髭鬚,[REVIEWED:1][PROSE:appearance]
DFL_APPEARANCE:predicate:moustache:green-yellow,呈黃綠色,[REVIEWED:1][PROSE:appearance]
DFL_APPEARANCE:subject:green-yellow sideburns,黃綠色鬢角,[REVIEWED:1][PROSE:appearance]
DFL_APPEARANCE:predicate:sideburns:green-yellow,呈黃綠色,[REVIEWED:1][PROSE:appearance]
DFL_APPEARANCE:subject:green-yellow eyes,黃綠色眼睛,[REVIEWED:1][PROSE:appearance]
DFL_APPEARANCE:predicate:eyes:green-yellow,呈黃綠色,[REVIEWED:1][PROSE:appearance]
DFL_APPEARANCE:subject:green-yellow skin,黃綠色皮膚,[REVIEWED:1][PROSE:appearance]
DFL_APPEARANCE:predicate:skin:green-yellow,呈黃綠色,[REVIEWED:1][PROSE:appearance]
DFL_APPEARANCE:subject:slightly close-set green-yellow eyes,間距略窄的黃綠色眼睛,[REVIEWED:1][PROSE:appearance]
DFL_APPEARANCE:subject:sunken narrow green-yellow eyes,深陷狹長的黃綠色眼睛,[REVIEWED:1][PROSE:appearance]
DFL_APPEARANCE:subject:slightly wide-set narrow green-yellow eyes,間距略寬且狹長的黃綠色眼睛,[REVIEWED:1][PROSE:appearance]
DFL_APPEARANCE:subject:heliotrope hair,纈草紫頭髮,[REVIEWED:1][PROSE:appearance]
DFL_APPEARANCE:predicate:hair:heliotrope,呈纈草紫,[REVIEWED:1][PROSE:appearance]
DFL_APPEARANCE:subject:heliotrope beard,纈草紫鬍鬚,[REVIEWED:1][PROSE:appearance]
DFL_APPEARANCE:predicate:beard:heliotrope,呈纈草紫,[REVIEWED:1][PROSE:appearance]
DFL_APPEARANCE:subject:heliotrope moustache,纈草紫髭鬚,[REVIEWED:1][PROSE:appearance]
DFL_APPEARANCE:predicate:moustache:heliotrope,呈纈草紫,[REVIEWED:1][PROSE:appearance]
DFL_APPEARANCE:subject:heliotrope sideburns,纈草紫鬢角,[REVIEWED:1][PROSE:appearance]
DFL_APPEARANCE:predicate:sideburns:heliotrope,呈纈草紫,[REVIEWED:1][PROSE:appearance]
DFL_APPEARANCE:subject:heliotrope eyes,纈草紫眼睛,[REVIEWED:1][PROSE:appearance]
DFL_APPEARANCE:predicate:eyes:heliotrope,呈纈草紫,[REVIEWED:1][PROSE:appearance]
DFL_APPEARANCE:subject:heliotrope skin,纈草紫皮膚,[REVIEWED:1][PROSE:appearance]
DFL_APPEARANCE:predicate:skin:heliotrope,呈纈草紫,[REVIEWED:1][PROSE:appearance]
DFL_APPEARANCE:subject:slightly close-set heliotrope eyes,間距略窄的纈草紫眼睛,[REVIEWED:1][PROSE:appearance]
DFL_APPEARANCE:subject:sunken narrow heliotrope eyes,深陷狹長的纈草紫眼睛,[REVIEWED:1][PROSE:appearance]
DFL_APPEARANCE:subject:slightly wide-set narrow heliotrope eyes,間距略寬且狹長的纈草紫眼睛,[REVIEWED:1][PROSE:appearance]
DFL_APPEARANCE:subject:indigo hair,靛青色頭髮,[REVIEWED:1][PROSE:appearance]
DFL_APPEARANCE:predicate:hair:indigo,呈靛青色,[REVIEWED:1][PROSE:appearance]
DFL_APPEARANCE:subject:indigo beard,靛青色鬍鬚,[REVIEWED:1][PROSE:appearance]
DFL_APPEARANCE:predicate:beard:indigo,呈靛青色,[REVIEWED:1][PROSE:appearance]
DFL_APPEARANCE:subject:indigo moustache,靛青色髭鬚,[REVIEWED:1][PROSE:appearance]
DFL_APPEARANCE:predicate:moustache:indigo,呈靛青色,[REVIEWED:1][PROSE:appearance]
DFL_APPEARANCE:subject:indigo sideburns,靛青色鬢角,[REVIEWED:1][PROSE:appearance]
DFL_APPEARANCE:predicate:sideburns:indigo,呈靛青色,[REVIEWED:1][PROSE:appearance]
DFL_APPEARANCE:subject:indigo eyes,靛青色眼睛,[REVIEWED:1][PROSE:appearance]
DFL_APPEARANCE:predicate:eyes:indigo,呈靛青色,[REVIEWED:1][PROSE:appearance]
DFL_APPEARANCE:subject:indigo skin,靛青色皮膚,[REVIEWED:1][PROSE:appearance]
DFL_APPEARANCE:predicate:skin:indigo,呈靛青色,[REVIEWED:1][PROSE:appearance]
DFL_APPEARANCE:subject:slightly close-set indigo eyes,間距略窄的靛青色眼睛,[REVIEWED:1][PROSE:appearance]
DFL_APPEARANCE:subject:sunken narrow indigo eyes,深陷狹長的靛青色眼睛,[REVIEWED:1][PROSE:appearance]
DFL_APPEARANCE:subject:slightly wide-set narrow indigo eyes,間距略寬且狹長的靛青色眼睛,[REVIEWED:1][PROSE:appearance]
DFL_APPEARANCE:subject:ivory hair,象牙色頭髮,[REVIEWED:1][PROSE:appearance]
DFL_APPEARANCE:predicate:hair:ivory,呈象牙色,[REVIEWED:1][PROSE:appearance]
DFL_APPEARANCE:subject:ivory beard,象牙色鬍鬚,[REVIEWED:1][PROSE:appearance]
DFL_APPEARANCE:predicate:beard:ivory,呈象牙色,[REVIEWED:1][PROSE:appearance]
DFL_APPEARANCE:subject:ivory moustache,象牙色髭鬚,[REVIEWED:1][PROSE:appearance]
DFL_APPEARANCE:predicate:moustache:ivory,呈象牙色,[REVIEWED:1][PROSE:appearance]
DFL_APPEARANCE:subject:ivory sideburns,象牙色鬢角,[REVIEWED:1][PROSE:appearance]
DFL_APPEARANCE:predicate:sideburns:ivory,呈象牙色,[REVIEWED:1][PROSE:appearance]
DFL_APPEARANCE:subject:ivory eyes,象牙色眼睛,[REVIEWED:1][PROSE:appearance]
DFL_APPEARANCE:predicate:eyes:ivory,呈象牙色,[REVIEWED:1][PROSE:appearance]
DFL_APPEARANCE:subject:ivory skin,象牙色皮膚,[REVIEWED:1][PROSE:appearance]
DFL_APPEARANCE:predicate:skin:ivory,呈象牙色,[REVIEWED:1][PROSE:appearance]
DFL_APPEARANCE:subject:slightly close-set ivory eyes,間距略窄的象牙色眼睛,[REVIEWED:1][PROSE:appearance]
DFL_APPEARANCE:subject:sunken narrow ivory eyes,深陷狹長的象牙色眼睛,[REVIEWED:1][PROSE:appearance]
DFL_APPEARANCE:subject:slightly wide-set narrow ivory eyes,間距略寬且狹長的象牙色眼睛,[REVIEWED:1][PROSE:appearance]
DFL_APPEARANCE:subject:jade hair,翡翠色頭髮,[REVIEWED:1][PROSE:appearance]
DFL_APPEARANCE:predicate:hair:jade,呈翡翠色,[REVIEWED:1][PROSE:appearance]
DFL_APPEARANCE:subject:jade beard,翡翠色鬍鬚,[REVIEWED:1][PROSE:appearance]
DFL_APPEARANCE:predicate:beard:jade,呈翡翠色,[REVIEWED:1][PROSE:appearance]
DFL_APPEARANCE:subject:jade moustache,翡翠色髭鬚,[REVIEWED:1][PROSE:appearance]
DFL_APPEARANCE:predicate:moustache:jade,呈翡翠色,[REVIEWED:1][PROSE:appearance]
DFL_APPEARANCE:subject:jade sideburns,翡翠色鬢角,[REVIEWED:1][PROSE:appearance]
DFL_APPEARANCE:predicate:sideburns:jade,呈翡翠色,[REVIEWED:1][PROSE:appearance]
DFL_APPEARANCE:subject:jade eyes,翡翠色眼睛,[REVIEWED:1][PROSE:appearance]
DFL_APPEARANCE:predicate:eyes:jade,呈翡翠色,[REVIEWED:1][PROSE:appearance]
DFL_APPEARANCE:subject:jade skin,翡翠色皮膚,[REVIEWED:1][PROSE:appearance]
DFL_APPEARANCE:predicate:skin:jade,呈翡翠色,[REVIEWED:1][PROSE:appearance]
DFL_APPEARANCE:subject:slightly close-set jade eyes,間距略窄的翡翠色眼睛,[REVIEWED:1][PROSE:appearance]
DFL_APPEARANCE:subject:sunken narrow jade eyes,深陷狹長的翡翠色眼睛,[REVIEWED:1][PROSE:appearance]
DFL_APPEARANCE:subject:slightly wide-set narrow jade eyes,間距略寬且狹長的翡翠色眼睛,[REVIEWED:1][PROSE:appearance]
DFL_APPEARANCE:subject:lavender hair,薰衣草色頭髮,[REVIEWED:1][PROSE:appearance]
DFL_APPEARANCE:predicate:hair:lavender,呈薰衣草色,[REVIEWED:1][PROSE:appearance]
DFL_APPEARANCE:subject:lavender beard,薰衣草色鬍鬚,[REVIEWED:1][PROSE:appearance]
DFL_APPEARANCE:predicate:beard:lavender,呈薰衣草色,[REVIEWED:1][PROSE:appearance]
DFL_APPEARANCE:subject:lavender moustache,薰衣草色髭鬚,[REVIEWED:1][PROSE:appearance]
DFL_APPEARANCE:predicate:moustache:lavender,呈薰衣草色,[REVIEWED:1][PROSE:appearance]
DFL_APPEARANCE:subject:lavender sideburns,薰衣草色鬢角,[REVIEWED:1][PROSE:appearance]
DFL_APPEARANCE:predicate:sideburns:lavender,呈薰衣草色,[REVIEWED:1][PROSE:appearance]
DFL_APPEARANCE:subject:lavender eyes,薰衣草色眼睛,[REVIEWED:1][PROSE:appearance]
DFL_APPEARANCE:predicate:eyes:lavender,呈薰衣草色,[REVIEWED:1][PROSE:appearance]
DFL_APPEARANCE:subject:lavender skin,薰衣草色皮膚,[REVIEWED:1][PROSE:appearance]
DFL_APPEARANCE:predicate:skin:lavender,呈薰衣草色,[REVIEWED:1][PROSE:appearance]
DFL_APPEARANCE:subject:slightly close-set lavender eyes,間距略窄的薰衣草色眼睛,[REVIEWED:1][PROSE:appearance]
DFL_APPEARANCE:subject:sunken narrow lavender eyes,深陷狹長的薰衣草色眼睛,[REVIEWED:1][PROSE:appearance]
DFL_APPEARANCE:subject:slightly wide-set narrow lavender eyes,間距略寬且狹長的薰衣草色眼睛,[REVIEWED:1][PROSE:appearance]
DFL_APPEARANCE:subject:lavender blush hair,薰衣草粉頭髮,[REVIEWED:1][PROSE:appearance]
DFL_APPEARANCE:predicate:hair:lavender blush,呈薰衣草粉,[REVIEWED:1][PROSE:appearance]
DFL_APPEARANCE:subject:lavender blush beard,薰衣草粉鬍鬚,[REVIEWED:1][PROSE:appearance]
DFL_APPEARANCE:predicate:beard:lavender blush,呈薰衣草粉,[REVIEWED:1][PROSE:appearance]
DFL_APPEARANCE:subject:lavender blush moustache,薰衣草粉髭鬚,[REVIEWED:1][PROSE:appearance]
DFL_APPEARANCE:predicate:moustache:lavender blush,呈薰衣草粉,[REVIEWED:1][PROSE:appearance]
DFL_APPEARANCE:subject:lavender blush sideburns,薰衣草粉鬢角,[REVIEWED:1][PROSE:appearance]
DFL_APPEARANCE:predicate:sideburns:lavender blush,呈薰衣草粉,[REVIEWED:1][PROSE:appearance]
DFL_APPEARANCE:subject:lavender blush eyes,薰衣草粉眼睛,[REVIEWED:1][PROSE:appearance]
DFL_APPEARANCE:predicate:eyes:lavender blush,呈薰衣草粉,[REVIEWED:1][PROSE:appearance]
DFL_APPEARANCE:subject:lavender blush skin,薰衣草粉皮膚,[REVIEWED:1][PROSE:appearance]
DFL_APPEARANCE:predicate:skin:lavender blush,呈薰衣草粉,[REVIEWED:1][PROSE:appearance]
DFL_APPEARANCE:subject:slightly close-set lavender blush eyes,間距略窄的薰衣草粉眼睛,[REVIEWED:1][PROSE:appearance]
DFL_APPEARANCE:subject:sunken narrow lavender blush eyes,深陷狹長的薰衣草粉眼睛,[REVIEWED:1][PROSE:appearance]
DFL_APPEARANCE:subject:slightly wide-set narrow lavender blush eyes,間距略寬且狹長的薰衣草粉眼睛,[REVIEWED:1][PROSE:appearance]
DFL_APPEARANCE:subject:leaf green hair,葉綠色頭髮,[REVIEWED:1][PROSE:appearance]
DFL_APPEARANCE:predicate:hair:leaf green,呈葉綠色,[REVIEWED:1][PROSE:appearance]
DFL_APPEARANCE:subject:leaf green beard,葉綠色鬍鬚,[REVIEWED:1][PROSE:appearance]
DFL_APPEARANCE:predicate:beard:leaf green,呈葉綠色,[REVIEWED:1][PROSE:appearance]
DFL_APPEARANCE:subject:leaf green moustache,葉綠色髭鬚,[REVIEWED:1][PROSE:appearance]
DFL_APPEARANCE:predicate:moustache:leaf green,呈葉綠色,[REVIEWED:1][PROSE:appearance]
DFL_APPEARANCE:subject:leaf green sideburns,葉綠色鬢角,[REVIEWED:1][PROSE:appearance]
DFL_APPEARANCE:predicate:sideburns:leaf green,呈葉綠色,[REVIEWED:1][PROSE:appearance]
DFL_APPEARANCE:subject:leaf green eyes,葉綠色眼睛,[REVIEWED:1][PROSE:appearance]
DFL_APPEARANCE:predicate:eyes:leaf green,呈葉綠色,[REVIEWED:1][PROSE:appearance]
DFL_APPEARANCE:subject:leaf green skin,葉綠色皮膚,[REVIEWED:1][PROSE:appearance]
DFL_APPEARANCE:predicate:skin:leaf green,呈葉綠色,[REVIEWED:1][PROSE:appearance]
DFL_APPEARANCE:subject:slightly close-set leaf green eyes,間距略窄的葉綠色眼睛,[REVIEWED:1][PROSE:appearance]
DFL_APPEARANCE:subject:sunken narrow leaf green eyes,深陷狹長的葉綠色眼睛,[REVIEWED:1][PROSE:appearance]
DFL_APPEARANCE:subject:slightly wide-set narrow leaf green eyes,間距略寬且狹長的葉綠色眼睛,[REVIEWED:1][PROSE:appearance]
DFL_APPEARANCE:subject:lemon hair,檸檬黃頭髮,[REVIEWED:1][PROSE:appearance]
DFL_APPEARANCE:predicate:hair:lemon,呈檸檬黃,[REVIEWED:1][PROSE:appearance]
DFL_APPEARANCE:subject:lemon beard,檸檬黃鬍鬚,[REVIEWED:1][PROSE:appearance]
DFL_APPEARANCE:predicate:beard:lemon,呈檸檬黃,[REVIEWED:1][PROSE:appearance]
DFL_APPEARANCE:subject:lemon moustache,檸檬黃髭鬚,[REVIEWED:1][PROSE:appearance]
DFL_APPEARANCE:predicate:moustache:lemon,呈檸檬黃,[REVIEWED:1][PROSE:appearance]
DFL_APPEARANCE:subject:lemon sideburns,檸檬黃鬢角,[REVIEWED:1][PROSE:appearance]
DFL_APPEARANCE:predicate:sideburns:lemon,呈檸檬黃,[REVIEWED:1][PROSE:appearance]
DFL_APPEARANCE:subject:lemon eyes,檸檬黃眼睛,[REVIEWED:1][PROSE:appearance]
DFL_APPEARANCE:predicate:eyes:lemon,呈檸檬黃,[REVIEWED:1][PROSE:appearance]
DFL_APPEARANCE:subject:lemon skin,檸檬黃皮膚,[REVIEWED:1][PROSE:appearance]
DFL_APPEARANCE:predicate:skin:lemon,呈檸檬黃,[REVIEWED:1][PROSE:appearance]
DFL_APPEARANCE:subject:slightly close-set lemon eyes,間距略窄的檸檬黃眼睛,[REVIEWED:1][PROSE:appearance]
DFL_APPEARANCE:subject:sunken narrow lemon eyes,深陷狹長的檸檬黃眼睛,[REVIEWED:1][PROSE:appearance]
DFL_APPEARANCE:subject:slightly wide-set narrow lemon eyes,間距略寬且狹長的檸檬黃眼睛,[REVIEWED:1][PROSE:appearance]
DFL_APPEARANCE:subject:light blue hair,淺藍色頭髮,[REVIEWED:1][PROSE:appearance]
DFL_APPEARANCE:predicate:hair:light blue,呈淺藍色,[REVIEWED:1][PROSE:appearance]
DFL_APPEARANCE:subject:light blue beard,淺藍色鬍鬚,[REVIEWED:1][PROSE:appearance]
DFL_APPEARANCE:predicate:beard:light blue,呈淺藍色,[REVIEWED:1][PROSE:appearance]
DFL_APPEARANCE:subject:light blue moustache,淺藍色髭鬚,[REVIEWED:1][PROSE:appearance]
DFL_APPEARANCE:predicate:moustache:light blue,呈淺藍色,[REVIEWED:1][PROSE:appearance]
DFL_APPEARANCE:subject:light blue sideburns,淺藍色鬢角,[REVIEWED:1][PROSE:appearance]
DFL_APPEARANCE:predicate:sideburns:light blue,呈淺藍色,[REVIEWED:1][PROSE:appearance]
DFL_APPEARANCE:subject:light blue eyes,淺藍色眼睛,[REVIEWED:1][PROSE:appearance]
DFL_APPEARANCE:predicate:eyes:light blue,呈淺藍色,[REVIEWED:1][PROSE:appearance]
DFL_APPEARANCE:subject:light blue skin,淺藍色皮膚,[REVIEWED:1][PROSE:appearance]
DFL_APPEARANCE:predicate:skin:light blue,呈淺藍色,[REVIEWED:1][PROSE:appearance]
DFL_APPEARANCE:subject:slightly close-set light blue eyes,間距略窄的淺藍色眼睛,[REVIEWED:1][PROSE:appearance]
DFL_APPEARANCE:subject:sunken narrow light blue eyes,深陷狹長的淺藍色眼睛,[REVIEWED:1][PROSE:appearance]
DFL_APPEARANCE:subject:slightly wide-set narrow light blue eyes,間距略寬且狹長的淺藍色眼睛,[REVIEWED:1][PROSE:appearance]
DFL_APPEARANCE:subject:light brown hair,淺棕色頭髮,[REVIEWED:1][PROSE:appearance]
DFL_APPEARANCE:predicate:hair:light brown,呈淺棕色,[REVIEWED:1][PROSE:appearance]
DFL_APPEARANCE:subject:light brown beard,淺棕色鬍鬚,[REVIEWED:1][PROSE:appearance]
DFL_APPEARANCE:predicate:beard:light brown,呈淺棕色,[REVIEWED:1][PROSE:appearance]
DFL_APPEARANCE:subject:light brown moustache,淺棕色髭鬚,[REVIEWED:1][PROSE:appearance]
DFL_APPEARANCE:predicate:moustache:light brown,呈淺棕色,[REVIEWED:1][PROSE:appearance]
DFL_APPEARANCE:subject:light brown sideburns,淺棕色鬢角,[REVIEWED:1][PROSE:appearance]
DFL_APPEARANCE:predicate:sideburns:light brown,呈淺棕色,[REVIEWED:1][PROSE:appearance]
DFL_APPEARANCE:subject:light brown eyes,淺棕色眼睛,[REVIEWED:1][PROSE:appearance]
DFL_APPEARANCE:predicate:eyes:light brown,呈淺棕色,[REVIEWED:1][PROSE:appearance]
DFL_APPEARANCE:subject:light brown skin,淺棕色皮膚,[REVIEWED:1][PROSE:appearance]
DFL_APPEARANCE:predicate:skin:light brown,呈淺棕色,[REVIEWED:1][PROSE:appearance]
DFL_APPEARANCE:subject:slightly close-set light brown eyes,間距略窄的淺棕色眼睛,[REVIEWED:1][PROSE:appearance]
DFL_APPEARANCE:subject:sunken narrow light brown eyes,深陷狹長的淺棕色眼睛,[REVIEWED:1][PROSE:appearance]
DFL_APPEARANCE:subject:slightly wide-set narrow light brown eyes,間距略寬且狹長的淺棕色眼睛,[REVIEWED:1][PROSE:appearance]
DFL_APPEARANCE:subject:lilac hair,丁香紫頭髮,[REVIEWED:1][PROSE:appearance]
DFL_APPEARANCE:predicate:hair:lilac,呈丁香紫,[REVIEWED:1][PROSE:appearance]
DFL_APPEARANCE:subject:lilac beard,丁香紫鬍鬚,[REVIEWED:1][PROSE:appearance]
DFL_APPEARANCE:predicate:beard:lilac,呈丁香紫,[REVIEWED:1][PROSE:appearance]
DFL_APPEARANCE:subject:lilac moustache,丁香紫髭鬚,[REVIEWED:1][PROSE:appearance]
DFL_APPEARANCE:predicate:moustache:lilac,呈丁香紫,[REVIEWED:1][PROSE:appearance]
DFL_APPEARANCE:subject:lilac sideburns,丁香紫鬢角,[REVIEWED:1][PROSE:appearance]
DFL_APPEARANCE:predicate:sideburns:lilac,呈丁香紫,[REVIEWED:1][PROSE:appearance]
DFL_APPEARANCE:subject:lilac eyes,丁香紫眼睛,[REVIEWED:1][PROSE:appearance]
DFL_APPEARANCE:predicate:eyes:lilac,呈丁香紫,[REVIEWED:1][PROSE:appearance]
DFL_APPEARANCE:subject:lilac skin,丁香紫皮膚,[REVIEWED:1][PROSE:appearance]
DFL_APPEARANCE:predicate:skin:lilac,呈丁香紫,[REVIEWED:1][PROSE:appearance]
DFL_APPEARANCE:subject:slightly close-set lilac eyes,間距略窄的丁香紫眼睛,[REVIEWED:1][PROSE:appearance]
DFL_APPEARANCE:subject:sunken narrow lilac eyes,深陷狹長的丁香紫眼睛,[REVIEWED:1][PROSE:appearance]
DFL_APPEARANCE:subject:slightly wide-set narrow lilac eyes,間距略寬且狹長的丁香紫眼睛,[REVIEWED:1][PROSE:appearance]
DFL_APPEARANCE:subject:lime hair,酸橙綠頭髮,[REVIEWED:1][PROSE:appearance]
DFL_APPEARANCE:predicate:hair:lime,呈酸橙綠,[REVIEWED:1][PROSE:appearance]
DFL_APPEARANCE:subject:lime beard,酸橙綠鬍鬚,[REVIEWED:1][PROSE:appearance]
DFL_APPEARANCE:predicate:beard:lime,呈酸橙綠,[REVIEWED:1][PROSE:appearance]
DFL_APPEARANCE:subject:lime moustache,酸橙綠髭鬚,[REVIEWED:1][PROSE:appearance]
DFL_APPEARANCE:predicate:moustache:lime,呈酸橙綠,[REVIEWED:1][PROSE:appearance]
DFL_APPEARANCE:subject:lime sideburns,酸橙綠鬢角,[REVIEWED:1][PROSE:appearance]
DFL_APPEARANCE:predicate:sideburns:lime,呈酸橙綠,[REVIEWED:1][PROSE:appearance]
DFL_APPEARANCE:subject:lime eyes,酸橙綠眼睛,[REVIEWED:1][PROSE:appearance]
DFL_APPEARANCE:predicate:eyes:lime,呈酸橙綠,[REVIEWED:1][PROSE:appearance]
DFL_APPEARANCE:subject:lime skin,酸橙綠皮膚,[REVIEWED:1][PROSE:appearance]
DFL_APPEARANCE:predicate:skin:lime,呈酸橙綠,[REVIEWED:1][PROSE:appearance]
DFL_APPEARANCE:subject:slightly close-set lime eyes,間距略窄的酸橙綠眼睛,[REVIEWED:1][PROSE:appearance]
DFL_APPEARANCE:subject:sunken narrow lime eyes,深陷狹長的酸橙綠眼睛,[REVIEWED:1][PROSE:appearance]
DFL_APPEARANCE:subject:slightly wide-set narrow lime eyes,間距略寬且狹長的酸橙綠眼睛,[REVIEWED:1][PROSE:appearance]
DFL_APPEARANCE:subject:mahogany hair,桃花心木色頭髮,[REVIEWED:1][PROSE:appearance]
DFL_APPEARANCE:predicate:hair:mahogany,呈桃花心木色,[REVIEWED:1][PROSE:appearance]
DFL_APPEARANCE:subject:mahogany beard,桃花心木色鬍鬚,[REVIEWED:1][PROSE:appearance]
DFL_APPEARANCE:predicate:beard:mahogany,呈桃花心木色,[REVIEWED:1][PROSE:appearance]
DFL_APPEARANCE:subject:mahogany moustache,桃花心木色髭鬚,[REVIEWED:1][PROSE:appearance]
DFL_APPEARANCE:predicate:moustache:mahogany,呈桃花心木色,[REVIEWED:1][PROSE:appearance]
DFL_APPEARANCE:subject:mahogany sideburns,桃花心木色鬢角,[REVIEWED:1][PROSE:appearance]
DFL_APPEARANCE:predicate:sideburns:mahogany,呈桃花心木色,[REVIEWED:1][PROSE:appearance]
DFL_APPEARANCE:subject:mahogany eyes,桃花心木色眼睛,[REVIEWED:1][PROSE:appearance]
DFL_APPEARANCE:predicate:eyes:mahogany,呈桃花心木色,[REVIEWED:1][PROSE:appearance]
DFL_APPEARANCE:subject:mahogany skin,桃花心木色皮膚,[REVIEWED:1][PROSE:appearance]
DFL_APPEARANCE:predicate:skin:mahogany,呈桃花心木色,[REVIEWED:1][PROSE:appearance]
DFL_APPEARANCE:subject:slightly close-set mahogany eyes,間距略窄的桃花心木色眼睛,[REVIEWED:1][PROSE:appearance]
DFL_APPEARANCE:subject:sunken narrow mahogany eyes,深陷狹長的桃花心木色眼睛,[REVIEWED:1][PROSE:appearance]
DFL_APPEARANCE:subject:slightly wide-set narrow mahogany eyes,間距略寬且狹長的桃花心木色眼睛,[REVIEWED:1][PROSE:appearance]
DFL_APPEARANCE:subject:maroon hair,栗紅色頭髮,[REVIEWED:1][PROSE:appearance]
DFL_APPEARANCE:predicate:hair:maroon,呈栗紅色,[REVIEWED:1][PROSE:appearance]
DFL_APPEARANCE:subject:maroon beard,栗紅色鬍鬚,[REVIEWED:1][PROSE:appearance]
DFL_APPEARANCE:predicate:beard:maroon,呈栗紅色,[REVIEWED:1][PROSE:appearance]
DFL_APPEARANCE:subject:maroon moustache,栗紅色髭鬚,[REVIEWED:1][PROSE:appearance]
DFL_APPEARANCE:predicate:moustache:maroon,呈栗紅色,[REVIEWED:1][PROSE:appearance]
DFL_APPEARANCE:subject:maroon sideburns,栗紅色鬢角,[REVIEWED:1][PROSE:appearance]
DFL_APPEARANCE:predicate:sideburns:maroon,呈栗紅色,[REVIEWED:1][PROSE:appearance]
DFL_APPEARANCE:subject:maroon eyes,栗紅色眼睛,[REVIEWED:1][PROSE:appearance]
DFL_APPEARANCE:predicate:eyes:maroon,呈栗紅色,[REVIEWED:1][PROSE:appearance]
DFL_APPEARANCE:subject:maroon skin,栗紅色皮膚,[REVIEWED:1][PROSE:appearance]
DFL_APPEARANCE:predicate:skin:maroon,呈栗紅色,[REVIEWED:1][PROSE:appearance]
DFL_APPEARANCE:subject:slightly close-set maroon eyes,間距略窄的栗紅色眼睛,[REVIEWED:1][PROSE:appearance]
DFL_APPEARANCE:subject:sunken narrow maroon eyes,深陷狹長的栗紅色眼睛,[REVIEWED:1][PROSE:appearance]
DFL_APPEARANCE:subject:slightly wide-set narrow maroon eyes,間距略寬且狹長的栗紅色眼睛,[REVIEWED:1][PROSE:appearance]
DFL_APPEARANCE:subject:mauve hair,淡紫色頭髮,[REVIEWED:1][PROSE:appearance]
DFL_APPEARANCE:predicate:hair:mauve,呈淡紫色,[REVIEWED:1][PROSE:appearance]
DFL_APPEARANCE:subject:mauve beard,淡紫色鬍鬚,[REVIEWED:1][PROSE:appearance]
DFL_APPEARANCE:predicate:beard:mauve,呈淡紫色,[REVIEWED:1][PROSE:appearance]
DFL_APPEARANCE:subject:mauve moustache,淡紫色髭鬚,[REVIEWED:1][PROSE:appearance]
DFL_APPEARANCE:predicate:moustache:mauve,呈淡紫色,[REVIEWED:1][PROSE:appearance]
DFL_APPEARANCE:subject:mauve sideburns,淡紫色鬢角,[REVIEWED:1][PROSE:appearance]
DFL_APPEARANCE:predicate:sideburns:mauve,呈淡紫色,[REVIEWED:1][PROSE:appearance]
DFL_APPEARANCE:subject:mauve eyes,淡紫色眼睛,[REVIEWED:1][PROSE:appearance]
DFL_APPEARANCE:predicate:eyes:mauve,呈淡紫色,[REVIEWED:1][PROSE:appearance]
DFL_APPEARANCE:subject:mauve skin,淡紫色皮膚,[REVIEWED:1][PROSE:appearance]
DFL_APPEARANCE:predicate:skin:mauve,呈淡紫色,[REVIEWED:1][PROSE:appearance]
DFL_APPEARANCE:subject:slightly close-set mauve eyes,間距略窄的淡紫色眼睛,[REVIEWED:1][PROSE:appearance]
DFL_APPEARANCE:subject:sunken narrow mauve eyes,深陷狹長的淡紫色眼睛,[REVIEWED:1][PROSE:appearance]
DFL_APPEARANCE:subject:slightly wide-set narrow mauve eyes,間距略寬且狹長的淡紫色眼睛,[REVIEWED:1][PROSE:appearance]
DFL_APPEARANCE:subject:mauve taupe hair,灰紫褐色頭髮,[REVIEWED:1][PROSE:appearance]
DFL_APPEARANCE:predicate:hair:mauve taupe,呈灰紫褐色,[REVIEWED:1][PROSE:appearance]
DFL_APPEARANCE:subject:mauve taupe beard,灰紫褐色鬍鬚,[REVIEWED:1][PROSE:appearance]
DFL_APPEARANCE:predicate:beard:mauve taupe,呈灰紫褐色,[REVIEWED:1][PROSE:appearance]
DFL_APPEARANCE:subject:mauve taupe moustache,灰紫褐色髭鬚,[REVIEWED:1][PROSE:appearance]
DFL_APPEARANCE:predicate:moustache:mauve taupe,呈灰紫褐色,[REVIEWED:1][PROSE:appearance]
DFL_APPEARANCE:subject:mauve taupe sideburns,灰紫褐色鬢角,[REVIEWED:1][PROSE:appearance]
DFL_APPEARANCE:predicate:sideburns:mauve taupe,呈灰紫褐色,[REVIEWED:1][PROSE:appearance]
DFL_APPEARANCE:subject:mauve taupe eyes,灰紫褐色眼睛,[REVIEWED:1][PROSE:appearance]
DFL_APPEARANCE:predicate:eyes:mauve taupe,呈灰紫褐色,[REVIEWED:1][PROSE:appearance]
DFL_APPEARANCE:subject:mauve taupe skin,灰紫褐色皮膚,[REVIEWED:1][PROSE:appearance]
DFL_APPEARANCE:predicate:skin:mauve taupe,呈灰紫褐色,[REVIEWED:1][PROSE:appearance]
DFL_APPEARANCE:subject:slightly close-set mauve taupe eyes,間距略窄的灰紫褐色眼睛,[REVIEWED:1][PROSE:appearance]
DFL_APPEARANCE:subject:sunken narrow mauve taupe eyes,深陷狹長的灰紫褐色眼睛,[REVIEWED:1][PROSE:appearance]
DFL_APPEARANCE:subject:slightly wide-set narrow mauve taupe eyes,間距略寬且狹長的灰紫褐色眼睛,[REVIEWED:1][PROSE:appearance]
DFL_APPEARANCE:subject:midnight blue hair,午夜藍頭髮,[REVIEWED:1][PROSE:appearance]
DFL_APPEARANCE:predicate:hair:midnight blue,呈午夜藍,[REVIEWED:1][PROSE:appearance]
DFL_APPEARANCE:subject:midnight blue beard,午夜藍鬍鬚,[REVIEWED:1][PROSE:appearance]
DFL_APPEARANCE:predicate:beard:midnight blue,呈午夜藍,[REVIEWED:1][PROSE:appearance]
DFL_APPEARANCE:subject:midnight blue moustache,午夜藍髭鬚,[REVIEWED:1][PROSE:appearance]
DFL_APPEARANCE:predicate:moustache:midnight blue,呈午夜藍,[REVIEWED:1][PROSE:appearance]
DFL_APPEARANCE:subject:midnight blue sideburns,午夜藍鬢角,[REVIEWED:1][PROSE:appearance]
DFL_APPEARANCE:predicate:sideburns:midnight blue,呈午夜藍,[REVIEWED:1][PROSE:appearance]
DFL_APPEARANCE:subject:midnight blue eyes,午夜藍眼睛,[REVIEWED:1][PROSE:appearance]
DFL_APPEARANCE:predicate:eyes:midnight blue,呈午夜藍,[REVIEWED:1][PROSE:appearance]
DFL_APPEARANCE:subject:midnight blue skin,午夜藍皮膚,[REVIEWED:1][PROSE:appearance]
DFL_APPEARANCE:predicate:skin:midnight blue,呈午夜藍,[REVIEWED:1][PROSE:appearance]
DFL_APPEARANCE:subject:slightly close-set midnight blue eyes,間距略窄的午夜藍眼睛,[REVIEWED:1][PROSE:appearance]
DFL_APPEARANCE:subject:sunken narrow midnight blue eyes,深陷狹長的午夜藍眼睛,[REVIEWED:1][PROSE:appearance]
DFL_APPEARANCE:subject:slightly wide-set narrow midnight blue eyes,間距略寬且狹長的午夜藍眼睛,[REVIEWED:1][PROSE:appearance]
DFL_APPEARANCE:subject:mint green hair,薄荷綠頭髮,[REVIEWED:1][PROSE:appearance]
DFL_APPEARANCE:predicate:hair:mint green,呈薄荷綠,[REVIEWED:1][PROSE:appearance]
DFL_APPEARANCE:subject:mint green beard,薄荷綠鬍鬚,[REVIEWED:1][PROSE:appearance]
DFL_APPEARANCE:predicate:beard:mint green,呈薄荷綠,[REVIEWED:1][PROSE:appearance]
DFL_APPEARANCE:subject:mint green moustache,薄荷綠髭鬚,[REVIEWED:1][PROSE:appearance]
DFL_APPEARANCE:predicate:moustache:mint green,呈薄荷綠,[REVIEWED:1][PROSE:appearance]
DFL_APPEARANCE:subject:mint green sideburns,薄荷綠鬢角,[REVIEWED:1][PROSE:appearance]
DFL_APPEARANCE:predicate:sideburns:mint green,呈薄荷綠,[REVIEWED:1][PROSE:appearance]
DFL_APPEARANCE:subject:mint green eyes,薄荷綠眼睛,[REVIEWED:1][PROSE:appearance]
DFL_APPEARANCE:predicate:eyes:mint green,呈薄荷綠,[REVIEWED:1][PROSE:appearance]
DFL_APPEARANCE:subject:mint green skin,薄荷綠皮膚,[REVIEWED:1][PROSE:appearance]
DFL_APPEARANCE:predicate:skin:mint green,呈薄荷綠,[REVIEWED:1][PROSE:appearance]
DFL_APPEARANCE:subject:slightly close-set mint green eyes,間距略窄的薄荷綠眼睛,[REVIEWED:1][PROSE:appearance]
DFL_APPEARANCE:subject:sunken narrow mint green eyes,深陷狹長的薄荷綠眼睛,[REVIEWED:1][PROSE:appearance]
DFL_APPEARANCE:subject:slightly wide-set narrow mint green eyes,間距略寬且狹長的薄荷綠眼睛,[REVIEWED:1][PROSE:appearance]
DFL_APPEARANCE:subject:moss green hair,苔蘚綠頭髮,[REVIEWED:1][PROSE:appearance]
DFL_APPEARANCE:predicate:hair:moss green,呈苔蘚綠,[REVIEWED:1][PROSE:appearance]
DFL_APPEARANCE:subject:moss green beard,苔蘚綠鬍鬚,[REVIEWED:1][PROSE:appearance]
DFL_APPEARANCE:predicate:beard:moss green,呈苔蘚綠,[REVIEWED:1][PROSE:appearance]
DFL_APPEARANCE:subject:moss green moustache,苔蘚綠髭鬚,[REVIEWED:1][PROSE:appearance]
DFL_APPEARANCE:predicate:moustache:moss green,呈苔蘚綠,[REVIEWED:1][PROSE:appearance]
DFL_APPEARANCE:subject:moss green sideburns,苔蘚綠鬢角,[REVIEWED:1][PROSE:appearance]
DFL_APPEARANCE:predicate:sideburns:moss green,呈苔蘚綠,[REVIEWED:1][PROSE:appearance]
DFL_APPEARANCE:subject:moss green eyes,苔蘚綠眼睛,[REVIEWED:1][PROSE:appearance]
DFL_APPEARANCE:predicate:eyes:moss green,呈苔蘚綠,[REVIEWED:1][PROSE:appearance]
DFL_APPEARANCE:subject:moss green skin,苔蘚綠皮膚,[REVIEWED:1][PROSE:appearance]
DFL_APPEARANCE:predicate:skin:moss green,呈苔蘚綠,[REVIEWED:1][PROSE:appearance]
DFL_APPEARANCE:subject:slightly close-set moss green eyes,間距略窄的苔蘚綠眼睛,[REVIEWED:1][PROSE:appearance]
DFL_APPEARANCE:subject:sunken narrow moss green eyes,深陷狹長的苔蘚綠眼睛,[REVIEWED:1][PROSE:appearance]
DFL_APPEARANCE:subject:slightly wide-set narrow moss green eyes,間距略寬且狹長的苔蘚綠眼睛,[REVIEWED:1][PROSE:appearance]
DFL_APPEARANCE:subject:ochre hair,赭黃色頭髮,[REVIEWED:1][PROSE:appearance]
DFL_APPEARANCE:predicate:hair:ochre,呈赭黃色,[REVIEWED:1][PROSE:appearance]
DFL_APPEARANCE:subject:ochre beard,赭黃色鬍鬚,[REVIEWED:1][PROSE:appearance]
DFL_APPEARANCE:predicate:beard:ochre,呈赭黃色,[REVIEWED:1][PROSE:appearance]
DFL_APPEARANCE:subject:ochre moustache,赭黃色髭鬚,[REVIEWED:1][PROSE:appearance]
DFL_APPEARANCE:predicate:moustache:ochre,呈赭黃色,[REVIEWED:1][PROSE:appearance]
DFL_APPEARANCE:subject:ochre sideburns,赭黃色鬢角,[REVIEWED:1][PROSE:appearance]
DFL_APPEARANCE:predicate:sideburns:ochre,呈赭黃色,[REVIEWED:1][PROSE:appearance]
DFL_APPEARANCE:subject:ochre eyes,赭黃色眼睛,[REVIEWED:1][PROSE:appearance]
DFL_APPEARANCE:predicate:eyes:ochre,呈赭黃色,[REVIEWED:1][PROSE:appearance]
DFL_APPEARANCE:subject:ochre skin,赭黃色皮膚,[REVIEWED:1][PROSE:appearance]
DFL_APPEARANCE:predicate:skin:ochre,呈赭黃色,[REVIEWED:1][PROSE:appearance]
DFL_APPEARANCE:subject:slightly close-set ochre eyes,間距略窄的赭黃色眼睛,[REVIEWED:1][PROSE:appearance]
DFL_APPEARANCE:subject:sunken narrow ochre eyes,深陷狹長的赭黃色眼睛,[REVIEWED:1][PROSE:appearance]
DFL_APPEARANCE:subject:slightly wide-set narrow ochre eyes,間距略寬且狹長的赭黃色眼睛,[REVIEWED:1][PROSE:appearance]
DFL_APPEARANCE:subject:olive hair,橄欖色頭髮,[REVIEWED:1][PROSE:appearance]
DFL_APPEARANCE:predicate:hair:olive,呈橄欖色,[REVIEWED:1][PROSE:appearance]
DFL_APPEARANCE:subject:olive beard,橄欖色鬍鬚,[REVIEWED:1][PROSE:appearance]
DFL_APPEARANCE:predicate:beard:olive,呈橄欖色,[REVIEWED:1][PROSE:appearance]
DFL_APPEARANCE:subject:olive moustache,橄欖色髭鬚,[REVIEWED:1][PROSE:appearance]
DFL_APPEARANCE:predicate:moustache:olive,呈橄欖色,[REVIEWED:1][PROSE:appearance]
DFL_APPEARANCE:subject:olive sideburns,橄欖色鬢角,[REVIEWED:1][PROSE:appearance]
DFL_APPEARANCE:predicate:sideburns:olive,呈橄欖色,[REVIEWED:1][PROSE:appearance]
DFL_APPEARANCE:subject:olive eyes,橄欖色眼睛,[REVIEWED:1][PROSE:appearance]
DFL_APPEARANCE:predicate:eyes:olive,呈橄欖色,[REVIEWED:1][PROSE:appearance]
DFL_APPEARANCE:subject:olive skin,橄欖色皮膚,[REVIEWED:1][PROSE:appearance]
DFL_APPEARANCE:predicate:skin:olive,呈橄欖色,[REVIEWED:1][PROSE:appearance]
DFL_APPEARANCE:subject:slightly close-set olive eyes,間距略窄的橄欖色眼睛,[REVIEWED:1][PROSE:appearance]
DFL_APPEARANCE:subject:sunken narrow olive eyes,深陷狹長的橄欖色眼睛,[REVIEWED:1][PROSE:appearance]
DFL_APPEARANCE:subject:slightly wide-set narrow olive eyes,間距略寬且狹長的橄欖色眼睛,[REVIEWED:1][PROSE:appearance]
DFL_APPEARANCE:subject:orange hair,橙色頭髮,[REVIEWED:1][PROSE:appearance]
DFL_APPEARANCE:predicate:hair:orange,呈橙色,[REVIEWED:1][PROSE:appearance]
DFL_APPEARANCE:subject:orange beard,橙色鬍鬚,[REVIEWED:1][PROSE:appearance]
DFL_APPEARANCE:predicate:beard:orange,呈橙色,[REVIEWED:1][PROSE:appearance]
DFL_APPEARANCE:subject:orange moustache,橙色髭鬚,[REVIEWED:1][PROSE:appearance]
DFL_APPEARANCE:predicate:moustache:orange,呈橙色,[REVIEWED:1][PROSE:appearance]
DFL_APPEARANCE:subject:orange sideburns,橙色鬢角,[REVIEWED:1][PROSE:appearance]
DFL_APPEARANCE:predicate:sideburns:orange,呈橙色,[REVIEWED:1][PROSE:appearance]
DFL_APPEARANCE:subject:orange eyes,橙色眼睛,[REVIEWED:1][PROSE:appearance]
DFL_APPEARANCE:predicate:eyes:orange,呈橙色,[REVIEWED:1][PROSE:appearance]
DFL_APPEARANCE:subject:orange skin,橙色皮膚,[REVIEWED:1][PROSE:appearance]
DFL_APPEARANCE:predicate:skin:orange,呈橙色,[REVIEWED:1][PROSE:appearance]
DFL_APPEARANCE:subject:slightly close-set orange eyes,間距略窄的橙色眼睛,[REVIEWED:1][PROSE:appearance]
DFL_APPEARANCE:subject:sunken narrow orange eyes,深陷狹長的橙色眼睛,[REVIEWED:1][PROSE:appearance]
DFL_APPEARANCE:subject:slightly wide-set narrow orange eyes,間距略寬且狹長的橙色眼睛,[REVIEWED:1][PROSE:appearance]
DFL_APPEARANCE:subject:orchid pink hair,蘭花粉頭髮,[REVIEWED:1][PROSE:appearance]
DFL_APPEARANCE:predicate:hair:orchid pink,呈蘭花粉,[REVIEWED:1][PROSE:appearance]
DFL_APPEARANCE:subject:orchid pink beard,蘭花粉鬍鬚,[REVIEWED:1][PROSE:appearance]
DFL_APPEARANCE:predicate:beard:orchid pink,呈蘭花粉,[REVIEWED:1][PROSE:appearance]
DFL_APPEARANCE:subject:orchid pink moustache,蘭花粉髭鬚,[REVIEWED:1][PROSE:appearance]
DFL_APPEARANCE:predicate:moustache:orchid pink,呈蘭花粉,[REVIEWED:1][PROSE:appearance]
DFL_APPEARANCE:subject:orchid pink sideburns,蘭花粉鬢角,[REVIEWED:1][PROSE:appearance]
DFL_APPEARANCE:predicate:sideburns:orchid pink,呈蘭花粉,[REVIEWED:1][PROSE:appearance]
DFL_APPEARANCE:subject:orchid pink eyes,蘭花粉眼睛,[REVIEWED:1][PROSE:appearance]
DFL_APPEARANCE:predicate:eyes:orchid pink,呈蘭花粉,[REVIEWED:1][PROSE:appearance]
DFL_APPEARANCE:subject:orchid pink skin,蘭花粉皮膚,[REVIEWED:1][PROSE:appearance]
DFL_APPEARANCE:predicate:skin:orchid pink,呈蘭花粉,[REVIEWED:1][PROSE:appearance]
DFL_APPEARANCE:subject:slightly close-set orchid pink eyes,間距略窄的蘭花粉眼睛,[REVIEWED:1][PROSE:appearance]
DFL_APPEARANCE:subject:sunken narrow orchid pink eyes,深陷狹長的蘭花粉眼睛,[REVIEWED:1][PROSE:appearance]
DFL_APPEARANCE:subject:slightly wide-set narrow orchid pink eyes,間距略寬且狹長的蘭花粉眼睛,[REVIEWED:1][PROSE:appearance]
DFL_APPEARANCE:subject:pale blue hair,淡藍色頭髮,[REVIEWED:1][PROSE:appearance]
DFL_APPEARANCE:predicate:hair:pale blue,呈淡藍色,[REVIEWED:1][PROSE:appearance]
DFL_APPEARANCE:subject:pale blue beard,淡藍色鬍鬚,[REVIEWED:1][PROSE:appearance]
DFL_APPEARANCE:predicate:beard:pale blue,呈淡藍色,[REVIEWED:1][PROSE:appearance]
DFL_APPEARANCE:subject:pale blue moustache,淡藍色髭鬚,[REVIEWED:1][PROSE:appearance]
DFL_APPEARANCE:predicate:moustache:pale blue,呈淡藍色,[REVIEWED:1][PROSE:appearance]
DFL_APPEARANCE:subject:pale blue sideburns,淡藍色鬢角,[REVIEWED:1][PROSE:appearance]
DFL_APPEARANCE:predicate:sideburns:pale blue,呈淡藍色,[REVIEWED:1][PROSE:appearance]
DFL_APPEARANCE:subject:pale blue eyes,淡藍色眼睛,[REVIEWED:1][PROSE:appearance]
DFL_APPEARANCE:predicate:eyes:pale blue,呈淡藍色,[REVIEWED:1][PROSE:appearance]
DFL_APPEARANCE:subject:pale blue skin,淡藍色皮膚,[REVIEWED:1][PROSE:appearance]
DFL_APPEARANCE:predicate:skin:pale blue,呈淡藍色,[REVIEWED:1][PROSE:appearance]
DFL_APPEARANCE:subject:slightly close-set pale blue eyes,間距略窄的淡藍色眼睛,[REVIEWED:1][PROSE:appearance]
DFL_APPEARANCE:subject:sunken narrow pale blue eyes,深陷狹長的淡藍色眼睛,[REVIEWED:1][PROSE:appearance]
DFL_APPEARANCE:subject:slightly wide-set narrow pale blue eyes,間距略寬且狹長的淡藍色眼睛,[REVIEWED:1][PROSE:appearance]
DFL_APPEARANCE:subject:pale brown hair,淡棕色頭髮,[REVIEWED:1][PROSE:appearance]
DFL_APPEARANCE:predicate:hair:pale brown,呈淡棕色,[REVIEWED:1][PROSE:appearance]
DFL_APPEARANCE:subject:pale brown beard,淡棕色鬍鬚,[REVIEWED:1][PROSE:appearance]
DFL_APPEARANCE:predicate:beard:pale brown,呈淡棕色,[REVIEWED:1][PROSE:appearance]
DFL_APPEARANCE:subject:pale brown moustache,淡棕色髭鬚,[REVIEWED:1][PROSE:appearance]
DFL_APPEARANCE:predicate:moustache:pale brown,呈淡棕色,[REVIEWED:1][PROSE:appearance]
DFL_APPEARANCE:subject:pale brown sideburns,淡棕色鬢角,[REVIEWED:1][PROSE:appearance]
DFL_APPEARANCE:predicate:sideburns:pale brown,呈淡棕色,[REVIEWED:1][PROSE:appearance]
DFL_APPEARANCE:subject:pale brown eyes,淡棕色眼睛,[REVIEWED:1][PROSE:appearance]
DFL_APPEARANCE:predicate:eyes:pale brown,呈淡棕色,[REVIEWED:1][PROSE:appearance]
DFL_APPEARANCE:subject:pale brown skin,淡棕色皮膚,[REVIEWED:1][PROSE:appearance]
DFL_APPEARANCE:predicate:skin:pale brown,呈淡棕色,[REVIEWED:1][PROSE:appearance]
DFL_APPEARANCE:subject:slightly close-set pale brown eyes,間距略窄的淡棕色眼睛,[REVIEWED:1][PROSE:appearance]
DFL_APPEARANCE:subject:sunken narrow pale brown eyes,深陷狹長的淡棕色眼睛,[REVIEWED:1][PROSE:appearance]
DFL_APPEARANCE:subject:slightly wide-set narrow pale brown eyes,間距略寬且狹長的淡棕色眼睛,[REVIEWED:1][PROSE:appearance]
DFL_APPEARANCE:subject:pale chestnut hair,淡栗色頭髮,[REVIEWED:1][PROSE:appearance]
DFL_APPEARANCE:predicate:hair:pale chestnut,呈淡栗色,[REVIEWED:1][PROSE:appearance]
DFL_APPEARANCE:subject:pale chestnut beard,淡栗色鬍鬚,[REVIEWED:1][PROSE:appearance]
DFL_APPEARANCE:predicate:beard:pale chestnut,呈淡栗色,[REVIEWED:1][PROSE:appearance]
DFL_APPEARANCE:subject:pale chestnut moustache,淡栗色髭鬚,[REVIEWED:1][PROSE:appearance]
DFL_APPEARANCE:predicate:moustache:pale chestnut,呈淡栗色,[REVIEWED:1][PROSE:appearance]
DFL_APPEARANCE:subject:pale chestnut sideburns,淡栗色鬢角,[REVIEWED:1][PROSE:appearance]
DFL_APPEARANCE:predicate:sideburns:pale chestnut,呈淡栗色,[REVIEWED:1][PROSE:appearance]
DFL_APPEARANCE:subject:pale chestnut eyes,淡栗色眼睛,[REVIEWED:1][PROSE:appearance]
DFL_APPEARANCE:predicate:eyes:pale chestnut,呈淡栗色,[REVIEWED:1][PROSE:appearance]
DFL_APPEARANCE:subject:pale chestnut skin,淡栗色皮膚,[REVIEWED:1][PROSE:appearance]
DFL_APPEARANCE:predicate:skin:pale chestnut,呈淡栗色,[REVIEWED:1][PROSE:appearance]
DFL_APPEARANCE:subject:slightly close-set pale chestnut eyes,間距略窄的淡栗色眼睛,[REVIEWED:1][PROSE:appearance]
DFL_APPEARANCE:subject:sunken narrow pale chestnut eyes,深陷狹長的淡栗色眼睛,[REVIEWED:1][PROSE:appearance]
DFL_APPEARANCE:subject:slightly wide-set narrow pale chestnut eyes,間距略寬且狹長的淡栗色眼睛,[REVIEWED:1][PROSE:appearance]
DFL_APPEARANCE:subject:pale pink hair,淡粉色頭髮,[REVIEWED:1][PROSE:appearance]
DFL_APPEARANCE:predicate:hair:pale pink,呈淡粉色,[REVIEWED:1][PROSE:appearance]
DFL_APPEARANCE:subject:pale pink beard,淡粉色鬍鬚,[REVIEWED:1][PROSE:appearance]
DFL_APPEARANCE:predicate:beard:pale pink,呈淡粉色,[REVIEWED:1][PROSE:appearance]
DFL_APPEARANCE:subject:pale pink moustache,淡粉色髭鬚,[REVIEWED:1][PROSE:appearance]
DFL_APPEARANCE:predicate:moustache:pale pink,呈淡粉色,[REVIEWED:1][PROSE:appearance]
DFL_APPEARANCE:subject:pale pink sideburns,淡粉色鬢角,[REVIEWED:1][PROSE:appearance]
DFL_APPEARANCE:predicate:sideburns:pale pink,呈淡粉色,[REVIEWED:1][PROSE:appearance]
DFL_APPEARANCE:subject:pale pink eyes,淡粉色眼睛,[REVIEWED:1][PROSE:appearance]
DFL_APPEARANCE:predicate:eyes:pale pink,呈淡粉色,[REVIEWED:1][PROSE:appearance]
DFL_APPEARANCE:subject:pale pink skin,淡粉色皮膚,[REVIEWED:1][PROSE:appearance]
DFL_APPEARANCE:predicate:skin:pale pink,呈淡粉色,[REVIEWED:1][PROSE:appearance]
DFL_APPEARANCE:subject:slightly close-set pale pink eyes,間距略窄的淡粉色眼睛,[REVIEWED:1][PROSE:appearance]
DFL_APPEARANCE:subject:sunken narrow pale pink eyes,深陷狹長的淡粉色眼睛,[REVIEWED:1][PROSE:appearance]
DFL_APPEARANCE:subject:slightly wide-set narrow pale pink eyes,間距略寬且狹長的淡粉色眼睛,[REVIEWED:1][PROSE:appearance]
DFL_APPEARANCE:subject:peach hair,桃色頭髮,[REVIEWED:1][PROSE:appearance]
DFL_APPEARANCE:predicate:hair:peach,呈桃色,[REVIEWED:1][PROSE:appearance]
DFL_APPEARANCE:subject:peach beard,桃色鬍鬚,[REVIEWED:1][PROSE:appearance]
DFL_APPEARANCE:predicate:beard:peach,呈桃色,[REVIEWED:1][PROSE:appearance]
DFL_APPEARANCE:subject:peach moustache,桃色髭鬚,[REVIEWED:1][PROSE:appearance]
DFL_APPEARANCE:predicate:moustache:peach,呈桃色,[REVIEWED:1][PROSE:appearance]
DFL_APPEARANCE:subject:peach sideburns,桃色鬢角,[REVIEWED:1][PROSE:appearance]
DFL_APPEARANCE:predicate:sideburns:peach,呈桃色,[REVIEWED:1][PROSE:appearance]
DFL_APPEARANCE:subject:peach eyes,桃色眼睛,[REVIEWED:1][PROSE:appearance]
DFL_APPEARANCE:predicate:eyes:peach,呈桃色,[REVIEWED:1][PROSE:appearance]
DFL_APPEARANCE:subject:peach skin,桃色皮膚,[REVIEWED:1][PROSE:appearance]
DFL_APPEARANCE:predicate:skin:peach,呈桃色,[REVIEWED:1][PROSE:appearance]
DFL_APPEARANCE:subject:slightly close-set peach eyes,間距略窄的桃色眼睛,[REVIEWED:1][PROSE:appearance]
DFL_APPEARANCE:subject:sunken narrow peach eyes,深陷狹長的桃色眼睛,[REVIEWED:1][PROSE:appearance]
DFL_APPEARANCE:subject:slightly wide-set narrow peach eyes,間距略寬且狹長的桃色眼睛,[REVIEWED:1][PROSE:appearance]
DFL_APPEARANCE:subject:pearl hair,珍珠色頭髮,[REVIEWED:1][PROSE:appearance]
DFL_APPEARANCE:predicate:hair:pearl,呈珍珠色,[REVIEWED:1][PROSE:appearance]
DFL_APPEARANCE:subject:pearl beard,珍珠色鬍鬚,[REVIEWED:1][PROSE:appearance]
DFL_APPEARANCE:predicate:beard:pearl,呈珍珠色,[REVIEWED:1][PROSE:appearance]
DFL_APPEARANCE:subject:pearl moustache,珍珠色髭鬚,[REVIEWED:1][PROSE:appearance]
DFL_APPEARANCE:predicate:moustache:pearl,呈珍珠色,[REVIEWED:1][PROSE:appearance]
DFL_APPEARANCE:subject:pearl sideburns,珍珠色鬢角,[REVIEWED:1][PROSE:appearance]
DFL_APPEARANCE:predicate:sideburns:pearl,呈珍珠色,[REVIEWED:1][PROSE:appearance]
DFL_APPEARANCE:subject:pearl eyes,珍珠色眼睛,[REVIEWED:1][PROSE:appearance]
DFL_APPEARANCE:predicate:eyes:pearl,呈珍珠色,[REVIEWED:1][PROSE:appearance]
DFL_APPEARANCE:subject:pearl skin,珍珠色皮膚,[REVIEWED:1][PROSE:appearance]
DFL_APPEARANCE:predicate:skin:pearl,呈珍珠色,[REVIEWED:1][PROSE:appearance]
DFL_APPEARANCE:subject:slightly close-set pearl eyes,間距略窄的珍珠色眼睛,[REVIEWED:1][PROSE:appearance]
DFL_APPEARANCE:subject:sunken narrow pearl eyes,深陷狹長的珍珠色眼睛,[REVIEWED:1][PROSE:appearance]
DFL_APPEARANCE:subject:slightly wide-set narrow pearl eyes,間距略寬且狹長的珍珠色眼睛,[REVIEWED:1][PROSE:appearance]
DFL_APPEARANCE:subject:periwinkle hair,長春花藍頭髮,[REVIEWED:1][PROSE:appearance]
DFL_APPEARANCE:predicate:hair:periwinkle,呈長春花藍,[REVIEWED:1][PROSE:appearance]
DFL_APPEARANCE:subject:periwinkle beard,長春花藍鬍鬚,[REVIEWED:1][PROSE:appearance]
DFL_APPEARANCE:predicate:beard:periwinkle,呈長春花藍,[REVIEWED:1][PROSE:appearance]
DFL_APPEARANCE:subject:periwinkle moustache,長春花藍髭鬚,[REVIEWED:1][PROSE:appearance]
DFL_APPEARANCE:predicate:moustache:periwinkle,呈長春花藍,[REVIEWED:1][PROSE:appearance]
DFL_APPEARANCE:subject:periwinkle sideburns,長春花藍鬢角,[REVIEWED:1][PROSE:appearance]
DFL_APPEARANCE:predicate:sideburns:periwinkle,呈長春花藍,[REVIEWED:1][PROSE:appearance]
DFL_APPEARANCE:subject:periwinkle eyes,長春花藍眼睛,[REVIEWED:1][PROSE:appearance]
DFL_APPEARANCE:predicate:eyes:periwinkle,呈長春花藍,[REVIEWED:1][PROSE:appearance]
DFL_APPEARANCE:subject:periwinkle skin,長春花藍皮膚,[REVIEWED:1][PROSE:appearance]
DFL_APPEARANCE:predicate:skin:periwinkle,呈長春花藍,[REVIEWED:1][PROSE:appearance]
DFL_APPEARANCE:subject:slightly close-set periwinkle eyes,間距略窄的長春花藍眼睛,[REVIEWED:1][PROSE:appearance]
DFL_APPEARANCE:subject:sunken narrow periwinkle eyes,深陷狹長的長春花藍眼睛,[REVIEWED:1][PROSE:appearance]
DFL_APPEARANCE:subject:slightly wide-set narrow periwinkle eyes,間距略寬且狹長的長春花藍眼睛,[REVIEWED:1][PROSE:appearance]
DFL_APPEARANCE:subject:pine green hair,松樹綠頭髮,[REVIEWED:1][PROSE:appearance]
DFL_APPEARANCE:predicate:hair:pine green,呈松樹綠,[REVIEWED:1][PROSE:appearance]
DFL_APPEARANCE:subject:pine green beard,松樹綠鬍鬚,[REVIEWED:1][PROSE:appearance]
DFL_APPEARANCE:predicate:beard:pine green,呈松樹綠,[REVIEWED:1][PROSE:appearance]
DFL_APPEARANCE:subject:pine green moustache,松樹綠髭鬚,[REVIEWED:1][PROSE:appearance]
DFL_APPEARANCE:predicate:moustache:pine green,呈松樹綠,[REVIEWED:1][PROSE:appearance]
DFL_APPEARANCE:subject:pine green sideburns,松樹綠鬢角,[REVIEWED:1][PROSE:appearance]
DFL_APPEARANCE:predicate:sideburns:pine green,呈松樹綠,[REVIEWED:1][PROSE:appearance]
DFL_APPEARANCE:subject:pine green eyes,松樹綠眼睛,[REVIEWED:1][PROSE:appearance]
DFL_APPEARANCE:predicate:eyes:pine green,呈松樹綠,[REVIEWED:1][PROSE:appearance]
DFL_APPEARANCE:subject:pine green skin,松樹綠皮膚,[REVIEWED:1][PROSE:appearance]
DFL_APPEARANCE:predicate:skin:pine green,呈松樹綠,[REVIEWED:1][PROSE:appearance]
DFL_APPEARANCE:subject:slightly close-set pine green eyes,間距略窄的松樹綠眼睛,[REVIEWED:1][PROSE:appearance]
DFL_APPEARANCE:subject:sunken narrow pine green eyes,深陷狹長的松樹綠眼睛,[REVIEWED:1][PROSE:appearance]
DFL_APPEARANCE:subject:slightly wide-set narrow pine green eyes,間距略寬且狹長的松樹綠眼睛,[REVIEWED:1][PROSE:appearance]
DFL_APPEARANCE:subject:pink hair,粉色頭髮,[REVIEWED:1][PROSE:appearance]
DFL_APPEARANCE:predicate:hair:pink,呈粉色,[REVIEWED:1][PROSE:appearance]
DFL_APPEARANCE:subject:pink beard,粉色鬍鬚,[REVIEWED:1][PROSE:appearance]
DFL_APPEARANCE:predicate:beard:pink,呈粉色,[REVIEWED:1][PROSE:appearance]
DFL_APPEARANCE:subject:pink moustache,粉色髭鬚,[REVIEWED:1][PROSE:appearance]
DFL_APPEARANCE:predicate:moustache:pink,呈粉色,[REVIEWED:1][PROSE:appearance]
DFL_APPEARANCE:subject:pink sideburns,粉色鬢角,[REVIEWED:1][PROSE:appearance]
DFL_APPEARANCE:predicate:sideburns:pink,呈粉色,[REVIEWED:1][PROSE:appearance]
DFL_APPEARANCE:subject:pink eyes,粉色眼睛,[REVIEWED:1][PROSE:appearance]
DFL_APPEARANCE:predicate:eyes:pink,呈粉色,[REVIEWED:1][PROSE:appearance]
DFL_APPEARANCE:subject:pink skin,粉色皮膚,[REVIEWED:1][PROSE:appearance]
DFL_APPEARANCE:predicate:skin:pink,呈粉色,[REVIEWED:1][PROSE:appearance]
DFL_APPEARANCE:subject:slightly close-set pink eyes,間距略窄的粉色眼睛,[REVIEWED:1][PROSE:appearance]
DFL_APPEARANCE:subject:sunken narrow pink eyes,深陷狹長的粉色眼睛,[REVIEWED:1][PROSE:appearance]
DFL_APPEARANCE:subject:slightly wide-set narrow pink eyes,間距略寬且狹長的粉色眼睛,[REVIEWED:1][PROSE:appearance]
DFL_APPEARANCE:subject:plum hair,梅子色頭髮,[REVIEWED:1][PROSE:appearance]
DFL_APPEARANCE:predicate:hair:plum,呈梅子色,[REVIEWED:1][PROSE:appearance]
DFL_APPEARANCE:subject:plum beard,梅子色鬍鬚,[REVIEWED:1][PROSE:appearance]
DFL_APPEARANCE:predicate:beard:plum,呈梅子色,[REVIEWED:1][PROSE:appearance]
DFL_APPEARANCE:subject:plum moustache,梅子色髭鬚,[REVIEWED:1][PROSE:appearance]
DFL_APPEARANCE:predicate:moustache:plum,呈梅子色,[REVIEWED:1][PROSE:appearance]
DFL_APPEARANCE:subject:plum sideburns,梅子色鬢角,[REVIEWED:1][PROSE:appearance]
DFL_APPEARANCE:predicate:sideburns:plum,呈梅子色,[REVIEWED:1][PROSE:appearance]
DFL_APPEARANCE:subject:plum eyes,梅子色眼睛,[REVIEWED:1][PROSE:appearance]
DFL_APPEARANCE:predicate:eyes:plum,呈梅子色,[REVIEWED:1][PROSE:appearance]
DFL_APPEARANCE:subject:plum skin,梅子色皮膚,[REVIEWED:1][PROSE:appearance]
DFL_APPEARANCE:predicate:skin:plum,呈梅子色,[REVIEWED:1][PROSE:appearance]
DFL_APPEARANCE:subject:slightly close-set plum eyes,間距略窄的梅子色眼睛,[REVIEWED:1][PROSE:appearance]
DFL_APPEARANCE:subject:sunken narrow plum eyes,深陷狹長的梅子色眼睛,[REVIEWED:1][PROSE:appearance]
DFL_APPEARANCE:subject:slightly wide-set narrow plum eyes,間距略寬且狹長的梅子色眼睛,[REVIEWED:1][PROSE:appearance]
DFL_APPEARANCE:subject:puce hair,暗紫褐色頭髮,[REVIEWED:1][PROSE:appearance]
DFL_APPEARANCE:predicate:hair:puce,呈暗紫褐色,[REVIEWED:1][PROSE:appearance]
DFL_APPEARANCE:subject:puce beard,暗紫褐色鬍鬚,[REVIEWED:1][PROSE:appearance]
DFL_APPEARANCE:predicate:beard:puce,呈暗紫褐色,[REVIEWED:1][PROSE:appearance]
DFL_APPEARANCE:subject:puce moustache,暗紫褐色髭鬚,[REVIEWED:1][PROSE:appearance]
DFL_APPEARANCE:predicate:moustache:puce,呈暗紫褐色,[REVIEWED:1][PROSE:appearance]
DFL_APPEARANCE:subject:puce sideburns,暗紫褐色鬢角,[REVIEWED:1][PROSE:appearance]
DFL_APPEARANCE:predicate:sideburns:puce,呈暗紫褐色,[REVIEWED:1][PROSE:appearance]
DFL_APPEARANCE:subject:puce eyes,暗紫褐色眼睛,[REVIEWED:1][PROSE:appearance]
DFL_APPEARANCE:predicate:eyes:puce,呈暗紫褐色,[REVIEWED:1][PROSE:appearance]
DFL_APPEARANCE:subject:puce skin,暗紫褐色皮膚,[REVIEWED:1][PROSE:appearance]
DFL_APPEARANCE:predicate:skin:puce,呈暗紫褐色,[REVIEWED:1][PROSE:appearance]
DFL_APPEARANCE:subject:slightly close-set puce eyes,間距略窄的暗紫褐色眼睛,[REVIEWED:1][PROSE:appearance]
DFL_APPEARANCE:subject:sunken narrow puce eyes,深陷狹長的暗紫褐色眼睛,[REVIEWED:1][PROSE:appearance]
DFL_APPEARANCE:subject:slightly wide-set narrow puce eyes,間距略寬且狹長的暗紫褐色眼睛,[REVIEWED:1][PROSE:appearance]
DFL_APPEARANCE:subject:pumpkin hair,南瓜色頭髮,[REVIEWED:1][PROSE:appearance]
DFL_APPEARANCE:predicate:hair:pumpkin,呈南瓜色,[REVIEWED:1][PROSE:appearance]
DFL_APPEARANCE:subject:pumpkin beard,南瓜色鬍鬚,[REVIEWED:1][PROSE:appearance]
DFL_APPEARANCE:predicate:beard:pumpkin,呈南瓜色,[REVIEWED:1][PROSE:appearance]
DFL_APPEARANCE:subject:pumpkin moustache,南瓜色髭鬚,[REVIEWED:1][PROSE:appearance]
DFL_APPEARANCE:predicate:moustache:pumpkin,呈南瓜色,[REVIEWED:1][PROSE:appearance]
DFL_APPEARANCE:subject:pumpkin sideburns,南瓜色鬢角,[REVIEWED:1][PROSE:appearance]
DFL_APPEARANCE:predicate:sideburns:pumpkin,呈南瓜色,[REVIEWED:1][PROSE:appearance]
DFL_APPEARANCE:subject:pumpkin eyes,南瓜色眼睛,[REVIEWED:1][PROSE:appearance]
DFL_APPEARANCE:predicate:eyes:pumpkin,呈南瓜色,[REVIEWED:1][PROSE:appearance]
DFL_APPEARANCE:subject:pumpkin skin,南瓜色皮膚,[REVIEWED:1][PROSE:appearance]
DFL_APPEARANCE:predicate:skin:pumpkin,呈南瓜色,[REVIEWED:1][PROSE:appearance]
DFL_APPEARANCE:subject:slightly close-set pumpkin eyes,間距略窄的南瓜色眼睛,[REVIEWED:1][PROSE:appearance]
DFL_APPEARANCE:subject:sunken narrow pumpkin eyes,深陷狹長的南瓜色眼睛,[REVIEWED:1][PROSE:appearance]
DFL_APPEARANCE:subject:slightly wide-set narrow pumpkin eyes,間距略寬且狹長的南瓜色眼睛,[REVIEWED:1][PROSE:appearance]
DFL_APPEARANCE:subject:purple hair,紫色頭髮,[REVIEWED:1][PROSE:appearance]
DFL_APPEARANCE:predicate:hair:purple,呈紫色,[REVIEWED:1][PROSE:appearance]
DFL_APPEARANCE:subject:purple beard,紫色鬍鬚,[REVIEWED:1][PROSE:appearance]
DFL_APPEARANCE:predicate:beard:purple,呈紫色,[REVIEWED:1][PROSE:appearance]
DFL_APPEARANCE:subject:purple moustache,紫色髭鬚,[REVIEWED:1][PROSE:appearance]
DFL_APPEARANCE:predicate:moustache:purple,呈紫色,[REVIEWED:1][PROSE:appearance]
DFL_APPEARANCE:subject:purple sideburns,紫色鬢角,[REVIEWED:1][PROSE:appearance]
DFL_APPEARANCE:predicate:sideburns:purple,呈紫色,[REVIEWED:1][PROSE:appearance]
DFL_APPEARANCE:subject:purple eyes,紫色眼睛,[REVIEWED:1][PROSE:appearance]
DFL_APPEARANCE:predicate:eyes:purple,呈紫色,[REVIEWED:1][PROSE:appearance]
DFL_APPEARANCE:subject:purple skin,紫色皮膚,[REVIEWED:1][PROSE:appearance]
DFL_APPEARANCE:predicate:skin:purple,呈紫色,[REVIEWED:1][PROSE:appearance]
DFL_APPEARANCE:subject:slightly close-set purple eyes,間距略窄的紫色眼睛,[REVIEWED:1][PROSE:appearance]
DFL_APPEARANCE:subject:sunken narrow purple eyes,深陷狹長的紫色眼睛,[REVIEWED:1][PROSE:appearance]
DFL_APPEARANCE:subject:slightly wide-set narrow purple eyes,間距略寬且狹長的紫色眼睛,[REVIEWED:1][PROSE:appearance]
DFL_APPEARANCE:subject:raspberry pink hair,樹莓粉頭髮,[REVIEWED:1][PROSE:appearance]
DFL_APPEARANCE:predicate:hair:raspberry pink,呈樹莓粉,[REVIEWED:1][PROSE:appearance]
DFL_APPEARANCE:subject:raspberry pink beard,樹莓粉鬍鬚,[REVIEWED:1][PROSE:appearance]
DFL_APPEARANCE:predicate:beard:raspberry pink,呈樹莓粉,[REVIEWED:1][PROSE:appearance]
DFL_APPEARANCE:subject:raspberry pink moustache,樹莓粉髭鬚,[REVIEWED:1][PROSE:appearance]
DFL_APPEARANCE:predicate:moustache:raspberry pink,呈樹莓粉,[REVIEWED:1][PROSE:appearance]
DFL_APPEARANCE:subject:raspberry pink sideburns,樹莓粉鬢角,[REVIEWED:1][PROSE:appearance]
DFL_APPEARANCE:predicate:sideburns:raspberry pink,呈樹莓粉,[REVIEWED:1][PROSE:appearance]
DFL_APPEARANCE:subject:raspberry pink eyes,樹莓粉眼睛,[REVIEWED:1][PROSE:appearance]
DFL_APPEARANCE:predicate:eyes:raspberry pink,呈樹莓粉,[REVIEWED:1][PROSE:appearance]
DFL_APPEARANCE:subject:raspberry pink skin,樹莓粉皮膚,[REVIEWED:1][PROSE:appearance]
DFL_APPEARANCE:predicate:skin:raspberry pink,呈樹莓粉,[REVIEWED:1][PROSE:appearance]
DFL_APPEARANCE:subject:slightly close-set raspberry pink eyes,間距略窄的樹莓粉眼睛,[REVIEWED:1][PROSE:appearance]
DFL_APPEARANCE:subject:sunken narrow raspberry pink eyes,深陷狹長的樹莓粉眼睛,[REVIEWED:1][PROSE:appearance]
DFL_APPEARANCE:subject:slightly wide-set narrow raspberry pink eyes,間距略寬且狹長的樹莓粉眼睛,[REVIEWED:1][PROSE:appearance]
DFL_APPEARANCE:subject:raw umber hair,生赭色頭髮,[REVIEWED:1][PROSE:appearance]
DFL_APPEARANCE:predicate:hair:raw umber,呈生赭色,[REVIEWED:1][PROSE:appearance]
DFL_APPEARANCE:subject:raw umber beard,生赭色鬍鬚,[REVIEWED:1][PROSE:appearance]
DFL_APPEARANCE:predicate:beard:raw umber,呈生赭色,[REVIEWED:1][PROSE:appearance]
DFL_APPEARANCE:subject:raw umber moustache,生赭色髭鬚,[REVIEWED:1][PROSE:appearance]
DFL_APPEARANCE:predicate:moustache:raw umber,呈生赭色,[REVIEWED:1][PROSE:appearance]
DFL_APPEARANCE:subject:raw umber sideburns,生赭色鬢角,[REVIEWED:1][PROSE:appearance]
DFL_APPEARANCE:predicate:sideburns:raw umber,呈生赭色,[REVIEWED:1][PROSE:appearance]
DFL_APPEARANCE:subject:raw umber eyes,生赭色眼睛,[REVIEWED:1][PROSE:appearance]
DFL_APPEARANCE:predicate:eyes:raw umber,呈生赭色,[REVIEWED:1][PROSE:appearance]
DFL_APPEARANCE:subject:raw umber skin,生赭色皮膚,[REVIEWED:1][PROSE:appearance]
DFL_APPEARANCE:predicate:skin:raw umber,呈生赭色,[REVIEWED:1][PROSE:appearance]
DFL_APPEARANCE:subject:slightly close-set raw umber eyes,間距略窄的生赭色眼睛,[REVIEWED:1][PROSE:appearance]
DFL_APPEARANCE:subject:sunken narrow raw umber eyes,深陷狹長的生赭色眼睛,[REVIEWED:1][PROSE:appearance]
DFL_APPEARANCE:subject:slightly wide-set narrow raw umber eyes,間距略寬且狹長的生赭色眼睛,[REVIEWED:1][PROSE:appearance]
DFL_APPEARANCE:subject:red hair,紅色頭髮,[REVIEWED:1][PROSE:appearance]
DFL_APPEARANCE:predicate:hair:red,呈紅色,[REVIEWED:1][PROSE:appearance]
DFL_APPEARANCE:subject:red beard,紅色鬍鬚,[REVIEWED:1][PROSE:appearance]
DFL_APPEARANCE:predicate:beard:red,呈紅色,[REVIEWED:1][PROSE:appearance]
DFL_APPEARANCE:subject:red moustache,紅色髭鬚,[REVIEWED:1][PROSE:appearance]
DFL_APPEARANCE:predicate:moustache:red,呈紅色,[REVIEWED:1][PROSE:appearance]
DFL_APPEARANCE:subject:red sideburns,紅色鬢角,[REVIEWED:1][PROSE:appearance]
DFL_APPEARANCE:predicate:sideburns:red,呈紅色,[REVIEWED:1][PROSE:appearance]
DFL_APPEARANCE:subject:red eyes,紅色眼睛,[REVIEWED:1][PROSE:appearance]
DFL_APPEARANCE:predicate:eyes:red,呈紅色,[REVIEWED:1][PROSE:appearance]
DFL_APPEARANCE:subject:red skin,紅色皮膚,[REVIEWED:1][PROSE:appearance]
DFL_APPEARANCE:predicate:skin:red,呈紅色,[REVIEWED:1][PROSE:appearance]
DFL_APPEARANCE:subject:slightly close-set red eyes,間距略窄的紅色眼睛,[REVIEWED:1][PROSE:appearance]
DFL_APPEARANCE:subject:sunken narrow red eyes,深陷狹長的紅色眼睛,[REVIEWED:1][PROSE:appearance]
DFL_APPEARANCE:subject:slightly wide-set narrow red eyes,間距略寬且狹長的紅色眼睛,[REVIEWED:1][PROSE:appearance]
DFL_APPEARANCE:subject:red-purple hair,紅紫色頭髮,[REVIEWED:1][PROSE:appearance]
DFL_APPEARANCE:predicate:hair:red-purple,呈紅紫色,[REVIEWED:1][PROSE:appearance]
DFL_APPEARANCE:subject:red-purple beard,紅紫色鬍鬚,[REVIEWED:1][PROSE:appearance]
DFL_APPEARANCE:predicate:beard:red-purple,呈紅紫色,[REVIEWED:1][PROSE:appearance]
DFL_APPEARANCE:subject:red-purple moustache,紅紫色髭鬚,[REVIEWED:1][PROSE:appearance]
DFL_APPEARANCE:predicate:moustache:red-purple,呈紅紫色,[REVIEWED:1][PROSE:appearance]
DFL_APPEARANCE:subject:red-purple sideburns,紅紫色鬢角,[REVIEWED:1][PROSE:appearance]
DFL_APPEARANCE:predicate:sideburns:red-purple,呈紅紫色,[REVIEWED:1][PROSE:appearance]
DFL_APPEARANCE:subject:red-purple eyes,紅紫色眼睛,[REVIEWED:1][PROSE:appearance]
DFL_APPEARANCE:predicate:eyes:red-purple,呈紅紫色,[REVIEWED:1][PROSE:appearance]
DFL_APPEARANCE:subject:red-purple skin,紅紫色皮膚,[REVIEWED:1][PROSE:appearance]
DFL_APPEARANCE:predicate:skin:red-purple,呈紅紫色,[REVIEWED:1][PROSE:appearance]
DFL_APPEARANCE:subject:slightly close-set red-purple eyes,間距略窄的紅紫色眼睛,[REVIEWED:1][PROSE:appearance]
DFL_APPEARANCE:subject:sunken narrow red-purple eyes,深陷狹長的紅紫色眼睛,[REVIEWED:1][PROSE:appearance]
DFL_APPEARANCE:subject:slightly wide-set narrow red-purple eyes,間距略寬且狹長的紅紫色眼睛,[REVIEWED:1][PROSE:appearance]
DFL_APPEARANCE:subject:river blue hair,河畔藍頭髮,[REVIEWED:1][PROSE:appearance]
DFL_APPEARANCE:predicate:hair:river blue,呈河畔藍,[REVIEWED:1][PROSE:appearance]
DFL_APPEARANCE:subject:river blue beard,河畔藍鬍鬚,[REVIEWED:1][PROSE:appearance]
DFL_APPEARANCE:predicate:beard:river blue,呈河畔藍,[REVIEWED:1][PROSE:appearance]
DFL_APPEARANCE:subject:river blue moustache,河畔藍髭鬚,[REVIEWED:1][PROSE:appearance]
DFL_APPEARANCE:predicate:moustache:river blue,呈河畔藍,[REVIEWED:1][PROSE:appearance]
DFL_APPEARANCE:subject:river blue sideburns,河畔藍鬢角,[REVIEWED:1][PROSE:appearance]
DFL_APPEARANCE:predicate:sideburns:river blue,呈河畔藍,[REVIEWED:1][PROSE:appearance]
DFL_APPEARANCE:subject:river blue eyes,河畔藍眼睛,[REVIEWED:1][PROSE:appearance]
DFL_APPEARANCE:predicate:eyes:river blue,呈河畔藍,[REVIEWED:1][PROSE:appearance]
DFL_APPEARANCE:subject:river blue skin,河畔藍皮膚,[REVIEWED:1][PROSE:appearance]
DFL_APPEARANCE:predicate:skin:river blue,呈河畔藍,[REVIEWED:1][PROSE:appearance]
DFL_APPEARANCE:subject:slightly close-set river blue eyes,間距略窄的河畔藍眼睛,[REVIEWED:1][PROSE:appearance]
DFL_APPEARANCE:subject:sunken narrow river blue eyes,深陷狹長的河畔藍眼睛,[REVIEWED:1][PROSE:appearance]
DFL_APPEARANCE:subject:slightly wide-set narrow river blue eyes,間距略寬且狹長的河畔藍眼睛,[REVIEWED:1][PROSE:appearance]
DFL_APPEARANCE:subject:rose hair,玫瑰色頭髮,[REVIEWED:1][PROSE:appearance]
DFL_APPEARANCE:predicate:hair:rose,呈玫瑰色,[REVIEWED:1][PROSE:appearance]
DFL_APPEARANCE:subject:rose beard,玫瑰色鬍鬚,[REVIEWED:1][PROSE:appearance]
DFL_APPEARANCE:predicate:beard:rose,呈玫瑰色,[REVIEWED:1][PROSE:appearance]
DFL_APPEARANCE:subject:rose moustache,玫瑰色髭鬚,[REVIEWED:1][PROSE:appearance]
DFL_APPEARANCE:predicate:moustache:rose,呈玫瑰色,[REVIEWED:1][PROSE:appearance]
DFL_APPEARANCE:subject:rose sideburns,玫瑰色鬢角,[REVIEWED:1][PROSE:appearance]
DFL_APPEARANCE:predicate:sideburns:rose,呈玫瑰色,[REVIEWED:1][PROSE:appearance]
DFL_APPEARANCE:subject:rose eyes,玫瑰色眼睛,[REVIEWED:1][PROSE:appearance]
DFL_APPEARANCE:predicate:eyes:rose,呈玫瑰色,[REVIEWED:1][PROSE:appearance]
DFL_APPEARANCE:subject:rose skin,玫瑰色皮膚,[REVIEWED:1][PROSE:appearance]
DFL_APPEARANCE:predicate:skin:rose,呈玫瑰色,[REVIEWED:1][PROSE:appearance]
DFL_APPEARANCE:subject:slightly close-set rose eyes,間距略窄的玫瑰色眼睛,[REVIEWED:1][PROSE:appearance]
DFL_APPEARANCE:subject:sunken narrow rose eyes,深陷狹長的玫瑰色眼睛,[REVIEWED:1][PROSE:appearance]
DFL_APPEARANCE:subject:slightly wide-set narrow rose eyes,間距略寬且狹長的玫瑰色眼睛,[REVIEWED:1][PROSE:appearance]
DFL_APPEARANCE:subject:russet hair,赤褐色頭髮,[REVIEWED:1][PROSE:appearance]
DFL_APPEARANCE:predicate:hair:russet,呈赤褐色,[REVIEWED:1][PROSE:appearance]
DFL_APPEARANCE:subject:russet beard,赤褐色鬍鬚,[REVIEWED:1][PROSE:appearance]
DFL_APPEARANCE:predicate:beard:russet,呈赤褐色,[REVIEWED:1][PROSE:appearance]
DFL_APPEARANCE:subject:russet moustache,赤褐色髭鬚,[REVIEWED:1][PROSE:appearance]
DFL_APPEARANCE:predicate:moustache:russet,呈赤褐色,[REVIEWED:1][PROSE:appearance]
DFL_APPEARANCE:subject:russet sideburns,赤褐色鬢角,[REVIEWED:1][PROSE:appearance]
DFL_APPEARANCE:predicate:sideburns:russet,呈赤褐色,[REVIEWED:1][PROSE:appearance]
DFL_APPEARANCE:subject:russet eyes,赤褐色眼睛,[REVIEWED:1][PROSE:appearance]
DFL_APPEARANCE:predicate:eyes:russet,呈赤褐色,[REVIEWED:1][PROSE:appearance]
DFL_APPEARANCE:subject:russet skin,赤褐色皮膚,[REVIEWED:1][PROSE:appearance]
DFL_APPEARANCE:predicate:skin:russet,呈赤褐色,[REVIEWED:1][PROSE:appearance]
DFL_APPEARANCE:subject:slightly close-set russet eyes,間距略窄的赤褐色眼睛,[REVIEWED:1][PROSE:appearance]
DFL_APPEARANCE:subject:sunken narrow russet eyes,深陷狹長的赤褐色眼睛,[REVIEWED:1][PROSE:appearance]
DFL_APPEARANCE:subject:slightly wide-set narrow russet eyes,間距略寬且狹長的赤褐色眼睛,[REVIEWED:1][PROSE:appearance]
DFL_APPEARANCE:subject:rust hair,鐵鏽色頭髮,[REVIEWED:1][PROSE:appearance]
DFL_APPEARANCE:predicate:hair:rust,呈鐵鏽色,[REVIEWED:1][PROSE:appearance]
DFL_APPEARANCE:subject:rust beard,鐵鏽色鬍鬚,[REVIEWED:1][PROSE:appearance]
DFL_APPEARANCE:predicate:beard:rust,呈鐵鏽色,[REVIEWED:1][PROSE:appearance]
DFL_APPEARANCE:subject:rust moustache,鐵鏽色髭鬚,[REVIEWED:1][PROSE:appearance]
DFL_APPEARANCE:predicate:moustache:rust,呈鐵鏽色,[REVIEWED:1][PROSE:appearance]
DFL_APPEARANCE:subject:rust sideburns,鐵鏽色鬢角,[REVIEWED:1][PROSE:appearance]
DFL_APPEARANCE:predicate:sideburns:rust,呈鐵鏽色,[REVIEWED:1][PROSE:appearance]
DFL_APPEARANCE:subject:rust eyes,鐵鏽色眼睛,[REVIEWED:1][PROSE:appearance]
DFL_APPEARANCE:predicate:eyes:rust,呈鐵鏽色,[REVIEWED:1][PROSE:appearance]
DFL_APPEARANCE:subject:rust skin,鐵鏽色皮膚,[REVIEWED:1][PROSE:appearance]
DFL_APPEARANCE:predicate:skin:rust,呈鐵鏽色,[REVIEWED:1][PROSE:appearance]
DFL_APPEARANCE:subject:slightly close-set rust eyes,間距略窄的鐵鏽色眼睛,[REVIEWED:1][PROSE:appearance]
DFL_APPEARANCE:subject:sunken narrow rust eyes,深陷狹長的鐵鏽色眼睛,[REVIEWED:1][PROSE:appearance]
DFL_APPEARANCE:subject:slightly wide-set narrow rust eyes,間距略寬且狹長的鐵鏽色眼睛,[REVIEWED:1][PROSE:appearance]
DFL_APPEARANCE:subject:saffron hair,藏紅花色頭髮,[REVIEWED:1][PROSE:appearance]
DFL_APPEARANCE:predicate:hair:saffron,呈藏紅花色,[REVIEWED:1][PROSE:appearance]
DFL_APPEARANCE:subject:saffron beard,藏紅花色鬍鬚,[REVIEWED:1][PROSE:appearance]
DFL_APPEARANCE:predicate:beard:saffron,呈藏紅花色,[REVIEWED:1][PROSE:appearance]
DFL_APPEARANCE:subject:saffron moustache,藏紅花色髭鬚,[REVIEWED:1][PROSE:appearance]
DFL_APPEARANCE:predicate:moustache:saffron,呈藏紅花色,[REVIEWED:1][PROSE:appearance]
DFL_APPEARANCE:subject:saffron sideburns,藏紅花色鬢角,[REVIEWED:1][PROSE:appearance]
DFL_APPEARANCE:predicate:sideburns:saffron,呈藏紅花色,[REVIEWED:1][PROSE:appearance]
DFL_APPEARANCE:subject:saffron eyes,藏紅花色眼睛,[REVIEWED:1][PROSE:appearance]
DFL_APPEARANCE:predicate:eyes:saffron,呈藏紅花色,[REVIEWED:1][PROSE:appearance]
DFL_APPEARANCE:subject:saffron skin,藏紅花色皮膚,[REVIEWED:1][PROSE:appearance]
DFL_APPEARANCE:predicate:skin:saffron,呈藏紅花色,[REVIEWED:1][PROSE:appearance]
DFL_APPEARANCE:subject:slightly close-set saffron eyes,間距略窄的藏紅花色眼睛,[REVIEWED:1][PROSE:appearance]
DFL_APPEARANCE:subject:sunken narrow saffron eyes,深陷狹長的藏紅花色眼睛,[REVIEWED:1][PROSE:appearance]
DFL_APPEARANCE:subject:slightly wide-set narrow saffron eyes,間距略寬且狹長的藏紅花色眼睛,[REVIEWED:1][PROSE:appearance]
DFL_APPEARANCE:subject:sapphire hair,寶石藍頭髮,[REVIEWED:1][PROSE:appearance]
DFL_APPEARANCE:predicate:hair:sapphire,呈寶石藍,[REVIEWED:1][PROSE:appearance]
DFL_APPEARANCE:subject:sapphire beard,寶石藍鬍鬚,[REVIEWED:1][PROSE:appearance]
DFL_APPEARANCE:predicate:beard:sapphire,呈寶石藍,[REVIEWED:1][PROSE:appearance]
DFL_APPEARANCE:subject:sapphire moustache,寶石藍髭鬚,[REVIEWED:1][PROSE:appearance]
DFL_APPEARANCE:predicate:moustache:sapphire,呈寶石藍,[REVIEWED:1][PROSE:appearance]
DFL_APPEARANCE:subject:sapphire sideburns,寶石藍鬢角,[REVIEWED:1][PROSE:appearance]
DFL_APPEARANCE:predicate:sideburns:sapphire,呈寶石藍,[REVIEWED:1][PROSE:appearance]
DFL_APPEARANCE:subject:sapphire eyes,寶石藍眼睛,[REVIEWED:1][PROSE:appearance]
DFL_APPEARANCE:predicate:eyes:sapphire,呈寶石藍,[REVIEWED:1][PROSE:appearance]
DFL_APPEARANCE:subject:sapphire skin,寶石藍皮膚,[REVIEWED:1][PROSE:appearance]
DFL_APPEARANCE:predicate:skin:sapphire,呈寶石藍,[REVIEWED:1][PROSE:appearance]
DFL_APPEARANCE:subject:slightly close-set sapphire eyes,間距略窄的寶石藍眼睛,[REVIEWED:1][PROSE:appearance]
DFL_APPEARANCE:subject:sunken narrow sapphire eyes,深陷狹長的寶石藍眼睛,[REVIEWED:1][PROSE:appearance]
DFL_APPEARANCE:subject:slightly wide-set narrow sapphire eyes,間距略寬且狹長的寶石藍眼睛,[REVIEWED:1][PROSE:appearance]
DFL_APPEARANCE:subject:scarlet hair,猩紅色頭髮,[REVIEWED:1][PROSE:appearance]
DFL_APPEARANCE:predicate:hair:scarlet,呈猩紅色,[REVIEWED:1][PROSE:appearance]
DFL_APPEARANCE:subject:scarlet beard,猩紅色鬍鬚,[REVIEWED:1][PROSE:appearance]
DFL_APPEARANCE:predicate:beard:scarlet,呈猩紅色,[REVIEWED:1][PROSE:appearance]
DFL_APPEARANCE:subject:scarlet moustache,猩紅色髭鬚,[REVIEWED:1][PROSE:appearance]
DFL_APPEARANCE:predicate:moustache:scarlet,呈猩紅色,[REVIEWED:1][PROSE:appearance]
DFL_APPEARANCE:subject:scarlet sideburns,猩紅色鬢角,[REVIEWED:1][PROSE:appearance]
DFL_APPEARANCE:predicate:sideburns:scarlet,呈猩紅色,[REVIEWED:1][PROSE:appearance]
DFL_APPEARANCE:subject:scarlet eyes,猩紅色眼睛,[REVIEWED:1][PROSE:appearance]
DFL_APPEARANCE:predicate:eyes:scarlet,呈猩紅色,[REVIEWED:1][PROSE:appearance]
DFL_APPEARANCE:subject:scarlet skin,猩紅色皮膚,[REVIEWED:1][PROSE:appearance]
DFL_APPEARANCE:predicate:skin:scarlet,呈猩紅色,[REVIEWED:1][PROSE:appearance]
DFL_APPEARANCE:subject:slightly close-set scarlet eyes,間距略窄的猩紅色眼睛,[REVIEWED:1][PROSE:appearance]
DFL_APPEARANCE:subject:sunken narrow scarlet eyes,深陷狹長的猩紅色眼睛,[REVIEWED:1][PROSE:appearance]
DFL_APPEARANCE:subject:slightly wide-set narrow scarlet eyes,間距略寬且狹長的猩紅色眼睛,[REVIEWED:1][PROSE:appearance]
DFL_APPEARANCE:subject:sea foam hair,海沫綠頭髮,[REVIEWED:1][PROSE:appearance]
DFL_APPEARANCE:predicate:hair:sea foam,呈海沫綠,[REVIEWED:1][PROSE:appearance]
DFL_APPEARANCE:subject:sea foam beard,海沫綠鬍鬚,[REVIEWED:1][PROSE:appearance]
DFL_APPEARANCE:predicate:beard:sea foam,呈海沫綠,[REVIEWED:1][PROSE:appearance]
DFL_APPEARANCE:subject:sea foam moustache,海沫綠髭鬚,[REVIEWED:1][PROSE:appearance]
DFL_APPEARANCE:predicate:moustache:sea foam,呈海沫綠,[REVIEWED:1][PROSE:appearance]
DFL_APPEARANCE:subject:sea foam sideburns,海沫綠鬢角,[REVIEWED:1][PROSE:appearance]
DFL_APPEARANCE:predicate:sideburns:sea foam,呈海沫綠,[REVIEWED:1][PROSE:appearance]
DFL_APPEARANCE:subject:sea foam eyes,海沫綠眼睛,[REVIEWED:1][PROSE:appearance]
DFL_APPEARANCE:predicate:eyes:sea foam,呈海沫綠,[REVIEWED:1][PROSE:appearance]
DFL_APPEARANCE:subject:sea foam skin,海沫綠皮膚,[REVIEWED:1][PROSE:appearance]
DFL_APPEARANCE:predicate:skin:sea foam,呈海沫綠,[REVIEWED:1][PROSE:appearance]
DFL_APPEARANCE:subject:slightly close-set sea foam eyes,間距略窄的海沫綠眼睛,[REVIEWED:1][PROSE:appearance]
DFL_APPEARANCE:subject:sunken narrow sea foam eyes,深陷狹長的海沫綠眼睛,[REVIEWED:1][PROSE:appearance]
DFL_APPEARANCE:subject:slightly wide-set narrow sea foam eyes,間距略寬且狹長的海沫綠眼睛,[REVIEWED:1][PROSE:appearance]
DFL_APPEARANCE:subject:sea green hair,海綠色頭髮,[REVIEWED:1][PROSE:appearance]
DFL_APPEARANCE:predicate:hair:sea green,呈海綠色,[REVIEWED:1][PROSE:appearance]
DFL_APPEARANCE:subject:sea green beard,海綠色鬍鬚,[REVIEWED:1][PROSE:appearance]
DFL_APPEARANCE:predicate:beard:sea green,呈海綠色,[REVIEWED:1][PROSE:appearance]
DFL_APPEARANCE:subject:sea green moustache,海綠色髭鬚,[REVIEWED:1][PROSE:appearance]
DFL_APPEARANCE:predicate:moustache:sea green,呈海綠色,[REVIEWED:1][PROSE:appearance]
DFL_APPEARANCE:subject:sea green sideburns,海綠色鬢角,[REVIEWED:1][PROSE:appearance]
DFL_APPEARANCE:predicate:sideburns:sea green,呈海綠色,[REVIEWED:1][PROSE:appearance]
DFL_APPEARANCE:subject:sea green eyes,海綠色眼睛,[REVIEWED:1][PROSE:appearance]
DFL_APPEARANCE:predicate:eyes:sea green,呈海綠色,[REVIEWED:1][PROSE:appearance]
DFL_APPEARANCE:subject:sea green skin,海綠色皮膚,[REVIEWED:1][PROSE:appearance]
DFL_APPEARANCE:predicate:skin:sea green,呈海綠色,[REVIEWED:1][PROSE:appearance]
DFL_APPEARANCE:subject:slightly close-set sea green eyes,間距略窄的海綠色眼睛,[REVIEWED:1][PROSE:appearance]
DFL_APPEARANCE:subject:sunken narrow sea green eyes,深陷狹長的海綠色眼睛,[REVIEWED:1][PROSE:appearance]
DFL_APPEARANCE:subject:slightly wide-set narrow sea green eyes,間距略寬且狹長的海綠色眼睛,[REVIEWED:1][PROSE:appearance]
DFL_APPEARANCE:subject:sepia hair,烏賊墨色頭髮,[REVIEWED:1][PROSE:appearance]
DFL_APPEARANCE:predicate:hair:sepia,呈烏賊墨色,[REVIEWED:1][PROSE:appearance]
DFL_APPEARANCE:subject:sepia beard,烏賊墨色鬍鬚,[REVIEWED:1][PROSE:appearance]
DFL_APPEARANCE:predicate:beard:sepia,呈烏賊墨色,[REVIEWED:1][PROSE:appearance]
DFL_APPEARANCE:subject:sepia moustache,烏賊墨色髭鬚,[REVIEWED:1][PROSE:appearance]
DFL_APPEARANCE:predicate:moustache:sepia,呈烏賊墨色,[REVIEWED:1][PROSE:appearance]
DFL_APPEARANCE:subject:sepia sideburns,烏賊墨色鬢角,[REVIEWED:1][PROSE:appearance]
DFL_APPEARANCE:predicate:sideburns:sepia,呈烏賊墨色,[REVIEWED:1][PROSE:appearance]
DFL_APPEARANCE:subject:sepia eyes,烏賊墨色眼睛,[REVIEWED:1][PROSE:appearance]
DFL_APPEARANCE:predicate:eyes:sepia,呈烏賊墨色,[REVIEWED:1][PROSE:appearance]
DFL_APPEARANCE:subject:sepia skin,烏賊墨色皮膚,[REVIEWED:1][PROSE:appearance]
DFL_APPEARANCE:predicate:skin:sepia,呈烏賊墨色,[REVIEWED:1][PROSE:appearance]
DFL_APPEARANCE:subject:slightly close-set sepia eyes,間距略窄的烏賊墨色眼睛,[REVIEWED:1][PROSE:appearance]
DFL_APPEARANCE:subject:sunken narrow sepia eyes,深陷狹長的烏賊墨色眼睛,[REVIEWED:1][PROSE:appearance]
DFL_APPEARANCE:subject:slightly wide-set narrow sepia eyes,間距略寬且狹長的烏賊墨色眼睛,[REVIEWED:1][PROSE:appearance]
DFL_APPEARANCE:subject:silver hair,銀色頭髮,[REVIEWED:1][PROSE:appearance]
DFL_APPEARANCE:predicate:hair:silver,呈銀色,[REVIEWED:1][PROSE:appearance]
DFL_APPEARANCE:subject:silver beard,銀色鬍鬚,[REVIEWED:1][PROSE:appearance]
DFL_APPEARANCE:predicate:beard:silver,呈銀色,[REVIEWED:1][PROSE:appearance]
DFL_APPEARANCE:subject:silver moustache,銀色髭鬚,[REVIEWED:1][PROSE:appearance]
DFL_APPEARANCE:predicate:moustache:silver,呈銀色,[REVIEWED:1][PROSE:appearance]
DFL_APPEARANCE:subject:silver sideburns,銀色鬢角,[REVIEWED:1][PROSE:appearance]
DFL_APPEARANCE:predicate:sideburns:silver,呈銀色,[REVIEWED:1][PROSE:appearance]
DFL_APPEARANCE:subject:silver eyes,銀色眼睛,[REVIEWED:1][PROSE:appearance]
DFL_APPEARANCE:predicate:eyes:silver,呈銀色,[REVIEWED:1][PROSE:appearance]
DFL_APPEARANCE:subject:silver skin,銀色皮膚,[REVIEWED:1][PROSE:appearance]
DFL_APPEARANCE:predicate:skin:silver,呈銀色,[REVIEWED:1][PROSE:appearance]
DFL_APPEARANCE:subject:slightly close-set silver eyes,間距略窄的銀色眼睛,[REVIEWED:1][PROSE:appearance]
DFL_APPEARANCE:subject:sunken narrow silver eyes,深陷狹長的銀色眼睛,[REVIEWED:1][PROSE:appearance]
DFL_APPEARANCE:subject:slightly wide-set narrow silver eyes,間距略寬且狹長的銀色眼睛,[REVIEWED:1][PROSE:appearance]
DFL_APPEARANCE:subject:sky blue hair,天藍色頭髮,[REVIEWED:1][PROSE:appearance]
DFL_APPEARANCE:predicate:hair:sky blue,呈天藍色,[REVIEWED:1][PROSE:appearance]
DFL_APPEARANCE:subject:sky blue beard,天藍色鬍鬚,[REVIEWED:1][PROSE:appearance]
DFL_APPEARANCE:predicate:beard:sky blue,呈天藍色,[REVIEWED:1][PROSE:appearance]
DFL_APPEARANCE:subject:sky blue moustache,天藍色髭鬚,[REVIEWED:1][PROSE:appearance]
DFL_APPEARANCE:predicate:moustache:sky blue,呈天藍色,[REVIEWED:1][PROSE:appearance]
DFL_APPEARANCE:subject:sky blue sideburns,天藍色鬢角,[REVIEWED:1][PROSE:appearance]
DFL_APPEARANCE:predicate:sideburns:sky blue,呈天藍色,[REVIEWED:1][PROSE:appearance]
DFL_APPEARANCE:subject:sky blue eyes,天藍色眼睛,[REVIEWED:1][PROSE:appearance]
DFL_APPEARANCE:predicate:eyes:sky blue,呈天藍色,[REVIEWED:1][PROSE:appearance]
DFL_APPEARANCE:subject:sky blue skin,天藍色皮膚,[REVIEWED:1][PROSE:appearance]
DFL_APPEARANCE:predicate:skin:sky blue,呈天藍色,[REVIEWED:1][PROSE:appearance]
DFL_APPEARANCE:subject:slightly close-set sky blue eyes,間距略窄的天藍色眼睛,[REVIEWED:1][PROSE:appearance]
DFL_APPEARANCE:subject:sunken narrow sky blue eyes,深陷狹長的天藍色眼睛,[REVIEWED:1][PROSE:appearance]
DFL_APPEARANCE:subject:slightly wide-set narrow sky blue eyes,間距略寬且狹長的天藍色眼睛,[REVIEWED:1][PROSE:appearance]
DFL_APPEARANCE:subject:slate gray hair,板岩灰頭髮,[REVIEWED:1][PROSE:appearance]
DFL_APPEARANCE:predicate:hair:slate gray,呈板岩灰,[REVIEWED:1][PROSE:appearance]
DFL_APPEARANCE:subject:slate gray beard,板岩灰鬍鬚,[REVIEWED:1][PROSE:appearance]
DFL_APPEARANCE:predicate:beard:slate gray,呈板岩灰,[REVIEWED:1][PROSE:appearance]
DFL_APPEARANCE:subject:slate gray moustache,板岩灰髭鬚,[REVIEWED:1][PROSE:appearance]
DFL_APPEARANCE:predicate:moustache:slate gray,呈板岩灰,[REVIEWED:1][PROSE:appearance]
DFL_APPEARANCE:subject:slate gray sideburns,板岩灰鬢角,[REVIEWED:1][PROSE:appearance]
DFL_APPEARANCE:predicate:sideburns:slate gray,呈板岩灰,[REVIEWED:1][PROSE:appearance]
DFL_APPEARANCE:subject:slate gray eyes,板岩灰眼睛,[REVIEWED:1][PROSE:appearance]
DFL_APPEARANCE:predicate:eyes:slate gray,呈板岩灰,[REVIEWED:1][PROSE:appearance]
DFL_APPEARANCE:subject:slate gray skin,板岩灰皮膚,[REVIEWED:1][PROSE:appearance]
DFL_APPEARANCE:predicate:skin:slate gray,呈板岩灰,[REVIEWED:1][PROSE:appearance]
DFL_APPEARANCE:subject:slightly close-set slate gray eyes,間距略窄的板岩灰眼睛,[REVIEWED:1][PROSE:appearance]
DFL_APPEARANCE:subject:sunken narrow slate gray eyes,深陷狹長的板岩灰眼睛,[REVIEWED:1][PROSE:appearance]
DFL_APPEARANCE:subject:slightly wide-set narrow slate gray eyes,間距略寬且狹長的板岩灰眼睛,[REVIEWED:1][PROSE:appearance]
DFL_APPEARANCE:subject:spring green hair,春綠色頭髮,[REVIEWED:1][PROSE:appearance]
DFL_APPEARANCE:predicate:hair:spring green,呈春綠色,[REVIEWED:1][PROSE:appearance]
DFL_APPEARANCE:subject:spring green beard,春綠色鬍鬚,[REVIEWED:1][PROSE:appearance]
DFL_APPEARANCE:predicate:beard:spring green,呈春綠色,[REVIEWED:1][PROSE:appearance]
DFL_APPEARANCE:subject:spring green moustache,春綠色髭鬚,[REVIEWED:1][PROSE:appearance]
DFL_APPEARANCE:predicate:moustache:spring green,呈春綠色,[REVIEWED:1][PROSE:appearance]
DFL_APPEARANCE:subject:spring green sideburns,春綠色鬢角,[REVIEWED:1][PROSE:appearance]
DFL_APPEARANCE:predicate:sideburns:spring green,呈春綠色,[REVIEWED:1][PROSE:appearance]
DFL_APPEARANCE:subject:spring green eyes,春綠色眼睛,[REVIEWED:1][PROSE:appearance]
DFL_APPEARANCE:predicate:eyes:spring green,呈春綠色,[REVIEWED:1][PROSE:appearance]
DFL_APPEARANCE:subject:spring green skin,春綠色皮膚,[REVIEWED:1][PROSE:appearance]
DFL_APPEARANCE:predicate:skin:spring green,呈春綠色,[REVIEWED:1][PROSE:appearance]
DFL_APPEARANCE:subject:slightly close-set spring green eyes,間距略窄的春綠色眼睛,[REVIEWED:1][PROSE:appearance]
DFL_APPEARANCE:subject:sunken narrow spring green eyes,深陷狹長的春綠色眼睛,[REVIEWED:1][PROSE:appearance]
DFL_APPEARANCE:subject:slightly wide-set narrow spring green eyes,間距略寬且狹長的春綠色眼睛,[REVIEWED:1][PROSE:appearance]
DFL_APPEARANCE:subject:tan hair,棕褐色頭髮,[REVIEWED:1][PROSE:appearance]
DFL_APPEARANCE:predicate:hair:tan,呈棕褐色,[REVIEWED:1][PROSE:appearance]
DFL_APPEARANCE:subject:tan beard,棕褐色鬍鬚,[REVIEWED:1][PROSE:appearance]
DFL_APPEARANCE:predicate:beard:tan,呈棕褐色,[REVIEWED:1][PROSE:appearance]
DFL_APPEARANCE:subject:tan moustache,棕褐色髭鬚,[REVIEWED:1][PROSE:appearance]
DFL_APPEARANCE:predicate:moustache:tan,呈棕褐色,[REVIEWED:1][PROSE:appearance]
DFL_APPEARANCE:subject:tan sideburns,棕褐色鬢角,[REVIEWED:1][PROSE:appearance]
DFL_APPEARANCE:predicate:sideburns:tan,呈棕褐色,[REVIEWED:1][PROSE:appearance]
DFL_APPEARANCE:subject:tan eyes,棕褐色眼睛,[REVIEWED:1][PROSE:appearance]
DFL_APPEARANCE:predicate:eyes:tan,呈棕褐色,[REVIEWED:1][PROSE:appearance]
DFL_APPEARANCE:subject:tan skin,棕褐色皮膚,[REVIEWED:1][PROSE:appearance]
DFL_APPEARANCE:predicate:skin:tan,呈棕褐色,[REVIEWED:1][PROSE:appearance]
DFL_APPEARANCE:subject:slightly close-set tan eyes,間距略窄的棕褐色眼睛,[REVIEWED:1][PROSE:appearance]
DFL_APPEARANCE:subject:sunken narrow tan eyes,深陷狹長的棕褐色眼睛,[REVIEWED:1][PROSE:appearance]
DFL_APPEARANCE:subject:slightly wide-set narrow tan eyes,間距略寬且狹長的棕褐色眼睛,[REVIEWED:1][PROSE:appearance]
DFL_APPEARANCE:subject:taupe hair,褐色頭髮,[REVIEWED:1][PROSE:appearance]
DFL_APPEARANCE:predicate:hair:taupe,呈褐色,[REVIEWED:1][PROSE:appearance]
DFL_APPEARANCE:subject:taupe beard,褐色鬍鬚,[REVIEWED:1][PROSE:appearance]
DFL_APPEARANCE:predicate:beard:taupe,呈褐色,[REVIEWED:1][PROSE:appearance]
DFL_APPEARANCE:subject:taupe moustache,褐色髭鬚,[REVIEWED:1][PROSE:appearance]
DFL_APPEARANCE:predicate:moustache:taupe,呈褐色,[REVIEWED:1][PROSE:appearance]
DFL_APPEARANCE:subject:taupe sideburns,褐色鬢角,[REVIEWED:1][PROSE:appearance]
DFL_APPEARANCE:predicate:sideburns:taupe,呈褐色,[REVIEWED:1][PROSE:appearance]
DFL_APPEARANCE:subject:taupe eyes,褐色眼睛,[REVIEWED:1][PROSE:appearance]
DFL_APPEARANCE:predicate:eyes:taupe,呈褐色,[REVIEWED:1][PROSE:appearance]
DFL_APPEARANCE:subject:taupe skin,褐色皮膚,[REVIEWED:1][PROSE:appearance]
DFL_APPEARANCE:predicate:skin:taupe,呈褐色,[REVIEWED:1][PROSE:appearance]
DFL_APPEARANCE:subject:slightly close-set taupe eyes,間距略窄的褐色眼睛,[REVIEWED:1][PROSE:appearance]
DFL_APPEARANCE:subject:sunken narrow taupe eyes,深陷狹長的褐色眼睛,[REVIEWED:1][PROSE:appearance]
DFL_APPEARANCE:subject:slightly wide-set narrow taupe eyes,間距略寬且狹長的褐色眼睛,[REVIEWED:1][PROSE:appearance]
DFL_APPEARANCE:subject:taupe gray hair,灰褐色頭髮,[REVIEWED:1][PROSE:appearance]
DFL_APPEARANCE:predicate:hair:taupe gray,呈灰褐色,[REVIEWED:1][PROSE:appearance]
DFL_APPEARANCE:subject:taupe gray beard,灰褐色鬍鬚,[REVIEWED:1][PROSE:appearance]
DFL_APPEARANCE:predicate:beard:taupe gray,呈灰褐色,[REVIEWED:1][PROSE:appearance]
DFL_APPEARANCE:subject:taupe gray moustache,灰褐色髭鬚,[REVIEWED:1][PROSE:appearance]
DFL_APPEARANCE:predicate:moustache:taupe gray,呈灰褐色,[REVIEWED:1][PROSE:appearance]
DFL_APPEARANCE:subject:taupe gray sideburns,灰褐色鬢角,[REVIEWED:1][PROSE:appearance]
DFL_APPEARANCE:predicate:sideburns:taupe gray,呈灰褐色,[REVIEWED:1][PROSE:appearance]
DFL_APPEARANCE:subject:taupe gray eyes,灰褐色眼睛,[REVIEWED:1][PROSE:appearance]
DFL_APPEARANCE:predicate:eyes:taupe gray,呈灰褐色,[REVIEWED:1][PROSE:appearance]
DFL_APPEARANCE:subject:taupe gray skin,灰褐色皮膚,[REVIEWED:1][PROSE:appearance]
DFL_APPEARANCE:predicate:skin:taupe gray,呈灰褐色,[REVIEWED:1][PROSE:appearance]
DFL_APPEARANCE:subject:slightly close-set taupe gray eyes,間距略窄的灰褐色眼睛,[REVIEWED:1][PROSE:appearance]
DFL_APPEARANCE:subject:sunken narrow taupe gray eyes,深陷狹長的灰褐色眼睛,[REVIEWED:1][PROSE:appearance]
DFL_APPEARANCE:subject:slightly wide-set narrow taupe gray eyes,間距略寬且狹長的灰褐色眼睛,[REVIEWED:1][PROSE:appearance]
DFL_APPEARANCE:subject:dark taupe hair,深灰褐色頭髮,[REVIEWED:1][PROSE:appearance]
DFL_APPEARANCE:predicate:hair:dark taupe,呈深灰褐色,[REVIEWED:1][PROSE:appearance]
DFL_APPEARANCE:subject:dark taupe beard,深灰褐色鬍鬚,[REVIEWED:1][PROSE:appearance]
DFL_APPEARANCE:predicate:beard:dark taupe,呈深灰褐色,[REVIEWED:1][PROSE:appearance]
DFL_APPEARANCE:subject:dark taupe moustache,深灰褐色髭鬚,[REVIEWED:1][PROSE:appearance]
DFL_APPEARANCE:predicate:moustache:dark taupe,呈深灰褐色,[REVIEWED:1][PROSE:appearance]
DFL_APPEARANCE:subject:dark taupe sideburns,深灰褐色鬢角,[REVIEWED:1][PROSE:appearance]
DFL_APPEARANCE:predicate:sideburns:dark taupe,呈深灰褐色,[REVIEWED:1][PROSE:appearance]
DFL_APPEARANCE:subject:dark taupe eyes,深灰褐色眼睛,[REVIEWED:1][PROSE:appearance]
DFL_APPEARANCE:predicate:eyes:dark taupe,呈深灰褐色,[REVIEWED:1][PROSE:appearance]
DFL_APPEARANCE:subject:dark taupe skin,深灰褐色皮膚,[REVIEWED:1][PROSE:appearance]
DFL_APPEARANCE:predicate:skin:dark taupe,呈深灰褐色,[REVIEWED:1][PROSE:appearance]
DFL_APPEARANCE:subject:slightly close-set dark taupe eyes,間距略窄的深灰褐色眼睛,[REVIEWED:1][PROSE:appearance]
DFL_APPEARANCE:subject:sunken narrow dark taupe eyes,深陷狹長的深灰褐色眼睛,[REVIEWED:1][PROSE:appearance]
DFL_APPEARANCE:subject:slightly wide-set narrow dark taupe eyes,間距略寬且狹長的深灰褐色眼睛,[REVIEWED:1][PROSE:appearance]
DFL_APPEARANCE:subject:taupe medium hair,中灰褐色頭髮,[REVIEWED:1][PROSE:appearance]
DFL_APPEARANCE:predicate:hair:taupe medium,呈中灰褐色,[REVIEWED:1][PROSE:appearance]
DFL_APPEARANCE:subject:taupe medium beard,中灰褐色鬍鬚,[REVIEWED:1][PROSE:appearance]
DFL_APPEARANCE:predicate:beard:taupe medium,呈中灰褐色,[REVIEWED:1][PROSE:appearance]
DFL_APPEARANCE:subject:taupe medium moustache,中灰褐色髭鬚,[REVIEWED:1][PROSE:appearance]
DFL_APPEARANCE:predicate:moustache:taupe medium,呈中灰褐色,[REVIEWED:1][PROSE:appearance]
DFL_APPEARANCE:subject:taupe medium sideburns,中灰褐色鬢角,[REVIEWED:1][PROSE:appearance]
DFL_APPEARANCE:predicate:sideburns:taupe medium,呈中灰褐色,[REVIEWED:1][PROSE:appearance]
DFL_APPEARANCE:subject:taupe medium eyes,中灰褐色眼睛,[REVIEWED:1][PROSE:appearance]
DFL_APPEARANCE:predicate:eyes:taupe medium,呈中灰褐色,[REVIEWED:1][PROSE:appearance]
DFL_APPEARANCE:subject:taupe medium skin,中灰褐色皮膚,[REVIEWED:1][PROSE:appearance]
DFL_APPEARANCE:predicate:skin:taupe medium,呈中灰褐色,[REVIEWED:1][PROSE:appearance]
DFL_APPEARANCE:subject:slightly close-set taupe medium eyes,間距略窄的中灰褐色眼睛,[REVIEWED:1][PROSE:appearance]
DFL_APPEARANCE:subject:sunken narrow taupe medium eyes,深陷狹長的中灰褐色眼睛,[REVIEWED:1][PROSE:appearance]
DFL_APPEARANCE:subject:slightly wide-set narrow taupe medium eyes,間距略寬且狹長的中灰褐色眼睛,[REVIEWED:1][PROSE:appearance]
DFL_APPEARANCE:subject:pale taupe hair,淺褐色頭髮,[REVIEWED:1][PROSE:appearance]
DFL_APPEARANCE:predicate:hair:pale taupe,呈淺褐色,[REVIEWED:1][PROSE:appearance]
DFL_APPEARANCE:subject:pale taupe beard,淺褐色鬍鬚,[REVIEWED:1][PROSE:appearance]
DFL_APPEARANCE:predicate:beard:pale taupe,呈淺褐色,[REVIEWED:1][PROSE:appearance]
DFL_APPEARANCE:subject:pale taupe moustache,淺褐色髭鬚,[REVIEWED:1][PROSE:appearance]
DFL_APPEARANCE:predicate:moustache:pale taupe,呈淺褐色,[REVIEWED:1][PROSE:appearance]
DFL_APPEARANCE:subject:pale taupe sideburns,淺褐色鬢角,[REVIEWED:1][PROSE:appearance]
DFL_APPEARANCE:predicate:sideburns:pale taupe,呈淺褐色,[REVIEWED:1][PROSE:appearance]
DFL_APPEARANCE:subject:pale taupe eyes,淺褐色眼睛,[REVIEWED:1][PROSE:appearance]
DFL_APPEARANCE:predicate:eyes:pale taupe,呈淺褐色,[REVIEWED:1][PROSE:appearance]
DFL_APPEARANCE:subject:pale taupe skin,淺褐色皮膚,[REVIEWED:1][PROSE:appearance]
DFL_APPEARANCE:predicate:skin:pale taupe,呈淺褐色,[REVIEWED:1][PROSE:appearance]
DFL_APPEARANCE:subject:slightly close-set pale taupe eyes,間距略窄的淺褐色眼睛,[REVIEWED:1][PROSE:appearance]
DFL_APPEARANCE:subject:sunken narrow pale taupe eyes,深陷狹長的淺褐色眼睛,[REVIEWED:1][PROSE:appearance]
DFL_APPEARANCE:subject:slightly wide-set narrow pale taupe eyes,間距略寬且狹長的淺褐色眼睛,[REVIEWED:1][PROSE:appearance]
DFL_APPEARANCE:subject:purple taupe hair,紫褐色頭髮,[REVIEWED:1][PROSE:appearance]
DFL_APPEARANCE:predicate:hair:purple taupe,呈紫褐色,[REVIEWED:1][PROSE:appearance]
DFL_APPEARANCE:subject:purple taupe beard,紫褐色鬍鬚,[REVIEWED:1][PROSE:appearance]
DFL_APPEARANCE:predicate:beard:purple taupe,呈紫褐色,[REVIEWED:1][PROSE:appearance]
DFL_APPEARANCE:subject:purple taupe moustache,紫褐色髭鬚,[REVIEWED:1][PROSE:appearance]
DFL_APPEARANCE:predicate:moustache:purple taupe,呈紫褐色,[REVIEWED:1][PROSE:appearance]
DFL_APPEARANCE:subject:purple taupe sideburns,紫褐色鬢角,[REVIEWED:1][PROSE:appearance]
DFL_APPEARANCE:predicate:sideburns:purple taupe,呈紫褐色,[REVIEWED:1][PROSE:appearance]
DFL_APPEARANCE:subject:purple taupe eyes,紫褐色眼睛,[REVIEWED:1][PROSE:appearance]
DFL_APPEARANCE:predicate:eyes:purple taupe,呈紫褐色,[REVIEWED:1][PROSE:appearance]
DFL_APPEARANCE:subject:purple taupe skin,紫褐色皮膚,[REVIEWED:1][PROSE:appearance]
DFL_APPEARANCE:predicate:skin:purple taupe,呈紫褐色,[REVIEWED:1][PROSE:appearance]
DFL_APPEARANCE:subject:slightly close-set purple taupe eyes,間距略窄的紫褐色眼睛,[REVIEWED:1][PROSE:appearance]
DFL_APPEARANCE:subject:sunken narrow purple taupe eyes,深陷狹長的紫褐色眼睛,[REVIEWED:1][PROSE:appearance]
DFL_APPEARANCE:subject:slightly wide-set narrow purple taupe eyes,間距略寬且狹長的紫褐色眼睛,[REVIEWED:1][PROSE:appearance]
DFL_APPEARANCE:subject:rose taupe hair,玫瑰褐色頭髮,[REVIEWED:1][PROSE:appearance]
DFL_APPEARANCE:predicate:hair:rose taupe,呈玫瑰褐色,[REVIEWED:1][PROSE:appearance]
DFL_APPEARANCE:subject:rose taupe beard,玫瑰褐色鬍鬚,[REVIEWED:1][PROSE:appearance]
DFL_APPEARANCE:predicate:beard:rose taupe,呈玫瑰褐色,[REVIEWED:1][PROSE:appearance]
DFL_APPEARANCE:subject:rose taupe moustache,玫瑰褐色髭鬚,[REVIEWED:1][PROSE:appearance]
DFL_APPEARANCE:predicate:moustache:rose taupe,呈玫瑰褐色,[REVIEWED:1][PROSE:appearance]
DFL_APPEARANCE:subject:rose taupe sideburns,玫瑰褐色鬢角,[REVIEWED:1][PROSE:appearance]
DFL_APPEARANCE:predicate:sideburns:rose taupe,呈玫瑰褐色,[REVIEWED:1][PROSE:appearance]
DFL_APPEARANCE:subject:rose taupe eyes,玫瑰褐色眼睛,[REVIEWED:1][PROSE:appearance]
DFL_APPEARANCE:predicate:eyes:rose taupe,呈玫瑰褐色,[REVIEWED:1][PROSE:appearance]
DFL_APPEARANCE:subject:rose taupe skin,玫瑰褐色皮膚,[REVIEWED:1][PROSE:appearance]
DFL_APPEARANCE:predicate:skin:rose taupe,呈玫瑰褐色,[REVIEWED:1][PROSE:appearance]
DFL_APPEARANCE:subject:slightly close-set rose taupe eyes,間距略窄的玫瑰褐色眼睛,[REVIEWED:1][PROSE:appearance]
DFL_APPEARANCE:subject:sunken narrow rose taupe eyes,深陷狹長的玫瑰褐色眼睛,[REVIEWED:1][PROSE:appearance]
DFL_APPEARANCE:subject:slightly wide-set narrow rose taupe eyes,間距略寬且狹長的玫瑰褐色眼睛,[REVIEWED:1][PROSE:appearance]
DFL_APPEARANCE:subject:sandy taupe hair,沙褐色頭髮,[REVIEWED:1][PROSE:appearance]
DFL_APPEARANCE:predicate:hair:sandy taupe,呈沙褐色,[REVIEWED:1][PROSE:appearance]
DFL_APPEARANCE:subject:sandy taupe beard,沙褐色鬍鬚,[REVIEWED:1][PROSE:appearance]
DFL_APPEARANCE:predicate:beard:sandy taupe,呈沙褐色,[REVIEWED:1][PROSE:appearance]
DFL_APPEARANCE:subject:sandy taupe moustache,沙褐色髭鬚,[REVIEWED:1][PROSE:appearance]
DFL_APPEARANCE:predicate:moustache:sandy taupe,呈沙褐色,[REVIEWED:1][PROSE:appearance]
DFL_APPEARANCE:subject:sandy taupe sideburns,沙褐色鬢角,[REVIEWED:1][PROSE:appearance]
DFL_APPEARANCE:predicate:sideburns:sandy taupe,呈沙褐色,[REVIEWED:1][PROSE:appearance]
DFL_APPEARANCE:subject:sandy taupe eyes,沙褐色眼睛,[REVIEWED:1][PROSE:appearance]
DFL_APPEARANCE:predicate:eyes:sandy taupe,呈沙褐色,[REVIEWED:1][PROSE:appearance]
DFL_APPEARANCE:subject:sandy taupe skin,沙褐色皮膚,[REVIEWED:1][PROSE:appearance]
DFL_APPEARANCE:predicate:skin:sandy taupe,呈沙褐色,[REVIEWED:1][PROSE:appearance]
DFL_APPEARANCE:subject:slightly close-set sandy taupe eyes,間距略窄的沙褐色眼睛,[REVIEWED:1][PROSE:appearance]
DFL_APPEARANCE:subject:sunken narrow sandy taupe eyes,深陷狹長的沙褐色眼睛,[REVIEWED:1][PROSE:appearance]
DFL_APPEARANCE:subject:slightly wide-set narrow sandy taupe eyes,間距略寬且狹長的沙褐色眼睛,[REVIEWED:1][PROSE:appearance]
DFL_APPEARANCE:subject:teal hair,水鴨色頭髮,[REVIEWED:1][PROSE:appearance]
DFL_APPEARANCE:predicate:hair:teal,呈水鴨色,[REVIEWED:1][PROSE:appearance]
DFL_APPEARANCE:subject:teal beard,水鴨色鬍鬚,[REVIEWED:1][PROSE:appearance]
DFL_APPEARANCE:predicate:beard:teal,呈水鴨色,[REVIEWED:1][PROSE:appearance]
DFL_APPEARANCE:subject:teal moustache,水鴨色髭鬚,[REVIEWED:1][PROSE:appearance]
DFL_APPEARANCE:predicate:moustache:teal,呈水鴨色,[REVIEWED:1][PROSE:appearance]
DFL_APPEARANCE:subject:teal sideburns,水鴨色鬢角,[REVIEWED:1][PROSE:appearance]
DFL_APPEARANCE:predicate:sideburns:teal,呈水鴨色,[REVIEWED:1][PROSE:appearance]
DFL_APPEARANCE:subject:teal eyes,水鴨色眼睛,[REVIEWED:1][PROSE:appearance]
DFL_APPEARANCE:predicate:eyes:teal,呈水鴨色,[REVIEWED:1][PROSE:appearance]
DFL_APPEARANCE:subject:teal skin,水鴨色皮膚,[REVIEWED:1][PROSE:appearance]
DFL_APPEARANCE:predicate:skin:teal,呈水鴨色,[REVIEWED:1][PROSE:appearance]
DFL_APPEARANCE:subject:slightly close-set teal eyes,間距略窄的水鴨色眼睛,[REVIEWED:1][PROSE:appearance]
DFL_APPEARANCE:subject:sunken narrow teal eyes,深陷狹長的水鴨色眼睛,[REVIEWED:1][PROSE:appearance]
DFL_APPEARANCE:subject:slightly wide-set narrow teal eyes,間距略寬且狹長的水鴨色眼睛,[REVIEWED:1][PROSE:appearance]
DFL_APPEARANCE:subject:turquoise hair,青綠色頭髮,[REVIEWED:1][PROSE:appearance]
DFL_APPEARANCE:predicate:hair:turquoise,呈青綠色,[REVIEWED:1][PROSE:appearance]
DFL_APPEARANCE:subject:turquoise beard,青綠色鬍鬚,[REVIEWED:1][PROSE:appearance]
DFL_APPEARANCE:predicate:beard:turquoise,呈青綠色,[REVIEWED:1][PROSE:appearance]
DFL_APPEARANCE:subject:turquoise moustache,青綠色髭鬚,[REVIEWED:1][PROSE:appearance]
DFL_APPEARANCE:predicate:moustache:turquoise,呈青綠色,[REVIEWED:1][PROSE:appearance]
DFL_APPEARANCE:subject:turquoise sideburns,青綠色鬢角,[REVIEWED:1][PROSE:appearance]
DFL_APPEARANCE:predicate:sideburns:turquoise,呈青綠色,[REVIEWED:1][PROSE:appearance]
DFL_APPEARANCE:subject:turquoise eyes,青綠色眼睛,[REVIEWED:1][PROSE:appearance]
DFL_APPEARANCE:predicate:eyes:turquoise,呈青綠色,[REVIEWED:1][PROSE:appearance]
DFL_APPEARANCE:subject:turquoise skin,青綠色皮膚,[REVIEWED:1][PROSE:appearance]
DFL_APPEARANCE:predicate:skin:turquoise,呈青綠色,[REVIEWED:1][PROSE:appearance]
DFL_APPEARANCE:subject:slightly close-set turquoise eyes,間距略窄的青綠色眼睛,[REVIEWED:1][PROSE:appearance]
DFL_APPEARANCE:subject:sunken narrow turquoise eyes,深陷狹長的青綠色眼睛,[REVIEWED:1][PROSE:appearance]
DFL_APPEARANCE:subject:slightly wide-set narrow turquoise eyes,間距略寬且狹長的青綠色眼睛,[REVIEWED:1][PROSE:appearance]
DFL_APPEARANCE:subject:ultramarine hair,群青色頭髮,[REVIEWED:1][PROSE:appearance]
DFL_APPEARANCE:predicate:hair:ultramarine,呈群青色,[REVIEWED:1][PROSE:appearance]
DFL_APPEARANCE:subject:ultramarine beard,群青色鬍鬚,[REVIEWED:1][PROSE:appearance]
DFL_APPEARANCE:predicate:beard:ultramarine,呈群青色,[REVIEWED:1][PROSE:appearance]
DFL_APPEARANCE:subject:ultramarine moustache,群青色髭鬚,[REVIEWED:1][PROSE:appearance]
DFL_APPEARANCE:predicate:moustache:ultramarine,呈群青色,[REVIEWED:1][PROSE:appearance]
DFL_APPEARANCE:subject:ultramarine sideburns,群青色鬢角,[REVIEWED:1][PROSE:appearance]
DFL_APPEARANCE:predicate:sideburns:ultramarine,呈群青色,[REVIEWED:1][PROSE:appearance]
DFL_APPEARANCE:subject:ultramarine eyes,群青色眼睛,[REVIEWED:1][PROSE:appearance]
DFL_APPEARANCE:predicate:eyes:ultramarine,呈群青色,[REVIEWED:1][PROSE:appearance]
DFL_APPEARANCE:subject:ultramarine skin,群青色皮膚,[REVIEWED:1][PROSE:appearance]
DFL_APPEARANCE:predicate:skin:ultramarine,呈群青色,[REVIEWED:1][PROSE:appearance]
DFL_APPEARANCE:subject:slightly close-set ultramarine eyes,間距略窄的群青色眼睛,[REVIEWED:1][PROSE:appearance]
DFL_APPEARANCE:subject:sunken narrow ultramarine eyes,深陷狹長的群青色眼睛,[REVIEWED:1][PROSE:appearance]
DFL_APPEARANCE:subject:slightly wide-set narrow ultramarine eyes,間距略寬且狹長的群青色眼睛,[REVIEWED:1][PROSE:appearance]
DFL_APPEARANCE:subject:vermilion hair,硃紅色頭髮,[REVIEWED:1][PROSE:appearance]
DFL_APPEARANCE:predicate:hair:vermilion,呈硃紅色,[REVIEWED:1][PROSE:appearance]
DFL_APPEARANCE:subject:vermilion beard,硃紅色鬍鬚,[REVIEWED:1][PROSE:appearance]
DFL_APPEARANCE:predicate:beard:vermilion,呈硃紅色,[REVIEWED:1][PROSE:appearance]
DFL_APPEARANCE:subject:vermilion moustache,硃紅色髭鬚,[REVIEWED:1][PROSE:appearance]
DFL_APPEARANCE:predicate:moustache:vermilion,呈硃紅色,[REVIEWED:1][PROSE:appearance]
DFL_APPEARANCE:subject:vermilion sideburns,硃紅色鬢角,[REVIEWED:1][PROSE:appearance]
DFL_APPEARANCE:predicate:sideburns:vermilion,呈硃紅色,[REVIEWED:1][PROSE:appearance]
DFL_APPEARANCE:subject:vermilion eyes,硃紅色眼睛,[REVIEWED:1][PROSE:appearance]
DFL_APPEARANCE:predicate:eyes:vermilion,呈硃紅色,[REVIEWED:1][PROSE:appearance]
DFL_APPEARANCE:subject:vermilion skin,硃紅色皮膚,[REVIEWED:1][PROSE:appearance]
DFL_APPEARANCE:predicate:skin:vermilion,呈硃紅色,[REVIEWED:1][PROSE:appearance]
DFL_APPEARANCE:subject:slightly close-set vermilion eyes,間距略窄的硃紅色眼睛,[REVIEWED:1][PROSE:appearance]
DFL_APPEARANCE:subject:sunken narrow vermilion eyes,深陷狹長的硃紅色眼睛,[REVIEWED:1][PROSE:appearance]
DFL_APPEARANCE:subject:slightly wide-set narrow vermilion eyes,間距略寬且狹長的硃紅色眼睛,[REVIEWED:1][PROSE:appearance]
DFL_APPEARANCE:subject:vibrant green hair,亮翠綠頭髮,[REVIEWED:1][PROSE:appearance]
DFL_APPEARANCE:predicate:hair:vibrant green,呈亮翠綠,[REVIEWED:1][PROSE:appearance]
DFL_APPEARANCE:subject:vibrant green beard,亮翠綠鬍鬚,[REVIEWED:1][PROSE:appearance]
DFL_APPEARANCE:predicate:beard:vibrant green,呈亮翠綠,[REVIEWED:1][PROSE:appearance]
DFL_APPEARANCE:subject:vibrant green moustache,亮翠綠髭鬚,[REVIEWED:1][PROSE:appearance]
DFL_APPEARANCE:predicate:moustache:vibrant green,呈亮翠綠,[REVIEWED:1][PROSE:appearance]
DFL_APPEARANCE:subject:vibrant green sideburns,亮翠綠鬢角,[REVIEWED:1][PROSE:appearance]
DFL_APPEARANCE:predicate:sideburns:vibrant green,呈亮翠綠,[REVIEWED:1][PROSE:appearance]
DFL_APPEARANCE:subject:vibrant green eyes,亮翠綠眼睛,[REVIEWED:1][PROSE:appearance]
DFL_APPEARANCE:predicate:eyes:vibrant green,呈亮翠綠,[REVIEWED:1][PROSE:appearance]
DFL_APPEARANCE:subject:vibrant green skin,亮翠綠皮膚,[REVIEWED:1][PROSE:appearance]
DFL_APPEARANCE:predicate:skin:vibrant green,呈亮翠綠,[REVIEWED:1][PROSE:appearance]
DFL_APPEARANCE:subject:slightly close-set vibrant green eyes,間距略窄的亮翠綠眼睛,[REVIEWED:1][PROSE:appearance]
DFL_APPEARANCE:subject:sunken narrow vibrant green eyes,深陷狹長的亮翠綠眼睛,[REVIEWED:1][PROSE:appearance]
DFL_APPEARANCE:subject:slightly wide-set narrow vibrant green eyes,間距略寬且狹長的亮翠綠眼睛,[REVIEWED:1][PROSE:appearance]
DFL_APPEARANCE:subject:violet hair,紫羅蘭色頭髮,[REVIEWED:1][PROSE:appearance]
DFL_APPEARANCE:predicate:hair:violet,呈紫羅蘭色,[REVIEWED:1][PROSE:appearance]
DFL_APPEARANCE:subject:violet beard,紫羅蘭色鬍鬚,[REVIEWED:1][PROSE:appearance]
DFL_APPEARANCE:predicate:beard:violet,呈紫羅蘭色,[REVIEWED:1][PROSE:appearance]
DFL_APPEARANCE:subject:violet moustache,紫羅蘭色髭鬚,[REVIEWED:1][PROSE:appearance]
DFL_APPEARANCE:predicate:moustache:violet,呈紫羅蘭色,[REVIEWED:1][PROSE:appearance]
DFL_APPEARANCE:subject:violet sideburns,紫羅蘭色鬢角,[REVIEWED:1][PROSE:appearance]
DFL_APPEARANCE:predicate:sideburns:violet,呈紫羅蘭色,[REVIEWED:1][PROSE:appearance]
DFL_APPEARANCE:subject:violet eyes,紫羅蘭色眼睛,[REVIEWED:1][PROSE:appearance]
DFL_APPEARANCE:predicate:eyes:violet,呈紫羅蘭色,[REVIEWED:1][PROSE:appearance]
DFL_APPEARANCE:subject:violet skin,紫羅蘭色皮膚,[REVIEWED:1][PROSE:appearance]
DFL_APPEARANCE:predicate:skin:violet,呈紫羅蘭色,[REVIEWED:1][PROSE:appearance]
DFL_APPEARANCE:subject:slightly close-set violet eyes,間距略窄的紫羅蘭色眼睛,[REVIEWED:1][PROSE:appearance]
DFL_APPEARANCE:subject:sunken narrow violet eyes,深陷狹長的紫羅蘭色眼睛,[REVIEWED:1][PROSE:appearance]
DFL_APPEARANCE:subject:slightly wide-set narrow violet eyes,間距略寬且狹長的紫羅蘭色眼睛,[REVIEWED:1][PROSE:appearance]
DFL_APPEARANCE:subject:white hair,白色頭髮,[REVIEWED:1][PROSE:appearance]
DFL_APPEARANCE:predicate:hair:white,呈白色,[REVIEWED:1][PROSE:appearance]
DFL_APPEARANCE:subject:white beard,白色鬍鬚,[REVIEWED:1][PROSE:appearance]
DFL_APPEARANCE:predicate:beard:white,呈白色,[REVIEWED:1][PROSE:appearance]
DFL_APPEARANCE:subject:white moustache,白色髭鬚,[REVIEWED:1][PROSE:appearance]
DFL_APPEARANCE:predicate:moustache:white,呈白色,[REVIEWED:1][PROSE:appearance]
DFL_APPEARANCE:subject:white sideburns,白色鬢角,[REVIEWED:1][PROSE:appearance]
DFL_APPEARANCE:predicate:sideburns:white,呈白色,[REVIEWED:1][PROSE:appearance]
DFL_APPEARANCE:subject:white eyes,白色眼睛,[REVIEWED:1][PROSE:appearance]
DFL_APPEARANCE:predicate:eyes:white,呈白色,[REVIEWED:1][PROSE:appearance]
DFL_APPEARANCE:subject:white skin,白色皮膚,[REVIEWED:1][PROSE:appearance]
DFL_APPEARANCE:predicate:skin:white,呈白色,[REVIEWED:1][PROSE:appearance]
DFL_APPEARANCE:subject:slightly close-set white eyes,間距略窄的白色眼睛,[REVIEWED:1][PROSE:appearance]
DFL_APPEARANCE:subject:sunken narrow white eyes,深陷狹長的白色眼睛,[REVIEWED:1][PROSE:appearance]
DFL_APPEARANCE:subject:slightly wide-set narrow white eyes,間距略寬且狹長的白色眼睛,[REVIEWED:1][PROSE:appearance]
DFL_APPEARANCE:subject:woodland green hair,林地綠頭髮,[REVIEWED:1][PROSE:appearance]
DFL_APPEARANCE:predicate:hair:woodland green,呈林地綠,[REVIEWED:1][PROSE:appearance]
DFL_APPEARANCE:subject:woodland green beard,林地綠鬍鬚,[REVIEWED:1][PROSE:appearance]
DFL_APPEARANCE:predicate:beard:woodland green,呈林地綠,[REVIEWED:1][PROSE:appearance]
DFL_APPEARANCE:subject:woodland green moustache,林地綠髭鬚,[REVIEWED:1][PROSE:appearance]
DFL_APPEARANCE:predicate:moustache:woodland green,呈林地綠,[REVIEWED:1][PROSE:appearance]
DFL_APPEARANCE:subject:woodland green sideburns,林地綠鬢角,[REVIEWED:1][PROSE:appearance]
DFL_APPEARANCE:predicate:sideburns:woodland green,呈林地綠,[REVIEWED:1][PROSE:appearance]
DFL_APPEARANCE:subject:woodland green eyes,林地綠眼睛,[REVIEWED:1][PROSE:appearance]
DFL_APPEARANCE:predicate:eyes:woodland green,呈林地綠,[REVIEWED:1][PROSE:appearance]
DFL_APPEARANCE:subject:woodland green skin,林地綠皮膚,[REVIEWED:1][PROSE:appearance]
DFL_APPEARANCE:predicate:skin:woodland green,呈林地綠,[REVIEWED:1][PROSE:appearance]
DFL_APPEARANCE:subject:slightly close-set woodland green eyes,間距略窄的林地綠眼睛,[REVIEWED:1][PROSE:appearance]
DFL_APPEARANCE:subject:sunken narrow woodland green eyes,深陷狹長的林地綠眼睛,[REVIEWED:1][PROSE:appearance]
DFL_APPEARANCE:subject:slightly wide-set narrow woodland green eyes,間距略寬且狹長的林地綠眼睛,[REVIEWED:1][PROSE:appearance]
DFL_APPEARANCE:subject:yellow hair,黃色頭髮,[REVIEWED:1][PROSE:appearance]
DFL_APPEARANCE:predicate:hair:yellow,呈黃色,[REVIEWED:1][PROSE:appearance]
DFL_APPEARANCE:subject:yellow beard,黃色鬍鬚,[REVIEWED:1][PROSE:appearance]
DFL_APPEARANCE:predicate:beard:yellow,呈黃色,[REVIEWED:1][PROSE:appearance]
DFL_APPEARANCE:subject:yellow moustache,黃色髭鬚,[REVIEWED:1][PROSE:appearance]
DFL_APPEARANCE:predicate:moustache:yellow,呈黃色,[REVIEWED:1][PROSE:appearance]
DFL_APPEARANCE:subject:yellow sideburns,黃色鬢角,[REVIEWED:1][PROSE:appearance]
DFL_APPEARANCE:predicate:sideburns:yellow,呈黃色,[REVIEWED:1][PROSE:appearance]
DFL_APPEARANCE:subject:yellow eyes,黃色眼睛,[REVIEWED:1][PROSE:appearance]
DFL_APPEARANCE:predicate:eyes:yellow,呈黃色,[REVIEWED:1][PROSE:appearance]
DFL_APPEARANCE:subject:yellow skin,黃色皮膚,[REVIEWED:1][PROSE:appearance]
DFL_APPEARANCE:predicate:skin:yellow,呈黃色,[REVIEWED:1][PROSE:appearance]
DFL_APPEARANCE:subject:slightly close-set yellow eyes,間距略窄的黃色眼睛,[REVIEWED:1][PROSE:appearance]
DFL_APPEARANCE:subject:sunken narrow yellow eyes,深陷狹長的黃色眼睛,[REVIEWED:1][PROSE:appearance]
DFL_APPEARANCE:subject:slightly wide-set narrow yellow eyes,間距略寬且狹長的黃色眼睛,[REVIEWED:1][PROSE:appearance]
DFL_APPEARANCE:subject:yellow-green hair,黃綠頭髮,[REVIEWED:1][PROSE:appearance]
DFL_APPEARANCE:predicate:hair:yellow-green,呈黃綠,[REVIEWED:1][PROSE:appearance]
DFL_APPEARANCE:subject:yellow-green beard,黃綠鬍鬚,[REVIEWED:1][PROSE:appearance]
DFL_APPEARANCE:predicate:beard:yellow-green,呈黃綠,[REVIEWED:1][PROSE:appearance]
DFL_APPEARANCE:subject:yellow-green moustache,黃綠髭鬚,[REVIEWED:1][PROSE:appearance]
DFL_APPEARANCE:predicate:moustache:yellow-green,呈黃綠,[REVIEWED:1][PROSE:appearance]
DFL_APPEARANCE:subject:yellow-green sideburns,黃綠鬢角,[REVIEWED:1][PROSE:appearance]
DFL_APPEARANCE:predicate:sideburns:yellow-green,呈黃綠,[REVIEWED:1][PROSE:appearance]
DFL_APPEARANCE:subject:yellow-green eyes,黃綠眼睛,[REVIEWED:1][PROSE:appearance]
DFL_APPEARANCE:predicate:eyes:yellow-green,呈黃綠,[REVIEWED:1][PROSE:appearance]
DFL_APPEARANCE:subject:yellow-green skin,黃綠皮膚,[REVIEWED:1][PROSE:appearance]
DFL_APPEARANCE:predicate:skin:yellow-green,呈黃綠,[REVIEWED:1][PROSE:appearance]
DFL_APPEARANCE:subject:slightly close-set yellow-green eyes,間距略窄的黃綠眼睛,[REVIEWED:1][PROSE:appearance]
DFL_APPEARANCE:subject:sunken narrow yellow-green eyes,深陷狹長的黃綠眼睛,[REVIEWED:1][PROSE:appearance]
DFL_APPEARANCE:subject:slightly wide-set narrow yellow-green eyes,間距略寬且狹長的黃綠眼睛,[REVIEWED:1][PROSE:appearance]
DFL_APPEARANCE:subject:zesty green hair,鮮檸檬綠頭髮,[REVIEWED:1][PROSE:appearance]
DFL_APPEARANCE:predicate:hair:zesty green,呈鮮檸檬綠,[REVIEWED:1][PROSE:appearance]
DFL_APPEARANCE:subject:zesty green beard,鮮檸檬綠鬍鬚,[REVIEWED:1][PROSE:appearance]
DFL_APPEARANCE:predicate:beard:zesty green,呈鮮檸檬綠,[REVIEWED:1][PROSE:appearance]
DFL_APPEARANCE:subject:zesty green moustache,鮮檸檬綠髭鬚,[REVIEWED:1][PROSE:appearance]
DFL_APPEARANCE:predicate:moustache:zesty green,呈鮮檸檬綠,[REVIEWED:1][PROSE:appearance]
DFL_APPEARANCE:subject:zesty green sideburns,鮮檸檬綠鬢角,[REVIEWED:1][PROSE:appearance]
DFL_APPEARANCE:predicate:sideburns:zesty green,呈鮮檸檬綠,[REVIEWED:1][PROSE:appearance]
DFL_APPEARANCE:subject:zesty green eyes,鮮檸檬綠眼睛,[REVIEWED:1][PROSE:appearance]
DFL_APPEARANCE:predicate:eyes:zesty green,呈鮮檸檬綠,[REVIEWED:1][PROSE:appearance]
DFL_APPEARANCE:subject:zesty green skin,鮮檸檬綠皮膚,[REVIEWED:1][PROSE:appearance]
DFL_APPEARANCE:predicate:skin:zesty green,呈鮮檸檬綠,[REVIEWED:1][PROSE:appearance]
DFL_APPEARANCE:subject:slightly close-set zesty green eyes,間距略窄的鮮檸檬綠眼睛,[REVIEWED:1][PROSE:appearance]
DFL_APPEARANCE:subject:sunken narrow zesty green eyes,深陷狹長的鮮檸檬綠眼睛,[REVIEWED:1][PROSE:appearance]
DFL_APPEARANCE:subject:slightly wide-set narrow zesty green eyes,間距略寬且狹長的鮮檸檬綠眼睛,[REVIEWED:1][PROSE:appearance]
