text,translation,tags
He is unfettered after being away from people.,他沒有因為遠離人群而感到受束縛。,[REVIEWED:1][PROSE:sentence]
He is unfettered after spending time with people.,他沒有因為與人共度時光而感到受束縛。,[REVIEWED:1][PROSE:sentence]
He is unfettered after being unoccupied.,他沒有因為無所事事而感到受束縛。,[REVIEWED:1][PROSE:sentence]
He is unfettered after staying occupied.,他沒有因為保持忙碌而感到受束縛。,[REVIEWED:1][PROSE:sentence]
He is unfettered after doing nothing creative.,他沒有因為沒有進行創作而感到受束縛。,[REVIEWED:1][PROSE:sentence]
He is unfettered after doing something creative.,他沒有因為進行創作而感到受束縛。,[REVIEWED:1][PROSE:sentence]
He is unfettered after leading an unexciting life.,他沒有因為生活平淡無奇而感到受束縛。,[REVIEWED:1][PROSE:sentence]
He is unfettered after doing something exciting.,他沒有因為做了令人興奮的事情而感到受束縛。,[REVIEWED:1][PROSE:sentence]
He is unfettered after being unable to acquire something.,他沒有因為無法獲得某些東西而感到受束縛。,[REVIEWED:1][PROSE:sentence]
He is unfettered after a satisfying acquisition.,他沒有因為獲得滿意的物品而感到受束縛。,[REVIEWED:1][PROSE:sentence]
He is unfettered after being kept from alcohol.,他沒有因為沒有酒喝而感到受束縛。,[REVIEWED:1][PROSE:sentence]
He is unfettered after drinking.,他沒有因為喝酒而感到受束縛。,[REVIEWED:1][PROSE:sentence]
He is unfettered after a lack of decent meals.,他沒有因為缺少像樣的飯菜而感到受束縛。,[REVIEWED:1][PROSE:sentence]
He is unfettered after a good meal.,他沒有因為享用美食而感到受束縛。,[REVIEWED:1][PROSE:sentence]
He is unfettered after being unable to fight.,他沒有因為無法戰鬥而感到受束縛。,[REVIEWED:1][PROSE:sentence]
He is unfettered after fighting.,他沒有因為戰鬥而感到受束縛。,[REVIEWED:1][PROSE:sentence]
He is unfettered after a lack of trouble-making.,他沒有因為沒能製造麻煩而感到受束縛。,[REVIEWED:1][PROSE:sentence]
He is unfettered after causing trouble.,他沒有因為製造麻煩而感到受束縛。,[REVIEWED:1][PROSE:sentence]
He is unfettered after being unable to argue.,他沒有因為無法與人爭論而感到受束縛。,[REVIEWED:1][PROSE:sentence]
He is unfettered after arguing.,他沒有因為與人爭論而感到受束縛。,[REVIEWED:1][PROSE:sentence]
He is unfettered after being unable to be extravagant.,他沒有因為無法奢侈揮霍而感到受束縛。,[REVIEWED:1][PROSE:sentence]
He is unfettered after being extravagant.,他沒有因為奢侈揮霍而感到受束縛。,[REVIEWED:1][PROSE:sentence]
He is unfettered after not learning anything.,他沒有因為沒有學到任何東西而感到受束縛。,[REVIEWED:1][PROSE:sentence]
He is unfettered after learning something.,他沒有因為學到新知而感到受束縛。,[REVIEWED:1][PROSE:sentence]
He is unfettered after being unable to help anybody.,他沒有因為無法幫助任何人而感到受束縛。,[REVIEWED:1][PROSE:sentence]
He is unfettered after helping somebody.,他沒有因為幫助他人而感到受束縛。,[REVIEWED:1][PROSE:sentence]
He is unfettered after a lack of abstract thinking.,他沒有因為缺少抽象思考而感到受束縛。,[REVIEWED:1][PROSE:sentence]
He is unfettered after thinking abstractly.,他沒有因為進行抽象思考而感到受束縛。,[REVIEWED:1][PROSE:sentence]
He is unfettered after being unable to make merry.,他沒有因為無法盡情娛樂而感到受束縛。,[REVIEWED:1][PROSE:sentence]
He is unfettered after making merry.,他沒有因為盡情娛樂而感到受束縛。,[REVIEWED:1][PROSE:sentence]
He is unfettered after being unable to admire art.,他沒有因為無法欣賞藝術而感到受束縛。,[REVIEWED:1][PROSE:sentence]
He is unfettered after admiring art.,他沒有因為欣賞藝術而感到受束縛。,[REVIEWED:1][PROSE:sentence]
He is unfettered after being unable to practice a craft.,他沒有因為無法練習工藝而感到受束縛。,[REVIEWED:1][PROSE:sentence]
He is unfettered after practicing a craft.,他沒有因為練習工藝而感到受束縛。,[REVIEWED:1][PROSE:sentence]
He is unfettered after being away from family.,他沒有因為遠離家人而感到受束縛。,[REVIEWED:1][PROSE:sentence]
He is unfettered after being with family.,他沒有因為與家人共度時光而感到受束縛。,[REVIEWED:1][PROSE:sentence]
He is unfettered after being away from friends.,他沒有因為遠離朋友而感到受束縛。,[REVIEWED:1][PROSE:sentence]
He is unfettered after being with friends.,他沒有因為與朋友共度時光而感到受束縛。,[REVIEWED:1][PROSE:sentence]
He is unfettered after a lack of introspection.,他沒有因為缺少自省而感到受束縛。,[REVIEWED:1][PROSE:sentence]
He is unfettered after introspection.,他沒有因為自省而感到受束縛。,[REVIEWED:1][PROSE:sentence]
He is unfettered after being unable to practice a martial art.,他沒有因為無法練習武術而感到受束縛。,[REVIEWED:1][PROSE:sentence]
He is unfettered after practicing a martial art.,他沒有因為練習武術而感到受束縛。,[REVIEWED:1][PROSE:sentence]
He is unfettered after being unable to practice a skill.,他沒有因為無法練習技能而感到受束縛。,[REVIEWED:1][PROSE:sentence]
He is unfettered after practicing a skill.,他沒有因為練習技能而感到受束縛。,[REVIEWED:1][PROSE:sentence]
He is unfettered after being unable to take it easy.,他沒有因為無法放鬆休息而感到受束縛。,[REVIEWED:1][PROSE:sentence]
He is unfettered after taking it easy.,他沒有因為放鬆休息而感到受束縛。,[REVIEWED:1][PROSE:sentence]
He is unfettered after being unable to pray to {DEITY_NAME}.,他沒有因為無法向{DEITY_NAME}祈禱而感到受束縛。,[REVIEWED:1][PROSE:sentence]
He is unfettered after communing with {DEITY_NAME}.,他沒有因為與{DEITY_NAME}靈性交流而感到受束縛。,[REVIEWED:1][PROSE:sentence]
He is level-headed after being away from people.,他沒有因為遠離人群而失去冷靜。,[REVIEWED:1][PROSE:sentence]
He is level-headed after spending time with people.,他沒有因為與人共度時光而失去冷靜。,[REVIEWED:1][PROSE:sentence]
He is level-headed after being unoccupied.,他沒有因為無所事事而失去冷靜。,[REVIEWED:1][PROSE:sentence]
He is level-headed after staying occupied.,他沒有因為保持忙碌而失去冷靜。,[REVIEWED:1][PROSE:sentence]
He is level-headed after doing nothing creative.,他沒有因為沒有進行創作而失去冷靜。,[REVIEWED:1][PROSE:sentence]
He is level-headed after doing something creative.,他沒有因為進行創作而失去冷靜。,[REVIEWED:1][PROSE:sentence]
He is level-headed after leading an unexciting life.,他沒有因為生活平淡無奇而失去冷靜。,[REVIEWED:1][PROSE:sentence]
He is level-headed after doing something exciting.,他沒有因為做了令人興奮的事情而失去冷靜。,[REVIEWED:1][PROSE:sentence]
He is level-headed after being unable to acquire something.,他沒有因為無法獲得某些東西而失去冷靜。,[REVIEWED:1][PROSE:sentence]
He is level-headed after a satisfying acquisition.,他沒有因為獲得滿意的物品而失去冷靜。,[REVIEWED:1][PROSE:sentence]
He is level-headed after being kept from alcohol.,他沒有因為沒有酒喝而失去冷靜。,[REVIEWED:1][PROSE:sentence]
He is level-headed after drinking.,他沒有因為喝酒而失去冷靜。,[REVIEWED:1][PROSE:sentence]
He is level-headed after a lack of decent meals.,他沒有因為缺少像樣的飯菜而失去冷靜。,[REVIEWED:1][PROSE:sentence]
He is level-headed after a good meal.,他沒有因為享用美食而失去冷靜。,[REVIEWED:1][PROSE:sentence]
He is level-headed after being unable to fight.,他沒有因為無法戰鬥而失去冷靜。,[REVIEWED:1][PROSE:sentence]
He is level-headed after fighting.,他沒有因為戰鬥而失去冷靜。,[REVIEWED:1][PROSE:sentence]
He is level-headed after a lack of trouble-making.,他沒有因為沒能製造麻煩而失去冷靜。,[REVIEWED:1][PROSE:sentence]
He is level-headed after causing trouble.,他沒有因為製造麻煩而失去冷靜。,[REVIEWED:1][PROSE:sentence]
He is level-headed after being unable to argue.,他沒有因為無法與人爭論而失去冷靜。,[REVIEWED:1][PROSE:sentence]
He is level-headed after arguing.,他沒有因為與人爭論而失去冷靜。,[REVIEWED:1][PROSE:sentence]
He is level-headed after being unable to be extravagant.,他沒有因為無法奢侈揮霍而失去冷靜。,[REVIEWED:1][PROSE:sentence]
He is level-headed after being extravagant.,他沒有因為奢侈揮霍而失去冷靜。,[REVIEWED:1][PROSE:sentence]
He is level-headed after not learning anything.,他沒有因為沒有學到任何東西而失去冷靜。,[REVIEWED:1][PROSE:sentence]
He is level-headed after learning something.,他沒有因為學到新知而失去冷靜。,[REVIEWED:1][PROSE:sentence]
He is level-headed after being unable to help anybody.,他沒有因為無法幫助任何人而失去冷靜。,[REVIEWED:1][PROSE:sentence]
He is level-headed after helping somebody.,他沒有因為幫助他人而失去冷靜。,[REVIEWED:1][PROSE:sentence]
He is level-headed after a lack of abstract thinking.,他沒有因為缺少抽象思考而失去冷靜。,[REVIEWED:1][PROSE:sentence]
He is level-headed after thinking abstractly.,他沒有因為進行抽象思考而失去冷靜。,[REVIEWED:1][PROSE:sentence]
He is level-headed after being unable to make merry.,他沒有因為無法盡情娛樂而失去冷靜。,[REVIEWED:1][PROSE:sentence]
He is level-headed after making merry.,他沒有因為盡情娛樂而失去冷靜。,[REVIEWED:1][PROSE:sentence]
He is level-headed after being unable to admire art.,他沒有因為無法欣賞藝術而失去冷靜。,[REVIEWED:1][PROSE:sentence]
He is level-headed after admiring art.,他沒有因為欣賞藝術而失去冷靜。,[REVIEWED:1][PROSE:sentence]
He is level-headed after being unable to practice a craft.,他沒有因為無法練習工藝而失去冷靜。,[REVIEWED:1][PROSE:sentence]
He is level-headed after practicing a craft.,他沒有因為練習工藝而失去冷靜。,[REVIEWED:1][PROSE:sentence]
He is level-headed after being away from family.,他沒有因為遠離家人而失去冷靜。,[REVIEWED:1][PROSE:sentence]
He is level-headed after being with family.,他沒有因為與家人共度時光而失去冷靜。,[REVIEWED:1][PROSE:sentence]
He is level-headed after being away from friends.,他沒有因為遠離朋友而失去冷靜。,[REVIEWED:1][PROSE:sentence]
He is level-headed after being with friends.,他沒有因為與朋友共度時光而失去冷靜。,[REVIEWED:1][PROSE:sentence]
He is level-headed after a lack of introspection.,他沒有因為缺少自省而失去冷靜。,[REVIEWED:1][PROSE:sentence]
He is level-headed after introspection.,他沒有因為自省而失去冷靜。,[REVIEWED:1][PROSE:sentence]
He is level-headed after being unable to practice a martial art.,他沒有因為無法練習武術而失去冷靜。,[REVIEWED:1][PROSE:sentence]
He is level-headed after practicing a martial art.,他沒有因為練習武術而失去冷靜。,[REVIEWED:1][PROSE:sentence]
He is level-headed after being unable to practice a skill.,他沒有因為無法練習技能而失去冷靜。,[REVIEWED:1][PROSE:sentence]
He is level-headed after practicing a skill.,他沒有因為練習技能而失去冷靜。,[REVIEWED:1][PROSE:sentence]
He is level-headed after being unable to take it easy.,他沒有因為無法放鬆休息而失去冷靜。,[REVIEWED:1][PROSE:sentence]
He is level-headed after taking it easy.,他沒有因為放鬆休息而失去冷靜。,[REVIEWED:1][PROSE:sentence]
He is level-headed after being unable to pray to {DEITY_NAME}.,他沒有因為無法向{DEITY_NAME}祈禱而失去冷靜。,[REVIEWED:1][PROSE:sentence]
He is level-headed after communing with {DEITY_NAME}.,他沒有因為與{DEITY_NAME}靈性交流而失去冷靜。,[REVIEWED:1][PROSE:sentence]
He is untroubled after being away from people.,他沒有因為遠離人群而感到困擾。,[REVIEWED:1][PROSE:sentence]
He is untroubled after spending time with people.,他沒有因為與人共度時光而感到困擾。,[REVIEWED:1][PROSE:sentence]
He is untroubled after being unoccupied.,他沒有因為無所事事而感到困擾。,[REVIEWED:1][PROSE:sentence]
He is untroubled after staying occupied.,他沒有因為保持忙碌而感到困擾。,[REVIEWED:1][PROSE:sentence]
He is untroubled after doing nothing creative.,他沒有因為沒有進行創作而感到困擾。,[REVIEWED:1][PROSE:sentence]
He is untroubled after doing something creative.,他沒有因為進行創作而感到困擾。,[REVIEWED:1][PROSE:sentence]
He is untroubled after leading an unexciting life.,他沒有因為生活平淡無奇而感到困擾。,[REVIEWED:1][PROSE:sentence]
He is untroubled after doing something exciting.,他沒有因為做了令人興奮的事情而感到困擾。,[REVIEWED:1][PROSE:sentence]
He is untroubled after being unable to acquire something.,他沒有因為無法獲得某些東西而感到困擾。,[REVIEWED:1][PROSE:sentence]
He is untroubled after a satisfying acquisition.,他沒有因為獲得滿意的物品而感到困擾。,[REVIEWED:1][PROSE:sentence]
He is untroubled after being kept from alcohol.,他沒有因為沒有酒喝而感到困擾。,[REVIEWED:1][PROSE:sentence]
He is untroubled after drinking.,他沒有因為喝酒而感到困擾。,[REVIEWED:1][PROSE:sentence]
He is untroubled after a lack of decent meals.,他沒有因為缺少像樣的飯菜而感到困擾。,[REVIEWED:1][PROSE:sentence]
He is untroubled after a good meal.,他沒有因為享用美食而感到困擾。,[REVIEWED:1][PROSE:sentence]
He is untroubled after being unable to fight.,他沒有因為無法戰鬥而感到困擾。,[REVIEWED:1][PROSE:sentence]
He is untroubled after fighting.,他沒有因為戰鬥而感到困擾。,[REVIEWED:1][PROSE:sentence]
He is untroubled after a lack of trouble-making.,他沒有因為沒能製造麻煩而感到困擾。,[REVIEWED:1][PROSE:sentence]
He is untroubled after causing trouble.,他沒有因為製造麻煩而感到困擾。,[REVIEWED:1][PROSE:sentence]
He is untroubled after being unable to argue.,他沒有因為無法與人爭論而感到困擾。,[REVIEWED:1][PROSE:sentence]
He is untroubled after arguing.,他沒有因為與人爭論而感到困擾。,[REVIEWED:1][PROSE:sentence]
He is untroubled after being unable to be extravagant.,他沒有因為無法奢侈揮霍而感到困擾。,[REVIEWED:1][PROSE:sentence]
He is untroubled after being extravagant.,他沒有因為奢侈揮霍而感到困擾。,[REVIEWED:1][PROSE:sentence]
He is untroubled after not learning anything.,他沒有因為沒有學到任何東西而感到困擾。,[REVIEWED:1][PROSE:sentence]
He is untroubled after learning something.,他沒有因為學到新知而感到困擾。,[REVIEWED:1][PROSE:sentence]
He is untroubled after being unable to help anybody.,他沒有因為無法幫助任何人而感到困擾。,[REVIEWED:1][PROSE:sentence]
He is untroubled after helping somebody.,他沒有因為幫助他人而感到困擾。,[REVIEWED:1][PROSE:sentence]
He is untroubled after a lack of abstract thinking.,他沒有因為缺少抽象思考而感到困擾。,[REVIEWED:1][PROSE:sentence]
He is untroubled after thinking abstractly.,他沒有因為進行抽象思考而感到困擾。,[REVIEWED:1][PROSE:sentence]
He is untroubled after being unable to make merry.,他沒有因為無法盡情娛樂而感到困擾。,[REVIEWED:1][PROSE:sentence]
He is untroubled after making merry.,他沒有因為盡情娛樂而感到困擾。,[REVIEWED:1][PROSE:sentence]
He is untroubled after being unable to admire art.,他沒有因為無法欣賞藝術而感到困擾。,[REVIEWED:1][PROSE:sentence]
He is untroubled after admiring art.,他沒有因為欣賞藝術而感到困擾。,[REVIEWED:1][PROSE:sentence]
He is untroubled after being unable to practice a craft.,他沒有因為無法練習工藝而感到困擾。,[REVIEWED:1][PROSE:sentence]
He is untroubled after practicing a craft.,他沒有因為練習工藝而感到困擾。,[REVIEWED:1][PROSE:sentence]
He is untroubled after being away from family.,他沒有因為遠離家人而感到困擾。,[REVIEWED:1][PROSE:sentence]
He is untroubled after being with family.,他沒有因為與家人共度時光而感到困擾。,[REVIEWED:1][PROSE:sentence]
He is untroubled after being away from friends.,他沒有因為遠離朋友而感到困擾。,[REVIEWED:1][PROSE:sentence]
He is untroubled after being with friends.,他沒有因為與朋友共度時光而感到困擾。,[REVIEWED:1][PROSE:sentence]
He is untroubled after a lack of introspection.,他沒有因為缺少自省而感到困擾。,[REVIEWED:1][PROSE:sentence]
He is untroubled after introspection.,他沒有因為自省而感到困擾。,[REVIEWED:1][PROSE:sentence]
He is untroubled after being unable to practice a martial art.,他沒有因為無法練習武術而感到困擾。,[REVIEWED:1][PROSE:sentence]
He is untroubled after practicing a martial art.,他沒有因為練習武術而感到困擾。,[REVIEWED:1][PROSE:sentence]
He is untroubled after being unable to practice a skill.,他沒有因為無法練習技能而感到困擾。,[REVIEWED:1][PROSE:sentence]
He is untroubled after practicing a skill.,他沒有因為練習技能而感到困擾。,[REVIEWED:1][PROSE:sentence]
He is untroubled after being unable to take it easy.,他沒有因為無法放鬆休息而感到困擾。,[REVIEWED:1][PROSE:sentence]
He is untroubled after taking it easy.,他沒有因為放鬆休息而感到困擾。,[REVIEWED:1][PROSE:sentence]
He is untroubled after being unable to pray to {DEITY_NAME}.,他沒有因為無法向{DEITY_NAME}祈禱而感到困擾。,[REVIEWED:1][PROSE:sentence]
He is untroubled after communing with {DEITY_NAME}.,他沒有因為與{DEITY_NAME}靈性交流而感到困擾。,[REVIEWED:1][PROSE:sentence]
He is not distracted after being away from people.,他沒有因為遠離人群而分心。,[REVIEWED:1][PROSE:sentence]
He is not distracted after spending time with people.,他沒有因為與人共度時光而分心。,[REVIEWED:1][PROSE:sentence]
He is not distracted after being unoccupied.,他沒有因為無所事事而分心。,[REVIEWED:1][PROSE:sentence]
He is not distracted after staying occupied.,他沒有因為保持忙碌而分心。,[REVIEWED:1][PROSE:sentence]
He is not distracted after doing nothing creative.,他沒有因為沒有進行創作而分心。,[REVIEWED:1][PROSE:sentence]
He is not distracted after doing something creative.,他沒有因為進行創作而分心。,[REVIEWED:1][PROSE:sentence]
He is not distracted after leading an unexciting life.,他沒有因為生活平淡無奇而分心。,[REVIEWED:1][PROSE:sentence]
He is not distracted after doing something exciting.,他沒有因為做了令人興奮的事情而分心。,[REVIEWED:1][PROSE:sentence]
He is not distracted after being unable to acquire something.,他沒有因為無法獲得某些東西而分心。,[REVIEWED:1][PROSE:sentence]
He is not distracted after a satisfying acquisition.,他沒有因為獲得滿意的物品而分心。,[REVIEWED:1][PROSE:sentence]
He is not distracted after being kept from alcohol.,他沒有因為沒有酒喝而分心。,[REVIEWED:1][PROSE:sentence]
He is not distracted after drinking.,他沒有因為喝酒而分心。,[REVIEWED:1][PROSE:sentence]
He is not distracted after a lack of decent meals.,他沒有因為缺少像樣的飯菜而分心。,[REVIEWED:1][PROSE:sentence]
He is not distracted after a good meal.,他沒有因為享用美食而分心。,[REVIEWED:1][PROSE:sentence]
He is not distracted after being unable to fight.,他沒有因為無法戰鬥而分心。,[REVIEWED:1][PROSE:sentence]
He is not distracted after fighting.,他沒有因為戰鬥而分心。,[REVIEWED:1][PROSE:sentence]
He is not distracted after a lack of trouble-making.,他沒有因為沒能製造麻煩而分心。,[REVIEWED:1][PROSE:sentence]
He is not distracted after causing trouble.,他沒有因為製造麻煩而分心。,[REVIEWED:1][PROSE:sentence]
He is not distracted after being unable to argue.,他沒有因為無法與人爭論而分心。,[REVIEWED:1][PROSE:sentence]
He is not distracted after arguing.,他沒有因為與人爭論而分心。,[REVIEWED:1][PROSE:sentence]
He is not distracted after being unable to be extravagant.,他沒有因為無法奢侈揮霍而分心。,[REVIEWED:1][PROSE:sentence]
He is not distracted after being extravagant.,他沒有因為奢侈揮霍而分心。,[REVIEWED:1][PROSE:sentence]
He is not distracted after not learning anything.,他沒有因為沒有學到任何東西而分心。,[REVIEWED:1][PROSE:sentence]
He is not distracted after learning something.,他沒有因為學到新知而分心。,[REVIEWED:1][PROSE:sentence]
He is not distracted after being unable to help anybody.,他沒有因為無法幫助任何人而分心。,[REVIEWED:1][PROSE:sentence]
He is not distracted after helping somebody.,他沒有因為幫助他人而分心。,[REVIEWED:1][PROSE:sentence]
He is not distracted after a lack of abstract thinking.,他沒有因為缺少抽象思考而分心。,[REVIEWED:1][PROSE:sentence]
He is not distracted after thinking abstractly.,他沒有因為進行抽象思考而分心。,[REVIEWED:1][PROSE:sentence]
He is not distracted after being unable to make merry.,他沒有因為無法盡情娛樂而分心。,[REVIEWED:1][PROSE:sentence]
He is not distracted after making merry.,他沒有因為盡情娛樂而分心。,[REVIEWED:1][PROSE:sentence]
He is not distracted after being unable to admire art.,他沒有因為無法欣賞藝術而分心。,[REVIEWED:1][PROSE:sentence]
He is not distracted after admiring art.,他沒有因為欣賞藝術而分心。,[REVIEWED:1][PROSE:sentence]
He is not distracted after being unable to practice a craft.,他沒有因為無法練習工藝而分心。,[REVIEWED:1][PROSE:sentence]
He is not distracted after practicing a craft.,他沒有因為練習工藝而分心。,[REVIEWED:1][PROSE:sentence]
He is not distracted after being away from family.,他沒有因為遠離家人而分心。,[REVIEWED:1][PROSE:sentence]
He is not distracted after being with family.,他沒有因為與家人共度時光而分心。,[REVIEWED:1][PROSE:sentence]
He is not distracted after being away from friends.,他沒有因為遠離朋友而分心。,[REVIEWED:1][PROSE:sentence]
He is not distracted after being with friends.,他沒有因為與朋友共度時光而分心。,[REVIEWED:1][PROSE:sentence]
He is not distracted after a lack of introspection.,他沒有因為缺少自省而分心。,[REVIEWED:1][PROSE:sentence]
He is not distracted after introspection.,他沒有因為自省而分心。,[REVIEWED:1][PROSE:sentence]
He is not distracted after being unable to practice a martial art.,他沒有因為無法練習武術而分心。,[REVIEWED:1][PROSE:sentence]
He is not distracted after practicing a martial art.,他沒有因為練習武術而分心。,[REVIEWED:1][PROSE:sentence]
He is not distracted after being unable to practice a skill.,他沒有因為無法練習技能而分心。,[REVIEWED:1][PROSE:sentence]
He is not distracted after practicing a skill.,他沒有因為練習技能而分心。,[REVIEWED:1][PROSE:sentence]
He is not distracted after being unable to take it easy.,他沒有因為無法放鬆休息而分心。,[REVIEWED:1][PROSE:sentence]
He is not distracted after taking it easy.,他沒有因為放鬆休息而分心。,[REVIEWED:1][PROSE:sentence]
He is not distracted after being unable to pray to {DEITY_NAME}.,他沒有因為無法向{DEITY_NAME}祈禱而分心。,[REVIEWED:1][PROSE:sentence]
He is not distracted after communing with {DEITY_NAME}.,他沒有因為與{DEITY_NAME}靈性交流而分心。,[REVIEWED:1][PROSE:sentence]
He is unfocused after being away from people.,他因為遠離人群而有些心不在焉。,[REVIEWED:1][PROSE:sentence]
He is unfocused after spending time with people.,他因為與人共度時光而有些心不在焉。,[REVIEWED:1][PROSE:sentence]
He is unfocused after being unoccupied.,他因為無所事事而有些心不在焉。,[REVIEWED:1][PROSE:sentence]
He is unfocused after staying occupied.,他因為保持忙碌而有些心不在焉。,[REVIEWED:1][PROSE:sentence]
He is unfocused after doing nothing creative.,他因為沒有進行創作而有些心不在焉。,[REVIEWED:1][PROSE:sentence]
He is unfocused after doing something creative.,他因為進行創作而有些心不在焉。,[REVIEWED:1][PROSE:sentence]
He is unfocused after leading an unexciting life.,他因為生活平淡無奇而有些心不在焉。,[REVIEWED:1][PROSE:sentence]
He is unfocused after doing something exciting.,他因為做了令人興奮的事情而有些心不在焉。,[REVIEWED:1][PROSE:sentence]
He is unfocused after being unable to acquire something.,他因為無法獲得某些東西而有些心不在焉。,[REVIEWED:1][PROSE:sentence]
He is unfocused after a satisfying acquisition.,他因為獲得滿意的物品而有些心不在焉。,[REVIEWED:1][PROSE:sentence]
He is unfocused after being kept from alcohol.,他因為沒有酒喝而有些心不在焉。,[REVIEWED:1][PROSE:sentence]
He is unfocused after drinking.,他因為喝酒而有些心不在焉。,[REVIEWED:1][PROSE:sentence]
He is unfocused after a lack of decent meals.,他因為缺少像樣的飯菜而有些心不在焉。,[REVIEWED:1][PROSE:sentence]
He is unfocused after a good meal.,他因為享用美食而有些心不在焉。,[REVIEWED:1][PROSE:sentence]
He is unfocused after being unable to fight.,他因為無法戰鬥而有些心不在焉。,[REVIEWED:1][PROSE:sentence]
He is unfocused after fighting.,他因為戰鬥而有些心不在焉。,[REVIEWED:1][PROSE:sentence]
He is unfocused after a lack of trouble-making.,他因為沒能製造麻煩而有些心不在焉。,[REVIEWED:1][PROSE:sentence]
He is unfocused after causing trouble.,他因為製造麻煩而有些心不在焉。,[REVIEWED:1][PROSE:sentence]
He is unfocused after being unable to argue.,他因為無法與人爭論而有些心不在焉。,[REVIEWED:1][PROSE:sentence]
He is unfocused after arguing.,他因為與人爭論而有些心不在焉。,[REVIEWED:1][PROSE:sentence]
He is unfocused after being unable to be extravagant.,他因為無法奢侈揮霍而有些心不在焉。,[REVIEWED:1][PROSE:sentence]
He is unfocused after being extravagant.,他因為奢侈揮霍而有些心不在焉。,[REVIEWED:1][PROSE:sentence]
He is unfocused after not learning anything.,他因為沒有學到任何東西而有些心不在焉。,[REVIEWED:1][PROSE:sentence]
He is unfocused after learning something.,他因為學到新知而有些心不在焉。,[REVIEWED:1][PROSE:sentence]
He is unfocused after being unable to help anybody.,他因為無法幫助任何人而有些心不在焉。,[REVIEWED:1][PROSE:sentence]
He is unfocused after helping somebody.,他因為幫助他人而有些心不在焉。,[REVIEWED:1][PROSE:sentence]
He is unfocused after a lack of abstract thinking.,他因為缺少抽象思考而有些心不在焉。,[REVIEWED:1][PROSE:sentence]
He is unfocused after thinking abstractly.,他因為進行抽象思考而有些心不在焉。,[REVIEWED:1][PROSE:sentence]
He is unfocused after being unable to make merry.,他因為無法盡情娛樂而有些心不在焉。,[REVIEWED:1][PROSE:sentence]
He is unfocused after making merry.,他因為盡情娛樂而有些心不在焉。,[REVIEWED:1][PROSE:sentence]
He is unfocused after being unable to admire art.,他因為無法欣賞藝術而有些心不在焉。,[REVIEWED:1][PROSE:sentence]
He is unfocused after admiring art.,他因為欣賞藝術而有些心不在焉。,[REVIEWED:1][PROSE:sentence]
He is unfocused after being unable to practice a craft.,他因為無法練習工藝而有些心不在焉。,[REVIEWED:1][PROSE:sentence]
He is unfocused after practicing a craft.,他因為練習工藝而有些心不在焉。,[REVIEWED:1][PROSE:sentence]
He is unfocused after being away from family.,他因為遠離家人而有些心不在焉。,[REVIEWED:1][PROSE:sentence]
He is unfocused after being with family.,他因為與家人共度時光而有些心不在焉。,[REVIEWED:1][PROSE:sentence]
He is unfocused after being away from friends.,他因為遠離朋友而有些心不在焉。,[REVIEWED:1][PROSE:sentence]
He is unfocused after being with friends.,他因為與朋友共度時光而有些心不在焉。,[REVIEWED:1][PROSE:sentence]
He is unfocused after a lack of introspection.,他因為缺少自省而有些心不在焉。,[REVIEWED:1][PROSE:sentence]
He is unfocused after introspection.,他因為自省而有些心不在焉。,[REVIEWED:1][PROSE:sentence]
He is unfocused after being unable to practice a martial art.,他因為無法練習武術而有些心不在焉。,[REVIEWED:1][PROSE:sentence]
He is unfocused after practicing a martial art.,他因為練習武術而有些心不在焉。,[REVIEWED:1][PROSE:sentence]
He is unfocused after being unable to practice a skill.,他因為無法練習技能而有些心不在焉。,[REVIEWED:1][PROSE:sentence]
He is unfocused after practicing a skill.,他因為練習技能而有些心不在焉。,[REVIEWED:1][PROSE:sentence]
He is unfocused after being unable to take it easy.,他因為無法放鬆休息而有些心不在焉。,[REVIEWED:1][PROSE:sentence]
He is unfocused after taking it easy.,他因為放鬆休息而有些心不在焉。,[REVIEWED:1][PROSE:sentence]
He is unfocused after being unable to pray to {DEITY_NAME}.,他因為無法向{DEITY_NAME}祈禱而有些心不在焉。,[REVIEWED:1][PROSE:sentence]
He is unfocused after communing with {DEITY_NAME}.,他因為與{DEITY_NAME}靈性交流而有些心不在焉。,[REVIEWED:1][PROSE:sentence]
He is distracted after being away from people.,他因為遠離人群而難以專注。,[REVIEWED:1][PROSE:sentence]
He is distracted after spending time with people.,他因為與人共度時光而難以專注。,[REVIEWED:1][PROSE:sentence]
He is distracted after being unoccupied.,他因為無所事事而難以專注。,[REVIEWED:1][PROSE:sentence]
He is distracted after staying occupied.,他因為保持忙碌而難以專注。,[REVIEWED:1][PROSE:sentence]
He is distracted after doing nothing creative.,他因為沒有進行創作而難以專注。,[REVIEWED:1][PROSE:sentence]
He is distracted after doing something creative.,他因為進行創作而難以專注。,[REVIEWED:1][PROSE:sentence]
He is distracted after leading an unexciting life.,他因為生活平淡無奇而難以專注。,[REVIEWED:1][PROSE:sentence]
He is distracted after doing something exciting.,他因為做了令人興奮的事情而難以專注。,[REVIEWED:1][PROSE:sentence]
He is distracted after being unable to acquire something.,他因為無法獲得某些東西而難以專注。,[REVIEWED:1][PROSE:sentence]
He is distracted after a satisfying acquisition.,他因為獲得滿意的物品而難以專注。,[REVIEWED:1][PROSE:sentence]
He is distracted after being kept from alcohol.,他因為沒有酒喝而難以專注。,[REVIEWED:1][PROSE:sentence]
He is distracted after drinking.,他因為喝酒而難以專注。,[REVIEWED:1][PROSE:sentence]
He is distracted after a lack of decent meals.,他因為缺少像樣的飯菜而難以專注。,[REVIEWED:1][PROSE:sentence]
He is distracted after a good meal.,他因為享用美食而難以專注。,[REVIEWED:1][PROSE:sentence]
He is distracted after being unable to fight.,他因為無法戰鬥而難以專注。,[REVIEWED:1][PROSE:sentence]
He is distracted after fighting.,他因為戰鬥而難以專注。,[REVIEWED:1][PROSE:sentence]
He is distracted after a lack of trouble-making.,他因為沒能製造麻煩而難以專注。,[REVIEWED:1][PROSE:sentence]
He is distracted after causing trouble.,他因為製造麻煩而難以專注。,[REVIEWED:1][PROSE:sentence]
He is distracted after being unable to argue.,他因為無法與人爭論而難以專注。,[REVIEWED:1][PROSE:sentence]
He is distracted after arguing.,他因為與人爭論而難以專注。,[REVIEWED:1][PROSE:sentence]
He is distracted after being unable to be extravagant.,他因為無法奢侈揮霍而難以專注。,[REVIEWED:1][PROSE:sentence]
He is distracted after being extravagant.,他因為奢侈揮霍而難以專注。,[REVIEWED:1][PROSE:sentence]
He is distracted after not learning anything.,他因為沒有學到任何東西而難以專注。,[REVIEWED:1][PROSE:sentence]
He is distracted after learning something.,他因為學到新知而難以專注。,[REVIEWED:1][PROSE:sentence]
He is distracted after being unable to help anybody.,他因為無法幫助任何人而難以專注。,[REVIEWED:1][PROSE:sentence]
He is distracted after helping somebody.,他因為幫助他人而難以專注。,[REVIEWED:1][PROSE:sentence]
He is distracted after a lack of abstract thinking.,他因為缺少抽象思考而難以專注。,[REVIEWED:1][PROSE:sentence]
He is distracted after thinking abstractly.,他因為進行抽象思考而難以專注。,[REVIEWED:1][PROSE:sentence]
He is distracted after being unable to make merry.,他因為無法盡情娛樂而難以專注。,[REVIEWED:1][PROSE:sentence]
He is distracted after making merry.,他因為盡情娛樂而難以專注。,[REVIEWED:1][PROSE:sentence]
He is distracted after being unable to admire art.,他因為無法欣賞藝術而難以專注。,[REVIEWED:1][PROSE:sentence]
He is distracted after admiring art.,他因為欣賞藝術而難以專注。,[REVIEWED:1][PROSE:sentence]
He is distracted after being unable to practice a craft.,他因為無法練習工藝而難以專注。,[REVIEWED:1][PROSE:sentence]
He is distracted after practicing a craft.,他因為練習工藝而難以專注。,[REVIEWED:1][PROSE:sentence]
He is distracted after being away from family.,他因為遠離家人而難以專注。,[REVIEWED:1][PROSE:sentence]
He is distracted after being with family.,他因為與家人共度時光而難以專注。,[REVIEWED:1][PROSE:sentence]
He is distracted after being away from friends.,他因為遠離朋友而難以專注。,[REVIEWED:1][PROSE:sentence]
He is distracted after being with friends.,他因為與朋友共度時光而難以專注。,[REVIEWED:1][PROSE:sentence]
He is distracted after a lack of introspection.,他因為缺少自省而難以專注。,[REVIEWED:1][PROSE:sentence]
He is distracted after introspection.,他因為自省而難以專注。,[REVIEWED:1][PROSE:sentence]
He is distracted after being unable to practice a martial art.,他因為無法練習武術而難以專注。,[REVIEWED:1][PROSE:sentence]
He is distracted after practicing a martial art.,他因為練習武術而難以專注。,[REVIEWED:1][PROSE:sentence]
He is distracted after being unable to practice a skill.,他因為無法練習技能而難以專注。,[REVIEWED:1][PROSE:sentence]
He is distracted after practicing a skill.,他因為練習技能而難以專注。,[REVIEWED:1][PROSE:sentence]
He is distracted after being unable to take it easy.,他因為無法放鬆休息而難以專注。,[REVIEWED:1][PROSE:sentence]
He is distracted after taking it easy.,他因為放鬆休息而難以專注。,[REVIEWED:1][PROSE:sentence]
He is distracted after being unable to pray to {DEITY_NAME}.,他因為無法向{DEITY_NAME}祈禱而難以專注。,[REVIEWED:1][PROSE:sentence]
He is distracted after communing with {DEITY_NAME}.,他因為與{DEITY_NAME}靈性交流而難以專注。,[REVIEWED:1][PROSE:sentence]
He is badly distracted after being away from people.,他因為遠離人群而嚴重分心。,[REVIEWED:1][PROSE:sentence]
He is badly distracted after spending time with people.,他因為與人共度時光而嚴重分心。,[REVIEWED:1][PROSE:sentence]
He is badly distracted after being unoccupied.,他因為無所事事而嚴重分心。,[REVIEWED:1][PROSE:sentence]
He is badly distracted after staying occupied.,他因為保持忙碌而嚴重分心。,[REVIEWED:1][PROSE:sentence]
He is badly distracted after doing nothing creative.,他因為沒有進行創作而嚴重分心。,[REVIEWED:1][PROSE:sentence]
He is badly distracted after doing something creative.,他因為進行創作而嚴重分心。,[REVIEWED:1][PROSE:sentence]
He is badly distracted after leading an unexciting life.,他因為生活平淡無奇而嚴重分心。,[REVIEWED:1][PROSE:sentence]
He is badly distracted after doing something exciting.,他因為做了令人興奮的事情而嚴重分心。,[REVIEWED:1][PROSE:sentence]
He is badly distracted after being unable to acquire something.,他因為無法獲得某些東西而嚴重分心。,[REVIEWED:1][PROSE:sentence]
He is badly distracted after a satisfying acquisition.,他因為獲得滿意的物品而嚴重分心。,[REVIEWED:1][PROSE:sentence]
He is badly distracted after being kept from alcohol.,他因為沒有酒喝而嚴重分心。,[REVIEWED:1][PROSE:sentence]
He is badly distracted after drinking.,他因為喝酒而嚴重分心。,[REVIEWED:1][PROSE:sentence]
He is badly distracted after a lack of decent meals.,他因為缺少像樣的飯菜而嚴重分心。,[REVIEWED:1][PROSE:sentence]
He is badly distracted after a good meal.,他因為享用美食而嚴重分心。,[REVIEWED:1][PROSE:sentence]
He is badly distracted after being unable to fight.,他因為無法戰鬥而嚴重分心。,[REVIEWED:1][PROSE:sentence]
He is badly distracted after fighting.,他因為戰鬥而嚴重分心。,[REVIEWED:1][PROSE:sentence]
He is badly distracted after a lack of trouble-making.,他因為沒能製造麻煩而嚴重分心。,[REVIEWED:1][PROSE:sentence]
He is badly distracted after causing trouble.,他因為製造麻煩而嚴重分心。,[REVIEWED:1][PROSE:sentence]
He is badly distracted after being unable to argue.,他因為無法與人爭論而嚴重分心。,[REVIEWED:1][PROSE:sentence]
He is badly distracted after arguing.,他因為與人爭論而嚴重分心。,[REVIEWED:1][PROSE:sentence]
He is badly distracted after being unable to be extravagant.,他因為無法奢侈揮霍而嚴重分心。,[REVIEWED:1][PROSE:sentence]
He is badly distracted after being extravagant.,他因為奢侈揮霍而嚴重分心。,[REVIEWED:1][PROSE:sentence]
He is badly distracted after not learning anything.,他因為沒有學到任何東西而嚴重分心。,[REVIEWED:1][PROSE:sentence]
He is badly distracted after learning something.,他因為學到新知而嚴重分心。,[REVIEWED:1][PROSE:sentence]
He is badly distracted after being unable to help anybody.,他因為無法幫助任何人而嚴重分心。,[REVIEWED:1][PROSE:sentence]
He is badly distracted after helping somebody.,他因為幫助他人而嚴重分心。,[REVIEWED:1][PROSE:sentence]
He is badly distracted after a lack of abstract thinking.,他因為缺少抽象思考而嚴重分心。,[REVIEWED:1][PROSE:sentence]
He is badly distracted after thinking abstractly.,他因為進行抽象思考而嚴重分心。,[REVIEWED:1][PROSE:sentence]
He is badly distracted after being unable to make merry.,他因為無法盡情娛樂而嚴重分心。,[REVIEWED:1][PROSE:sentence]
He is badly distracted after making merry.,他因為盡情娛樂而嚴重分心。,[REVIEWED:1][PROSE:sentence]
He is badly distracted after being unable to admire art.,他因為無法欣賞藝術而嚴重分心。,[REVIEWED:1][PROSE:sentence]
He is badly distracted after admiring art.,他因為欣賞藝術而嚴重分心。,[REVIEWED:1][PROSE:sentence]
He is badly distracted after being unable to practice a craft.,他因為無法練習工藝而嚴重分心。,[REVIEWED:1][PROSE:sentence]
He is badly distracted after practicing a craft.,他因為練習工藝而嚴重分心。,[REVIEWED:1][PROSE:sentence]
He is badly distracted after being away from family.,他因為遠離家人而嚴重分心。,[REVIEWED:1][PROSE:sentence]
He is badly distracted after being with family.,他因為與家人共度時光而嚴重分心。,[REVIEWED:1][PROSE:sentence]
He is badly distracted after being away from friends.,他因為遠離朋友而嚴重分心。,[REVIEWED:1][PROSE:sentence]
He is badly distracted after being with friends.,他因為與朋友共度時光而嚴重分心。,[REVIEWED:1][PROSE:sentence]
He is badly distracted after a lack of introspection.,他因為缺少自省而嚴重分心。,[REVIEWED:1][PROSE:sentence]
He is badly distracted after introspection.,他因為自省而嚴重分心。,[REVIEWED:1][PROSE:sentence]
He is badly distracted after being unable to practice a martial art.,他因為無法練習武術而嚴重分心。,[REVIEWED:1][PROSE:sentence]
He is badly distracted after practicing a martial art.,他因為練習武術而嚴重分心。,[REVIEWED:1][PROSE:sentence]
He is badly distracted after being unable to practice a skill.,他因為無法練習技能而嚴重分心。,[REVIEWED:1][PROSE:sentence]
He is badly distracted after practicing a skill.,他因為練習技能而嚴重分心。,[REVIEWED:1][PROSE:sentence]
He is badly distracted after being unable to take it easy.,他因為無法放鬆休息而嚴重分心。,[REVIEWED:1][PROSE:sentence]
He is badly distracted after taking it easy.,他因為放鬆休息而嚴重分心。,[REVIEWED:1][PROSE:sentence]
He is badly distracted after being unable to pray to {DEITY_NAME}.,他因為無法向{DEITY_NAME}祈禱而嚴重分心。,[REVIEWED:1][PROSE:sentence]
He is badly distracted after communing with {DEITY_NAME}.,他因為與{DEITY_NAME}靈性交流而嚴重分心。,[REVIEWED:1][PROSE:sentence]
"Overall, he is very focused with satisfied needs.",總體而言，他需求已滿足，精神非常集中。,[REVIEWED:1][PROSE:sentence]
"Overall, he is quite focused with satisfied needs.",總體而言，他需求已滿足，精神相當集中。,[REVIEWED:1][PROSE:sentence]
"Overall, he is somewhat focused with satisfied needs.",總體而言，他需求已滿足，精神有些集中。,[REVIEWED:1][PROSE:sentence]
"Overall, he is badly distracted by unmet needs.",總體而言，他因需求未滿足而嚴重分心。,[REVIEWED:1][PROSE:sentence]
"Overall, he is distracted by unmet needs.",總體而言，他因需求未滿足而難以專注。,[REVIEWED:1][PROSE:sentence]
"Overall, he is unfocused by unmet needs.",總體而言，他因需求未滿足而有些心不在焉。,[REVIEWED:1][PROSE:sentence]
"Overall, he is untroubled by unmet needs.",總體而言，他沒有受到未滿足需求的困擾。,[REVIEWED:1][PROSE:sentence]
She is unfettered after being away from people.,她沒有因為遠離人群而感到受束縛。,[REVIEWED:1][PROSE:sentence]
She is unfettered after spending time with people.,她沒有因為與人共度時光而感到受束縛。,[REVIEWED:1][PROSE:sentence]
She is unfettered after being unoccupied.,她沒有因為無所事事而感到受束縛。,[REVIEWED:1][PROSE:sentence]
She is unfettered after staying occupied.,她沒有因為保持忙碌而感到受束縛。,[REVIEWED:1][PROSE:sentence]
She is unfettered after doing nothing creative.,她沒有因為沒有進行創作而感到受束縛。,[REVIEWED:1][PROSE:sentence]
She is unfettered after doing something creative.,她沒有因為進行創作而感到受束縛。,[REVIEWED:1][PROSE:sentence]
She is unfettered after leading an unexciting life.,她沒有因為生活平淡無奇而感到受束縛。,[REVIEWED:1][PROSE:sentence]
She is unfettered after doing something exciting.,她沒有因為做了令人興奮的事情而感到受束縛。,[REVIEWED:1][PROSE:sentence]
She is unfettered after being unable to acquire something.,她沒有因為無法獲得某些東西而感到受束縛。,[REVIEWED:1][PROSE:sentence]
She is unfettered after a satisfying acquisition.,她沒有因為獲得滿意的物品而感到受束縛。,[REVIEWED:1][PROSE:sentence]
She is unfettered after being kept from alcohol.,她沒有因為沒有酒喝而感到受束縛。,[REVIEWED:1][PROSE:sentence]
She is unfettered after drinking.,她沒有因為喝酒而感到受束縛。,[REVIEWED:1][PROSE:sentence]
She is unfettered after a lack of decent meals.,她沒有因為缺少像樣的飯菜而感到受束縛。,[REVIEWED:1][PROSE:sentence]
She is unfettered after a good meal.,她沒有因為享用美食而感到受束縛。,[REVIEWED:1][PROSE:sentence]
She is unfettered after being unable to fight.,她沒有因為無法戰鬥而感到受束縛。,[REVIEWED:1][PROSE:sentence]
She is unfettered after fighting.,她沒有因為戰鬥而感到受束縛。,[REVIEWED:1][PROSE:sentence]
She is unfettered after a lack of trouble-making.,她沒有因為沒能製造麻煩而感到受束縛。,[REVIEWED:1][PROSE:sentence]
She is unfettered after causing trouble.,她沒有因為製造麻煩而感到受束縛。,[REVIEWED:1][PROSE:sentence]
She is unfettered after being unable to argue.,她沒有因為無法與人爭論而感到受束縛。,[REVIEWED:1][PROSE:sentence]
She is unfettered after arguing.,她沒有因為與人爭論而感到受束縛。,[REVIEWED:1][PROSE:sentence]
She is unfettered after being unable to be extravagant.,她沒有因為無法奢侈揮霍而感到受束縛。,[REVIEWED:1][PROSE:sentence]
She is unfettered after being extravagant.,她沒有因為奢侈揮霍而感到受束縛。,[REVIEWED:1][PROSE:sentence]
She is unfettered after not learning anything.,她沒有因為沒有學到任何東西而感到受束縛。,[REVIEWED:1][PROSE:sentence]
She is unfettered after learning something.,她沒有因為學到新知而感到受束縛。,[REVIEWED:1][PROSE:sentence]
She is unfettered after being unable to help anybody.,她沒有因為無法幫助任何人而感到受束縛。,[REVIEWED:1][PROSE:sentence]
She is unfettered after helping somebody.,她沒有因為幫助他人而感到受束縛。,[REVIEWED:1][PROSE:sentence]
She is unfettered after a lack of abstract thinking.,她沒有因為缺少抽象思考而感到受束縛。,[REVIEWED:1][PROSE:sentence]
She is unfettered after thinking abstractly.,她沒有因為進行抽象思考而感到受束縛。,[REVIEWED:1][PROSE:sentence]
She is unfettered after being unable to make merry.,她沒有因為無法盡情娛樂而感到受束縛。,[REVIEWED:1][PROSE:sentence]
She is unfettered after making merry.,她沒有因為盡情娛樂而感到受束縛。,[REVIEWED:1][PROSE:sentence]
She is unfettered after being unable to admire art.,她沒有因為無法欣賞藝術而感到受束縛。,[REVIEWED:1][PROSE:sentence]
She is unfettered after admiring art.,她沒有因為欣賞藝術而感到受束縛。,[REVIEWED:1][PROSE:sentence]
She is unfettered after being unable to practice a craft.,她沒有因為無法練習工藝而感到受束縛。,[REVIEWED:1][PROSE:sentence]
She is unfettered after practicing a craft.,她沒有因為練習工藝而感到受束縛。,[REVIEWED:1][PROSE:sentence]
She is unfettered after being away from family.,她沒有因為遠離家人而感到受束縛。,[REVIEWED:1][PROSE:sentence]
She is unfettered after being with family.,她沒有因為與家人共度時光而感到受束縛。,[REVIEWED:1][PROSE:sentence]
She is unfettered after being away from friends.,她沒有因為遠離朋友而感到受束縛。,[REVIEWED:1][PROSE:sentence]
She is unfettered after being with friends.,她沒有因為與朋友共度時光而感到受束縛。,[REVIEWED:1][PROSE:sentence]
She is unfettered after a lack of introspection.,她沒有因為缺少自省而感到受束縛。,[REVIEWED:1][PROSE:sentence]
She is unfettered after introspection.,她沒有因為自省而感到受束縛。,[REVIEWED:1][PROSE:sentence]
She is unfettered after being unable to practice a martial art.,她沒有因為無法練習武術而感到受束縛。,[REVIEWED:1][PROSE:sentence]
She is unfettered after practicing a martial art.,她沒有因為練習武術而感到受束縛。,[REVIEWED:1][PROSE:sentence]
She is unfettered after being unable to practice a skill.,她沒有因為無法練習技能而感到受束縛。,[REVIEWED:1][PROSE:sentence]
She is unfettered after practicing a skill.,她沒有因為練習技能而感到受束縛。,[REVIEWED:1][PROSE:sentence]
She is unfettered after being unable to take it easy.,她沒有因為無法放鬆休息而感到受束縛。,[REVIEWED:1][PROSE:sentence]
She is unfettered after taking it easy.,她沒有因為放鬆休息而感到受束縛。,[REVIEWED:1][PROSE:sentence]
She is unfettered after being unable to pray to {DEITY_NAME}.,她沒有因為無法向{DEITY_NAME}祈禱而感到受束縛。,[REVIEWED:1][PROSE:sentence]
She is unfettered after communing with {DEITY_NAME}.,她沒有因為與{DEITY_NAME}靈性交流而感到受束縛。,[REVIEWED:1][PROSE:sentence]
She is level-headed after being away from people.,她沒有因為遠離人群而失去冷靜。,[REVIEWED:1][PROSE:sentence]
She is level-headed after spending time with people.,她沒有因為與人共度時光而失去冷靜。,[REVIEWED:1][PROSE:sentence]
She is level-headed after being unoccupied.,她沒有因為無所事事而失去冷靜。,[REVIEWED:1][PROSE:sentence]
She is level-headed after staying occupied.,她沒有因為保持忙碌而失去冷靜。,[REVIEWED:1][PROSE:sentence]
She is level-headed after doing nothing creative.,她沒有因為沒有進行創作而失去冷靜。,[REVIEWED:1][PROSE:sentence]
She is level-headed after doing something creative.,她沒有因為進行創作而失去冷靜。,[REVIEWED:1][PROSE:sentence]
She is level-headed after leading an unexciting life.,她沒有因為生活平淡無奇而失去冷靜。,[REVIEWED:1][PROSE:sentence]
She is level-headed after doing something exciting.,她沒有因為做了令人興奮的事情而失去冷靜。,[REVIEWED:1][PROSE:sentence]
She is level-headed after being unable to acquire something.,她沒有因為無法獲得某些東西而失去冷靜。,[REVIEWED:1][PROSE:sentence]
She is level-headed after a satisfying acquisition.,她沒有因為獲得滿意的物品而失去冷靜。,[REVIEWED:1][PROSE:sentence]
She is level-headed after being kept from alcohol.,她沒有因為沒有酒喝而失去冷靜。,[REVIEWED:1][PROSE:sentence]
She is level-headed after drinking.,她沒有因為喝酒而失去冷靜。,[REVIEWED:1][PROSE:sentence]
She is level-headed after a lack of decent meals.,她沒有因為缺少像樣的飯菜而失去冷靜。,[REVIEWED:1][PROSE:sentence]
She is level-headed after a good meal.,她沒有因為享用美食而失去冷靜。,[REVIEWED:1][PROSE:sentence]
She is level-headed after being unable to fight.,她沒有因為無法戰鬥而失去冷靜。,[REVIEWED:1][PROSE:sentence]
She is level-headed after fighting.,她沒有因為戰鬥而失去冷靜。,[REVIEWED:1][PROSE:sentence]
She is level-headed after a lack of trouble-making.,她沒有因為沒能製造麻煩而失去冷靜。,[REVIEWED:1][PROSE:sentence]
She is level-headed after causing trouble.,她沒有因為製造麻煩而失去冷靜。,[REVIEWED:1][PROSE:sentence]
She is level-headed after being unable to argue.,她沒有因為無法與人爭論而失去冷靜。,[REVIEWED:1][PROSE:sentence]
She is level-headed after arguing.,她沒有因為與人爭論而失去冷靜。,[REVIEWED:1][PROSE:sentence]
She is level-headed after being unable to be extravagant.,她沒有因為無法奢侈揮霍而失去冷靜。,[REVIEWED:1][PROSE:sentence]
She is level-headed after being extravagant.,她沒有因為奢侈揮霍而失去冷靜。,[REVIEWED:1][PROSE:sentence]
She is level-headed after not learning anything.,她沒有因為沒有學到任何東西而失去冷靜。,[REVIEWED:1][PROSE:sentence]
She is level-headed after learning something.,她沒有因為學到新知而失去冷靜。,[REVIEWED:1][PROSE:sentence]
She is level-headed after being unable to help anybody.,她沒有因為無法幫助任何人而失去冷靜。,[REVIEWED:1][PROSE:sentence]
She is level-headed after helping somebody.,她沒有因為幫助他人而失去冷靜。,[REVIEWED:1][PROSE:sentence]
She is level-headed after a lack of abstract thinking.,她沒有因為缺少抽象思考而失去冷靜。,[REVIEWED:1][PROSE:sentence]
She is level-headed after thinking abstractly.,她沒有因為進行抽象思考而失去冷靜。,[REVIEWED:1][PROSE:sentence]
She is level-headed after being unable to make merry.,她沒有因為無法盡情娛樂而失去冷靜。,[REVIEWED:1][PROSE:sentence]
She is level-headed after making merry.,她沒有因為盡情娛樂而失去冷靜。,[REVIEWED:1][PROSE:sentence]
She is level-headed after being unable to admire art.,她沒有因為無法欣賞藝術而失去冷靜。,[REVIEWED:1][PROSE:sentence]
She is level-headed after admiring art.,她沒有因為欣賞藝術而失去冷靜。,[REVIEWED:1][PROSE:sentence]
She is level-headed after being unable to practice a craft.,她沒有因為無法練習工藝而失去冷靜。,[REVIEWED:1][PROSE:sentence]
She is level-headed after practicing a craft.,她沒有因為練習工藝而失去冷靜。,[REVIEWED:1][PROSE:sentence]
She is level-headed after being away from family.,她沒有因為遠離家人而失去冷靜。,[REVIEWED:1][PROSE:sentence]
She is level-headed after being with family.,她沒有因為與家人共度時光而失去冷靜。,[REVIEWED:1][PROSE:sentence]
She is level-headed after being away from friends.,她沒有因為遠離朋友而失去冷靜。,[REVIEWED:1][PROSE:sentence]
She is level-headed after being with friends.,她沒有因為與朋友共度時光而失去冷靜。,[REVIEWED:1][PROSE:sentence]
She is level-headed after a lack of introspection.,她沒有因為缺少自省而失去冷靜。,[REVIEWED:1][PROSE:sentence]
She is level-headed after introspection.,她沒有因為自省而失去冷靜。,[REVIEWED:1][PROSE:sentence]
She is level-headed after being unable to practice a martial art.,她沒有因為無法練習武術而失去冷靜。,[REVIEWED:1][PROSE:sentence]
She is level-headed after practicing a martial art.,她沒有因為練習武術而失去冷靜。,[REVIEWED:1][PROSE:sentence]
She is level-headed after being unable to practice a skill.,她沒有因為無法練習技能而失去冷靜。,[REVIEWED:1][PROSE:sentence]
She is level-headed after practicing a skill.,她沒有因為練習技能而失去冷靜。,[REVIEWED:1][PROSE:sentence]
She is level-headed after being unable to take it easy.,她沒有因為無法放鬆休息而失去冷靜。,[REVIEWED:1][PROSE:sentence]
She is level-headed after taking it easy.,她沒有因為放鬆休息而失去冷靜。,[REVIEWED:1][PROSE:sentence]
She is level-headed after being unable to pray to {DEITY_NAME}.,她沒有因為無法向{DEITY_NAME}祈禱而失去冷靜。,[REVIEWED:1][PROSE:sentence]
She is level-headed after communing with {DEITY_NAME}.,她沒有因為與{DEITY_NAME}靈性交流而失去冷靜。,[REVIEWED:1][PROSE:sentence]
She is untroubled after being away from people.,她沒有因為遠離人群而感到困擾。,[REVIEWED:1][PROSE:sentence]
She is untroubled after spending time with people.,她沒有因為與人共度時光而感到困擾。,[REVIEWED:1][PROSE:sentence]
She is untroubled after being unoccupied.,她沒有因為無所事事而感到困擾。,[REVIEWED:1][PROSE:sentence]
She is untroubled after staying occupied.,她沒有因為保持忙碌而感到困擾。,[REVIEWED:1][PROSE:sentence]
She is untroubled after doing nothing creative.,她沒有因為沒有進行創作而感到困擾。,[REVIEWED:1][PROSE:sentence]
She is untroubled after doing something creative.,她沒有因為進行創作而感到困擾。,[REVIEWED:1][PROSE:sentence]
She is untroubled after leading an unexciting life.,她沒有因為生活平淡無奇而感到困擾。,[REVIEWED:1][PROSE:sentence]
She is untroubled after doing something exciting.,她沒有因為做了令人興奮的事情而感到困擾。,[REVIEWED:1][PROSE:sentence]
She is untroubled after being unable to acquire something.,她沒有因為無法獲得某些東西而感到困擾。,[REVIEWED:1][PROSE:sentence]
She is untroubled after a satisfying acquisition.,她沒有因為獲得滿意的物品而感到困擾。,[REVIEWED:1][PROSE:sentence]
She is untroubled after being kept from alcohol.,她沒有因為沒有酒喝而感到困擾。,[REVIEWED:1][PROSE:sentence]
She is untroubled after drinking.,她沒有因為喝酒而感到困擾。,[REVIEWED:1][PROSE:sentence]
She is untroubled after a lack of decent meals.,她沒有因為缺少像樣的飯菜而感到困擾。,[REVIEWED:1][PROSE:sentence]
She is untroubled after a good meal.,她沒有因為享用美食而感到困擾。,[REVIEWED:1][PROSE:sentence]
She is untroubled after being unable to fight.,她沒有因為無法戰鬥而感到困擾。,[REVIEWED:1][PROSE:sentence]
She is untroubled after fighting.,她沒有因為戰鬥而感到困擾。,[REVIEWED:1][PROSE:sentence]
She is untroubled after a lack of trouble-making.,她沒有因為沒能製造麻煩而感到困擾。,[REVIEWED:1][PROSE:sentence]
She is untroubled after causing trouble.,她沒有因為製造麻煩而感到困擾。,[REVIEWED:1][PROSE:sentence]
She is untroubled after being unable to argue.,她沒有因為無法與人爭論而感到困擾。,[REVIEWED:1][PROSE:sentence]
She is untroubled after arguing.,她沒有因為與人爭論而感到困擾。,[REVIEWED:1][PROSE:sentence]
She is untroubled after being unable to be extravagant.,她沒有因為無法奢侈揮霍而感到困擾。,[REVIEWED:1][PROSE:sentence]
She is untroubled after being extravagant.,她沒有因為奢侈揮霍而感到困擾。,[REVIEWED:1][PROSE:sentence]
She is untroubled after not learning anything.,她沒有因為沒有學到任何東西而感到困擾。,[REVIEWED:1][PROSE:sentence]
She is untroubled after learning something.,她沒有因為學到新知而感到困擾。,[REVIEWED:1][PROSE:sentence]
She is untroubled after being unable to help anybody.,她沒有因為無法幫助任何人而感到困擾。,[REVIEWED:1][PROSE:sentence]
She is untroubled after helping somebody.,她沒有因為幫助他人而感到困擾。,[REVIEWED:1][PROSE:sentence]
She is untroubled after a lack of abstract thinking.,她沒有因為缺少抽象思考而感到困擾。,[REVIEWED:1][PROSE:sentence]
She is untroubled after thinking abstractly.,她沒有因為進行抽象思考而感到困擾。,[REVIEWED:1][PROSE:sentence]
She is untroubled after being unable to make merry.,她沒有因為無法盡情娛樂而感到困擾。,[REVIEWED:1][PROSE:sentence]
She is untroubled after making merry.,她沒有因為盡情娛樂而感到困擾。,[REVIEWED:1][PROSE:sentence]
She is untroubled after being unable to admire art.,她沒有因為無法欣賞藝術而感到困擾。,[REVIEWED:1][PROSE:sentence]
She is untroubled after admiring art.,她沒有因為欣賞藝術而感到困擾。,[REVIEWED:1][PROSE:sentence]
She is untroubled after being unable to practice a craft.,她沒有因為無法練習工藝而感到困擾。,[REVIEWED:1][PROSE:sentence]
She is untroubled after practicing a craft.,她沒有因為練習工藝而感到困擾。,[REVIEWED:1][PROSE:sentence]
She is untroubled after being away from family.,她沒有因為遠離家人而感到困擾。,[REVIEWED:1][PROSE:sentence]
She is untroubled after being with family.,她沒有因為與家人共度時光而感到困擾。,[REVIEWED:1][PROSE:sentence]
She is untroubled after being away from friends.,她沒有因為遠離朋友而感到困擾。,[REVIEWED:1][PROSE:sentence]
She is untroubled after being with friends.,她沒有因為與朋友共度時光而感到困擾。,[REVIEWED:1][PROSE:sentence]
She is untroubled after a lack of introspection.,她沒有因為缺少自省而感到困擾。,[REVIEWED:1][PROSE:sentence]
She is untroubled after introspection.,她沒有因為自省而感到困擾。,[REVIEWED:1][PROSE:sentence]
She is untroubled after being unable to practice a martial art.,她沒有因為無法練習武術而感到困擾。,[REVIEWED:1][PROSE:sentence]
She is untroubled after practicing a martial art.,她沒有因為練習武術而感到困擾。,[REVIEWED:1][PROSE:sentence]
She is untroubled after being unable to practice a skill.,她沒有因為無法練習技能而感到困擾。,[REVIEWED:1][PROSE:sentence]
She is untroubled after practicing a skill.,她沒有因為練習技能而感到困擾。,[REVIEWED:1][PROSE:sentence]
She is untroubled after being unable to take it easy.,她沒有因為無法放鬆休息而感到困擾。,[REVIEWED:1][PROSE:sentence]
She is untroubled after taking it easy.,她沒有因為放鬆休息而感到困擾。,[REVIEWED:1][PROSE:sentence]
She is untroubled after being unable to pray to {DEITY_NAME}.,她沒有因為無法向{DEITY_NAME}祈禱而感到困擾。,[REVIEWED:1][PROSE:sentence]
She is untroubled after communing with {DEITY_NAME}.,她沒有因為與{DEITY_NAME}靈性交流而感到困擾。,[REVIEWED:1][PROSE:sentence]
She is not distracted after being away from people.,她沒有因為遠離人群而分心。,[REVIEWED:1][PROSE:sentence]
She is not distracted after spending time with people.,她沒有因為與人共度時光而分心。,[REVIEWED:1][PROSE:sentence]
She is not distracted after being unoccupied.,她沒有因為無所事事而分心。,[REVIEWED:1][PROSE:sentence]
She is not distracted after staying occupied.,她沒有因為保持忙碌而分心。,[REVIEWED:1][PROSE:sentence]
She is not distracted after doing nothing creative.,她沒有因為沒有進行創作而分心。,[REVIEWED:1][PROSE:sentence]
She is not distracted after doing something creative.,她沒有因為進行創作而分心。,[REVIEWED:1][PROSE:sentence]
She is not distracted after leading an unexciting life.,她沒有因為生活平淡無奇而分心。,[REVIEWED:1][PROSE:sentence]
She is not distracted after doing something exciting.,她沒有因為做了令人興奮的事情而分心。,[REVIEWED:1][PROSE:sentence]
She is not distracted after being unable to acquire something.,她沒有因為無法獲得某些東西而分心。,[REVIEWED:1][PROSE:sentence]
She is not distracted after a satisfying acquisition.,她沒有因為獲得滿意的物品而分心。,[REVIEWED:1][PROSE:sentence]
She is not distracted after being kept from alcohol.,她沒有因為沒有酒喝而分心。,[REVIEWED:1][PROSE:sentence]
She is not distracted after drinking.,她沒有因為喝酒而分心。,[REVIEWED:1][PROSE:sentence]
She is not distracted after a lack of decent meals.,她沒有因為缺少像樣的飯菜而分心。,[REVIEWED:1][PROSE:sentence]
She is not distracted after a good meal.,她沒有因為享用美食而分心。,[REVIEWED:1][PROSE:sentence]
She is not distracted after being unable to fight.,她沒有因為無法戰鬥而分心。,[REVIEWED:1][PROSE:sentence]
She is not distracted after fighting.,她沒有因為戰鬥而分心。,[REVIEWED:1][PROSE:sentence]
She is not distracted after a lack of trouble-making.,她沒有因為沒能製造麻煩而分心。,[REVIEWED:1][PROSE:sentence]
She is not distracted after causing trouble.,她沒有因為製造麻煩而分心。,[REVIEWED:1][PROSE:sentence]
She is not distracted after being unable to argue.,她沒有因為無法與人爭論而分心。,[REVIEWED:1][PROSE:sentence]
She is not distracted after arguing.,她沒有因為與人爭論而分心。,[REVIEWED:1][PROSE:sentence]
She is not distracted after being unable to be extravagant.,她沒有因為無法奢侈揮霍而分心。,[REVIEWED:1][PROSE:sentence]
She is not distracted after being extravagant.,她沒有因為奢侈揮霍而分心。,[REVIEWED:1][PROSE:sentence]
She is not distracted after not learning anything.,她沒有因為沒有學到任何東西而分心。,[REVIEWED:1][PROSE:sentence]
She is not distracted after learning something.,她沒有因為學到新知而分心。,[REVIEWED:1][PROSE:sentence]
She is not distracted after being unable to help anybody.,她沒有因為無法幫助任何人而分心。,[REVIEWED:1][PROSE:sentence]
She is not distracted after helping somebody.,她沒有因為幫助他人而分心。,[REVIEWED:1][PROSE:sentence]
She is not distracted after a lack of abstract thinking.,她沒有因為缺少抽象思考而分心。,[REVIEWED:1][PROSE:sentence]
She is not distracted after thinking abstractly.,她沒有因為進行抽象思考而分心。,[REVIEWED:1][PROSE:sentence]
She is not distracted after being unable to make merry.,她沒有因為無法盡情娛樂而分心。,[REVIEWED:1][PROSE:sentence]
She is not distracted after making merry.,她沒有因為盡情娛樂而分心。,[REVIEWED:1][PROSE:sentence]
She is not distracted after being unable to admire art.,她沒有因為無法欣賞藝術而分心。,[REVIEWED:1][PROSE:sentence]
She is not distracted after admiring art.,她沒有因為欣賞藝術而分心。,[REVIEWED:1][PROSE:sentence]
She is not distracted after being unable to practice a craft.,她沒有因為無法練習工藝而分心。,[REVIEWED:1][PROSE:sentence]
She is not distracted after practicing a craft.,她沒有因為練習工藝而分心。,[REVIEWED:1][PROSE:sentence]
She is not distracted after being away from family.,她沒有因為遠離家人而分心。,[REVIEWED:1][PROSE:sentence]
She is not distracted after being with family.,她沒有因為與家人共度時光而分心。,[REVIEWED:1][PROSE:sentence]
She is not distracted after being away from friends.,她沒有因為遠離朋友而分心。,[REVIEWED:1][PROSE:sentence]
She is not distracted after being with friends.,她沒有因為與朋友共度時光而分心。,[REVIEWED:1][PROSE:sentence]
She is not distracted after a lack of introspection.,她沒有因為缺少自省而分心。,[REVIEWED:1][PROSE:sentence]
She is not distracted after introspection.,她沒有因為自省而分心。,[REVIEWED:1][PROSE:sentence]
She is not distracted after being unable to practice a martial art.,她沒有因為無法練習武術而分心。,[REVIEWED:1][PROSE:sentence]
She is not distracted after practicing a martial art.,她沒有因為練習武術而分心。,[REVIEWED:1][PROSE:sentence]
She is not distracted after being unable to practice a skill.,她沒有因為無法練習技能而分心。,[REVIEWED:1][PROSE:sentence]
She is not distracted after practicing a skill.,她沒有因為練習技能而分心。,[REVIEWED:1][PROSE:sentence]
She is not distracted after being unable to take it easy.,她沒有因為無法放鬆休息而分心。,[REVIEWED:1][PROSE:sentence]
She is not distracted after taking it easy.,她沒有因為放鬆休息而分心。,[REVIEWED:1][PROSE:sentence]
She is not distracted after being unable to pray to {DEITY_NAME}.,她沒有因為無法向{DEITY_NAME}祈禱而分心。,[REVIEWED:1][PROSE:sentence]
She is not distracted after communing with {DEITY_NAME}.,她沒有因為與{DEITY_NAME}靈性交流而分心。,[REVIEWED:1][PROSE:sentence]
She is unfocused after being away from people.,她因為遠離人群而有些心不在焉。,[REVIEWED:1][PROSE:sentence]
She is unfocused after spending time with people.,她因為與人共度時光而有些心不在焉。,[REVIEWED:1][PROSE:sentence]
She is unfocused after being unoccupied.,她因為無所事事而有些心不在焉。,[REVIEWED:1][PROSE:sentence]
She is unfocused after staying occupied.,她因為保持忙碌而有些心不在焉。,[REVIEWED:1][PROSE:sentence]
She is unfocused after doing nothing creative.,她因為沒有進行創作而有些心不在焉。,[REVIEWED:1][PROSE:sentence]
She is unfocused after doing something creative.,她因為進行創作而有些心不在焉。,[REVIEWED:1][PROSE:sentence]
She is unfocused after leading an unexciting life.,她因為生活平淡無奇而有些心不在焉。,[REVIEWED:1][PROSE:sentence]
She is unfocused after doing something exciting.,她因為做了令人興奮的事情而有些心不在焉。,[REVIEWED:1][PROSE:sentence]
She is unfocused after being unable to acquire something.,她因為無法獲得某些東西而有些心不在焉。,[REVIEWED:1][PROSE:sentence]
She is unfocused after a satisfying acquisition.,她因為獲得滿意的物品而有些心不在焉。,[REVIEWED:1][PROSE:sentence]
She is unfocused after being kept from alcohol.,她因為沒有酒喝而有些心不在焉。,[REVIEWED:1][PROSE:sentence]
She is unfocused after drinking.,她因為喝酒而有些心不在焉。,[REVIEWED:1][PROSE:sentence]
She is unfocused after a lack of decent meals.,她因為缺少像樣的飯菜而有些心不在焉。,[REVIEWED:1][PROSE:sentence]
She is unfocused after a good meal.,她因為享用美食而有些心不在焉。,[REVIEWED:1][PROSE:sentence]
She is unfocused after being unable to fight.,她因為無法戰鬥而有些心不在焉。,[REVIEWED:1][PROSE:sentence]
She is unfocused after fighting.,她因為戰鬥而有些心不在焉。,[REVIEWED:1][PROSE:sentence]
She is unfocused after a lack of trouble-making.,她因為沒能製造麻煩而有些心不在焉。,[REVIEWED:1][PROSE:sentence]
She is unfocused after causing trouble.,她因為製造麻煩而有些心不在焉。,[REVIEWED:1][PROSE:sentence]
She is unfocused after being unable to argue.,她因為無法與人爭論而有些心不在焉。,[REVIEWED:1][PROSE:sentence]
She is unfocused after arguing.,她因為與人爭論而有些心不在焉。,[REVIEWED:1][PROSE:sentence]
She is unfocused after being unable to be extravagant.,她因為無法奢侈揮霍而有些心不在焉。,[REVIEWED:1][PROSE:sentence]
She is unfocused after being extravagant.,她因為奢侈揮霍而有些心不在焉。,[REVIEWED:1][PROSE:sentence]
She is unfocused after not learning anything.,她因為沒有學到任何東西而有些心不在焉。,[REVIEWED:1][PROSE:sentence]
She is unfocused after learning something.,她因為學到新知而有些心不在焉。,[REVIEWED:1][PROSE:sentence]
She is unfocused after being unable to help anybody.,她因為無法幫助任何人而有些心不在焉。,[REVIEWED:1][PROSE:sentence]
She is unfocused after helping somebody.,她因為幫助他人而有些心不在焉。,[REVIEWED:1][PROSE:sentence]
She is unfocused after a lack of abstract thinking.,她因為缺少抽象思考而有些心不在焉。,[REVIEWED:1][PROSE:sentence]
She is unfocused after thinking abstractly.,她因為進行抽象思考而有些心不在焉。,[REVIEWED:1][PROSE:sentence]
She is unfocused after being unable to make merry.,她因為無法盡情娛樂而有些心不在焉。,[REVIEWED:1][PROSE:sentence]
She is unfocused after making merry.,她因為盡情娛樂而有些心不在焉。,[REVIEWED:1][PROSE:sentence]
She is unfocused after being unable to admire art.,她因為無法欣賞藝術而有些心不在焉。,[REVIEWED:1][PROSE:sentence]
She is unfocused after admiring art.,她因為欣賞藝術而有些心不在焉。,[REVIEWED:1][PROSE:sentence]
She is unfocused after being unable to practice a craft.,她因為無法練習工藝而有些心不在焉。,[REVIEWED:1][PROSE:sentence]
She is unfocused after practicing a craft.,她因為練習工藝而有些心不在焉。,[REVIEWED:1][PROSE:sentence]
She is unfocused after being away from family.,她因為遠離家人而有些心不在焉。,[REVIEWED:1][PROSE:sentence]
She is unfocused after being with family.,她因為與家人共度時光而有些心不在焉。,[REVIEWED:1][PROSE:sentence]
She is unfocused after being away from friends.,她因為遠離朋友而有些心不在焉。,[REVIEWED:1][PROSE:sentence]
She is unfocused after being with friends.,她因為與朋友共度時光而有些心不在焉。,[REVIEWED:1][PROSE:sentence]
She is unfocused after a lack of introspection.,她因為缺少自省而有些心不在焉。,[REVIEWED:1][PROSE:sentence]
She is unfocused after introspection.,她因為自省而有些心不在焉。,[REVIEWED:1][PROSE:sentence]
She is unfocused after being unable to practice a martial art.,她因為無法練習武術而有些心不在焉。,[REVIEWED:1][PROSE:sentence]
She is unfocused after practicing a martial art.,她因為練習武術而有些心不在焉。,[REVIEWED:1][PROSE:sentence]
She is unfocused after being unable to practice a skill.,她因為無法練習技能而有些心不在焉。,[REVIEWED:1][PROSE:sentence]
She is unfocused after practicing a skill.,她因為練習技能而有些心不在焉。,[REVIEWED:1][PROSE:sentence]
She is unfocused after being unable to take it easy.,她因為無法放鬆休息而有些心不在焉。,[REVIEWED:1][PROSE:sentence]
She is unfocused after taking it easy.,她因為放鬆休息而有些心不在焉。,[REVIEWED:1][PROSE:sentence]
She is unfocused after being unable to pray to {DEITY_NAME}.,她因為無法向{DEITY_NAME}祈禱而有些心不在焉。,[REVIEWED:1][PROSE:sentence]
She is unfocused after communing with {DEITY_NAME}.,她因為與{DEITY_NAME}靈性交流而有些心不在焉。,[REVIEWED:1][PROSE:sentence]
She is distracted after being away from people.,她因為遠離人群而難以專注。,[REVIEWED:1][PROSE:sentence]
She is distracted after spending time with people.,她因為與人共度時光而難以專注。,[REVIEWED:1][PROSE:sentence]
She is distracted after being unoccupied.,她因為無所事事而難以專注。,[REVIEWED:1][PROSE:sentence]
She is distracted after staying occupied.,她因為保持忙碌而難以專注。,[REVIEWED:1][PROSE:sentence]
She is distracted after doing nothing creative.,她因為沒有進行創作而難以專注。,[REVIEWED:1][PROSE:sentence]
She is distracted after doing something creative.,她因為進行創作而難以專注。,[REVIEWED:1][PROSE:sentence]
She is distracted after leading an unexciting life.,她因為生活平淡無奇而難以專注。,[REVIEWED:1][PROSE:sentence]
She is distracted after doing something exciting.,她因為做了令人興奮的事情而難以專注。,[REVIEWED:1][PROSE:sentence]
She is distracted after being unable to acquire something.,她因為無法獲得某些東西而難以專注。,[REVIEWED:1][PROSE:sentence]
She is distracted after a satisfying acquisition.,她因為獲得滿意的物品而難以專注。,[REVIEWED:1][PROSE:sentence]
She is distracted after being kept from alcohol.,她因為沒有酒喝而難以專注。,[REVIEWED:1][PROSE:sentence]
She is distracted after drinking.,她因為喝酒而難以專注。,[REVIEWED:1][PROSE:sentence]
She is distracted after a lack of decent meals.,她因為缺少像樣的飯菜而難以專注。,[REVIEWED:1][PROSE:sentence]
She is distracted after a good meal.,她因為享用美食而難以專注。,[REVIEWED:1][PROSE:sentence]
She is distracted after being unable to fight.,她因為無法戰鬥而難以專注。,[REVIEWED:1][PROSE:sentence]
She is distracted after fighting.,她因為戰鬥而難以專注。,[REVIEWED:1][PROSE:sentence]
She is distracted after a lack of trouble-making.,她因為沒能製造麻煩而難以專注。,[REVIEWED:1][PROSE:sentence]
She is distracted after causing trouble.,她因為製造麻煩而難以專注。,[REVIEWED:1][PROSE:sentence]
She is distracted after being unable to argue.,她因為無法與人爭論而難以專注。,[REVIEWED:1][PROSE:sentence]
She is distracted after arguing.,她因為與人爭論而難以專注。,[REVIEWED:1][PROSE:sentence]
She is distracted after being unable to be extravagant.,她因為無法奢侈揮霍而難以專注。,[REVIEWED:1][PROSE:sentence]
She is distracted after being extravagant.,她因為奢侈揮霍而難以專注。,[REVIEWED:1][PROSE:sentence]
She is distracted after not learning anything.,她因為沒有學到任何東西而難以專注。,[REVIEWED:1][PROSE:sentence]
She is distracted after learning something.,她因為學到新知而難以專注。,[REVIEWED:1][PROSE:sentence]
She is distracted after being unable to help anybody.,她因為無法幫助任何人而難以專注。,[REVIEWED:1][PROSE:sentence]
She is distracted after helping somebody.,她因為幫助他人而難以專注。,[REVIEWED:1][PROSE:sentence]
She is distracted after a lack of abstract thinking.,她因為缺少抽象思考而難以專注。,[REVIEWED:1][PROSE:sentence]
She is distracted after thinking abstractly.,她因為進行抽象思考而難以專注。,[REVIEWED:1][PROSE:sentence]
She is distracted after being unable to make merry.,她因為無法盡情娛樂而難以專注。,[REVIEWED:1][PROSE:sentence]
She is distracted after making merry.,她因為盡情娛樂而難以專注。,[REVIEWED:1][PROSE:sentence]
She is distracted after being unable to admire art.,她因為無法欣賞藝術而難以專注。,[REVIEWED:1][PROSE:sentence]
She is distracted after admiring art.,她因為欣賞藝術而難以專注。,[REVIEWED:1][PROSE:sentence]
She is distracted after being unable to practice a craft.,她因為無法練習工藝而難以專注。,[REVIEWED:1][PROSE:sentence]
She is distracted after practicing a craft.,她因為練習工藝而難以專注。,[REVIEWED:1][PROSE:sentence]
She is distracted after being away from family.,她因為遠離家人而難以專注。,[REVIEWED:1][PROSE:sentence]
She is distracted after being with family.,她因為與家人共度時光而難以專注。,[REVIEWED:1][PROSE:sentence]
She is distracted after being away from friends.,她因為遠離朋友而難以專注。,[REVIEWED:1][PROSE:sentence]
She is distracted after being with friends.,她因為與朋友共度時光而難以專注。,[REVIEWED:1][PROSE:sentence]
She is distracted after a lack of introspection.,她因為缺少自省而難以專注。,[REVIEWED:1][PROSE:sentence]
She is distracted after introspection.,她因為自省而難以專注。,[REVIEWED:1][PROSE:sentence]
She is distracted after being unable to practice a martial art.,她因為無法練習武術而難以專注。,[REVIEWED:1][PROSE:sentence]
She is distracted after practicing a martial art.,她因為練習武術而難以專注。,[REVIEWED:1][PROSE:sentence]
She is distracted after being unable to practice a skill.,她因為無法練習技能而難以專注。,[REVIEWED:1][PROSE:sentence]
She is distracted after practicing a skill.,她因為練習技能而難以專注。,[REVIEWED:1][PROSE:sentence]
She is distracted after being unable to take it easy.,她因為無法放鬆休息而難以專注。,[REVIEWED:1][PROSE:sentence]
She is distracted after taking it easy.,她因為放鬆休息而難以專注。,[REVIEWED:1][PROSE:sentence]
She is distracted after being unable to pray to {DEITY_NAME}.,她因為無法向{DEITY_NAME}祈禱而難以專注。,[REVIEWED:1][PROSE:sentence]
She is distracted after communing with {DEITY_NAME}.,她因為與{DEITY_NAME}靈性交流而難以專注。,[REVIEWED:1][PROSE:sentence]
She is badly distracted after being away from people.,她因為遠離人群而嚴重分心。,[REVIEWED:1][PROSE:sentence]
She is badly distracted after spending time with people.,她因為與人共度時光而嚴重分心。,[REVIEWED:1][PROSE:sentence]
She is badly distracted after being unoccupied.,她因為無所事事而嚴重分心。,[REVIEWED:1][PROSE:sentence]
She is badly distracted after staying occupied.,她因為保持忙碌而嚴重分心。,[REVIEWED:1][PROSE:sentence]
She is badly distracted after doing nothing creative.,她因為沒有進行創作而嚴重分心。,[REVIEWED:1][PROSE:sentence]
She is badly distracted after doing something creative.,她因為進行創作而嚴重分心。,[REVIEWED:1][PROSE:sentence]
She is badly distracted after leading an unexciting life.,她因為生活平淡無奇而嚴重分心。,[REVIEWED:1][PROSE:sentence]
She is badly distracted after doing something exciting.,她因為做了令人興奮的事情而嚴重分心。,[REVIEWED:1][PROSE:sentence]
She is badly distracted after being unable to acquire something.,她因為無法獲得某些東西而嚴重分心。,[REVIEWED:1][PROSE:sentence]
She is badly distracted after a satisfying acquisition.,她因為獲得滿意的物品而嚴重分心。,[REVIEWED:1][PROSE:sentence]
She is badly distracted after being kept from alcohol.,她因為沒有酒喝而嚴重分心。,[REVIEWED:1][PROSE:sentence]
She is badly distracted after drinking.,她因為喝酒而嚴重分心。,[REVIEWED:1][PROSE:sentence]
She is badly distracted after a lack of decent meals.,她因為缺少像樣的飯菜而嚴重分心。,[REVIEWED:1][PROSE:sentence]
She is badly distracted after a good meal.,她因為享用美食而嚴重分心。,[REVIEWED:1][PROSE:sentence]
She is badly distracted after being unable to fight.,她因為無法戰鬥而嚴重分心。,[REVIEWED:1][PROSE:sentence]
She is badly distracted after fighting.,她因為戰鬥而嚴重分心。,[REVIEWED:1][PROSE:sentence]
She is badly distracted after a lack of trouble-making.,她因為沒能製造麻煩而嚴重分心。,[REVIEWED:1][PROSE:sentence]
She is badly distracted after causing trouble.,她因為製造麻煩而嚴重分心。,[REVIEWED:1][PROSE:sentence]
She is badly distracted after being unable to argue.,她因為無法與人爭論而嚴重分心。,[REVIEWED:1][PROSE:sentence]
She is badly distracted after arguing.,她因為與人爭論而嚴重分心。,[REVIEWED:1][PROSE:sentence]
She is badly distracted after being unable to be extravagant.,她因為無法奢侈揮霍而嚴重分心。,[REVIEWED:1][PROSE:sentence]
She is badly distracted after being extravagant.,她因為奢侈揮霍而嚴重分心。,[REVIEWED:1][PROSE:sentence]
She is badly distracted after not learning anything.,她因為沒有學到任何東西而嚴重分心。,[REVIEWED:1][PROSE:sentence]
She is badly distracted after learning something.,她因為學到新知而嚴重分心。,[REVIEWED:1][PROSE:sentence]
She is badly distracted after being unable to help anybody.,她因為無法幫助任何人而嚴重分心。,[REVIEWED:1][PROSE:sentence]
She is badly distracted after helping somebody.,她因為幫助他人而嚴重分心。,[REVIEWED:1][PROSE:sentence]
She is badly distracted after a lack of abstract thinking.,她因為缺少抽象思考而嚴重分心。,[REVIEWED:1][PROSE:sentence]
She is badly distracted after thinking abstractly.,她因為進行抽象思考而嚴重分心。,[REVIEWED:1][PROSE:sentence]
She is badly distracted after being unable to make merry.,她因為無法盡情娛樂而嚴重分心。,[REVIEWED:1][PROSE:sentence]
She is badly distracted after making merry.,她因為盡情娛樂而嚴重分心。,[REVIEWED:1][PROSE:sentence]
She is badly distracted after being unable to admire art.,她因為無法欣賞藝術而嚴重分心。,[REVIEWED:1][PROSE:sentence]
She is badly distracted after admiring art.,她因為欣賞藝術而嚴重分心。,[REVIEWED:1][PROSE:sentence]
She is badly distracted after being unable to practice a craft.,她因為無法練習工藝而嚴重分心。,[REVIEWED:1][PROSE:sentence]
She is badly distracted after practicing a craft.,她因為練習工藝而嚴重分心。,[REVIEWED:1][PROSE:sentence]
She is badly distracted after being away from family.,她因為遠離家人而嚴重分心。,[REVIEWED:1][PROSE:sentence]
She is badly distracted after being with family.,她因為與家人共度時光而嚴重分心。,[REVIEWED:1][PROSE:sentence]
She is badly distracted after being away from friends.,她因為遠離朋友而嚴重分心。,[REVIEWED:1][PROSE:sentence]
She is badly distracted after being with friends.,她因為與朋友共度時光而嚴重分心。,[REVIEWED:1][PROSE:sentence]
She is badly distracted after a lack of introspection.,她因為缺少自省而嚴重分心。,[REVIEWED:1][PROSE:sentence]
She is badly distracted after introspection.,她因為自省而嚴重分心。,[REVIEWED:1][PROSE:sentence]
She is badly distracted after being unable to practice a martial art.,她因為無法練習武術而嚴重分心。,[REVIEWED:1][PROSE:sentence]
She is badly distracted after practicing a martial art.,她因為練習武術而嚴重分心。,[REVIEWED:1][PROSE:sentence]
She is badly distracted after being unable to practice a skill.,她因為無法練習技能而嚴重分心。,[REVIEWED:1][PROSE:sentence]
She is badly distracted after practicing a skill.,她因為練習技能而嚴重分心。,[REVIEWED:1][PROSE:sentence]
She is badly distracted after being unable to take it easy.,她因為無法放鬆休息而嚴重分心。,[REVIEWED:1][PROSE:sentence]
She is badly distracted after taking it easy.,她因為放鬆休息而嚴重分心。,[REVIEWED:1][PROSE:sentence]
She is badly distracted after being unable to pray to {DEITY_NAME}.,她因為無法向{DEITY_NAME}祈禱而嚴重分心。,[REVIEWED:1][PROSE:sentence]
She is badly distracted after communing with {DEITY_NAME}.,她因為與{DEITY_NAME}靈性交流而嚴重分心。,[REVIEWED:1][PROSE:sentence]
"Overall, she is very focused with satisfied needs.",總體而言，她需求已滿足，精神非常集中。,[REVIEWED:1][PROSE:sentence]
"Overall, she is quite focused with satisfied needs.",總體而言，她需求已滿足，精神相當集中。,[REVIEWED:1][PROSE:sentence]
"Overall, she is somewhat focused with satisfied needs.",總體而言，她需求已滿足，精神有些集中。,[REVIEWED:1][PROSE:sentence]
"Overall, she is badly distracted by unmet needs.",總體而言，她因需求未滿足而嚴重分心。,[REVIEWED:1][PROSE:sentence]
"Overall, she is distracted by unmet needs.",總體而言，她因需求未滿足而難以專注。,[REVIEWED:1][PROSE:sentence]
"Overall, she is unfocused by unmet needs.",總體而言，她因需求未滿足而有些心不在焉。,[REVIEWED:1][PROSE:sentence]
"Overall, she is untroubled by unmet needs.",總體而言，她沒有受到未滿足需求的困擾。,[REVIEWED:1][PROSE:sentence]
It is unfettered after being away from people.,牠沒有因為遠離人群而感到受束縛。,[REVIEWED:1][PROSE:sentence]
It is unfettered after spending time with people.,牠沒有因為與人共度時光而感到受束縛。,[REVIEWED:1][PROSE:sentence]
It is unfettered after being unoccupied.,牠沒有因為無所事事而感到受束縛。,[REVIEWED:1][PROSE:sentence]
It is unfettered after staying occupied.,牠沒有因為保持忙碌而感到受束縛。,[REVIEWED:1][PROSE:sentence]
It is unfettered after doing nothing creative.,牠沒有因為沒有進行創作而感到受束縛。,[REVIEWED:1][PROSE:sentence]
It is unfettered after doing something creative.,牠沒有因為進行創作而感到受束縛。,[REVIEWED:1][PROSE:sentence]
It is unfettered after leading an unexciting life.,牠沒有因為生活平淡無奇而感到受束縛。,[REVIEWED:1][PROSE:sentence]
It is unfettered after doing something exciting.,牠沒有因為做了令人興奮的事情而感到受束縛。,[REVIEWED:1][PROSE:sentence]
It is unfettered after being unable to acquire something.,牠沒有因為無法獲得某些東西而感到受束縛。,[REVIEWED:1][PROSE:sentence]
It is unfettered after a satisfying acquisition.,牠沒有因為獲得滿意的物品而感到受束縛。,[REVIEWED:1][PROSE:sentence]
It is unfettered after being kept from alcohol.,牠沒有因為沒有酒喝而感到受束縛。,[REVIEWED:1][PROSE:sentence]
It is unfettered after drinking.,牠沒有因為喝酒而感到受束縛。,[REVIEWED:1][PROSE:sentence]
It is unfettered after a lack of decent meals.,牠沒有因為缺少像樣的飯菜而感到受束縛。,[REVIEWED:1][PROSE:sentence]
It is unfettered after a good meal.,牠沒有因為享用美食而感到受束縛。,[REVIEWED:1][PROSE:sentence]
It is unfettered after being unable to fight.,牠沒有因為無法戰鬥而感到受束縛。,[REVIEWED:1][PROSE:sentence]
It is unfettered after fighting.,牠沒有因為戰鬥而感到受束縛。,[REVIEWED:1][PROSE:sentence]
It is unfettered after a lack of trouble-making.,牠沒有因為沒能製造麻煩而感到受束縛。,[REVIEWED:1][PROSE:sentence]
It is unfettered after causing trouble.,牠沒有因為製造麻煩而感到受束縛。,[REVIEWED:1][PROSE:sentence]
It is unfettered after being unable to argue.,牠沒有因為無法與人爭論而感到受束縛。,[REVIEWED:1][PROSE:sentence]
It is unfettered after arguing.,牠沒有因為與人爭論而感到受束縛。,[REVIEWED:1][PROSE:sentence]
It is unfettered after being unable to be extravagant.,牠沒有因為無法奢侈揮霍而感到受束縛。,[REVIEWED:1][PROSE:sentence]
It is unfettered after being extravagant.,牠沒有因為奢侈揮霍而感到受束縛。,[REVIEWED:1][PROSE:sentence]
It is unfettered after not learning anything.,牠沒有因為沒有學到任何東西而感到受束縛。,[REVIEWED:1][PROSE:sentence]
It is unfettered after learning something.,牠沒有因為學到新知而感到受束縛。,[REVIEWED:1][PROSE:sentence]
It is unfettered after being unable to help anybody.,牠沒有因為無法幫助任何人而感到受束縛。,[REVIEWED:1][PROSE:sentence]
It is unfettered after helping somebody.,牠沒有因為幫助他人而感到受束縛。,[REVIEWED:1][PROSE:sentence]
It is unfettered after a lack of abstract thinking.,牠沒有因為缺少抽象思考而感到受束縛。,[REVIEWED:1][PROSE:sentence]
It is unfettered after thinking abstractly.,牠沒有因為進行抽象思考而感到受束縛。,[REVIEWED:1][PROSE:sentence]
It is unfettered after being unable to make merry.,牠沒有因為無法盡情娛樂而感到受束縛。,[REVIEWED:1][PROSE:sentence]
It is unfettered after making merry.,牠沒有因為盡情娛樂而感到受束縛。,[REVIEWED:1][PROSE:sentence]
It is unfettered after being unable to admire art.,牠沒有因為無法欣賞藝術而感到受束縛。,[REVIEWED:1][PROSE:sentence]
It is unfettered after admiring art.,牠沒有因為欣賞藝術而感到受束縛。,[REVIEWED:1][PROSE:sentence]
It is unfettered after being unable to practice a craft.,牠沒有因為無法練習工藝而感到受束縛。,[REVIEWED:1][PROSE:sentence]
It is unfettered after practicing a craft.,牠沒有因為練習工藝而感到受束縛。,[REVIEWED:1][PROSE:sentence]
It is unfettered after being away from family.,牠沒有因為遠離家人而感到受束縛。,[REVIEWED:1][PROSE:sentence]
It is unfettered after being with family.,牠沒有因為與家人共度時光而感到受束縛。,[REVIEWED:1][PROSE:sentence]
It is unfettered after being away from friends.,牠沒有因為遠離朋友而感到受束縛。,[REVIEWED:1][PROSE:sentence]
It is unfettered after being with friends.,牠沒有因為與朋友共度時光而感到受束縛。,[REVIEWED:1][PROSE:sentence]
It is unfettered after a lack of introspection.,牠沒有因為缺少自省而感到受束縛。,[REVIEWED:1][PROSE:sentence]
It is unfettered after introspection.,牠沒有因為自省而感到受束縛。,[REVIEWED:1][PROSE:sentence]
It is unfettered after being unable to practice a martial art.,牠沒有因為無法練習武術而感到受束縛。,[REVIEWED:1][PROSE:sentence]
It is unfettered after practicing a martial art.,牠沒有因為練習武術而感到受束縛。,[REVIEWED:1][PROSE:sentence]
It is unfettered after being unable to practice a skill.,牠沒有因為無法練習技能而感到受束縛。,[REVIEWED:1][PROSE:sentence]
It is unfettered after practicing a skill.,牠沒有因為練習技能而感到受束縛。,[REVIEWED:1][PROSE:sentence]
It is unfettered after being unable to take it easy.,牠沒有因為無法放鬆休息而感到受束縛。,[REVIEWED:1][PROSE:sentence]
It is unfettered after taking it easy.,牠沒有因為放鬆休息而感到受束縛。,[REVIEWED:1][PROSE:sentence]
It is unfettered after being unable to pray to {DEITY_NAME}.,牠沒有因為無法向{DEITY_NAME}祈禱而感到受束縛。,[REVIEWED:1][PROSE:sentence]
It is unfettered after communing with {DEITY_NAME}.,牠沒有因為與{DEITY_NAME}靈性交流而感到受束縛。,[REVIEWED:1][PROSE:sentence]
It is level-headed after being away from people.,牠沒有因為遠離人群而失去冷靜。,[REVIEWED:1][PROSE:sentence]
It is level-headed after spending time with people.,牠沒有因為與人共度時光而失去冷靜。,[REVIEWED:1][PROSE:sentence]
It is level-headed after being unoccupied.,牠沒有因為無所事事而失去冷靜。,[REVIEWED:1][PROSE:sentence]
It is level-headed after staying occupied.,牠沒有因為保持忙碌而失去冷靜。,[REVIEWED:1][PROSE:sentence]
It is level-headed after doing nothing creative.,牠沒有因為沒有進行創作而失去冷靜。,[REVIEWED:1][PROSE:sentence]
It is level-headed after doing something creative.,牠沒有因為進行創作而失去冷靜。,[REVIEWED:1][PROSE:sentence]
It is level-headed after leading an unexciting life.,牠沒有因為生活平淡無奇而失去冷靜。,[REVIEWED:1][PROSE:sentence]
It is level-headed after doing something exciting.,牠沒有因為做了令人興奮的事情而失去冷靜。,[REVIEWED:1][PROSE:sentence]
It is level-headed after being unable to acquire something.,牠沒有因為無法獲得某些東西而失去冷靜。,[REVIEWED:1][PROSE:sentence]
It is level-headed after a satisfying acquisition.,牠沒有因為獲得滿意的物品而失去冷靜。,[REVIEWED:1][PROSE:sentence]
It is level-headed after being kept from alcohol.,牠沒有因為沒有酒喝而失去冷靜。,[REVIEWED:1][PROSE:sentence]
It is level-headed after drinking.,牠沒有因為喝酒而失去冷靜。,[REVIEWED:1][PROSE:sentence]
It is level-headed after a lack of decent meals.,牠沒有因為缺少像樣的飯菜而失去冷靜。,[REVIEWED:1][PROSE:sentence]
It is level-headed after a good meal.,牠沒有因為享用美食而失去冷靜。,[REVIEWED:1][PROSE:sentence]
It is level-headed after being unable to fight.,牠沒有因為無法戰鬥而失去冷靜。,[REVIEWED:1][PROSE:sentence]
It is level-headed after fighting.,牠沒有因為戰鬥而失去冷靜。,[REVIEWED:1][PROSE:sentence]
It is level-headed after a lack of trouble-making.,牠沒有因為沒能製造麻煩而失去冷靜。,[REVIEWED:1][PROSE:sentence]
It is level-headed after causing trouble.,牠沒有因為製造麻煩而失去冷靜。,[REVIEWED:1][PROSE:sentence]
It is level-headed after being unable to argue.,牠沒有因為無法與人爭論而失去冷靜。,[REVIEWED:1][PROSE:sentence]
It is level-headed after arguing.,牠沒有因為與人爭論而失去冷靜。,[REVIEWED:1][PROSE:sentence]
It is level-headed after being unable to be extravagant.,牠沒有因為無法奢侈揮霍而失去冷靜。,[REVIEWED:1][PROSE:sentence]
It is level-headed after being extravagant.,牠沒有因為奢侈揮霍而失去冷靜。,[REVIEWED:1][PROSE:sentence]
It is level-headed after not learning anything.,牠沒有因為沒有學到任何東西而失去冷靜。,[REVIEWED:1][PROSE:sentence]
It is level-headed after learning something.,牠沒有因為學到新知而失去冷靜。,[REVIEWED:1][PROSE:sentence]
It is level-headed after being unable to help anybody.,牠沒有因為無法幫助任何人而失去冷靜。,[REVIEWED:1][PROSE:sentence]
It is level-headed after helping somebody.,牠沒有因為幫助他人而失去冷靜。,[REVIEWED:1][PROSE:sentence]
It is level-headed after a lack of abstract thinking.,牠沒有因為缺少抽象思考而失去冷靜。,[REVIEWED:1][PROSE:sentence]
It is level-headed after thinking abstractly.,牠沒有因為進行抽象思考而失去冷靜。,[REVIEWED:1][PROSE:sentence]
It is level-headed after being unable to make merry.,牠沒有因為無法盡情娛樂而失去冷靜。,[REVIEWED:1][PROSE:sentence]
It is level-headed after making merry.,牠沒有因為盡情娛樂而失去冷靜。,[REVIEWED:1][PROSE:sentence]
It is level-headed after being unable to admire art.,牠沒有因為無法欣賞藝術而失去冷靜。,[REVIEWED:1][PROSE:sentence]
It is level-headed after admiring art.,牠沒有因為欣賞藝術而失去冷靜。,[REVIEWED:1][PROSE:sentence]
It is level-headed after being unable to practice a craft.,牠沒有因為無法練習工藝而失去冷靜。,[REVIEWED:1][PROSE:sentence]
It is level-headed after practicing a craft.,牠沒有因為練習工藝而失去冷靜。,[REVIEWED:1][PROSE:sentence]
It is level-headed after being away from family.,牠沒有因為遠離家人而失去冷靜。,[REVIEWED:1][PROSE:sentence]
It is level-headed after being with family.,牠沒有因為與家人共度時光而失去冷靜。,[REVIEWED:1][PROSE:sentence]
It is level-headed after being away from friends.,牠沒有因為遠離朋友而失去冷靜。,[REVIEWED:1][PROSE:sentence]
It is level-headed after being with friends.,牠沒有因為與朋友共度時光而失去冷靜。,[REVIEWED:1][PROSE:sentence]
It is level-headed after a lack of introspection.,牠沒有因為缺少自省而失去冷靜。,[REVIEWED:1][PROSE:sentence]
It is level-headed after introspection.,牠沒有因為自省而失去冷靜。,[REVIEWED:1][PROSE:sentence]
It is level-headed after being unable to practice a martial art.,牠沒有因為無法練習武術而失去冷靜。,[REVIEWED:1][PROSE:sentence]
It is level-headed after practicing a martial art.,牠沒有因為練習武術而失去冷靜。,[REVIEWED:1][PROSE:sentence]
It is level-headed after being unable to practice a skill.,牠沒有因為無法練習技能而失去冷靜。,[REVIEWED:1][PROSE:sentence]
It is level-headed after practicing a skill.,牠沒有因為練習技能而失去冷靜。,[REVIEWED:1][PROSE:sentence]
It is level-headed after being unable to take it easy.,牠沒有因為無法放鬆休息而失去冷靜。,[REVIEWED:1][PROSE:sentence]
It is level-headed after taking it easy.,牠沒有因為放鬆休息而失去冷靜。,[REVIEWED:1][PROSE:sentence]
It is level-headed after being unable to pray to {DEITY_NAME}.,牠沒有因為無法向{DEITY_NAME}祈禱而失去冷靜。,[REVIEWED:1][PROSE:sentence]
It is level-headed after communing with {DEITY_NAME}.,牠沒有因為與{DEITY_NAME}靈性交流而失去冷靜。,[REVIEWED:1][PROSE:sentence]
It is untroubled after being away from people.,牠沒有因為遠離人群而感到困擾。,[REVIEWED:1][PROSE:sentence]
It is untroubled after spending time with people.,牠沒有因為與人共度時光而感到困擾。,[REVIEWED:1][PROSE:sentence]
It is untroubled after being unoccupied.,牠沒有因為無所事事而感到困擾。,[REVIEWED:1][PROSE:sentence]
It is untroubled after staying occupied.,牠沒有因為保持忙碌而感到困擾。,[REVIEWED:1][PROSE:sentence]
It is untroubled after doing nothing creative.,牠沒有因為沒有進行創作而感到困擾。,[REVIEWED:1][PROSE:sentence]
It is untroubled after doing something creative.,牠沒有因為進行創作而感到困擾。,[REVIEWED:1][PROSE:sentence]
It is untroubled after leading an unexciting life.,牠沒有因為生活平淡無奇而感到困擾。,[REVIEWED:1][PROSE:sentence]
It is untroubled after doing something exciting.,牠沒有因為做了令人興奮的事情而感到困擾。,[REVIEWED:1][PROSE:sentence]
It is untroubled after being unable to acquire something.,牠沒有因為無法獲得某些東西而感到困擾。,[REVIEWED:1][PROSE:sentence]
It is untroubled after a satisfying acquisition.,牠沒有因為獲得滿意的物品而感到困擾。,[REVIEWED:1][PROSE:sentence]
It is untroubled after being kept from alcohol.,牠沒有因為沒有酒喝而感到困擾。,[REVIEWED:1][PROSE:sentence]
It is untroubled after drinking.,牠沒有因為喝酒而感到困擾。,[REVIEWED:1][PROSE:sentence]
It is untroubled after a lack of decent meals.,牠沒有因為缺少像樣的飯菜而感到困擾。,[REVIEWED:1][PROSE:sentence]
It is untroubled after a good meal.,牠沒有因為享用美食而感到困擾。,[REVIEWED:1][PROSE:sentence]
It is untroubled after being unable to fight.,牠沒有因為無法戰鬥而感到困擾。,[REVIEWED:1][PROSE:sentence]
It is untroubled after fighting.,牠沒有因為戰鬥而感到困擾。,[REVIEWED:1][PROSE:sentence]
It is untroubled after a lack of trouble-making.,牠沒有因為沒能製造麻煩而感到困擾。,[REVIEWED:1][PROSE:sentence]
It is untroubled after causing trouble.,牠沒有因為製造麻煩而感到困擾。,[REVIEWED:1][PROSE:sentence]
It is untroubled after being unable to argue.,牠沒有因為無法與人爭論而感到困擾。,[REVIEWED:1][PROSE:sentence]
It is untroubled after arguing.,牠沒有因為與人爭論而感到困擾。,[REVIEWED:1][PROSE:sentence]
It is untroubled after being unable to be extravagant.,牠沒有因為無法奢侈揮霍而感到困擾。,[REVIEWED:1][PROSE:sentence]
It is untroubled after being extravagant.,牠沒有因為奢侈揮霍而感到困擾。,[REVIEWED:1][PROSE:sentence]
It is untroubled after not learning anything.,牠沒有因為沒有學到任何東西而感到困擾。,[REVIEWED:1][PROSE:sentence]
It is untroubled after learning something.,牠沒有因為學到新知而感到困擾。,[REVIEWED:1][PROSE:sentence]
It is untroubled after being unable to help anybody.,牠沒有因為無法幫助任何人而感到困擾。,[REVIEWED:1][PROSE:sentence]
It is untroubled after helping somebody.,牠沒有因為幫助他人而感到困擾。,[REVIEWED:1][PROSE:sentence]
It is untroubled after a lack of abstract thinking.,牠沒有因為缺少抽象思考而感到困擾。,[REVIEWED:1][PROSE:sentence]
It is untroubled after thinking abstractly.,牠沒有因為進行抽象思考而感到困擾。,[REVIEWED:1][PROSE:sentence]
It is untroubled after being unable to make merry.,牠沒有因為無法盡情娛樂而感到困擾。,[REVIEWED:1][PROSE:sentence]
It is untroubled after making merry.,牠沒有因為盡情娛樂而感到困擾。,[REVIEWED:1][PROSE:sentence]
It is untroubled after being unable to admire art.,牠沒有因為無法欣賞藝術而感到困擾。,[REVIEWED:1][PROSE:sentence]
It is untroubled after admiring art.,牠沒有因為欣賞藝術而感到困擾。,[REVIEWED:1][PROSE:sentence]
It is untroubled after being unable to practice a craft.,牠沒有因為無法練習工藝而感到困擾。,[REVIEWED:1][PROSE:sentence]
It is untroubled after practicing a craft.,牠沒有因為練習工藝而感到困擾。,[REVIEWED:1][PROSE:sentence]
It is untroubled after being away from family.,牠沒有因為遠離家人而感到困擾。,[REVIEWED:1][PROSE:sentence]
It is untroubled after being with family.,牠沒有因為與家人共度時光而感到困擾。,[REVIEWED:1][PROSE:sentence]
It is untroubled after being away from friends.,牠沒有因為遠離朋友而感到困擾。,[REVIEWED:1][PROSE:sentence]
It is untroubled after being with friends.,牠沒有因為與朋友共度時光而感到困擾。,[REVIEWED:1][PROSE:sentence]
It is untroubled after a lack of introspection.,牠沒有因為缺少自省而感到困擾。,[REVIEWED:1][PROSE:sentence]
It is untroubled after introspection.,牠沒有因為自省而感到困擾。,[REVIEWED:1][PROSE:sentence]
It is untroubled after being unable to practice a martial art.,牠沒有因為無法練習武術而感到困擾。,[REVIEWED:1][PROSE:sentence]
It is untroubled after practicing a martial art.,牠沒有因為練習武術而感到困擾。,[REVIEWED:1][PROSE:sentence]
It is untroubled after being unable to practice a skill.,牠沒有因為無法練習技能而感到困擾。,[REVIEWED:1][PROSE:sentence]
It is untroubled after practicing a skill.,牠沒有因為練習技能而感到困擾。,[REVIEWED:1][PROSE:sentence]
It is untroubled after being unable to take it easy.,牠沒有因為無法放鬆休息而感到困擾。,[REVIEWED:1][PROSE:sentence]
It is untroubled after taking it easy.,牠沒有因為放鬆休息而感到困擾。,[REVIEWED:1][PROSE:sentence]
It is untroubled after being unable to pray to {DEITY_NAME}.,牠沒有因為無法向{DEITY_NAME}祈禱而感到困擾。,[REVIEWED:1][PROSE:sentence]
It is untroubled after communing with {DEITY_NAME}.,牠沒有因為與{DEITY_NAME}靈性交流而感到困擾。,[REVIEWED:1][PROSE:sentence]
It is not distracted after being away from people.,牠沒有因為遠離人群而分心。,[REVIEWED:1][PROSE:sentence]
It is not distracted after spending time with people.,牠沒有因為與人共度時光而分心。,[REVIEWED:1][PROSE:sentence]
It is not distracted after being unoccupied.,牠沒有因為無所事事而分心。,[REVIEWED:1][PROSE:sentence]
It is not distracted after staying occupied.,牠沒有因為保持忙碌而分心。,[REVIEWED:1][PROSE:sentence]
It is not distracted after doing nothing creative.,牠沒有因為沒有進行創作而分心。,[REVIEWED:1][PROSE:sentence]
It is not distracted after doing something creative.,牠沒有因為進行創作而分心。,[REVIEWED:1][PROSE:sentence]
It is not distracted after leading an unexciting life.,牠沒有因為生活平淡無奇而分心。,[REVIEWED:1][PROSE:sentence]
It is not distracted after doing something exciting.,牠沒有因為做了令人興奮的事情而分心。,[REVIEWED:1][PROSE:sentence]
It is not distracted after being unable to acquire something.,牠沒有因為無法獲得某些東西而分心。,[REVIEWED:1][PROSE:sentence]
It is not distracted after a satisfying acquisition.,牠沒有因為獲得滿意的物品而分心。,[REVIEWED:1][PROSE:sentence]
It is not distracted after being kept from alcohol.,牠沒有因為沒有酒喝而分心。,[REVIEWED:1][PROSE:sentence]
It is not distracted after drinking.,牠沒有因為喝酒而分心。,[REVIEWED:1][PROSE:sentence]
It is not distracted after a lack of decent meals.,牠沒有因為缺少像樣的飯菜而分心。,[REVIEWED:1][PROSE:sentence]
It is not distracted after a good meal.,牠沒有因為享用美食而分心。,[REVIEWED:1][PROSE:sentence]
It is not distracted after being unable to fight.,牠沒有因為無法戰鬥而分心。,[REVIEWED:1][PROSE:sentence]
It is not distracted after fighting.,牠沒有因為戰鬥而分心。,[REVIEWED:1][PROSE:sentence]
It is not distracted after a lack of trouble-making.,牠沒有因為沒能製造麻煩而分心。,[REVIEWED:1][PROSE:sentence]
It is not distracted after causing trouble.,牠沒有因為製造麻煩而分心。,[REVIEWED:1][PROSE:sentence]
It is not distracted after being unable to argue.,牠沒有因為無法與人爭論而分心。,[REVIEWED:1][PROSE:sentence]
It is not distracted after arguing.,牠沒有因為與人爭論而分心。,[REVIEWED:1][PROSE:sentence]
It is not distracted after being unable to be extravagant.,牠沒有因為無法奢侈揮霍而分心。,[REVIEWED:1][PROSE:sentence]
It is not distracted after being extravagant.,牠沒有因為奢侈揮霍而分心。,[REVIEWED:1][PROSE:sentence]
It is not distracted after not learning anything.,牠沒有因為沒有學到任何東西而分心。,[REVIEWED:1][PROSE:sentence]
It is not distracted after learning something.,牠沒有因為學到新知而分心。,[REVIEWED:1][PROSE:sentence]
It is not distracted after being unable to help anybody.,牠沒有因為無法幫助任何人而分心。,[REVIEWED:1][PROSE:sentence]
It is not distracted after helping somebody.,牠沒有因為幫助他人而分心。,[REVIEWED:1][PROSE:sentence]
It is not distracted after a lack of abstract thinking.,牠沒有因為缺少抽象思考而分心。,[REVIEWED:1][PROSE:sentence]
It is not distracted after thinking abstractly.,牠沒有因為進行抽象思考而分心。,[REVIEWED:1][PROSE:sentence]
It is not distracted after being unable to make merry.,牠沒有因為無法盡情娛樂而分心。,[REVIEWED:1][PROSE:sentence]
It is not distracted after making merry.,牠沒有因為盡情娛樂而分心。,[REVIEWED:1][PROSE:sentence]
It is not distracted after being unable to admire art.,牠沒有因為無法欣賞藝術而分心。,[REVIEWED:1][PROSE:sentence]
It is not distracted after admiring art.,牠沒有因為欣賞藝術而分心。,[REVIEWED:1][PROSE:sentence]
It is not distracted after being unable to practice a craft.,牠沒有因為無法練習工藝而分心。,[REVIEWED:1][PROSE:sentence]
It is not distracted after practicing a craft.,牠沒有因為練習工藝而分心。,[REVIEWED:1][PROSE:sentence]
It is not distracted after being away from family.,牠沒有因為遠離家人而分心。,[REVIEWED:1][PROSE:sentence]
It is not distracted after being with family.,牠沒有因為與家人共度時光而分心。,[REVIEWED:1][PROSE:sentence]
It is not distracted after being away from friends.,牠沒有因為遠離朋友而分心。,[REVIEWED:1][PROSE:sentence]
It is not distracted after being with friends.,牠沒有因為與朋友共度時光而分心。,[REVIEWED:1][PROSE:sentence]
It is not distracted after a lack of introspection.,牠沒有因為缺少自省而分心。,[REVIEWED:1][PROSE:sentence]
It is not distracted after introspection.,牠沒有因為自省而分心。,[REVIEWED:1][PROSE:sentence]
It is not distracted after being unable to practice a martial art.,牠沒有因為無法練習武術而分心。,[REVIEWED:1][PROSE:sentence]
It is not distracted after practicing a martial art.,牠沒有因為練習武術而分心。,[REVIEWED:1][PROSE:sentence]
It is not distracted after being unable to practice a skill.,牠沒有因為無法練習技能而分心。,[REVIEWED:1][PROSE:sentence]
It is not distracted after practicing a skill.,牠沒有因為練習技能而分心。,[REVIEWED:1][PROSE:sentence]
It is not distracted after being unable to take it easy.,牠沒有因為無法放鬆休息而分心。,[REVIEWED:1][PROSE:sentence]
It is not distracted after taking it easy.,牠沒有因為放鬆休息而分心。,[REVIEWED:1][PROSE:sentence]
It is not distracted after being unable to pray to {DEITY_NAME}.,牠沒有因為無法向{DEITY_NAME}祈禱而分心。,[REVIEWED:1][PROSE:sentence]
It is not distracted after communing with {DEITY_NAME}.,牠沒有因為與{DEITY_NAME}靈性交流而分心。,[REVIEWED:1][PROSE:sentence]
It is unfocused after being away from people.,牠因為遠離人群而有些心不在焉。,[REVIEWED:1][PROSE:sentence]
It is unfocused after spending time with people.,牠因為與人共度時光而有些心不在焉。,[REVIEWED:1][PROSE:sentence]
It is unfocused after being unoccupied.,牠因為無所事事而有些心不在焉。,[REVIEWED:1][PROSE:sentence]
It is unfocused after staying occupied.,牠因為保持忙碌而有些心不在焉。,[REVIEWED:1][PROSE:sentence]
It is unfocused after doing nothing creative.,牠因為沒有進行創作而有些心不在焉。,[REVIEWED:1][PROSE:sentence]
It is unfocused after doing something creative.,牠因為進行創作而有些心不在焉。,[REVIEWED:1][PROSE:sentence]
It is unfocused after leading an unexciting life.,牠因為生活平淡無奇而有些心不在焉。,[REVIEWED:1][PROSE:sentence]
It is unfocused after doing something exciting.,牠因為做了令人興奮的事情而有些心不在焉。,[REVIEWED:1][PROSE:sentence]
It is unfocused after being unable to acquire something.,牠因為無法獲得某些東西而有些心不在焉。,[REVIEWED:1][PROSE:sentence]
It is unfocused after a satisfying acquisition.,牠因為獲得滿意的物品而有些心不在焉。,[REVIEWED:1][PROSE:sentence]
It is unfocused after being kept from alcohol.,牠因為沒有酒喝而有些心不在焉。,[REVIEWED:1][PROSE:sentence]
It is unfocused after drinking.,牠因為喝酒而有些心不在焉。,[REVIEWED:1][PROSE:sentence]
It is unfocused after a lack of decent meals.,牠因為缺少像樣的飯菜而有些心不在焉。,[REVIEWED:1][PROSE:sentence]
It is unfocused after a good meal.,牠因為享用美食而有些心不在焉。,[REVIEWED:1][PROSE:sentence]
It is unfocused after being unable to fight.,牠因為無法戰鬥而有些心不在焉。,[REVIEWED:1][PROSE:sentence]
It is unfocused after fighting.,牠因為戰鬥而有些心不在焉。,[REVIEWED:1][PROSE:sentence]
It is unfocused after a lack of trouble-making.,牠因為沒能製造麻煩而有些心不在焉。,[REVIEWED:1][PROSE:sentence]
It is unfocused after causing trouble.,牠因為製造麻煩而有些心不在焉。,[REVIEWED:1][PROSE:sentence]
It is unfocused after being unable to argue.,牠因為無法與人爭論而有些心不在焉。,[REVIEWED:1][PROSE:sentence]
It is unfocused after arguing.,牠因為與人爭論而有些心不在焉。,[REVIEWED:1][PROSE:sentence]
It is unfocused after being unable to be extravagant.,牠因為無法奢侈揮霍而有些心不在焉。,[REVIEWED:1][PROSE:sentence]
It is unfocused after being extravagant.,牠因為奢侈揮霍而有些心不在焉。,[REVIEWED:1][PROSE:sentence]
It is unfocused after not learning anything.,牠因為沒有學到任何東西而有些心不在焉。,[REVIEWED:1][PROSE:sentence]
It is unfocused after learning something.,牠因為學到新知而有些心不在焉。,[REVIEWED:1][PROSE:sentence]
It is unfocused after being unable to help anybody.,牠因為無法幫助任何人而有些心不在焉。,[REVIEWED:1][PROSE:sentence]
It is unfocused after helping somebody.,牠因為幫助他人而有些心不在焉。,[REVIEWED:1][PROSE:sentence]
It is unfocused after a lack of abstract thinking.,牠因為缺少抽象思考而有些心不在焉。,[REVIEWED:1][PROSE:sentence]
It is unfocused after thinking abstractly.,牠因為進行抽象思考而有些心不在焉。,[REVIEWED:1][PROSE:sentence]
It is unfocused after being unable to make merry.,牠因為無法盡情娛樂而有些心不在焉。,[REVIEWED:1][PROSE:sentence]
It is unfocused after making merry.,牠因為盡情娛樂而有些心不在焉。,[REVIEWED:1][PROSE:sentence]
It is unfocused after being unable to admire art.,牠因為無法欣賞藝術而有些心不在焉。,[REVIEWED:1][PROSE:sentence]
It is unfocused after admiring art.,牠因為欣賞藝術而有些心不在焉。,[REVIEWED:1][PROSE:sentence]
It is unfocused after being unable to practice a craft.,牠因為無法練習工藝而有些心不在焉。,[REVIEWED:1][PROSE:sentence]
It is unfocused after practicing a craft.,牠因為練習工藝而有些心不在焉。,[REVIEWED:1][PROSE:sentence]
It is unfocused after being away from family.,牠因為遠離家人而有些心不在焉。,[REVIEWED:1][PROSE:sentence]
It is unfocused after being with family.,牠因為與家人共度時光而有些心不在焉。,[REVIEWED:1][PROSE:sentence]
It is unfocused after being away from friends.,牠因為遠離朋友而有些心不在焉。,[REVIEWED:1][PROSE:sentence]
It is unfocused after being with friends.,牠因為與朋友共度時光而有些心不在焉。,[REVIEWED:1][PROSE:sentence]
It is unfocused after a lack of introspection.,牠因為缺少自省而有些心不在焉。,[REVIEWED:1][PROSE:sentence]
It is unfocused after introspection.,牠因為自省而有些心不在焉。,[REVIEWED:1][PROSE:sentence]
It is unfocused after being unable to practice a martial art.,牠因為無法練習武術而有些心不在焉。,[REVIEWED:1][PROSE:sentence]
It is unfocused after practicing a martial art.,牠因為練習武術而有些心不在焉。,[REVIEWED:1][PROSE:sentence]
It is unfocused after being unable to practice a skill.,牠因為無法練習技能而有些心不在焉。,[REVIEWED:1][PROSE:sentence]
It is unfocused after practicing a skill.,牠因為練習技能而有些心不在焉。,[REVIEWED:1][PROSE:sentence]
It is unfocused after being unable to take it easy.,牠因為無法放鬆休息而有些心不在焉。,[REVIEWED:1][PROSE:sentence]
It is unfocused after taking it easy.,牠因為放鬆休息而有些心不在焉。,[REVIEWED:1][PROSE:sentence]
It is unfocused after being unable to pray to {DEITY_NAME}.,牠因為無法向{DEITY_NAME}祈禱而有些心不在焉。,[REVIEWED:1][PROSE:sentence]
It is unfocused after communing with {DEITY_NAME}.,牠因為與{DEITY_NAME}靈性交流而有些心不在焉。,[REVIEWED:1][PROSE:sentence]
It is distracted after being away from people.,牠因為遠離人群而難以專注。,[REVIEWED:1][PROSE:sentence]
It is distracted after spending time with people.,牠因為與人共度時光而難以專注。,[REVIEWED:1][PROSE:sentence]
It is distracted after being unoccupied.,牠因為無所事事而難以專注。,[REVIEWED:1][PROSE:sentence]
It is distracted after staying occupied.,牠因為保持忙碌而難以專注。,[REVIEWED:1][PROSE:sentence]
It is distracted after doing nothing creative.,牠因為沒有進行創作而難以專注。,[REVIEWED:1][PROSE:sentence]
It is distracted after doing something creative.,牠因為進行創作而難以專注。,[REVIEWED:1][PROSE:sentence]
It is distracted after leading an unexciting life.,牠因為生活平淡無奇而難以專注。,[REVIEWED:1][PROSE:sentence]
It is distracted after doing something exciting.,牠因為做了令人興奮的事情而難以專注。,[REVIEWED:1][PROSE:sentence]
It is distracted after being unable to acquire something.,牠因為無法獲得某些東西而難以專注。,[REVIEWED:1][PROSE:sentence]
It is distracted after a satisfying acquisition.,牠因為獲得滿意的物品而難以專注。,[REVIEWED:1][PROSE:sentence]
It is distracted after being kept from alcohol.,牠因為沒有酒喝而難以專注。,[REVIEWED:1][PROSE:sentence]
It is distracted after drinking.,牠因為喝酒而難以專注。,[REVIEWED:1][PROSE:sentence]
It is distracted after a lack of decent meals.,牠因為缺少像樣的飯菜而難以專注。,[REVIEWED:1][PROSE:sentence]
It is distracted after a good meal.,牠因為享用美食而難以專注。,[REVIEWED:1][PROSE:sentence]
It is distracted after being unable to fight.,牠因為無法戰鬥而難以專注。,[REVIEWED:1][PROSE:sentence]
It is distracted after fighting.,牠因為戰鬥而難以專注。,[REVIEWED:1][PROSE:sentence]
It is distracted after a lack of trouble-making.,牠因為沒能製造麻煩而難以專注。,[REVIEWED:1][PROSE:sentence]
It is distracted after causing trouble.,牠因為製造麻煩而難以專注。,[REVIEWED:1][PROSE:sentence]
It is distracted after being unable to argue.,牠因為無法與人爭論而難以專注。,[REVIEWED:1][PROSE:sentence]
It is distracted after arguing.,牠因為與人爭論而難以專注。,[REVIEWED:1][PROSE:sentence]
It is distracted after being unable to be extravagant.,牠因為無法奢侈揮霍而難以專注。,[REVIEWED:1][PROSE:sentence]
It is distracted after being extravagant.,牠因為奢侈揮霍而難以專注。,[REVIEWED:1][PROSE:sentence]
It is distracted after not learning anything.,牠因為沒有學到任何東西而難以專注。,[REVIEWED:1][PROSE:sentence]
It is distracted after learning something.,牠因為學到新知而難以專注。,[REVIEWED:1][PROSE:sentence]
It is distracted after being unable to help anybody.,牠因為無法幫助任何人而難以專注。,[REVIEWED:1][PROSE:sentence]
It is distracted after helping somebody.,牠因為幫助他人而難以專注。,[REVIEWED:1][PROSE:sentence]
It is distracted after a lack of abstract thinking.,牠因為缺少抽象思考而難以專注。,[REVIEWED:1][PROSE:sentence]
It is distracted after thinking abstractly.,牠因為進行抽象思考而難以專注。,[REVIEWED:1][PROSE:sentence]
It is distracted after being unable to make merry.,牠因為無法盡情娛樂而難以專注。,[REVIEWED:1][PROSE:sentence]
It is distracted after making merry.,牠因為盡情娛樂而難以專注。,[REVIEWED:1][PROSE:sentence]
It is distracted after being unable to admire art.,牠因為無法欣賞藝術而難以專注。,[REVIEWED:1][PROSE:sentence]
It is distracted after admiring art.,牠因為欣賞藝術而難以專注。,[REVIEWED:1][PROSE:sentence]
It is distracted after being unable to practice a craft.,牠因為無法練習工藝而難以專注。,[REVIEWED:1][PROSE:sentence]
It is distracted after practicing a craft.,牠因為練習工藝而難以專注。,[REVIEWED:1][PROSE:sentence]
It is distracted after being away from family.,牠因為遠離家人而難以專注。,[REVIEWED:1][PROSE:sentence]
It is distracted after being with family.,牠因為與家人共度時光而難以專注。,[REVIEWED:1][PROSE:sentence]
It is distracted after being away from friends.,牠因為遠離朋友而難以專注。,[REVIEWED:1][PROSE:sentence]
It is distracted after being with friends.,牠因為與朋友共度時光而難以專注。,[REVIEWED:1][PROSE:sentence]
It is distracted after a lack of introspection.,牠因為缺少自省而難以專注。,[REVIEWED:1][PROSE:sentence]
It is distracted after introspection.,牠因為自省而難以專注。,[REVIEWED:1][PROSE:sentence]
It is distracted after being unable to practice a martial art.,牠因為無法練習武術而難以專注。,[REVIEWED:1][PROSE:sentence]
It is distracted after practicing a martial art.,牠因為練習武術而難以專注。,[REVIEWED:1][PROSE:sentence]
It is distracted after being unable to practice a skill.,牠因為無法練習技能而難以專注。,[REVIEWED:1][PROSE:sentence]
It is distracted after practicing a skill.,牠因為練習技能而難以專注。,[REVIEWED:1][PROSE:sentence]
It is distracted after being unable to take it easy.,牠因為無法放鬆休息而難以專注。,[REVIEWED:1][PROSE:sentence]
It is distracted after taking it easy.,牠因為放鬆休息而難以專注。,[REVIEWED:1][PROSE:sentence]
It is distracted after being unable to pray to {DEITY_NAME}.,牠因為無法向{DEITY_NAME}祈禱而難以專注。,[REVIEWED:1][PROSE:sentence]
It is distracted after communing with {DEITY_NAME}.,牠因為與{DEITY_NAME}靈性交流而難以專注。,[REVIEWED:1][PROSE:sentence]
It is badly distracted after being away from people.,牠因為遠離人群而嚴重分心。,[REVIEWED:1][PROSE:sentence]
It is badly distracted after spending time with people.,牠因為與人共度時光而嚴重分心。,[REVIEWED:1][PROSE:sentence]
It is badly distracted after being unoccupied.,牠因為無所事事而嚴重分心。,[REVIEWED:1][PROSE:sentence]
It is badly distracted after staying occupied.,牠因為保持忙碌而嚴重分心。,[REVIEWED:1][PROSE:sentence]
It is badly distracted after doing nothing creative.,牠因為沒有進行創作而嚴重分心。,[REVIEWED:1][PROSE:sentence]
It is badly distracted after doing something creative.,牠因為進行創作而嚴重分心。,[REVIEWED:1][PROSE:sentence]
It is badly distracted after leading an unexciting life.,牠因為生活平淡無奇而嚴重分心。,[REVIEWED:1][PROSE:sentence]
It is badly distracted after doing something exciting.,牠因為做了令人興奮的事情而嚴重分心。,[REVIEWED:1][PROSE:sentence]
It is badly distracted after being unable to acquire something.,牠因為無法獲得某些東西而嚴重分心。,[REVIEWED:1][PROSE:sentence]
It is badly distracted after a satisfying acquisition.,牠因為獲得滿意的物品而嚴重分心。,[REVIEWED:1][PROSE:sentence]
It is badly distracted after being kept from alcohol.,牠因為沒有酒喝而嚴重分心。,[REVIEWED:1][PROSE:sentence]
It is badly distracted after drinking.,牠因為喝酒而嚴重分心。,[REVIEWED:1][PROSE:sentence]
It is badly distracted after a lack of decent meals.,牠因為缺少像樣的飯菜而嚴重分心。,[REVIEWED:1][PROSE:sentence]
It is badly distracted after a good meal.,牠因為享用美食而嚴重分心。,[REVIEWED:1][PROSE:sentence]
It is badly distracted after being unable to fight.,牠因為無法戰鬥而嚴重分心。,[REVIEWED:1][PROSE:sentence]
It is badly distracted after fighting.,牠因為戰鬥而嚴重分心。,[REVIEWED:1][PROSE:sentence]
It is badly distracted after a lack of trouble-making.,牠因為沒能製造麻煩而嚴重分心。,[REVIEWED:1][PROSE:sentence]
It is badly distracted after causing trouble.,牠因為製造麻煩而嚴重分心。,[REVIEWED:1][PROSE:sentence]
It is badly distracted after being unable to argue.,牠因為無法與人爭論而嚴重分心。,[REVIEWED:1][PROSE:sentence]
It is badly distracted after arguing.,牠因為與人爭論而嚴重分心。,[REVIEWED:1][PROSE:sentence]
It is badly distracted after being unable to be extravagant.,牠因為無法奢侈揮霍而嚴重分心。,[REVIEWED:1][PROSE:sentence]
It is badly distracted after being extravagant.,牠因為奢侈揮霍而嚴重分心。,[REVIEWED:1][PROSE:sentence]
It is badly distracted after not learning anything.,牠因為沒有學到任何東西而嚴重分心。,[REVIEWED:1][PROSE:sentence]
It is badly distracted after learning something.,牠因為學到新知而嚴重分心。,[REVIEWED:1][PROSE:sentence]
It is badly distracted after being unable to help anybody.,牠因為無法幫助任何人而嚴重分心。,[REVIEWED:1][PROSE:sentence]
It is badly distracted after helping somebody.,牠因為幫助他人而嚴重分心。,[REVIEWED:1][PROSE:sentence]
It is badly distracted after a lack of abstract thinking.,牠因為缺少抽象思考而嚴重分心。,[REVIEWED:1][PROSE:sentence]
It is badly distracted after thinking abstractly.,牠因為進行抽象思考而嚴重分心。,[REVIEWED:1][PROSE:sentence]
It is badly distracted after being unable to make merry.,牠因為無法盡情娛樂而嚴重分心。,[REVIEWED:1][PROSE:sentence]
It is badly distracted after making merry.,牠因為盡情娛樂而嚴重分心。,[REVIEWED:1][PROSE:sentence]
It is badly distracted after being unable to admire art.,牠因為無法欣賞藝術而嚴重分心。,[REVIEWED:1][PROSE:sentence]
It is badly distracted after admiring art.,牠因為欣賞藝術而嚴重分心。,[REVIEWED:1][PROSE:sentence]
It is badly distracted after being unable to practice a craft.,牠因為無法練習工藝而嚴重分心。,[REVIEWED:1][PROSE:sentence]
It is badly distracted after practicing a craft.,牠因為練習工藝而嚴重分心。,[REVIEWED:1][PROSE:sentence]
It is badly distracted after being away from family.,牠因為遠離家人而嚴重分心。,[REVIEWED:1][PROSE:sentence]
It is badly distracted after being with family.,牠因為與家人共度時光而嚴重分心。,[REVIEWED:1][PROSE:sentence]
It is badly distracted after being away from friends.,牠因為遠離朋友而嚴重分心。,[REVIEWED:1][PROSE:sentence]
It is badly distracted after being with friends.,牠因為與朋友共度時光而嚴重分心。,[REVIEWED:1][PROSE:sentence]
It is badly distracted after a lack of introspection.,牠因為缺少自省而嚴重分心。,[REVIEWED:1][PROSE:sentence]
It is badly distracted after introspection.,牠因為自省而嚴重分心。,[REVIEWED:1][PROSE:sentence]
It is badly distracted after being unable to practice a martial art.,牠因為無法練習武術而嚴重分心。,[REVIEWED:1][PROSE:sentence]
It is badly distracted after practicing a martial art.,牠因為練習武術而嚴重分心。,[REVIEWED:1][PROSE:sentence]
It is badly distracted after being unable to practice a skill.,牠因為無法練習技能而嚴重分心。,[REVIEWED:1][PROSE:sentence]
It is badly distracted after practicing a skill.,牠因為練習技能而嚴重分心。,[REVIEWED:1][PROSE:sentence]
It is badly distracted after being unable to take it easy.,牠因為無法放鬆休息而嚴重分心。,[REVIEWED:1][PROSE:sentence]
It is badly distracted after taking it easy.,牠因為放鬆休息而嚴重分心。,[REVIEWED:1][PROSE:sentence]
It is badly distracted after being unable to pray to {DEITY_NAME}.,牠因為無法向{DEITY_NAME}祈禱而嚴重分心。,[REVIEWED:1][PROSE:sentence]
It is badly distracted after communing with {DEITY_NAME}.,牠因為與{DEITY_NAME}靈性交流而嚴重分心。,[REVIEWED:1][PROSE:sentence]
"Overall, it is very focused with satisfied needs.",總體而言，牠需求已滿足，精神非常集中。,[REVIEWED:1][PROSE:sentence]
"Overall, it is quite focused with satisfied needs.",總體而言，牠需求已滿足，精神相當集中。,[REVIEWED:1][PROSE:sentence]
"Overall, it is somewhat focused with satisfied needs.",總體而言，牠需求已滿足，精神有些集中。,[REVIEWED:1][PROSE:sentence]
"Overall, it is badly distracted by unmet needs.",總體而言，牠因需求未滿足而嚴重分心。,[REVIEWED:1][PROSE:sentence]
"Overall, it is distracted by unmet needs.",總體而言，牠因需求未滿足而難以專注。,[REVIEWED:1][PROSE:sentence]
"Overall, it is unfocused by unmet needs.",總體而言，牠因需求未滿足而有些心不在焉。,[REVIEWED:1][PROSE:sentence]
"Overall, it is untroubled by unmet needs.",總體而言，牠沒有受到未滿足需求的困擾。,[REVIEWED:1][PROSE:sentence]
DFL_EMOTION:adoration,崇拜,[REVIEWED:1][PROSE:emotion]
DFL_EMOTION:admiration,欽佩,[REVIEWED:1][PROSE:emotion]
DFL_EMOTION:affection,喜愛,[REVIEWED:1][PROSE:emotion]
DFL_EMOTION:aroused,興奮,[REVIEWED:1][PROSE:emotion]
DFL_EMOTION:caring,關切,[REVIEWED:1][PROSE:emotion]
DFL_EMOTION:empathy,共鳴,[REVIEWED:1][PROSE:emotion]
DFL_EMOTION:enraptured,陶醉,[REVIEWED:1][PROSE:emotion]
DFL_EMOTION:fondness,親近,[REVIEWED:1][PROSE:emotion]
DFL_EMOTION:gratitude,感激,[REVIEWED:1][PROSE:emotion]
DFL_EMOTION:lustful,慾火中燒,[REVIEWED:1][PROSE:emotion]
DFL_EMOTION:love,愛意,[REVIEWED:1][PROSE:emotion]
DFL_EMOTION:passionate,熱情,[REVIEWED:1][PROSE:emotion]
DFL_EMOTION:pleasure,愉悅,[REVIEWED:1][PROSE:emotion]
DFL_EMOTION:proud,自豪,[REVIEWED:1][PROSE:emotion]
DFL_EMOTION:repentant,懊悔,[REVIEWED:1][PROSE:emotion]
DFL_EMOTION:sympathy,同情,[REVIEWED:1][PROSE:emotion]
DFL_EMOTION:tenderness,溫柔,[REVIEWED:1][PROSE:emotion]
DFL_EMOTION:amused,好笑,[REVIEWED:1][PROSE:emotion]
DFL_EMOTION:blissful,無比幸福,[REVIEWED:1][PROSE:emotion]
DFL_EMOTION:content,滿足,[REVIEWED:1][PROSE:emotion]
DFL_EMOTION:delighted,欣喜,[REVIEWED:1][PROSE:emotion]
DFL_EMOTION:elated,興高采烈,[REVIEWED:1][PROSE:emotion]
DFL_EMOTION:enjoyment,愉快,[REVIEWED:1][PROSE:emotion]
DFL_EMOTION:euphoric,狂喜,[REVIEWED:1][PROSE:emotion]
DFL_EMOTION:expectant,期待,[REVIEWED:1][PROSE:emotion]
DFL_EMOTION:free,自由,[REVIEWED:1][PROSE:emotion]
DFL_EMOTION:gaiety,歡快,[REVIEWED:1][PROSE:emotion]
DFL_EMOTION:happy,開心,[REVIEWED:1][PROSE:emotion]
DFL_EMOTION:hope,希望,[REVIEWED:1][PROSE:emotion]
DFL_EMOTION:jovial,快活,[REVIEWED:1][PROSE:emotion]
DFL_EMOTION:joy,喜悅,[REVIEWED:1][PROSE:emotion]
DFL_EMOTION:relieved,如釋重負,[REVIEWED:1][PROSE:emotion]
DFL_EMOTION:satisfied,滿意,[REVIEWED:1][PROSE:emotion]
DFL_EMOTION:triumph,得意,[REVIEWED:1][PROSE:emotion]
DFL_EMOTION:optimistic,樂觀,[REVIEWED:1][PROSE:emotion]
DFL_EMOTION:astonished,驚訝,[REVIEWED:1][PROSE:emotion]
DFL_EMOTION:awe,敬畏,[REVIEWED:1][PROSE:emotion]
DFL_EMOTION:excited,興奮,[REVIEWED:1][PROSE:emotion]
DFL_EMOTION:eager,渴望,[REVIEWED:1][PROSE:emotion]
DFL_EMOTION:exhilarated,振奮,[REVIEWED:1][PROSE:emotion]
DFL_EMOTION:interested,興致盎然,[REVIEWED:1][PROSE:emotion]
DFL_EMOTION:wonder,驚歎,[REVIEWED:1][PROSE:emotion]
DFL_EMOTION:accepting,釋然,[REVIEWED:1][PROSE:emotion]
DFL_EMOTION:ambivalent,矛盾,[REVIEWED:1][PROSE:emotion]
DFL_EMOTION:grim satisfaction,冷酷的滿足,[REVIEWED:1][PROSE:emotion]
DFL_EMOTION:suspicious,懷疑,[REVIEWED:1][PROSE:emotion]
DFL_EMOTION:aggravated,惱火,[REVIEWED:1][PROSE:emotion]
DFL_EMOTION:agitated,焦躁,[REVIEWED:1][PROSE:emotion]
DFL_EMOTION:annoyed,煩惱,[REVIEWED:1][PROSE:emotion]
DFL_EMOTION:anxious,焦慮,[REVIEWED:1][PROSE:emotion]
DFL_EMOTION:bitter,苦澀,[REVIEWED:1][PROSE:emotion]
DFL_EMOTION:bored,無聊,[REVIEWED:1][PROSE:emotion]
DFL_EMOTION:confused,困惑,[REVIEWED:1][PROSE:emotion]
DFL_EMOTION:contemptuous,輕蔑,[REVIEWED:1][PROSE:emotion]
DFL_EMOTION:dejected,沮喪,[REVIEWED:1][PROSE:emotion]
DFL_EMOTION:disappointed,失望,[REVIEWED:1][PROSE:emotion]
DFL_EMOTION:disillusioned,幻滅,[REVIEWED:1][PROSE:emotion]
DFL_EMOTION:dislike,厭惡,[REVIEWED:1][PROSE:emotion]
DFL_EMOTION:embarrassed,尷尬,[REVIEWED:1][PROSE:emotion]
DFL_EMOTION:exasperated,惱怒,[REVIEWED:1][PROSE:emotion]
DFL_EMOTION:frustrated,挫敗,[REVIEWED:1][PROSE:emotion]
DFL_EMOTION:gloomy,陰鬱,[REVIEWED:1][PROSE:emotion]
DFL_EMOTION:glum,鬱悶,[REVIEWED:1][PROSE:emotion]
DFL_EMOTION:grouchy,煩躁,[REVIEWED:1][PROSE:emotion]
DFL_EMOTION:guilty,內疚,[REVIEWED:1][PROSE:emotion]
DFL_EMOTION:indignant,憤慨,[REVIEWED:1][PROSE:emotion]
DFL_EMOTION:insulted,受辱,[REVIEWED:1][PROSE:emotion]
DFL_EMOTION:irritated,惱火,[REVIEWED:1][PROSE:emotion]
DFL_EMOTION:isolated,孤立無援,[REVIEWED:1][PROSE:emotion]
DFL_EMOTION:lonely,孤獨,[REVIEWED:1][PROSE:emotion]
DFL_EMOTION:regretful,後悔,[REVIEWED:1][PROSE:emotion]
DFL_EMOTION:resentful,怨恨,[REVIEWED:1][PROSE:emotion]
DFL_EMOTION:restless,坐立不安,[REVIEWED:1][PROSE:emotion]
DFL_EMOTION:self-pity,自憐,[REVIEWED:1][PROSE:emotion]
DFL_EMOTION:shaken,心神不寧,[REVIEWED:1][PROSE:emotion]
DFL_EMOTION:shame,羞愧,[REVIEWED:1][PROSE:emotion]
DFL_EMOTION:uneasy,不安,[REVIEWED:1][PROSE:emotion]
DFL_EMOTION:unhappy,不快,[REVIEWED:1][PROSE:emotion]
DFL_EMOTION:afraid,害怕,[REVIEWED:1][PROSE:emotion]
DFL_EMOTION:anger,憤怒,[REVIEWED:1][PROSE:emotion]
DFL_EMOTION:angry,憤怒,[REVIEWED:1][PROSE:emotion]
DFL_EMOTION:anguish,痛苦,[REVIEWED:1][PROSE:emotion]
DFL_EMOTION:despair,絕望,[REVIEWED:1][PROSE:emotion]
DFL_EMOTION:disgust,噁心,[REVIEWED:1][PROSE:emotion]
DFL_EMOTION:distress,苦惱,[REVIEWED:1][PROSE:emotion]
DFL_EMOTION:dread,恐懼,[REVIEWED:1][PROSE:emotion]
DFL_EMOTION:fear,害怕,[REVIEWED:1][PROSE:emotion]
DFL_EMOTION:fright,驚恐,[REVIEWED:1][PROSE:emotion]
DFL_EMOTION:grief,悲痛,[REVIEWED:1][PROSE:emotion]
DFL_EMOTION:horrified,驚駭,[REVIEWED:1][PROSE:emotion]
DFL_EMOTION:horror,恐怖,[REVIEWED:1][PROSE:emotion]
DFL_EMOTION:humiliated,屈辱,[REVIEWED:1][PROSE:emotion]
DFL_EMOTION:loathing,憎惡,[REVIEWED:1][PROSE:emotion]
DFL_EMOTION:misery,悲苦,[REVIEWED:1][PROSE:emotion]
DFL_EMOTION:mortified,羞憤,[REVIEWED:1][PROSE:emotion]
DFL_EMOTION:nervous,緊張,[REVIEWED:1][PROSE:emotion]
DFL_EMOTION:outraged,震怒,[REVIEWED:1][PROSE:emotion]
DFL_EMOTION:panic,恐慌,[REVIEWED:1][PROSE:emotion]
DFL_EMOTION:rage,暴怒,[REVIEWED:1][PROSE:emotion]
DFL_EMOTION:sad,傷心,[REVIEWED:1][PROSE:emotion]
DFL_EMOTION:sadness,悲傷,[REVIEWED:1][PROSE:emotion]
DFL_EMOTION:shock,震驚,[REVIEWED:1][PROSE:emotion]
DFL_EMOTION:shocked,震驚,[REVIEWED:1][PROSE:emotion]
DFL_EMOTION:terrified,恐懼萬分,[REVIEWED:1][PROSE:emotion]
DFL_EMOTION:vengeful,復仇的渴望,[REVIEWED:1][PROSE:emotion]
DFL_EMOTION:worried,擔憂,[REVIEWED:1][PROSE:emotion]
DFL_REASON:talking with the spouse,與配偶交談,[REVIEWED:1][PROSE:reason]
DFL_REASON:talking with mother,與母親交談,[REVIEWED:1][PROSE:reason]
DFL_REASON:talking with father,與父親交談,[REVIEWED:1][PROSE:reason]
DFL_REASON:talking with a lover,與愛人交談,[REVIEWED:1][PROSE:reason]
DFL_REASON:talking with a friend,與朋友交談,[REVIEWED:1][PROSE:reason]
DFL_REASON:talking with a sibling,與兄弟姐妹交談,[REVIEWED:1][PROSE:reason]
DFL_REASON:talking with a child,與孩子交談,[REVIEWED:1][PROSE:reason]
DFL_REASON:talking with somebody,與他人交談,[REVIEWED:1][PROSE:reason]
DFL_REASON:talking with an acquaintance,與熟人交談,[REVIEWED:1][PROSE:reason]
DFL_REASON:after a bath,洗澡,[REVIEWED:1][PROSE:reason]
DFL_REASON:after a soapy bath,用肥皂洗澡,[REVIEWED:1][PROSE:reason]
DFL_REASON:being near to a waterfall,靠近瀑布,[REVIEWED:1][PROSE:reason]
DFL_REASON:after retching on a miasma,被瘴氣熏得乾嘔,[REVIEWED:1][PROSE:reason]
DFL_REASON:after choking on smoke underground,在地下被煙嗆到,[REVIEWED:1][PROSE:reason]
DFL_REASON:after choking on dust underground,在地下被灰塵嗆到,[REVIEWED:1][PROSE:reason]
DFL_REASON:at the lack of chairs,沒有椅子可坐,[REVIEWED:1][PROSE:reason]
DFL_REASON:eating at a crowded table,在擁擠的餐桌旁進食,[REVIEWED:1][PROSE:reason]
DFL_REASON:at the lack of dining tables,沒有餐桌可用,[REVIEWED:1][PROSE:reason]
"DFL_REASON:after having a drink without using a goblet, cup or mug",沒有用杯子喝酒,[REVIEWED:1][PROSE:reason]
DFL_REASON:after watching a performance,觀看表演,[REVIEWED:1][PROSE:reason]
DFL_REASON:after talking to a pillar of society,與社會棟梁交談,[REVIEWED:1][PROSE:reason]
DFL_REASON:interacting with a pet,與寵物互動,[REVIEWED:1][PROSE:reason]
DFL_REASON:visiting with a pet,探望寵物,[REVIEWED:1][PROSE:reason]
DFL_REASON:interacting with a animal training partner,與受訓動物夥伴互動,[REVIEWED:1][PROSE:reason]
DFL_REASON:visiting with a animal training partner,探望受訓動物夥伴,[REVIEWED:1][PROSE:reason]
DFL_REASON:when forced to talk to somebody annoying,被迫與討厭的人交談,[REVIEWED:1][PROSE:reason]
DFL_REASON:after bringing somebody to rest in bed,將他人帶到床上休息,[REVIEWED:1][PROSE:reason]
DFL_REASON:after giving somebody food,給他人食物,[REVIEWED:1][PROSE:reason]
DFL_REASON:after giving somebody water,給他人飲水,[REVIEWED:1][PROSE:reason]
DFL_REASON:after making a friend,交到朋友,[REVIEWED:1][PROSE:reason]
DFL_REASON:making a friend,交到朋友,[REVIEWED:1][PROSE:reason]
DFL_REASON:after getting into an argument,與人爭吵,[REVIEWED:1][PROSE:reason]
DFL_REASON:after forming a grudge,與人結怨,[REVIEWED:1][PROSE:reason]
DFL_REASON:after adopting a new pet,收養新寵物,[REVIEWED:1][PROSE:reason]
DFL_REASON:at being separated from a loved one,與摯愛分離,[REVIEWED:1][PROSE:reason]
DFL_REASON:at being separated from loved ones,與摯愛們分離,[REVIEWED:1][PROSE:reason]
DFL_REASON:at work,工作,[REVIEWED:1][PROSE:reason]
DFL_REASON:after producing a masterwork,製作出傑作,[REVIEWED:1][PROSE:reason]
DFL_REASON:after creating an artifact,製作出神器,[REVIEWED:1][PROSE:reason]
DFL_REASON:after suffering the travesty of art defacement,藝術品遭到破壞,[REVIEWED:1][PROSE:reason]
DFL_REASON:after felling a tree,砍倒樹木,[REVIEWED:1][PROSE:reason]
DFL_REASON:after putting a piece on display,展示作品,[REVIEWED:1][PROSE:reason]
DFL_REASON:to be wearing old clothing,穿著舊衣服,[REVIEWED:1][PROSE:reason]
DFL_REASON:to be wearing tattered clothing,穿著破爛衣服,[REVIEWED:1][PROSE:reason]
DFL_REASON:to have clothes rot off,衣服腐爛脫落,[REVIEWED:1][PROSE:reason]
DFL_REASON:to be uncovered,衣不蔽體,[REVIEWED:1][PROSE:reason]
DFL_REASON:to have no shirt,沒有上衣穿,[REVIEWED:1][PROSE:reason]
DFL_REASON:to have no shoes,沒有鞋穿,[REVIEWED:1][PROSE:reason]
DFL_REASON:after becoming a parent,成為父母,[REVIEWED:1][PROSE:reason]
DFL_REASON:after gaining a sibling,多了一位兄弟姐妹,[REVIEWED:1][PROSE:reason]
DFL_REASON:after gaining siblings,多了兄弟姐妹,[REVIEWED:1][PROSE:reason]
DFL_REASON:while getting married,結婚,[REVIEWED:1][PROSE:reason]
DFL_REASON:after a miscarriage,流產,[REVIEWED:1][PROSE:reason]
DFL_REASON:after spouse's miscarriage,配偶流產,[REVIEWED:1][PROSE:reason]
DFL_REASON:to be elected,當選,[REVIEWED:1][PROSE:reason]
DFL_REASON:to be re-elected,連任,[REVIEWED:1][PROSE:reason]
DFL_REASON:after entering the nobility,晉升貴族,[REVIEWED:1][PROSE:reason]
DFL_REASON:after receiving a higher rank of nobility,爵位提升,[REVIEWED:1][PROSE:reason]
DFL_REASON:after being released from confinement,獲釋,[REVIEWED:1][PROSE:reason]
DFL_REASON:after being confined,遭到監禁,[REVIEWED:1][PROSE:reason]
DFL_REASON:after being beaten,遭到毆打,[REVIEWED:1][PROSE:reason]
DFL_REASON:after being beaten with a hammer,遭到錘擊,[REVIEWED:1][PROSE:reason]
DFL_REASON:after being rescued,獲救,[REVIEWED:1][PROSE:reason]
DFL_REASON:after being able to rest and recuperate,能夠休養,[REVIEWED:1][PROSE:reason]
DFL_REASON:after receiving food,獲得食物,[REVIEWED:1][PROSE:reason]
DFL_REASON:after receiving water,獲得飲水,[REVIEWED:1][PROSE:reason]
DFL_REASON:after being attacked,遭到攻擊,[REVIEWED:1][PROSE:reason]
DFL_REASON:after being attacked by the dead,遭到死者攻擊,[REVIEWED:1][PROSE:reason]
DFL_REASON:after suffering a minor injury,受了輕傷,[REVIEWED:1][PROSE:reason]
DFL_REASON:after suffering a major injury,受了重傷,[REVIEWED:1][PROSE:reason]
DFL_REASON:being near to a conflict,靠近衝突現場,[REVIEWED:1][PROSE:reason]
DFL_REASON:while in conflict,身處衝突,[REVIEWED:1][PROSE:reason]
DFL_REASON:when joining an existing conflict,加入衝突,[REVIEWED:1][PROSE:reason]
DFL_REASON:while killing somebody,殺死他人,[REVIEWED:1][PROSE:reason]
DFL_REASON:after a sparring session,進行對練,[REVIEWED:1][PROSE:reason]
DFL_REASON:during long patrol duty,長時間巡邏,[REVIEWED:1][PROSE:reason]
DFL_REASON:when caught in the rain,淋雨,[REVIEWED:1][PROSE:reason]
DFL_REASON:when caught in a snow storm,遇上暴風雪,[REVIEWED:1][PROSE:reason]
DFL_REASON:at being out in the sunshine again,再次沐浴陽光,[REVIEWED:1][PROSE:reason]
DFL_REASON:after being nauseated by the sun,因陽光而反胃,[REVIEWED:1][PROSE:reason]
DFL_REASON:due to inebriation,醉酒,[REVIEWED:1][PROSE:reason]
DFL_REASON:while performing,表演,[REVIEWED:1][PROSE:reason]
DFL_REASON:performing,表演,[REVIEWED:1][PROSE:reason]
DFL_REASON:after experiencing trauma,遭遇創傷,[REVIEWED:1][PROSE:reason]
DFL_REASON:experiencing trauma,遭遇創傷,[REVIEWED:1][PROSE:reason]
DFL_REASON:after a satisfying acquisition,獲得滿意的物品,[REVIEWED:1][PROSE:reason]
DFL_REASON:after sleeping uneasily due to noise,因噪音而睡不安穩,[REVIEWED:1][PROSE:reason]
DFL_REASON:after being disturbed during sleep by loud noises,睡眠被巨大噪音打斷,[REVIEWED:1][PROSE:reason]
DFL_REASON:after loud noises made it impossible to sleep,被噪音吵得無法入睡,[REVIEWED:1][PROSE:reason]
DFL_REASON:after sleeping without a proper room,沒有適當的房間睡覺,[REVIEWED:1][PROSE:reason]
DFL_REASON:after being forced to eat vermin to survive,被迫吃害蟲求生,[REVIEWED:1][PROSE:reason]
DFL_REASON:drinking nasty water,喝了難喝的水,[REVIEWED:1][PROSE:reason]
DFL_REASON:drinking the same old booze,反覆喝同一種酒,[REVIEWED:1][PROSE:reason]
DFL_REASON:eating the same old food,反覆吃同一種食物,[REVIEWED:1][PROSE:reason]
DFL_PREF_REASON:chestnuts,栗子,[REVIEWED:1][PROSE:preference-reason]
DFL_PREF_REASON:wine,釀成的酒,[REVIEWED:1][PROSE:preference-reason]
DFL_PREF_REASON:stinging tail,帶螫針的尾巴,[REVIEWED:1][PROSE:preference-reason]
DFL_PREF_REASON:agility,敏捷的身手,[REVIEWED:1][PROSE:preference-reason]
DFL_PREF_REASON:tooth whorl,螺旋狀齒列,[REVIEWED:1][PROSE:preference-reason]
DFL_PREF_REASON:parenting,育幼行為,[REVIEWED:1][PROSE:preference-reason]
DFL_PREF_REASON:pods,莢果,[REVIEWED:1][PROSE:preference-reason]
DFL_PREF_REASON:gray leaves,灰色葉片,[REVIEWED:1][PROSE:preference-reason]
DFL_PREF_REASON:scuttling,快速爬行的姿態,[REVIEWED:1][PROSE:preference-reason]
DFL_PREF_REASON:tail club,尾錘,[REVIEWED:1][PROSE:preference-reason]
DFL_PREF_REASON:ferocious jaws,凶猛的顎部,[REVIEWED:1][PROSE:preference-reason]
DFL_PREF_REASON:length,長度,[REVIEWED:1][PROSE:preference-reason]
DFL_PREF_REASON:blossoms,花朵,[REVIEWED:1][PROSE:preference-reason]
DFL_PREF_REASON:coldness to the touch,冰冷的觸感,[REVIEWED:1][PROSE:preference-reason]
DFL_PREF_REASON:beer,啤酒,[REVIEWED:1][PROSE:preference-reason]
DFL_PREF_REASON:spots,斑點,[REVIEWED:1][PROSE:preference-reason]
DFL_PREF_REASON:dome,圓隆的頭頂,[REVIEWED:1][PROSE:preference-reason]
DFL_PREF_REASON:snouts,吻部,[REVIEWED:1][PROSE:preference-reason]
DFL_PREF_REASON:sails,背帆,[REVIEWED:1][PROSE:preference-reason]
DFL_PREF_REASON:thorns,尖刺,[REVIEWED:1][PROSE:preference-reason]
DFL_PREF_REASON:edible roots,可食用的根,[REVIEWED:1][PROSE:preference-reason]
DFL_PREF_REASON:grain,穀粒,[REVIEWED:1][PROSE:preference-reason]
DFL_PREF_REASON:giant second foredigit claws,前肢第二指的巨爪,[REVIEWED:1][PROSE:preference-reason]
DFL_PREF_REASON:flatness,扁平的形態,[REVIEWED:1][PROSE:preference-reason]
DFL_PREF_REASON:waxy berries,帶蠟質的漿果,[REVIEWED:1][PROSE:preference-reason]
DFL_PREF_REASON:small trunk,短小的鼻子,[REVIEWED:1][PROSE:preference-reason]
DFL_PREF_REASON:sad appearance,哀傷的外表,[REVIEWED:1][PROSE:preference-reason]
DFL_PREF_REASON:three horns,三隻角,[REVIEWED:1][PROSE:preference-reason]
DFL_PREF_REASON:nut-filled pots,裝滿堅果的壺狀果實,[REVIEWED:1][PROSE:preference-reason]
DFL_PREF_REASON:menacing spikes,駭人的尖刺,[REVIEWED:1][PROSE:preference-reason]
DFL_PREF_REASON:seeds,種子,[REVIEWED:1][PROSE:preference-reason]
DFL_PREF_REASON:wings,翅膀,[REVIEWED:1][PROSE:preference-reason]
DFL_PREF_REASON:affinity for land,偏好陸地的習性,[REVIEWED:1][PROSE:preference-reason]
DFL_PREF_REASON:amazing arms,驚人的前肢,[REVIEWED:1][PROSE:preference-reason]
DFL_PREF_REASON:armored carapace,堅固的甲殼,[REVIEWED:1][PROSE:preference-reason]
DFL_PREF_REASON:autumn coloration,秋季的色彩,[REVIEWED:1][PROSE:preference-reason]
DFL_PREF_REASON:back plates,背板,[REVIEWED:1][PROSE:preference-reason]
DFL_PREF_REASON:backward-curving tusks,向後彎曲的獠牙,[REVIEWED:1][PROSE:preference-reason]
DFL_PREF_REASON:beaks,喙,[REVIEWED:1][PROSE:preference-reason]
DFL_PREF_REASON:bold head sclerites,醒目的頭部硬片,[REVIEWED:1][PROSE:preference-reason]
DFL_PREF_REASON:branch shedding,自行脫落的枝條,[REVIEWED:1][PROSE:preference-reason]
DFL_PREF_REASON:broad heads,寬闊的頭部,[REVIEWED:1][PROSE:preference-reason]
DFL_PREF_REASON:buds and berries,芽與漿果,[REVIEWED:1][PROSE:preference-reason]
DFL_PREF_REASON:bulbs,鱗莖,[REVIEWED:1][PROSE:preference-reason]
DFL_PREF_REASON:buttresses,板根,[REVIEWED:1][PROSE:preference-reason]
DFL_PREF_REASON:catkins,柔荑花序,[REVIEWED:1][PROSE:preference-reason]
DFL_PREF_REASON:cloves,蒜瓣,[REVIEWED:1][PROSE:preference-reason]
DFL_PREF_REASON:cones,毬果,[REVIEWED:1][PROSE:preference-reason]
DFL_PREF_REASON:crest,冠飾,[REVIEWED:1][PROSE:preference-reason]
DFL_PREF_REASON:curving trunk,彎曲的鼻子,[REVIEWED:1][PROSE:preference-reason]
DFL_PREF_REASON:delicious shoots,美味的嫩芽,[REVIEWED:1][PROSE:preference-reason]
DFL_PREF_REASON:disturbing size,令人不安的體型,[REVIEWED:1][PROSE:preference-reason]
DFL_PREF_REASON:double carapace,雙層甲殼,[REVIEWED:1][PROSE:preference-reason]
DFL_PREF_REASON:edible nuts,可食用的堅果,[REVIEWED:1][PROSE:preference-reason]
DFL_PREF_REASON:edible tubers,可食用的塊莖,[REVIEWED:1][PROSE:preference-reason]
DFL_PREF_REASON:elongated snout,細長的吻部,[REVIEWED:1][PROSE:preference-reason]
DFL_PREF_REASON:extra eyes,額外的眼睛,[REVIEWED:1][PROSE:preference-reason]
DFL_PREF_REASON:eye horns,眼部的角,[REVIEWED:1][PROSE:preference-reason]
DFL_PREF_REASON:feathers,羽毛,[REVIEWED:1][PROSE:preference-reason]
DFL_PREF_REASON:feathery leaves,羽毛般的葉片,[REVIEWED:1][PROSE:preference-reason]
DFL_PREF_REASON:ferocious bite,凶猛的咬擊,[REVIEWED:1][PROSE:preference-reason]
DFL_PREF_REASON:fibrous stems,富含纖維的莖,[REVIEWED:1][PROSE:preference-reason]
DFL_PREF_REASON:fine grain,細緻的紋理,[REVIEWED:1][PROSE:preference-reason]
DFL_PREF_REASON:flippers,鰭肢,[REVIEWED:1][PROSE:preference-reason]
DFL_PREF_REASON:flowers,花朵,[REVIEWED:1][PROSE:preference-reason]
DFL_PREF_REASON:fluffy catkins,毛茸茸的柔荑花序,[REVIEWED:1][PROSE:preference-reason]
DFL_PREF_REASON:flying keys,飛旋的翅果,[REVIEWED:1][PROSE:preference-reason]
DFL_PREF_REASON:forked horns,分叉的角,[REVIEWED:1][PROSE:preference-reason]
DFL_PREF_REASON:fragrant fruit,芳香的果實,[REVIEWED:1][PROSE:preference-reason]
DFL_PREF_REASON:frontal appendages,前方的附肢,[REVIEWED:1][PROSE:preference-reason]
DFL_PREF_REASON:fruit,果實,[REVIEWED:1][PROSE:preference-reason]
DFL_PREF_REASON:fruit and nuts,果實與堅果,[REVIEWED:1][PROSE:preference-reason]
DFL_PREF_REASON:fuzzy projections,毛茸茸的突起,[REVIEWED:1][PROSE:preference-reason]
DFL_PREF_REASON:giant claws,巨大的爪子,[REVIEWED:1][PROSE:preference-reason]
DFL_PREF_REASON:gigantic eye teeth,巨大的犬齒,[REVIEWED:1][PROSE:preference-reason]
DFL_PREF_REASON:gloomy appeal,陰鬱的魅力,[REVIEWED:1][PROSE:preference-reason]
DFL_PREF_REASON:graceful flight,優雅的飛行姿態,[REVIEWED:1][PROSE:preference-reason]
DFL_PREF_REASON:graceful movement,優雅的動作,[REVIEWED:1][PROSE:preference-reason]
DFL_PREF_REASON:grasping proboscis,可抓握的長鼻,[REVIEWED:1][PROSE:preference-reason]
DFL_PREF_REASON:hairy heads,毛茸茸的頭部,[REVIEWED:1][PROSE:preference-reason]
DFL_PREF_REASON:hanging leaves,垂掛的葉片,[REVIEWED:1][PROSE:preference-reason]
DFL_PREF_REASON:head crests,頭冠,[REVIEWED:1][PROSE:preference-reason]
DFL_PREF_REASON:inner light,體內的光芒,[REVIEWED:1][PROSE:preference-reason]
DFL_PREF_REASON:jawed proboscis,帶顎的長吻,[REVIEWED:1][PROSE:preference-reason]
DFL_PREF_REASON:jaws,顎部,[REVIEWED:1][PROSE:preference-reason]
DFL_PREF_REASON:leaf coloration,葉片的色彩,[REVIEWED:1][PROSE:preference-reason]
DFL_PREF_REASON:leaves,葉片,[REVIEWED:1][PROSE:preference-reason]
DFL_PREF_REASON:lens-shaped seeds,透鏡狀的種子,[REVIEWED:1][PROSE:preference-reason]
DFL_PREF_REASON:lively nature,活潑的天性,[REVIEWED:1][PROSE:preference-reason]
DFL_PREF_REASON:living shadows,活生生的陰影,[REVIEWED:1][PROSE:preference-reason]
DFL_PREF_REASON:lobopods,葉足,[REVIEWED:1][PROSE:preference-reason]
DFL_PREF_REASON:long tongues,長舌,[REVIEWED:1][PROSE:preference-reason]
DFL_PREF_REASON:loose inflorescences,疏鬆的花序,[REVIEWED:1][PROSE:preference-reason]
DFL_PREF_REASON:magnificence,壯麗的姿態,[REVIEWED:1][PROSE:preference-reason]
DFL_PREF_REASON:needles,針葉,[REVIEWED:1][PROSE:preference-reason]
DFL_PREF_REASON:nuts,堅果,[REVIEWED:1][PROSE:preference-reason]
DFL_PREF_REASON:oil-giving fruit,能榨油的果實,[REVIEWED:1][PROSE:preference-reason]
DFL_PREF_REASON:popped kernels,爆開的穀粒,[REVIEWED:1][PROSE:preference-reason]
DFL_PREF_REASON:precise lines,整齊的線條,[REVIEWED:1][PROSE:preference-reason]
DFL_PREF_REASON:precise thorns,排列整齊的刺,[REVIEWED:1][PROSE:preference-reason]
DFL_PREF_REASON:raining spores,如雨飄落的孢子,[REVIEWED:1][PROSE:preference-reason]
DFL_PREF_REASON:roots,根,[REVIEWED:1][PROSE:preference-reason]
DFL_PREF_REASON:round heads,圓頭,[REVIEWED:1][PROSE:preference-reason]
DFL_PREF_REASON:round shape,圓潤的外形,[REVIEWED:1][PROSE:preference-reason]
DFL_PREF_REASON:rounded tops,圓潤的頂部,[REVIEWED:1][PROSE:preference-reason]
DFL_PREF_REASON:sail,背帆,[REVIEWED:1][PROSE:preference-reason]
DFL_PREF_REASON:scything claws,鐮刀般的爪子,[REVIEWED:1][PROSE:preference-reason]
DFL_PREF_REASON:short arms,短小的前肢,[REVIEWED:1][PROSE:preference-reason]
DFL_PREF_REASON:shovel-like lower tusks,鏟狀的下獠牙,[REVIEWED:1][PROSE:preference-reason]
DFL_PREF_REASON:shrouded history,神祕的歷史,[REVIEWED:1][PROSE:preference-reason]
DFL_PREF_REASON:sickening appearance,令人作嘔的外表,[REVIEWED:1][PROSE:preference-reason]
DFL_PREF_REASON:silver bark,銀色樹皮,[REVIEWED:1][PROSE:preference-reason]
DFL_PREF_REASON:single claws,單爪,[REVIEWED:1][PROSE:preference-reason]
DFL_PREF_REASON:slithering,蜿蜒爬行的姿態,[REVIEWED:1][PROSE:preference-reason]
DFL_PREF_REASON:smelly catkins,氣味強烈的柔荑花序,[REVIEWED:1][PROSE:preference-reason]
DFL_PREF_REASON:soothing color,令人舒心的色彩,[REVIEWED:1][PROSE:preference-reason]
DFL_PREF_REASON:soothing fragrance,令人放鬆的香氣,[REVIEWED:1][PROSE:preference-reason]
DFL_PREF_REASON:spiny pods,帶刺的莢果,[REVIEWED:1][PROSE:preference-reason]
DFL_PREF_REASON:sprouts,嫩芽,[REVIEWED:1][PROSE:preference-reason]
DFL_PREF_REASON:stalks,莖稈,[REVIEWED:1][PROSE:preference-reason]
"DFL_PREF_REASON:stiff, triangular leaves",堅挺的三角形葉片,[REVIEWED:1][PROSE:preference-reason]
DFL_PREF_REASON:stout bodies,粗壯的身軀,[REVIEWED:1][PROSE:preference-reason]
DFL_PREF_REASON:stout shape,粗壯的外形,[REVIEWED:1][PROSE:preference-reason]
DFL_PREF_REASON:striking color,醒目的色彩,[REVIEWED:1][PROSE:preference-reason]
DFL_PREF_REASON:stunning color,驚豔的色彩,[REVIEWED:1][PROSE:preference-reason]
DFL_PREF_REASON:sweeping stalks,舒展的莖稈,[REVIEWED:1][PROSE:preference-reason]
DFL_PREF_REASON:sweet-smelling flowers,芬芳的花朵,[REVIEWED:1][PROSE:preference-reason]
DFL_PREF_REASON:tail spikes,尾刺,[REVIEWED:1][PROSE:preference-reason]
DFL_PREF_REASON:taste,滋味,[REVIEWED:1][PROSE:preference-reason]
DFL_PREF_REASON:terrifying beaks,駭人的喙,[REVIEWED:1][PROSE:preference-reason]
DFL_PREF_REASON:thumb spikes,拇指上的尖刺,[REVIEWED:1][PROSE:preference-reason]
DFL_PREF_REASON:tilted walk,傾斜的步態,[REVIEWED:1][PROSE:preference-reason]
DFL_PREF_REASON:tiny arms,細小的前肢,[REVIEWED:1][PROSE:preference-reason]
DFL_PREF_REASON:tiny leaves,細小的葉片,[REVIEWED:1][PROSE:preference-reason]
DFL_PREF_REASON:tubers,塊莖,[REVIEWED:1][PROSE:preference-reason]
DFL_PREF_REASON:twisting shape,扭曲的外形,[REVIEWED:1][PROSE:preference-reason]
DFL_PREF_REASON:twisting stalks,扭曲的莖稈,[REVIEWED:1][PROSE:preference-reason]
DFL_PREF_REASON:two teeth,兩顆牙齒,[REVIEWED:1][PROSE:preference-reason]
DFL_PREF_REASON:useful stems,實用的莖,[REVIEWED:1][PROSE:preference-reason]
DFL_PREF_REASON:vivid red color,鮮豔的紅色,[REVIEWED:1][PROSE:preference-reason]
DFL_PREF_REASON:wedge-shaped heads,楔形的頭部,[REVIEWED:1][PROSE:preference-reason]
DFL_PREF_REASON:wicked thorns,兇險的尖刺,[REVIEWED:1][PROSE:preference-reason]
DFL_PREF_REASON:wingspan,翼展,[REVIEWED:1][PROSE:preference-reason]
DFL_PREF_REASON:yummy cherries,美味的櫻桃,[REVIEWED:1][PROSE:preference-reason]
DFL_PREF_REASON:yummy hearts,美味的菜心,[REVIEWED:1][PROSE:preference-reason]
DFL_PREF_SUBJECT:ash,白蠟樹,[REVIEWED:1][PROSE:preference-subject]
DFL_PREF_SUBJECT:eggplant,茄子,[REVIEWED:1][PROSE:preference-subject]
I once wandered the wilds.,我曾在荒野漫遊。,[REVIEWED:1][PROSE:sentence]
Once it was my calling to rescue lost children.,我曾以拯救迷途的孩子為使命。,[REVIEWED:1][PROSE:sentence]
"In the past, I hunted great beasts.",過去，我曾獵捕巨獸。,[REVIEWED:1][PROSE:sentence]
I once sought great treasures.,我曾尋找珍貴的寶藏。,[REVIEWED:1][PROSE:sentence]
"In the past, I sought fortune and glory by offering my skill at arms.",過去，我曾憑藉武藝為人效力，追求財富與榮耀。,[REVIEWED:1][PROSE:sentence]
I am a soldier.,我是士兵。,[REVIEWED:1][PROSE:sentence]
I am a guard.,我是守衛。,[REVIEWED:1][PROSE:sentence]
Hellooo!,哈囉！,[REVIEWED:1][PROSE:sentence]
Prepare to die!,準備受死吧！,[REVIEWED:1][PROSE:sentence]
Who dares to enter my house?  I curse you!,誰敢闖進我的屋子？我詛咒你！,[REVIEWED:1][PROSE:sentence]
A baby!  How adorable!,是個嬰兒！真可愛！,[REVIEWED:1][PROSE:sentence]
Look at you!,瞧瞧你！,[REVIEWED:1][PROSE:sentence]
Don't start any trouble.,別惹麻煩。,[REVIEWED:1][PROSE:sentence]
I'm pleased to hear that.,聽到這件事我很高興。,[REVIEWED:1][PROSE:sentence]
I'm proud of you.,我以你為榮。,[REVIEWED:1][PROSE:sentence]
I'm thrilled to hear that.,聽到這件事我興奮極了。,[REVIEWED:1][PROSE:sentence]
wonderful!,太棒了！,[REVIEWED:1][PROSE:sentence]
fantastic!,太好了！,[REVIEWED:1][PROSE:sentence]
very good.,很好。,[REVIEWED:1][PROSE:sentence]
that is good news.,那是個好消息。,[REVIEWED:1][PROSE:sentence]
that is wonderful news.,那真是個絕佳的消息。,[REVIEWED:1][PROSE:sentence]
that is a good turn of affairs.,事情有了好的轉變。,[REVIEWED:1][PROSE:sentence]
this is encouraging.,這令人鼓舞。,[REVIEWED:1][PROSE:sentence]
Some migrants have arrived.,有移民抵達了。,[REVIEWED:1][PROSE:sentence]
"Some migrants have arrived, despite the danger.",儘管有危險，仍有移民抵達了。,[REVIEWED:1][PROSE:sentence]
Some migrants have arrived at this unhappy place.,有移民抵達這個不快樂的地方了。,[REVIEWED:1][PROSE:sentence]
Some migrants have arrived at this miserable place.,有移民抵達這個悲慘的地方了。,[REVIEWED:1][PROSE:sentence]
Migrants were too nervous to make the journey this season.,移民因為太過不安，本季沒有啟程。,[REVIEWED:1][PROSE:sentence]
Migrants were too wary to make the journey this season.,移民因為心懷戒備，本季沒有啟程。,[REVIEWED:1][PROSE:sentence]
Migrants refused to journey to such a dangerous fortress this season.,移民拒絕在本季前往如此危險的要塞。,[REVIEWED:1][PROSE:sentence]
The enemy have come and are preparing to lay siege.  They seek a parley!,敵人已抵達，正準備圍城。他們要求談判！,[REVIEWED:1][PROSE:sentence]
The enemy have come and are laying siege to the fortress.,敵人已抵達，正在圍攻要塞。,[REVIEWED:1][PROSE:sentence]
An ambush!  Curse them!,有埋伏！該死的傢伙！,[REVIEWED:1][PROSE:sentence]
An ambush!  Drive them out!,有埋伏！把他們趕出去！,[REVIEWED:1][PROSE:sentence]
An ambush!  Skulking vermin!,有埋伏！鬼鬼祟祟的害蟲！,[REVIEWED:1][PROSE:sentence]
An ambush!  Curse all friends of nature!,有埋伏！詛咒所有自然之友！,[REVIEWED:1][PROSE:sentence]
Spring has arrived!,春天到了！,[REVIEWED:1][PROSE:sentence]
Autumn has come.,秋天到了。,[REVIEWED:1][PROSE:sentence]
Spring has arrived on the calendar.,依照曆法，春天到了。,[REVIEWED:1][PROSE:sentence]
Summer has arrived on the calendar.,依照曆法，夏天到了。,[REVIEWED:1][PROSE:sentence]
Autumn has arrived on the calendar.,依照曆法，秋天到了。,[REVIEWED:1][PROSE:sentence]
Winter has arrived on the calendar.,依照曆法，冬天到了。,[REVIEWED:1][PROSE:sentence]
This is an example urgent alert!  These are very important.  Ignore them at your peril.,這是緊急警報的範例！這些警報非常重要，忽略它們可能會帶來危險。,[REVIEWED:1][PROSE:sentence]
"""Try to focus on the practical side of the matter.""",「試著專注於事情實際的一面。」,[REVIEWED:1][PROSE:sentence]
"""I have trouble controlling my temper.""",「我很難控制自己的脾氣。」,[REVIEWED:1][PROSE:sentence]
There is nothing to catch in the northern swamps.,北方沼澤沒有可捕捉的魚。,[REVIEWED:1][PROSE:sentence]
There is nothing to catch in the northern marshes.,北方濕地沒有可捕捉的魚。,[REVIEWED:1][PROSE:sentence]
There is nothing to catch in the northern river.,北方河流沒有可捕捉的魚。,[REVIEWED:1][PROSE:sentence]
There is nothing to catch in the northern lake.,北方湖泊沒有可捕捉的魚。,[REVIEWED:1][PROSE:sentence]
There is nothing to catch in the northern ocean.,北方海洋沒有可捕捉的魚。,[REVIEWED:1][PROSE:sentence]
There is nothing to catch in the northern sea.,北方海域沒有可捕捉的魚。,[REVIEWED:1][PROSE:sentence]
There is nothing to catch in the southern swamps.,南方沼澤沒有可捕捉的魚。,[REVIEWED:1][PROSE:sentence]
There is nothing to catch in the southern marshes.,南方濕地沒有可捕捉的魚。,[REVIEWED:1][PROSE:sentence]
There is nothing to catch in the southern river.,南方河流沒有可捕捉的魚。,[REVIEWED:1][PROSE:sentence]
There is nothing to catch in the southern lake.,南方湖泊沒有可捕捉的魚。,[REVIEWED:1][PROSE:sentence]
There is nothing to catch in the southern ocean.,南方海洋沒有可捕捉的魚。,[REVIEWED:1][PROSE:sentence]
There is nothing to catch in the southern sea.,南方海域沒有可捕捉的魚。,[REVIEWED:1][PROSE:sentence]
There is nothing to catch in the eastern swamps.,東方沼澤沒有可捕捉的魚。,[REVIEWED:1][PROSE:sentence]
There is nothing to catch in the eastern marshes.,東方濕地沒有可捕捉的魚。,[REVIEWED:1][PROSE:sentence]
There is nothing to catch in the eastern river.,東方河流沒有可捕捉的魚。,[REVIEWED:1][PROSE:sentence]
There is nothing to catch in the eastern lake.,東方湖泊沒有可捕捉的魚。,[REVIEWED:1][PROSE:sentence]
There is nothing to catch in the eastern ocean.,東方海洋沒有可捕捉的魚。,[REVIEWED:1][PROSE:sentence]
There is nothing to catch in the eastern sea.,東方海域沒有可捕捉的魚。,[REVIEWED:1][PROSE:sentence]
There is nothing to catch in the western swamps.,西方沼澤沒有可捕捉的魚。,[REVIEWED:1][PROSE:sentence]
There is nothing to catch in the western marshes.,西方濕地沒有可捕捉的魚。,[REVIEWED:1][PROSE:sentence]
There is nothing to catch in the western river.,西方河流沒有可捕捉的魚。,[REVIEWED:1][PROSE:sentence]
There is nothing to catch in the western lake.,西方湖泊沒有可捕捉的魚。,[REVIEWED:1][PROSE:sentence]
There is nothing to catch in the western ocean.,西方海洋沒有可捕捉的魚。,[REVIEWED:1][PROSE:sentence]
There is nothing to catch in the western sea.,西方海域沒有可捕捉的魚。,[REVIEWED:1][PROSE:sentence]
There is nothing to catch in the northeastern swamps.,東北方沼澤沒有可捕捉的魚。,[REVIEWED:1][PROSE:sentence]
There is nothing to catch in the northeastern marshes.,東北方濕地沒有可捕捉的魚。,[REVIEWED:1][PROSE:sentence]
There is nothing to catch in the northeastern river.,東北方河流沒有可捕捉的魚。,[REVIEWED:1][PROSE:sentence]
There is nothing to catch in the northeastern lake.,東北方湖泊沒有可捕捉的魚。,[REVIEWED:1][PROSE:sentence]
There is nothing to catch in the northeastern ocean.,東北方海洋沒有可捕捉的魚。,[REVIEWED:1][PROSE:sentence]
There is nothing to catch in the northeastern sea.,東北方海域沒有可捕捉的魚。,[REVIEWED:1][PROSE:sentence]
There is nothing to catch in the northwestern swamps.,西北方沼澤沒有可捕捉的魚。,[REVIEWED:1][PROSE:sentence]
There is nothing to catch in the northwestern marshes.,西北方濕地沒有可捕捉的魚。,[REVIEWED:1][PROSE:sentence]
There is nothing to catch in the northwestern river.,西北方河流沒有可捕捉的魚。,[REVIEWED:1][PROSE:sentence]
There is nothing to catch in the northwestern lake.,西北方湖泊沒有可捕捉的魚。,[REVIEWED:1][PROSE:sentence]
There is nothing to catch in the northwestern ocean.,西北方海洋沒有可捕捉的魚。,[REVIEWED:1][PROSE:sentence]
There is nothing to catch in the northwestern sea.,西北方海域沒有可捕捉的魚。,[REVIEWED:1][PROSE:sentence]
There is nothing to catch in the southeastern swamps.,東南方沼澤沒有可捕捉的魚。,[REVIEWED:1][PROSE:sentence]
There is nothing to catch in the southeastern marshes.,東南方濕地沒有可捕捉的魚。,[REVIEWED:1][PROSE:sentence]
There is nothing to catch in the southeastern river.,東南方河流沒有可捕捉的魚。,[REVIEWED:1][PROSE:sentence]
There is nothing to catch in the southeastern lake.,東南方湖泊沒有可捕捉的魚。,[REVIEWED:1][PROSE:sentence]
There is nothing to catch in the southeastern ocean.,東南方海洋沒有可捕捉的魚。,[REVIEWED:1][PROSE:sentence]
There is nothing to catch in the southeastern sea.,東南方海域沒有可捕捉的魚。,[REVIEWED:1][PROSE:sentence]
There is nothing to catch in the southwestern swamps.,西南方沼澤沒有可捕捉的魚。,[REVIEWED:1][PROSE:sentence]
There is nothing to catch in the southwestern marshes.,西南方濕地沒有可捕捉的魚。,[REVIEWED:1][PROSE:sentence]
There is nothing to catch in the southwestern river.,西南方河流沒有可捕捉的魚。,[REVIEWED:1][PROSE:sentence]
There is nothing to catch in the southwestern lake.,西南方湖泊沒有可捕捉的魚。,[REVIEWED:1][PROSE:sentence]
There is nothing to catch in the southwestern ocean.,西南方海洋沒有可捕捉的魚。,[REVIEWED:1][PROSE:sentence]
There is nothing to catch in the southwestern sea.,西南方海域沒有可捕捉的魚。,[REVIEWED:1][PROSE:sentence]
